customer_id,company_name,business_sector,region,segment,company_scale,employee_count,tenure_years,total_mrr,product_count,months_available,potential_score,stability_score,churn_risk_index,assigned_score,score_category,confidence_score,priority_score,primary_action,secondary_action,timing,channel,expected_success_rate,rationale
SME-2024-00001,CV Sentosa Sinergi,Konstruksi,Bandar Lampung,Pelanggan Tetap,Kecil,12,5.533333333333334,4042891.0,1.0,12,52.9,79.6,16.6,79.6,Stable,85,0.228,Proactive Health Check,Usage optimization consultation,Bi-annual touchpoint,Phone Call + Usage Report,50,Stable but monitor for early decline signals.
SME-2024-00002,Warung Mitra Mulia Sentosa,Kuliner & F&B,Bandar Lampung,Pelanggan Tetap,Mikro,4,2.533333333333333,1908333.0,1.0,12,55.0,78.3,14.4,78.3,Stable,82,0.167,Proactive Health Check,Usage optimization consultation,Bi-annual touchpoint,Phone Call + Usage Report,50,Stable but monitor for early decline signals.
SME-2024-00003,Toko Bintang Solusi Mandiri,Pertanian & Agribisnis,Denpasar,Pelanggan Tetap,Mikro,2,2.875,1645650.0,1.0,12,49.8,84.3,15.7,84.3,Highly Stable,85,0.13,Upsell Premium Services,Invite to beta program / exclusive features,Quarterly business review,Executive Visit + Proposal,65,Strong loyalty foundation. Maximize lifetime value through expansion.
SME-2024-00004,Kios Sriwijaya Makmur Lestari,Pertanian & Agribisnis,Surabaya,Pelanggan Tetap,Mikro,5,3.25,1587796.0,1.0,12,57.6,79.2,15.3,79.2,Stable,85,0.153,Proactive Health Check,Usage optimization consultation,Bi-annual touchpoint,Phone Call + Usage Report,50,Stable but monitor for early decline signals.
SME-2024-00005,CV Mega Network Abadi,Media & Kreatif,Semarang,Pelanggan Tetap,Kecil,9,5.2250000000000005,4161364.0,1.0,12,64.8,80.9,13.7,80.9,Highly Stable,85,0.224,Upsell Premium Services,Invite to beta program / exclusive features,Quarterly business review,Executive Visit + Proposal,65,Strong loyalty foundation. Maximize lifetime value through expansion.
SME-2024-00006,Warung Bintang Sakti,Pertanian & Agribisnis,Malang,Pelanggan Tetap,Mikro,1,2.0416666666666665,1587910.0,1.0,12,51.5,75.7,16.0,75.7,Stable,85,0.171,Proactive Health Check,Usage optimization consultation,Bi-annual touchpoint,Phone Call + Usage Report,50,Stable but monitor for early decline signals.
SME-2024-00007,Toko Jaya Bahagia Pratama,Kuliner & F&B,Semarang,Pelanggan Tetap,Mikro,2,5.583333333333333,4766079.0,1.0,12,46.6,80.5,16.9,80.5,Highly Stable,82,0.245,Upsell Premium Services,Invite to beta program / exclusive features,Quarterly business review,Executive Visit + Proposal,65,Strong loyalty foundation. Maximize lifetime value through expansion.
SME-2024-00008,CV Mandiri Digital,Media & Kreatif,Denpasar,Pelanggan Tetap,Menengah,81,5.541666666666667,995323.0,1.0,12,75.9,67.4,35.2,67.4,Stable,85,0.194,Proactive Health Check,Usage optimization consultation,Bi-annual touchpoint,Phone Call + Usage Report,50,Stable but monitor for early decline signals.
SME-2024-00009,Kios Permata Utama Lestari,Media & Kreatif,Yogyakarta,Pelanggan Tetap,Mikro,1,1.6500000000000001,3805394.0,2.0,12,52.1,69.5,16.8,69.5,Stable,82,0.27,Proactive Health Check,Usage optimization consultation,Bi-annual touchpoint,Phone Call + Usage Report,50,Stable but monitor for early decline signals.
SME-2024-00010,PT Bintang Sakti,Kuliner & F&B,Jakarta,Pelanggan Tetap,Besar,180,5.641666666666667,849268.0,1.0,12,66.1,76.0,19.4,76.0,Stable,85,0.147,Proactive Health Check,Usage optimization consultation,Bi-annual touchpoint,Phone Call + Usage Report,50,Stable but monitor for early decline signals.
SME-2024-00011,Toko Abadi Bahagia,Pendidikan & Training,Jakarta,Pelanggan Tetap,Kecil,16,1.5916666666666668,923738.0,1.0,12,40.3,67.0,24.2,67.0,Stable,85,0.194,Proactive Health Check,Usage optimization consultation,Bi-annual touchpoint,Phone Call + Usage Report,50,Stable but monitor for early decline signals.
SME-2024-00012,CV Citra Data,Kuliner & F&B,Malang,Pelanggan Tetap,Menengah,56,5.8500000000000005,2250073.0,1.0,12,72.2,80.1,11.7,80.1,Highly Stable,85,0.169,Upsell Premium Services,Invite to beta program / exclusive features,Quarterly business review,Executive Visit + Proposal,65,Strong loyalty foundation. Maximize lifetime value through expansion.
SME-2024-00013,Toko Berkah Persada Mandiri,Kuliner & F&B,Medan,Pelanggan Tetap,Kecil,7,5.541666666666667,1136452.0,1.0,12,57.3,80.7,16.7,80.7,Highly Stable,85,0.132,Upsell Premium Services,Invite to beta program / exclusive features,Quarterly business review,Executive Visit + Proposal,65,Strong loyalty foundation. Maximize lifetime value through expansion.
SME-2024-00014,PT Mega Indah Mandiri,Manufaktur,Palembang,Pelanggan Tetap,Menengah,34,2.0416666666666665,10612688.0,2.0,12,74.1,65.1,25.4,65.1,Stable,85,0.504,Proactive Health Check,Usage optimization consultation,Bi-annual touchpoint,Phone Call + Usage Report,50,Stable but monitor for early decline signals.
SME-2024-00015,Warung Sentosa Solusi Pratama,Pertanian & Agribisnis,Tangerang,Pelanggan Tetap,Mikro,4,1.7416666666666665,8556852.0,1.0,12,56.5,74.8,20.6,74.8,Stable,85,0.392,Proactive Health Check,Usage optimization consultation,Bi-annual touchpoint,Phone Call + Usage Report,50,Stable but monitor for early decline signals.
SME-2024-00016,PT Duta Cemerlang Lestari,Transportasi & Logistik,Palembang,Pelanggan Tetap,Menengah,51,2.9166666666666665,4178424.0,2.0,12,57.4,71.3,22.0,71.3,Stable,85,0.273,Proactive Health Check,Usage optimization consultation,Bi-annual touchpoint,Phone Call + Usage Report,50,Stable but monitor for early decline signals.
SME-2024-00017,UD Bumi Optima Sentosa,Pendidikan & Training,Medan,Pelanggan Tetap,Kecil,10,4.25,1434668.0,1.0,12,48.5,79.1,19.0,79.1,Stable,85,0.149,Proactive Health Check,Usage optimization consultation,Bi-annual touchpoint,Phone Call + Usage Report,50,Stable but monitor for early decline signals.
SME-2024-00018,UD Surya Indah Sentosa,Pertanian & Agribisnis,Malang,Pelanggan Tetap,Kecil,13,5.333333333333333,1930289.0,1.0,12,67.8,87.5,12.8,87.5,Highly Stable,85,0.122,Upsell Premium Services,Invite to beta program / exclusive features,Quarterly business review,Executive Visit + Proposal,65,Strong loyalty foundation. Maximize lifetime value through expansion.
SME-2024-00019,CV Karya Makmur,Properti & Real Estate,Semarang,Pelanggan Tetap,Kecil,15,5.5249999999999995,1989647.0,1.0,12,53.8,82.5,14.3,82.5,Highly Stable,82,0.149,Upsell Premium Services,Invite to beta program / exclusive features,Quarterly business review,Executive Visit + Proposal,65,Strong loyalty foundation. Maximize lifetime value through expansion.
SME-2024-00020,Toko Bumi Mulia,Kesehatan,Jakarta,Pelanggan Tetap,Kecil,20,5.3,1220444.0,1.0,12,52.3,75.2,22.3,75.2,Stable,85,0.162,Proactive Health Check,Usage optimization consultation,Bi-annual touchpoint,Phone Call + Usage Report,50,Stable but monitor for early decline signals.
SME-2024-00021,CV Tirta Andalan Pratama,Properti & Real Estate,Semarang,Pelanggan Tetap,Kecil,6,6.491666666666667,6147618.0,2.0,12,59.1,75.8,18.7,75.8,Stable,82,0.311,Proactive Health Check,Usage optimization consultation,Bi-annual touchpoint,Phone Call + Usage Report,50,Stable but monitor for early decline signals.
SME-2024-00022,CV Tirta Teknologi Abadi,Kesehatan,Jakarta,Pelanggan Tetap,Kecil,11,5.825,5501919.0,2.0,12,44.2,74.4,23.0,74.4,Stable,85,0.299,Proactive Health Check,Usage optimization consultation,Bi-annual touchpoint,Phone Call + Usage Report,50,Stable but monitor for early decline signals.
SME-2024-00023,Warung Mitra Mulia Abadi,Teknologi Informasi,Jakarta,Pelanggan Tetap,Mikro,4,5.416666666666667,2458722.0,1.0,12,30.2,76.0,19.3,76.0,Stable,82,0.196,Proactive Health Check,Usage optimization consultation,Bi-annual touchpoint,Phone Call + Usage Report,50,Stable but monitor for early decline signals.
SME-2024-00024,UD Jaya Pratama Pratama,Kuliner & F&B,Makassar,Pelanggan Tetap,Mikro,3,2.0166666666666666,6506308.0,1.0,12,50.3,71.6,19.6,71.6,Stable,85,0.344,Proactive Health Check,Usage optimization consultation,Bi-annual touchpoint,Phone Call + Usage Report,50,Stable but monitor for early decline signals.
SME-2024-00025,CV Jaya Data Lestari,Teknologi Informasi,Batam,Pelanggan Tetap,Menengah,78,3.283333333333333,4220646.0,2.0,12,70.1,75.7,18.2,75.7,Stable,82,0.252,Proactive Health Check,Usage optimization consultation,Bi-annual touchpoint,Phone Call + Usage Report,50,Stable but monitor for early decline signals.
SME-2024-00026,Warung Garuda Andalan,Manufaktur,Surabaya,Pelanggan Tetap,Mikro,1,2.8166666666666664,4422938.0,1.0,12,47.8,65.9,21.5,65.9,Stable,85,0.308,Proactive Health Check,Usage optimization consultation,Bi-annual touchpoint,Phone Call + Usage Report,50,Stable but monitor for early decline signals.
SME-2024-00027,CV Surya Network,Transportasi & Logistik,Bandung,Pelanggan Tetap,Kecil,7,5.091666666666667,5188679.0,1.0,12,44.9,81.7,16.1,81.7,Highly Stable,85,0.252,Upsell Premium Services,Invite to beta program / exclusive features,Quarterly business review,Executive Visit + Proposal,65,Strong loyalty foundation. Maximize lifetime value through expansion.
SME-2024-00028,Kios Tirta Teknologi Jaya,Manufaktur,Batam,Pelanggan Tetap,Mikro,5,6.066666666666666,4415014.0,1.0,12,60.7,88.0,13.2,88.0,Highly Stable,85,0.197,Upsell Premium Services,Invite to beta program / exclusive features,Quarterly business review,Executive Visit + Proposal,65,Strong loyalty foundation. Maximize lifetime value through expansion.
SME-2024-00029,PT Karya Makmur Mandiri,Konstruksi,Palembang,Pelanggan Tetap,Menengah,43,2.5833333333333335,1628926.0,1.0,12,67.1,62.0,39.5,62.0,Stable,85,0.241,Proactive Health Check,Usage optimization consultation,Bi-annual touchpoint,Phone Call + Usage Report,50,Stable but monitor for early decline signals.
SME-2024-00030,Toko Tirta Sakti Pratama,Teknologi Informasi,Bandar Lampung,Pelanggan Tetap,Kecil,8,1.7583333333333335,4997032.0,3.0,12,35.4,74.5,15.3,74.5,Stable,85,0.283,Proactive Health Check,Usage optimization consultation,Bi-annual touchpoint,Phone Call + Usage Report,50,Stable but monitor for early decline signals.
SME-2024-00031,CV Bukit Digital Abadi,Properti & Real Estate,Surabaya,Pelanggan Tetap,Kecil,7,3.725,4577555.0,2.0,12,48.5,85.9,14.6,85.9,Highly Stable,85,0.212,Upsell Premium Services,Invite to beta program / exclusive features,Quarterly business review,Executive Visit + Proposal,65,Strong loyalty foundation. Maximize lifetime value through expansion.
SME-2024-00032,CV Mandiri Persada Sentosa,Properti & Real Estate,Semarang,Pelanggan Tetap,Kecil,8,3.7083333333333335,2353943.0,1.0,12,60.0,75.1,17.3,75.1,Stable,85,0.198,Proactive Health Check,Usage optimization consultation,Bi-annual touchpoint,Phone Call + Usage Report,50,Stable but monitor for early decline signals.
SME-2024-00033,Toko Tirta Persada Pratama,Kuliner & F&B,Palembang,Pelanggan Tetap,Kecil,11,2.7583333333333333,0.0,,12,66.0,70.5,14.2,70.5,Stable,80,0.148,Proactive Health Check,Usage optimization consultation,Bi-annual touchpoint,Phone Call + Usage Report,50,Stable but monitor for early decline signals.
SME-2024-00034,UD Garuda Sakti Mandiri,Perdagangan Eceran,Medan,Pelanggan Tetap,Mikro,5,2.091666666666667,15430423.0,3.0,12,48.0,60.8,25.0,60.8,Stable,85,0.674,Proactive Health Check,Usage optimization consultation,Bi-annual touchpoint,Phone Call + Usage Report,50,Stable but monitor for early decline signals.
SME-2024-00035,CV Sumber Sinergi Pratama,Pertanian & Agribisnis,Jakarta,Pelanggan Tetap,Kecil,5,4.808333333333334,481664.0,1.0,12,57.5,76.6,17.4,76.6,Stable,85,0.132,Proactive Health Check,Usage optimization consultation,Bi-annual touchpoint,Phone Call + Usage Report,50,Stable but monitor for early decline signals.
SME-2024-00036,Toko Mega Lestari Mandiri,Pertanian & Agribisnis,Malang,Pelanggan Tetap,Mikro,5,6.316666666666666,1082303.0,1.0,12,44.9,72.3,22.3,72.3,Stable,85,0.172,Proactive Health Check,Usage optimization consultation,Bi-annual touchpoint,Phone Call + Usage Report,50,Stable but monitor for early decline signals.
SME-2024-00037,PT Berkah Persada Pratama,Teknologi Informasi,Yogyakarta,Pelanggan Tetap,Menengah,51,4.158333333333333,2811704.0,1.0,12,48.2,69.3,19.5,69.3,Stable,85,0.24,Proactive Health Check,Usage optimization consultation,Bi-annual touchpoint,Phone Call + Usage Report,50,Stable but monitor for early decline signals.
SME-2024-00038,PT Bumi Makmur Sentosa,Pendidikan & Training,Bandung,Pelanggan Tetap,Menengah,51,3.1916666666666664,10459989.0,2.0,12,63.3,76.2,17.0,76.2,Stable,85,0.443,Proactive Health Check,Usage optimization consultation,Bi-annual touchpoint,Phone Call + Usage Report,50,Stable but monitor for early decline signals.
SME-2024-00039,Toko Bumi Teknologi Abadi,Transportasi & Logistik,Bandung,Pelanggan Tetap,Kecil,5,4.566666666666666,4393189.0,3.0,12,64.4,78.1,12.1,78.1,Stable,82,0.246,Proactive Health Check,Usage optimization consultation,Bi-annual touchpoint,Phone Call + Usage Report,50,Stable but monitor for early decline signals.
SME-2024-00040,UD Bumi Makmur Abadi,Perdagangan Eceran,Palembang,Pelanggan Tetap,Mikro,5,2.591666666666667,7626281.0,2.0,12,53.1,76.7,22.8,76.7,Stable,85,0.353,Proactive Health Check,Usage optimization consultation,Bi-annual touchpoint,Phone Call + Usage Report,50,Stable but monitor for early decline signals.
SME-2024-00041,Kios Permata Andalan Jaya,Transportasi & Logistik,Batam,Pelanggan Tetap,Mikro,4,2.875,2551244.0,1.0,12,54.4,83.4,11.9,83.4,Highly Stable,85,0.162,Upsell Premium Services,Invite to beta program / exclusive features,Quarterly business review,Executive Visit + Proposal,65,Strong loyalty foundation. Maximize lifetime value through expansion.
SME-2024-00042,CV Garuda Solusi Pratama,Pertanian & Agribisnis,Bandung,Pelanggan Tetap,Menengah,34,3.766666666666667,4047935.0,1.0,12,61.2,73.0,18.7,73.0,Stable,85,0.261,Proactive Health Check,Usage optimization consultation,Bi-annual touchpoint,Phone Call + Usage Report,50,Stable but monitor for early decline signals.
SME-2024-00043,CV Nusantara Mulia Pratama,Pertanian & Agribisnis,Yogyakarta,Pelanggan Tetap,Kecil,8,4.558333333333334,6119888.0,1.0,12,58.0,81.8,14.7,81.8,Highly Stable,82,0.281,Upsell Premium Services,Invite to beta program / exclusive features,Quarterly business review,Executive Visit + Proposal,65,Strong loyalty foundation. Maximize lifetime value through expansion.
SME-2024-00044,PT Nusantara Andalan Lestari,Jasa Keuangan,Surabaya,Pelanggan Tetap,Menengah,49,3.216666666666667,7527554.0,2.0,12,76.7,78.8,18.8,78.8,Stable,82,0.34,Proactive Health Check,Usage optimization consultation,Bi-annual touchpoint,Phone Call + Usage Report,50,Stable but monitor for early decline signals.
SME-2024-00045,Kios Abadi Utama Pratama,Kuliner & F&B,Surabaya,Pelanggan Tetap,Mikro,2,6.033333333333334,10443640.0,2.0,12,53.8,90.1,12.6,90.1,Highly Stable,85,0.373,Upsell Premium Services,Invite to beta program / exclusive features,Quarterly business review,Executive Visit + Proposal,65,Strong loyalty foundation. Maximize lifetime value through expansion.
SME-2024-00046,CV Nusantara Optima Lestari,Media & Kreatif,Medan,Pelanggan Tetap,Menengah,80,5.0249999999999995,7309254.0,2.0,12,69.0,74.2,21.7,74.2,Stable,85,0.355,Proactive Health Check,Usage optimization consultation,Bi-annual touchpoint,Phone Call + Usage Report,50,Stable but monitor for early decline signals.
SME-2024-00047,CV Berkah Mulia Abadi,Kesehatan,Medan,Pelanggan Tetap,Kecil,10,4.208333333333333,2966647.0,2.0,12,53.9,86.5,13.0,86.5,Highly Stable,85,0.16,Upsell Premium Services,Invite to beta program / exclusive features,Quarterly business review,Executive Visit + Proposal,65,Strong loyalty foundation. Maximize lifetime value through expansion.
SME-2024-00048,Warung Tirta Digital Sentosa,Pertanian & Agribisnis,Yogyakarta,Pelanggan Tetap,Mikro,4,2.716666666666667,4819505.0,1.0,12,54.6,74.2,17.9,74.2,Stable,85,0.279,Proactive Health Check,Usage optimization consultation,Bi-annual touchpoint,Phone Call + Usage Report,50,Stable but monitor for early decline signals.
SME-2024-00049,Warung Mandiri Persada Sentosa,Manufaktur,Yogyakarta,Pelanggan Tetap,Mikro,2,2.4499999999999997,10179539.0,2.0,12,55.4,80.2,14.1,80.2,Highly Stable,85,0.415,Upsell Premium Services,Invite to beta program / exclusive features,Quarterly business review,Executive Visit + Proposal,65,Strong loyalty foundation. Maximize lifetime value through expansion.
SME-2024-00050,UD Sriwijaya Bahagia Abadi,Kesehatan,Semarang,Pelanggan Tetap,Kecil,20,2.6833333333333336,926932.0,1.0,12,58.1,86.4,10.3,86.4,Highly Stable,85,0.097,Upsell Premium Services,Invite to beta program / exclusive features,Quarterly business review,Executive Visit + Proposal,65,Strong loyalty foundation. Maximize lifetime value through expansion.
SME-2024-00051,CV Sumber Data,Kesehatan,Tangerang,Pelanggan Tetap,Menengah,51,2.8333333333333335,3877159.0,1.0,12,66.0,73.1,19.7,73.1,Stable,85,0.255,Proactive Health Check,Usage optimization consultation,Bi-annual touchpoint,Phone Call + Usage Report,50,Stable but monitor for early decline signals.
SME-2024-00052,CV Berkah Persada Jaya,Kuliner & F&B,Malang,Pelanggan Tetap,Menengah,62,3.3666666666666667,2937327.0,1.0,12,63.8,79.8,16.9,79.8,Stable,85,0.192,Proactive Health Check,Usage optimization consultation,Bi-annual touchpoint,Phone Call + Usage Report,50,Stable but monitor for early decline signals.
SME-2024-00053,PT Nusantara Bahagia Mandiri,Pendidikan & Training,Jakarta,Pelanggan Tetap,Menengah,32,2.2583333333333333,1427260.0,1.0,12,71.8,66.0,24.1,66.0,Stable,85,0.214,Proactive Health Check,Usage optimization consultation,Bi-annual touchpoint,Phone Call + Usage Report,50,Stable but monitor for early decline signals.
SME-2024-00054,Warung Bukit Makmur,Media & Kreatif,Tangerang,Pelanggan Tetap,Mikro,5,1.7249999999999999,1516794.0,1.0,12,57.3,78.3,14.5,78.3,Stable,82,0.155,Proactive Health Check,Usage optimization consultation,Bi-annual touchpoint,Phone Call + Usage Report,50,Stable but monitor for early decline signals.
SME-2024-00055,PT Karya Indah Pratama,Manufaktur,Bandung,Pelanggan Tetap,Menengah,94,5.6499999999999995,2344606.0,1.0,12,76.6,74.2,24.7,74.2,Stable,85,0.202,Proactive Health Check,Usage optimization consultation,Bi-annual touchpoint,Phone Call + Usage Report,50,Stable but monitor for early decline signals.
SME-2024-00056,PT Mandiri Bahagia Lestari,Jasa Keuangan,Batam,Pelanggan Tetap,Menengah,83,3.9916666666666667,8059901.0,1.0,12,62.9,75.3,18.8,75.3,Stable,82,0.373,Proactive Health Check,Usage optimization consultation,Bi-annual touchpoint,Phone Call + Usage Report,50,Stable but monitor for early decline signals.
SME-2024-00057,UD Tirta Indah,Pendidikan & Training,Semarang,Pelanggan Tetap,Kecil,9,6.291666666666667,6711913.0,2.0,12,41.4,65.9,24.7,65.9,Stable,85,0.379,Proactive Health Check,Usage optimization consultation,Bi-annual touchpoint,Phone Call + Usage Report,50,Stable but monitor for early decline signals.
SME-2024-00058,Warung Berkah Utama Sentosa,Transportasi & Logistik,Tangerang,Pelanggan Tetap,Mikro,4,1.6416666666666666,5433646.0,2.0,12,53.5,69.0,18.6,69.0,Stable,85,0.323,Proactive Health Check,Usage optimization consultation,Bi-annual touchpoint,Phone Call + Usage Report,50,Stable but monitor for early decline signals.
SME-2024-00059,PT Garuda Solusi Pratama,Perdagangan Eceran,Tangerang,Pelanggan Tetap,Menengah,38,2.6916666666666664,2320159.0,1.0,12,63.6,73.5,17.3,73.5,Stable,85,0.204,Proactive Health Check,Usage optimization consultation,Bi-annual touchpoint,Phone Call + Usage Report,50,Stable but monitor for early decline signals.
SME-2024-00060,Toko Sriwijaya Sinergi Abadi,Transportasi & Logistik,Malang,Pelanggan Tetap,Mikro,3,4.466666666666667,6894319.0,1.0,12,59.8,79.4,16.2,79.4,Stable,85,0.317,Proactive Health Check,Usage optimization consultation,Bi-annual touchpoint,Phone Call + Usage Report,50,Stable but monitor for early decline signals.
SME-2024-00061,CV Mandiri Data Jaya,Jasa Keuangan,Makassar,Pelanggan Tetap,Kecil,9,1.7750000000000001,903596.0,1.0,12,51.5,70.2,20.6,70.2,Stable,85,0.177,Proactive Health Check,Usage optimization consultation,Bi-annual touchpoint,Phone Call + Usage Report,50,Stable but monitor for early decline signals.
SME-2024-00062,CV Berkah Cemerlang Mandiri,Transportasi & Logistik,Denpasar,Pelanggan Tetap,Kecil,16,3.533333333333333,5325505.0,2.0,12,47.6,77.7,20.8,77.7,Stable,85,0.277,Proactive Health Check,Usage optimization consultation,Bi-annual touchpoint,Phone Call + Usage Report,50,Stable but monitor for early decline signals.
SME-2024-00063,CV Jaya Indah Sentosa,Manufaktur,Malang,Pelanggan Tetap,Kecil,14,4.741666666666666,11085764.0,2.0,12,64.2,73.2,19.1,73.2,Stable,85,0.477,Proactive Health Check,Usage optimization consultation,Bi-annual touchpoint,Phone Call + Usage Report,50,Stable but monitor for early decline signals.
SME-2024-00064,UD Abadi Pratama Sentosa,Konstruksi,Denpasar,Pelanggan Tetap,Kecil,20,6.05,8266468.0,2.0,12,52.6,74.3,16.4,74.3,Stable,85,0.385,Proactive Health Check,Usage optimization consultation,Bi-annual touchpoint,Phone Call + Usage Report,50,Stable but monitor for early decline signals.
SME-2024-00065,PT Sentosa Optima Pratama,Perdagangan Eceran,Semarang,Pelanggan Tetap,Menengah,50,4.466666666666667,3058165.0,1.0,12,73.0,82.0,12.2,82.0,Highly Stable,82,0.185,Upsell Premium Services,Invite to beta program / exclusive features,Quarterly business review,Executive Visit + Proposal,65,Strong loyalty foundation. Maximize lifetime value through expansion.
SME-2024-00066,Toko Bumi Sinergi,Pertanian & Agribisnis,Medan,Pelanggan Tetap,Kecil,17,5.516666666666667,1632018.0,1.0,12,45.2,64.6,20.4,64.6,Stable,85,0.228,Proactive Health Check,Usage optimization consultation,Bi-annual touchpoint,Phone Call + Usage Report,50,Stable but monitor for early decline signals.
SME-2024-00067,Kios Nusantara Utama,Pertanian & Agribisnis,Denpasar,Pelanggan Tetap,Mikro,5,2.533333333333333,5863752.0,2.0,12,57.7,82.3,11.8,82.3,Highly Stable,82,0.271,Upsell Premium Services,Invite to beta program / exclusive features,Quarterly business review,Executive Visit + Proposal,65,Strong loyalty foundation. Maximize lifetime value through expansion.
SME-2024-00068,UD Citra Lestari Lestari,Properti & Real Estate,Malang,Pelanggan Tetap,Mikro,4,1.6333333333333335,7694504.0,2.0,12,62.7,80.2,12.0,80.2,Highly Stable,82,0.338,Upsell Premium Services,Invite to beta program / exclusive features,Quarterly business review,Executive Visit + Proposal,65,Strong loyalty foundation. Maximize lifetime value through expansion.
SME-2024-00069,PT Surya Pratama Pratama,Kesehatan,Medan,Pelanggan Tetap,Besar,119,6.083333333333333,5924146.0,1.0,12,77.7,75.3,17.5,75.3,Stable,85,0.307,Proactive Health Check,Usage optimization consultation,Bi-annual touchpoint,Phone Call + Usage Report,50,Stable but monitor for early decline signals.
SME-2024-00070,Toko Duta Persada Lestari,Properti & Real Estate,Jakarta,Pelanggan Tetap,Mikro,1,4.991666666666666,9501404.0,2.0,12,57.8,81.9,15.8,81.9,Highly Stable,85,0.385,Upsell Premium Services,Invite to beta program / exclusive features,Quarterly business review,Executive Visit + Proposal,65,Strong loyalty foundation. Maximize lifetime value through expansion.
SME-2024-00071,CV Bintang Sakti Abadi,Manufaktur,Bandar Lampung,Pelanggan Tetap,Menengah,27,3.3249999999999997,835386.0,1.0,12,56.1,68.9,18.9,68.9,Stable,85,0.181,Proactive Health Check,Usage optimization consultation,Bi-annual touchpoint,Phone Call + Usage Report,50,Stable but monitor for early decline signals.
SME-2024-00072,CV Karya Sejahtera Mandiri,Media & Kreatif,Malang,Pelanggan Tetap,Kecil,5,4.1000000000000005,11498892.0,2.0,12,47.9,64.6,21.7,64.6,Stable,85,0.534,Proactive Health Check,Usage optimization consultation,Bi-annual touchpoint,Phone Call + Usage Report,50,Stable but monitor for early decline signals.
SME-2024-00073,UD Sumber Optima Sentosa,Kesehatan,Semarang,Pelanggan Tetap,Mikro,2,4.9750000000000005,3505735.0,1.0,12,58.8,77.4,15.3,77.4,Stable,85,0.222,Proactive Health Check,Usage optimization consultation,Bi-annual touchpoint,Phone Call + Usage Report,50,Stable but monitor for early decline signals.
SME-2024-00074,UD Bumi Network Mandiri,Kesehatan,Batam,Pelanggan Tetap,Kecil,11,4.291666666666667,4809768.0,2.0,12,37.2,70.0,21.9,70.0,Stable,85,0.299,Proactive Health Check,Usage optimization consultation,Bi-annual touchpoint,Phone Call + Usage Report,50,Stable but monitor for early decline signals.
SME-2024-00075,UD Duta Solusi Mandiri,Perdagangan Eceran,Jakarta,Pelanggan Tetap,Kecil,19,5.05,2996997.0,1.0,12,60.7,77.6,16.5,77.6,Stable,85,0.205,Proactive Health Check,Usage optimization consultation,Bi-annual touchpoint,Phone Call + Usage Report,50,Stable but monitor for early decline signals.
SME-2024-00076,CV Permata Persada Abadi,Konstruksi,Makassar,Pelanggan Tetap,Kecil,19,4.55,7351121.0,2.0,12,60.6,69.9,20.0,69.9,Stable,85,0.379,Proactive Health Check,Usage optimization consultation,Bi-annual touchpoint,Phone Call + Usage Report,50,Stable but monitor for early decline signals.
SME-2024-00077,Kios Tirta Pratama,Transportasi & Logistik,Medan,Pelanggan Tetap,Mikro,5,3.5833333333333335,3141093.0,1.0,12,46.1,79.2,15.5,79.2,Stable,85,0.201,Proactive Health Check,Usage optimization consultation,Bi-annual touchpoint,Phone Call + Usage Report,50,Stable but monitor for early decline signals.
SME-2024-00078,UD Bumi Sinergi Jaya,Kesehatan,Yogyakarta,Pelanggan Tetap,Kecil,13,4.491666666666666,6946654.0,2.0,12,50.2,81.0,13.2,81.0,Highly Stable,85,0.31,Upsell Premium Services,Invite to beta program / exclusive features,Quarterly business review,Executive Visit + Proposal,65,Strong loyalty foundation. Maximize lifetime value through expansion.
SME-2024-00079,UD Mandiri Persada Jaya,Pendidikan & Training,Tangerang,Pelanggan Tetap,Mikro,2,6.466666666666666,1279714.0,1.0,12,57.6,73.6,19.8,73.6,Stable,85,0.171,Proactive Health Check,Usage optimization consultation,Bi-annual touchpoint,Phone Call + Usage Report,50,Stable but monitor for early decline signals.
SME-2024-00080,UD Mitra Makmur Mandiri,Kuliner & F&B,Palembang,Pelanggan Tetap,Kecil,5,2.2083333333333335,2146413.0,1.0,12,48.5,67.5,35.7,67.5,Stable,85,0.229,Proactive Health Check,Usage optimization consultation,Bi-annual touchpoint,Phone Call + Usage Report,50,Stable but monitor for early decline signals.
SME-2024-00081,CV Tirta Data,Kesehatan,Makassar,Pelanggan Tetap,Kecil,9,4.841666666666667,5590382.0,1.0,12,57.3,65.8,21.7,65.8,Stable,85,0.344,Proactive Health Check,Usage optimization consultation,Bi-annual touchpoint,Phone Call + Usage Report,50,Stable but monitor for early decline signals.
SME-2024-00082,Toko Sentosa Lestari Pratama,Media & Kreatif,Makassar,Pelanggan Tetap,Kecil,6,3.6833333333333336,1251624.0,1.0,12,45.0,71.5,19.9,71.5,Stable,85,0.182,Proactive Health Check,Usage optimization consultation,Bi-annual touchpoint,Phone Call + Usage Report,50,Stable but monitor for early decline signals.
SME-2024-00083,Toko Mitra Andalan Jaya,Konstruksi,Surabaya,Pelanggan Tetap,Kecil,12,5.591666666666666,978785.0,1.0,12,50.6,69.3,19.9,69.3,Stable,85,0.184,Proactive Health Check,Usage optimization consultation,Bi-annual touchpoint,Phone Call + Usage Report,50,Stable but monitor for early decline signals.
SME-2024-00084,PT Tirta Pratama Lestari,Transportasi & Logistik,Denpasar,Pelanggan Tetap,Menengah,75,1.8499999999999999,4851492.0,2.0,12,60.7,69.5,23.8,69.5,Stable,85,0.303,Proactive Health Check,Usage optimization consultation,Bi-annual touchpoint,Phone Call + Usage Report,50,Stable but monitor for early decline signals.
SME-2024-00085,CV Abadi Teknologi Sentosa,Teknologi Informasi,Malang,Pelanggan Tetap,Menengah,96,5.508333333333333,0.0,,12,67.2,73.1,17.5,73.1,Stable,80,0.134,Proactive Health Check,Usage optimization consultation,Bi-annual touchpoint,Phone Call + Usage Report,50,Stable but monitor for early decline signals.
SME-2024-00086,Warung Duta Data,Konstruksi,Makassar,Pelanggan Tetap,Mikro,4,5.3,6390391.0,1.0,12,49.0,76.0,16.7,76.0,Stable,85,0.318,Proactive Health Check,Usage optimization consultation,Bi-annual touchpoint,Phone Call + Usage Report,50,Stable but monitor for early decline signals.
SME-2024-00087,Warung Berkah Network Lestari,Kuliner & F&B,Batam,Pelanggan Tetap,Mikro,3,4.416666666666667,3893941.0,2.0,12,49.7,75.9,19.2,75.9,Stable,85,0.241,Proactive Health Check,Usage optimization consultation,Bi-annual touchpoint,Phone Call + Usage Report,50,Stable but monitor for early decline signals.
SME-2024-00088,CV Jaya Persada Lestari,Media & Kreatif,Malang,Pelanggan Tetap,Menengah,65,2.908333333333333,1352838.0,1.0,12,60.4,78.0,18.9,78.0,Stable,85,0.152,Proactive Health Check,Usage optimization consultation,Bi-annual touchpoint,Phone Call + Usage Report,50,Stable but monitor for early decline signals.
SME-2024-00089,Toko Karya Konektifitas Jaya,Manufaktur,Tangerang,Pelanggan Tetap,Kecil,12,2.1333333333333333,3955736.0,2.0,12,60.9,81.9,11.9,81.9,Highly Stable,85,0.213,Upsell Premium Services,Invite to beta program / exclusive features,Quarterly business review,Executive Visit + Proposal,65,Strong loyalty foundation. Maximize lifetime value through expansion.
SME-2024-00090,CV Citra Sakti Jaya,Teknologi Informasi,Denpasar,Pelanggan Tetap,Menengah,71,4.9750000000000005,2925355.0,1.0,12,57.2,69.7,26.9,69.7,Stable,85,0.242,Proactive Health Check,Usage optimization consultation,Bi-annual touchpoint,Phone Call + Usage Report,50,Stable but monitor for early decline signals.
SME-2024-00091,Toko Mega Teknologi Lestari,Kuliner & F&B,Medan,Pelanggan Tetap,Mikro,3,2.9166666666666665,6814467.0,3.0,12,53.5,69.3,16.1,69.3,Stable,85,0.365,Proactive Health Check,Usage optimization consultation,Bi-annual touchpoint,Phone Call + Usage Report,50,Stable but monitor for early decline signals.
SME-2024-00092,Warung Mega Cemerlang,Transportasi & Logistik,Surabaya,Pelanggan Tetap,Mikro,2,5.0249999999999995,1526782.0,1.0,12,50.7,79.9,17.8,79.9,Stable,85,0.148,Proactive Health Check,Usage optimization consultation,Bi-annual touchpoint,Phone Call + Usage Report,50,Stable but monitor for early decline signals.
SME-2024-00093,Toko Abadi Bahagia,Pendidikan & Training,Batam,Pelanggan Tetap,Kecil,11,5.0249999999999995,701998.0,1.0,12,54.1,78.8,19.4,78.8,Stable,85,0.128,Proactive Health Check,Usage optimization consultation,Bi-annual touchpoint,Phone Call + Usage Report,50,Stable but monitor for early decline signals.
SME-2024-00094,UD Permata Andalan Jaya,Pertanian & Agribisnis,Batam,Pelanggan Tetap,Mikro,3,5.358333333333333,0.0,,12,59.3,79.0,11.9,79.0,Stable,77,0.105,Proactive Health Check,Usage optimization consultation,Bi-annual touchpoint,Phone Call + Usage Report,50,Stable but monitor for early decline signals.
SME-2024-00095,Toko Mitra Konektifitas Jaya,Media & Kreatif,Semarang,Pelanggan Tetap,Kecil,14,3.108333333333333,852900.0,1.0,12,59.1,69.6,15.8,69.6,Stable,85,0.178,Proactive Health Check,Usage optimization consultation,Bi-annual touchpoint,Phone Call + Usage Report,50,Stable but monitor for early decline signals.
SME-2024-00096,Toko Mitra Optima Sentosa,Perdagangan Eceran,Semarang,Pelanggan Tetap,Mikro,1,5.308333333333334,6117055.0,1.0,12,43.2,77.4,19.3,77.4,Stable,85,0.303,Proactive Health Check,Usage optimization consultation,Bi-annual touchpoint,Phone Call + Usage Report,50,Stable but monitor for early decline signals.
SME-2024-00097,Toko Sumber Sejahtera Sentosa,Kesehatan,Medan,Pelanggan Tetap,Mikro,1,5.5,10595950.0,1.0,12,55.6,82.6,21.5,82.6,Highly Stable,85,0.416,Upsell Premium Services,Invite to beta program / exclusive features,Quarterly business review,Executive Visit + Proposal,65,Strong loyalty foundation. Maximize lifetime value through expansion.
SME-2024-00098,UD Mandiri Lestari Abadi,Pendidikan & Training,Bandar Lampung,Pelanggan Tetap,Mikro,3,6.283333333333334,1399901.0,1.0,12,41.2,81.7,14.8,81.7,Highly Stable,85,0.135,Upsell Premium Services,Invite to beta program / exclusive features,Quarterly business review,Executive Visit + Proposal,65,Strong loyalty foundation. Maximize lifetime value through expansion.
SME-2024-00099,PT Jaya Sinergi Sentosa,Perdagangan Eceran,Medan,Pelanggan Tetap,Menengah,98,2.0083333333333333,1009032.0,1.0,12,74.8,71.5,18.3,71.5,Stable,85,0.174,Proactive Health Check,Usage optimization consultation,Bi-annual touchpoint,Phone Call + Usage Report,50,Stable but monitor for early decline signals.
SME-2024-00100,CV Bintang Pratama Sentosa,Manufaktur,Surabaya,Pelanggan Tetap,Kecil,8,4.6000000000000005,3903604.0,1.0,12,37.5,74.3,25.4,74.3,Stable,85,0.25,Proactive Health Check,Usage optimization consultation,Bi-annual touchpoint,Phone Call + Usage Report,50,Stable but monitor for early decline signals.
SME-2024-00101,CV Bintang Konektifitas Jaya,Teknologi Informasi,Semarang,Pelanggan Tetap,Kecil,20,3.266666666666667,3151333.0,1.0,12,40.7,84.2,15.8,84.2,Highly Stable,82,0.177,Upsell Premium Services,Invite to beta program / exclusive features,Quarterly business review,Executive Visit + Proposal,65,Strong loyalty foundation. Maximize lifetime value through expansion.
SME-2024-00102,UD Surya Makmur Jaya,Konstruksi,Semarang,Pelanggan Tetap,Mikro,2,3.3666666666666667,3036369.0,1.0,12,53.0,73.7,16.5,73.7,Stable,85,0.226,Proactive Health Check,Usage optimization consultation,Bi-annual touchpoint,Phone Call + Usage Report,50,Stable but monitor for early decline signals.
SME-2024-00103,UD Permata Sakti Abadi,Manufaktur,Malang,Pelanggan Tetap,Kecil,19,2.3583333333333334,2499324.0,1.0,12,56.4,75.0,18.1,75.0,Stable,85,0.202,Proactive Health Check,Usage optimization consultation,Bi-annual touchpoint,Phone Call + Usage Report,50,Stable but monitor for early decline signals.
SME-2024-00104,Toko Duta Lestari,Teknologi Informasi,Batam,Pelanggan Tetap,Kecil,19,5.941666666666666,2474145.0,1.0,12,58.2,80.7,18.6,80.7,Highly Stable,85,0.173,Upsell Premium Services,Invite to beta program / exclusive features,Quarterly business review,Executive Visit + Proposal,65,Strong loyalty foundation. Maximize lifetime value through expansion.
SME-2024-00105,CV Mega Cemerlang Jaya,Pertanian & Agribisnis,Malang,Pelanggan Tetap,Menengah,54,3.0833333333333335,4450921.0,1.0,12,60.5,75.4,18.7,75.4,Stable,85,0.261,Proactive Health Check,Usage optimization consultation,Bi-annual touchpoint,Phone Call + Usage Report,50,Stable but monitor for early decline signals.
SME-2024-00106,CV Nusantara Cemerlang Jaya,Perdagangan Eceran,Malang,Pelanggan Tetap,Menengah,79,2.216666666666667,13439379.0,2.0,12,64.0,62.5,22.5,62.5,Stable,85,0.604,Proactive Health Check,Usage optimization consultation,Bi-annual touchpoint,Phone Call + Usage Report,50,Stable but monitor for early decline signals.
SME-2024-00107,UD Garuda Digital Abadi,Kesehatan,Yogyakarta,Pelanggan Tetap,Mikro,1,1.8333333333333333,2091371.0,1.0,12,50.4,65.2,22.0,65.2,Stable,85,0.239,Proactive Health Check,Usage optimization consultation,Bi-annual touchpoint,Phone Call + Usage Report,50,Stable but monitor for early decline signals.
SME-2024-00108,CV Nusantara Indah Sentosa,Properti & Real Estate,Bandung,Pelanggan Tetap,Menengah,57,6.0249999999999995,1285993.0,1.0,12,52.9,65.4,20.8,65.4,Stable,80,0.213,Proactive Health Check,Usage optimization consultation,Bi-annual touchpoint,Phone Call + Usage Report,50,Stable but monitor for early decline signals.
SME-2024-00109,CV Citra Konektifitas,Teknologi Informasi,Batam,Pelanggan Tetap,Kecil,12,3.725,1265697.0,1.0,12,49.4,72.2,35.0,72.2,Stable,85,0.178,Proactive Health Check,Usage optimization consultation,Bi-annual touchpoint,Phone Call + Usage Report,50,Stable but monitor for early decline signals.
SME-2024-00110,Toko Jaya Makmur,Transportasi & Logistik,Surabaya,Pelanggan Tetap,Mikro,4,2.9916666666666667,3623309.0,2.0,12,49.8,77.1,18.0,77.1,Stable,85,0.227,Proactive Health Check,Usage optimization consultation,Bi-annual touchpoint,Phone Call + Usage Report,50,Stable but monitor for early decline signals.
SME-2024-00111,CV Sentosa Sejahtera Lestari,Teknologi Informasi,Semarang,Pelanggan Tetap,Menengah,46,5.483333333333333,2163896.0,2.0,12,66.9,82.8,13.8,82.8,Highly Stable,85,0.153,Upsell Premium Services,Invite to beta program / exclusive features,Quarterly business review,Executive Visit + Proposal,65,Strong loyalty foundation. Maximize lifetime value through expansion.
SME-2024-00112,UD Bumi Pratama Mandiri,Jasa Keuangan,Medan,Pelanggan Tetap,Kecil,10,3.841666666666667,2582890.0,1.0,12,66.4,75.1,30.0,75.1,Stable,85,0.205,Proactive Health Check,Usage optimization consultation,Bi-annual touchpoint,Phone Call + Usage Report,50,Stable but monitor for early decline signals.
SME-2024-00113,CV Sriwijaya Konektifitas Lestari,Jasa Keuangan,Tangerang,Pelanggan Tetap,Menengah,48,4.991666666666666,2015125.0,1.0,12,55.1,60.4,32.8,60.4,Stable,85,0.26,Proactive Health Check,Usage optimization consultation,Bi-annual touchpoint,Phone Call + Usage Report,50,Stable but monitor for early decline signals.
SME-2024-00114,Toko Garuda Sinergi Pratama,Pertanian & Agribisnis,Tangerang,Pelanggan Tetap,Mikro,3,3.65,13848175.0,3.0,12,50.4,75.2,27.9,75.2,Stable,85,0.553,Proactive Health Check,Usage optimization consultation,Bi-annual touchpoint,Phone Call + Usage Report,50,Stable but monitor for early decline signals.
SME-2024-00115,UD Bumi Sakti Sentosa,Jasa Keuangan,Makassar,Pelanggan Tetap,Kecil,11,3.4250000000000003,0.0,,12,51.0,66.2,18.4,66.2,Stable,80,0.169,Proactive Health Check,Usage optimization consultation,Bi-annual touchpoint,Phone Call + Usage Report,50,Stable but monitor for early decline signals.
SME-2024-00116,UD Permata Sakti Sentosa,Konstruksi,Malang,Pelanggan Tetap,Kecil,5,4.175,2964723.0,1.0,12,61.3,70.9,17.9,70.9,Stable,85,0.237,Proactive Health Check,Usage optimization consultation,Bi-annual touchpoint,Phone Call + Usage Report,50,Stable but monitor for early decline signals.
SME-2024-00117,Kios Bintang Sejahtera Pratama,Pertanian & Agribisnis,Makassar,Pelanggan Tetap,Mikro,5,3.908333333333333,2894801.0,1.0,12,57.2,84.1,12.2,84.1,Highly Stable,85,0.169,Upsell Premium Services,Invite to beta program / exclusive features,Quarterly business review,Executive Visit + Proposal,65,Strong loyalty foundation. Maximize lifetime value through expansion.
SME-2024-00118,Toko Karya Sinergi Lestari,Manufaktur,Jakarta,Pelanggan Tetap,Kecil,13,5.091666666666667,2330276.0,1.0,12,55.6,80.1,18.7,80.1,Highly Stable,85,0.172,Upsell Premium Services,Invite to beta program / exclusive features,Quarterly business review,Executive Visit + Proposal,65,Strong loyalty foundation. Maximize lifetime value through expansion.
SME-2024-00119,CV Abadi Digital Pratama,Transportasi & Logistik,Jakarta,Pelanggan Tetap,Menengah,76,4.166666666666667,2230008.0,1.0,12,65.9,70.3,17.7,70.3,Stable,85,0.217,Proactive Health Check,Usage optimization consultation,Bi-annual touchpoint,Phone Call + Usage Report,50,Stable but monitor for early decline signals.
SME-2024-00120,Warung Nusantara Konektifitas Lestari,Perdagangan Eceran,Palembang,Pelanggan Tetap,Mikro,1,5.125,2570369.0,1.0,12,46.3,75.3,19.9,75.3,Stable,85,0.203,Proactive Health Check,Usage optimization consultation,Bi-annual touchpoint,Phone Call + Usage Report,50,Stable but monitor for early decline signals.
SME-2024-00121,Toko Karya Makmur,Properti & Real Estate,Yogyakarta,Pelanggan Tetap,Mikro,2,2.9416666666666664,1357571.0,1.0,12,44.4,62.6,22.7,62.6,Stable,85,0.229,Proactive Health Check,Usage optimization consultation,Bi-annual touchpoint,Phone Call + Usage Report,50,Stable but monitor for early decline signals.
SME-2024-00122,CV Mitra Solusi Mandiri,Media & Kreatif,Palembang,Pelanggan Tetap,Menengah,70,3.875,2372946.0,1.0,12,81.5,74.2,16.7,74.2,Stable,85,0.202,Proactive Health Check,Usage optimization consultation,Bi-annual touchpoint,Phone Call + Usage Report,50,Stable but monitor for early decline signals.
SME-2024-00123,Kios Jaya Persada Jaya,Properti & Real Estate,Palembang,Pelanggan Tetap,Mikro,3,1.6500000000000001,0.0,,12,50.5,67.1,17.2,67.1,Stable,85,0.164,Proactive Health Check,Usage optimization consultation,Bi-annual touchpoint,Phone Call + Usage Report,50,Stable but monitor for early decline signals.
SME-2024-00124,CV Tirta Indah Jaya,Pertanian & Agribisnis,Bandung,Pelanggan Tetap,Kecil,5,5.266666666666667,3411694.0,2.0,12,50.1,66.2,29.1,66.2,Stable,85,0.275,Proactive Health Check,Usage optimization consultation,Bi-annual touchpoint,Phone Call + Usage Report,50,Stable but monitor for early decline signals.
SME-2024-00125,Toko Nusantara Solusi,Perdagangan Eceran,Malang,Pelanggan Tetap,Kecil,17,6.291666666666667,2100069.0,1.0,12,54.0,75.5,19.2,75.5,Stable,85,0.188,Proactive Health Check,Usage optimization consultation,Bi-annual touchpoint,Phone Call + Usage Report,50,Stable but monitor for early decline signals.
SME-2024-00126,Toko Tirta Optima Lestari,Pendidikan & Training,Makassar,Pelanggan Tetap,Kecil,12,4.675,1197633.0,1.0,12,60.8,67.6,30.7,67.6,Stable,82,0.199,Proactive Health Check,Usage optimization consultation,Bi-annual touchpoint,Phone Call + Usage Report,50,Stable but monitor for early decline signals.
SME-2024-00127,Toko Bukit Teknologi Sentosa,Teknologi Informasi,Surabaya,Pelanggan Tetap,Kecil,6,4.591666666666667,2018345.0,1.0,12,46.1,67.0,19.8,67.0,Stable,85,0.227,Proactive Health Check,Usage optimization consultation,Bi-annual touchpoint,Phone Call + Usage Report,50,Stable but monitor for early decline signals.
SME-2024-00128,CV Nusantara Indah Mandiri,Pendidikan & Training,Semarang,Pelanggan Tetap,Kecil,7,5.533333333333334,1686354.0,1.0,12,63.3,67.9,19.8,67.9,Stable,80,0.213,Proactive Health Check,Usage optimization consultation,Bi-annual touchpoint,Phone Call + Usage Report,50,Stable but monitor for early decline signals.
SME-2024-00129,Toko Bukit Indah Lestari,Pertanian & Agribisnis,Jakarta,Pelanggan Tetap,Kecil,13,3.7583333333333333,7773778.0,1.0,12,55.3,72.1,24.7,72.1,Stable,85,0.38,Proactive Health Check,Usage optimization consultation,Bi-annual touchpoint,Phone Call + Usage Report,50,Stable but monitor for early decline signals.
SME-2024-00130,Warung Nusantara Konektifitas Lestari,Kuliner & F&B,Palembang,Pelanggan Tetap,Mikro,1,4.416666666666667,1712811.0,1.0,12,51.1,79.0,20.2,79.0,Stable,85,0.158,Proactive Health Check,Usage optimization consultation,Bi-annual touchpoint,Phone Call + Usage Report,50,Stable but monitor for early decline signals.
SME-2024-00131,Toko Mega Digital Mandiri,Kuliner & F&B,Bandung,Pelanggan Tetap,Kecil,9,5.6499999999999995,2487498.0,1.0,12,53.9,82.2,32.8,82.2,Highly Stable,85,0.166,Upsell Premium Services,Invite to beta program / exclusive features,Quarterly business review,Executive Visit + Proposal,65,Strong loyalty foundation. Maximize lifetime value through expansion.
SME-2024-00132,Warung Bumi Indah Jaya,Transportasi & Logistik,Bandung,Pelanggan Tetap,Mikro,3,4.508333333333334,7627792.0,3.0,12,47.8,78.8,14.0,78.8,Stable,85,0.342,Proactive Health Check,Usage optimization consultation,Bi-annual touchpoint,Phone Call + Usage Report,50,Stable but monitor for early decline signals.
SME-2024-00133,UD Bukit Teknologi Jaya,Pendidikan & Training,Semarang,Pelanggan Tetap,Mikro,2,5.708333333333333,2689155.0,1.0,12,42.4,81.2,15.5,81.2,Highly Stable,85,0.177,Upsell Premium Services,Invite to beta program / exclusive features,Quarterly business review,Executive Visit + Proposal,65,Strong loyalty foundation. Maximize lifetime value through expansion.
SME-2024-00134,PT Bintang Andalan Lestari,Pendidikan & Training,Palembang,Pelanggan Tetap,Menengah,28,4.033333333333333,3952274.0,1.0,12,73.7,81.5,15.0,81.5,Highly Stable,85,0.215,Upsell Premium Services,Invite to beta program / exclusive features,Quarterly business review,Executive Visit + Proposal,65,Strong loyalty foundation. Maximize lifetime value through expansion.
SME-2024-00135,UD Bintang Solusi Abadi,Pertanian & Agribisnis,Surabaya,Pelanggan Tetap,Kecil,15,3.2083333333333335,3286497.0,1.0,12,56.7,65.0,33.6,65.0,Stable,85,0.277,Proactive Health Check,Usage optimization consultation,Bi-annual touchpoint,Phone Call + Usage Report,50,Stable but monitor for early decline signals.
SME-2024-00136,PT Tirta Digital Jaya,Teknologi Informasi,Bandung,Pelanggan Tetap,Menengah,44,2.125,5581274.0,3.0,12,77.3,71.0,18.6,71.0,Stable,85,0.318,Proactive Health Check,Usage optimization consultation,Bi-annual touchpoint,Phone Call + Usage Report,50,Stable but monitor for early decline signals.
SME-2024-00137,Warung Mega Sejahtera Abadi,Perdagangan Eceran,Medan,Pelanggan Tetap,Mikro,5,1.5583333333333333,930691.0,1.0,12,58.9,74.2,13.9,74.2,Stable,85,0.158,Proactive Health Check,Usage optimization consultation,Bi-annual touchpoint,Phone Call + Usage Report,50,Stable but monitor for early decline signals.
SME-2024-00138,UD Bukit Bahagia Pratama,Kesehatan,Makassar,Pelanggan Tetap,Kecil,6,4.033333333333333,5522261.0,2.0,12,62.6,77.8,29.9,77.8,Stable,85,0.282,Proactive Health Check,Usage optimization consultation,Bi-annual touchpoint,Phone Call + Usage Report,50,Stable but monitor for early decline signals.
SME-2024-00139,UD Bintang Bahagia Sentosa,Properti & Real Estate,Medan,Pelanggan Tetap,Kecil,13,1.55,3911217.0,1.0,12,60.3,77.4,18.3,77.4,Stable,85,0.234,Proactive Health Check,Usage optimization consultation,Bi-annual touchpoint,Phone Call + Usage Report,50,Stable but monitor for early decline signals.
SME-2024-00140,Toko Bintang Optima Jaya,Konstruksi,Bandar Lampung,Pelanggan Tetap,Mikro,2,2.725,3748508.0,2.0,12,46.8,75.4,16.5,75.4,Stable,85,0.239,Proactive Health Check,Usage optimization consultation,Bi-annual touchpoint,Phone Call + Usage Report,50,Stable but monitor for early decline signals.
SME-2024-00141,CV Mega Teknologi Pratama,Manufaktur,Yogyakarta,Pelanggan Tetap,Menengah,84,5.2749999999999995,641727.0,1.0,12,76.3,80.0,17.9,80.0,Stable,85,0.12,Proactive Health Check,Usage optimization consultation,Bi-annual touchpoint,Phone Call + Usage Report,50,Stable but monitor for early decline signals.
SME-2024-00142,Toko Surya Sakti Mandiri,Jasa Keuangan,Surabaya,Pelanggan Tetap,Mikro,3,4.591666666666667,2094640.0,1.0,12,54.1,80.2,13.7,80.2,Highly Stable,85,0.164,Upsell Premium Services,Invite to beta program / exclusive features,Quarterly business review,Executive Visit + Proposal,65,Strong loyalty foundation. Maximize lifetime value through expansion.
SME-2024-00143,Toko Duta Pratama Jaya,Pendidikan & Training,Medan,Pelanggan Tetap,Mikro,4,5.7749999999999995,1071459.0,1.0,12,56.4,66.4,23.4,66.4,Stable,85,0.201,Proactive Health Check,Usage optimization consultation,Bi-annual touchpoint,Phone Call + Usage Report,50,Stable but monitor for early decline signals.
SME-2024-00144,UD Permata Cemerlang Abadi,Jasa Keuangan,Makassar,Pelanggan Tetap,Mikro,2,1.9000000000000001,3284613.0,3.0,12,57.1,79.1,11.6,79.1,Stable,82,0.206,Proactive Health Check,Usage optimization consultation,Bi-annual touchpoint,Phone Call + Usage Report,50,Stable but monitor for early decline signals.
SME-2024-00145,UD Citra Cemerlang Abadi,Properti & Real Estate,Bandar Lampung,Pelanggan Tetap,Mikro,3,4.383333333333334,2848220.0,1.0,12,61.6,75.8,20.3,75.8,Stable,85,0.209,Proactive Health Check,Usage optimization consultation,Bi-annual touchpoint,Phone Call + Usage Report,50,Stable but monitor for early decline signals.
SME-2024-00146,CV Garuda Lestari Abadi,Kesehatan,Malang,Pelanggan Tetap,Menengah,63,2.225,4455464.0,1.0,12,59.3,75.5,19.8,75.5,Stable,85,0.26,Proactive Health Check,Usage optimization consultation,Bi-annual touchpoint,Phone Call + Usage Report,50,Stable but monitor for early decline signals.
SME-2024-00147,PT Bumi Solusi,Teknologi Informasi,Tangerang,Pelanggan Tetap,Menengah,99,5.1499999999999995,13547124.0,2.0,12,59.9,78.2,18.6,78.2,Stable,82,0.529,Proactive Health Check,Usage optimization consultation,Bi-annual touchpoint,Phone Call + Usage Report,50,Stable but monitor for early decline signals.
SME-2024-00148,PT Abadi Data Sentosa,Kuliner & F&B,Yogyakarta,Pelanggan Tetap,Menengah,31,5.75,1996403.0,1.0,12,56.4,70.2,39.2,70.2,Stable,85,0.211,Proactive Health Check,Usage optimization consultation,Bi-annual touchpoint,Phone Call + Usage Report,50,Stable but monitor for early decline signals.
SME-2024-00149,UD Duta Bahagia,Manufaktur,Batam,Pelanggan Tetap,Mikro,5,6.45,1848978.0,1.0,12,67.5,74.1,17.7,74.1,Stable,85,0.187,Proactive Health Check,Usage optimization consultation,Bi-annual touchpoint,Phone Call + Usage Report,50,Stable but monitor for early decline signals.
SME-2024-00150,Toko Karya Sinergi Abadi,Transportasi & Logistik,Yogyakarta,Pelanggan Tetap,Kecil,17,3.466666666666667,1885212.0,1.0,12,56.2,81.3,15.0,81.3,Highly Stable,85,0.152,Upsell Premium Services,Invite to beta program / exclusive features,Quarterly business review,Executive Visit + Proposal,65,Strong loyalty foundation. Maximize lifetime value through expansion.
SME-2024-00151,Toko Bukit Bahagia,Jasa Keuangan,Palembang,Pelanggan Tetap,Kecil,19,5.716666666666666,6005043.0,2.0,12,47.8,80.0,17.7,80.0,Highly Stable,82,0.286,Upsell Premium Services,Invite to beta program / exclusive features,Quarterly business review,Executive Visit + Proposal,65,Strong loyalty foundation. Maximize lifetime value through expansion.
SME-2024-00152,CV Mitra Makmur Lestari,Pertanian & Agribisnis,Malang,Pelanggan Tetap,Kecil,14,4.041666666666667,2219688.0,2.0,12,52.9,76.0,20.5,76.0,Stable,85,0.189,Proactive Health Check,Usage optimization consultation,Bi-annual touchpoint,Phone Call + Usage Report,50,Stable but monitor for early decline signals.
SME-2024-00153,Toko Tirta Sejahtera Lestari,Pertanian & Agribisnis,Palembang,Pelanggan Tetap,Kecil,17,4.0,5350719.0,1.0,12,55.1,69.8,17.3,69.8,Stable,85,0.317,Proactive Health Check,Usage optimization consultation,Bi-annual touchpoint,Phone Call + Usage Report,50,Stable but monitor for early decline signals.
SME-2024-00154,UD Mitra Makmur Abadi,Manufaktur,Malang,Pelanggan Tetap,Kecil,15,2.6083333333333334,4222525.0,2.0,12,42.9,66.0,23.7,66.0,Stable,85,0.301,Proactive Health Check,Usage optimization consultation,Bi-annual touchpoint,Phone Call + Usage Report,50,Stable but monitor for early decline signals.
SME-2024-00155,PT Sentosa Digital Pratama,Media & Kreatif,Surabaya,Pelanggan Tetap,Menengah,81,4.1000000000000005,5899790.0,2.0,12,73.6,81.7,11.8,81.7,Highly Stable,85,0.274,Upsell Premium Services,Invite to beta program / exclusive features,Quarterly business review,Executive Visit + Proposal,65,Strong loyalty foundation. Maximize lifetime value through expansion.
SME-2024-00156,Toko Bumi Indah Pratama,Properti & Real Estate,Bandar Lampung,Pelanggan Tetap,Kecil,18,3.0583333333333336,2075830.0,1.0,12,54.3,75.6,16.4,75.6,Stable,85,0.186,Proactive Health Check,Usage optimization consultation,Bi-annual touchpoint,Phone Call + Usage Report,50,Stable but monitor for early decline signals.
SME-2024-00157,Kios Bukit Pratama Jaya,Kuliner & F&B,Bandung,Pelanggan Tetap,Mikro,1,4.075,4301303.0,2.0,12,58.8,91.7,9.7,91.7,Highly Stable,85,0.175,Upsell Premium Services,Invite to beta program / exclusive features,Quarterly business review,Executive Visit + Proposal,65,Strong loyalty foundation. Maximize lifetime value through expansion.
SME-2024-00158,Kios Bintang Pratama Lestari,Properti & Real Estate,Bandar Lampung,Pelanggan Tetap,Mikro,4,4.05,3216068.0,1.0,12,55.6,71.0,20.8,71.0,Stable,85,0.245,Proactive Health Check,Usage optimization consultation,Bi-annual touchpoint,Phone Call + Usage Report,50,Stable but monitor for early decline signals.
SME-2024-00159,Toko Permata Teknologi Jaya,Kuliner & F&B,Bandar Lampung,Pelanggan Tetap,Kecil,8,3.016666666666667,4616450.0,2.0,12,70.3,81.7,12.3,81.7,Highly Stable,85,0.235,Upsell Premium Services,Invite to beta program / exclusive features,Quarterly business review,Executive Visit + Proposal,65,Strong loyalty foundation. Maximize lifetime value through expansion.
SME-2024-00160,Warung Garuda Optima Sentosa,Jasa Keuangan,Tangerang,Pelanggan Tetap,Mikro,2,4.575,2019146.0,1.0,12,47.3,70.6,19.8,70.6,Stable,85,0.21,Proactive Health Check,Usage optimization consultation,Bi-annual touchpoint,Phone Call + Usage Report,50,Stable but monitor for early decline signals.
SME-2024-00161,UD Berkah Lestari Lestari,Properti & Real Estate,Jakarta,Pelanggan Tetap,Kecil,19,1.625,4736092.0,2.0,12,42.6,66.4,37.9,66.4,Stable,85,0.315,Proactive Health Check,Usage optimization consultation,Bi-annual touchpoint,Phone Call + Usage Report,50,Stable but monitor for early decline signals.
SME-2024-00162,Kios Tirta Bahagia Mandiri,Properti & Real Estate,Surabaya,Pelanggan Tetap,Mikro,1,3.8000000000000003,1073809.0,1.0,12,51.9,64.7,23.9,64.7,Stable,85,0.21,Proactive Health Check,Usage optimization consultation,Bi-annual touchpoint,Phone Call + Usage Report,50,Stable but monitor for early decline signals.
SME-2024-00163,UD Duta Utama Pratama,Pendidikan & Training,Medan,Pelanggan Tetap,Mikro,2,5.258333333333334,1744579.0,1.0,12,50.5,74.5,20.5,74.5,Stable,85,0.181,Proactive Health Check,Usage optimization consultation,Bi-annual touchpoint,Phone Call + Usage Report,50,Stable but monitor for early decline signals.
SME-2024-00164,Toko Karya Makmur Jaya,Kuliner & F&B,Surabaya,Pelanggan Tetap,Kecil,14,5.191666666666666,2005697.0,1.0,12,37.3,70.5,18.7,70.5,Stable,82,0.21,Proactive Health Check,Usage optimization consultation,Bi-annual touchpoint,Phone Call + Usage Report,50,Stable but monitor for early decline signals.
SME-2024-00165,PT Surya Teknologi Pratama,Kuliner & F&B,Batam,Pelanggan Tetap,Menengah,24,2.375,3912755.0,2.0,12,65.9,84.7,12.5,84.7,Highly Stable,85,0.198,Upsell Premium Services,Invite to beta program / exclusive features,Quarterly business review,Executive Visit + Proposal,65,Strong loyalty foundation. Maximize lifetime value through expansion.
SME-2024-00166,UD Sumber Optima Pratama,Media & Kreatif,Medan,Pelanggan Tetap,Mikro,1,4.141666666666667,1151255.0,1.0,12,39.4,72.1,22.7,72.1,Stable,85,0.175,Proactive Health Check,Usage optimization consultation,Bi-annual touchpoint,Phone Call + Usage Report,50,Stable but monitor for early decline signals.
SME-2024-00167,Warung Nusantara Teknologi Mandiri,Pendidikan & Training,Denpasar,Pelanggan Tetap,Mikro,1,6.333333333333333,1423438.0,1.0,12,42.1,76.3,23.8,76.3,Stable,85,0.163,Proactive Health Check,Usage optimization consultation,Bi-annual touchpoint,Phone Call + Usage Report,50,Stable but monitor for early decline signals.
SME-2024-00168,CV Citra Data Jaya,Pendidikan & Training,Bandar Lampung,Pelanggan Tetap,Menengah,64,2.466666666666667,8044510.0,1.0,12,58.5,66.1,22.2,66.1,Stable,82,0.419,Proactive Health Check,Usage optimization consultation,Bi-annual touchpoint,Phone Call + Usage Report,50,Stable but monitor for early decline signals.
SME-2024-00169,Toko Jaya Indah Lestari,Manufaktur,Semarang,Pelanggan Tetap,Kecil,14,3.0,6100051.0,1.0,12,61.0,79.3,13.0,79.3,Stable,82,0.293,Proactive Health Check,Usage optimization consultation,Bi-annual touchpoint,Phone Call + Usage Report,50,Stable but monitor for early decline signals.
SME-2024-00170,UD Surya Indah,Transportasi & Logistik,Denpasar,Pelanggan Tetap,Kecil,6,2.4499999999999997,8633814.0,3.0,12,58.0,79.2,14.5,79.2,Stable,85,0.372,Proactive Health Check,Usage optimization consultation,Bi-annual touchpoint,Phone Call + Usage Report,50,Stable but monitor for early decline signals.
SME-2024-00171,CV Permata Digital Mandiri,Pertanian & Agribisnis,Palembang,Pelanggan Tetap,Menengah,36,4.916666666666667,2343894.0,2.0,12,73.8,85.0,12.9,85.0,Highly Stable,85,0.148,Upsell Premium Services,Invite to beta program / exclusive features,Quarterly business review,Executive Visit + Proposal,65,Strong loyalty foundation. Maximize lifetime value through expansion.
SME-2024-00172,Kios Permata Makmur Sentosa,Media & Kreatif,Malang,Pelanggan Tetap,Mikro,2,2.6083333333333334,3056824.0,1.0,12,53.5,79.3,21.0,79.3,Stable,85,0.198,Proactive Health Check,Usage optimization consultation,Bi-annual touchpoint,Phone Call + Usage Report,50,Stable but monitor for early decline signals.
SME-2024-00173,Toko Abadi Sejahtera Pratama,Media & Kreatif,Malang,Pelanggan Tetap,Kecil,8,4.941666666666666,1937186.0,1.0,12,58.5,82.3,16.6,82.3,Highly Stable,85,0.148,Upsell Premium Services,Invite to beta program / exclusive features,Quarterly business review,Executive Visit + Proposal,65,Strong loyalty foundation. Maximize lifetime value through expansion.
SME-2024-00174,Toko Tirta Bahagia Sentosa,Teknologi Informasi,Malang,Pelanggan Tetap,Mikro,2,1.5333333333333332,9527928.0,3.0,12,52.7,74.1,14.7,74.1,Stable,85,0.425,Proactive Health Check,Usage optimization consultation,Bi-annual touchpoint,Phone Call + Usage Report,50,Stable but monitor for early decline signals.
SME-2024-00175,Toko Duta Mulia Pratama,Media & Kreatif,Bandung,Pelanggan Tetap,Mikro,4,4.8999999999999995,1578009.0,1.0,12,53.6,72.3,22.6,72.3,Stable,85,0.188,Proactive Health Check,Usage optimization consultation,Bi-annual touchpoint,Phone Call + Usage Report,50,Stable but monitor for early decline signals.
SME-2024-00176,PT Citra Lestari,Transportasi & Logistik,Tangerang,Pelanggan Tetap,Menengah,77,2.733333333333333,5022623.0,1.0,12,67.5,70.4,19.9,70.4,Stable,85,0.304,Proactive Health Check,Usage optimization consultation,Bi-annual touchpoint,Phone Call + Usage Report,50,Stable but monitor for early decline signals.
SME-2024-00177,UD Mandiri Solusi Mandiri,Media & Kreatif,Bandung,Pelanggan Tetap,Mikro,5,5.616666666666667,2896318.0,1.0,12,43.1,76.3,14.3,76.3,Stable,85,0.208,Proactive Health Check,Usage optimization consultation,Bi-annual touchpoint,Phone Call + Usage Report,50,Stable but monitor for early decline signals.
SME-2024-00178,Toko Mega Andalan Sentosa,Jasa Keuangan,Bandung,Pelanggan Tetap,Kecil,7,5.758333333333333,7904511.0,2.0,12,45.5,72.2,20.6,72.2,Stable,85,0.384,Proactive Health Check,Usage optimization consultation,Bi-annual touchpoint,Phone Call + Usage Report,50,Stable but monitor for early decline signals.
SME-2024-00179,PT Duta Data Lestari,Pertanian & Agribisnis,Bandar Lampung,Pelanggan Tetap,Besar,361,1.7083333333333333,9629642.0,2.0,12,77.8,75.4,16.3,75.4,Stable,85,0.422,Proactive Health Check,Usage optimization consultation,Bi-annual touchpoint,Phone Call + Usage Report,50,Stable but monitor for early decline signals.
SME-2024-00180,PT Citra Lestari,Kesehatan,Surabaya,Pelanggan Tetap,Menengah,83,4.7250000000000005,2046769.0,1.0,12,67.8,69.7,36.6,69.7,Stable,85,0.215,Proactive Health Check,Usage optimization consultation,Bi-annual touchpoint,Phone Call + Usage Report,50,Stable but monitor for early decline signals.
SME-2024-00181,CV Duta Mulia Mandiri,Kuliner & F&B,Malang,Pelanggan Tetap,Menengah,65,4.441666666666666,7415814.0,3.0,12,74.7,75.1,15.4,75.1,Stable,85,0.355,Proactive Health Check,Usage optimization consultation,Bi-annual touchpoint,Phone Call + Usage Report,50,Stable but monitor for early decline signals.
SME-2024-00182,Warung Mega Network Pratama,Kesehatan,Bandar Lampung,Pelanggan Tetap,Mikro,5,2.533333333333333,4258498.0,2.0,12,59.3,73.3,17.1,73.3,Stable,85,0.266,Proactive Health Check,Usage optimization consultation,Bi-annual touchpoint,Phone Call + Usage Report,50,Stable but monitor for early decline signals.
SME-2024-00183,Kios Berkah Andalan Sentosa,Kesehatan,Bandar Lampung,Pelanggan Tetap,Mikro,1,3.483333333333333,4857366.0,2.0,12,52.2,72.3,18.6,72.3,Stable,85,0.289,Proactive Health Check,Usage optimization consultation,Bi-annual touchpoint,Phone Call + Usage Report,50,Stable but monitor for early decline signals.
SME-2024-00184,CV Jaya Data Jaya,Jasa Keuangan,Semarang,Pelanggan Tetap,Kecil,10,6.55,2401607.0,1.0,12,36.6,68.5,23.4,68.5,Stable,85,0.232,Proactive Health Check,Usage optimization consultation,Bi-annual touchpoint,Phone Call + Usage Report,50,Stable but monitor for early decline signals.
SME-2024-00185,Toko Permata Solusi Lestari,Kesehatan,Bandung,Pelanggan Tetap,Kecil,6,5.158333333333333,7314879.0,1.0,12,53.8,88.1,14.0,88.1,Highly Stable,82,0.286,Upsell Premium Services,Invite to beta program / exclusive features,Quarterly business review,Executive Visit + Proposal,65,Strong loyalty foundation. Maximize lifetime value through expansion.
SME-2024-00186,CV Citra Lestari Jaya,Perdagangan Eceran,Makassar,Pelanggan Tetap,Kecil,10,3.608333333333333,2721825.0,1.0,12,52.9,71.3,33.3,71.3,Stable,85,0.228,Proactive Health Check,Usage optimization consultation,Bi-annual touchpoint,Phone Call + Usage Report,50,Stable but monitor for early decline signals.
SME-2024-00187,CV Mega Konektifitas Sentosa,Properti & Real Estate,Jakarta,Pelanggan Tetap,Kecil,8,1.7249999999999999,4799612.0,1.0,12,60.0,65.6,18.7,65.6,Stable,85,0.321,Proactive Health Check,Usage optimization consultation,Bi-annual touchpoint,Phone Call + Usage Report,50,Stable but monitor for early decline signals.
SME-2024-00188,Kios Citra Teknologi Jaya,Kuliner & F&B,Bandung,Pelanggan Tetap,Mikro,5,6.316666666666666,1590009.0,1.0,12,56.8,81.9,15.5,81.9,Highly Stable,85,0.14,Upsell Premium Services,Invite to beta program / exclusive features,Quarterly business review,Executive Visit + Proposal,65,Strong loyalty foundation. Maximize lifetime value through expansion.
SME-2024-00189,Toko Sentosa Teknologi Sentosa,Jasa Keuangan,Denpasar,Pelanggan Tetap,Mikro,2,1.7249999999999999,630654.0,1.0,12,50.8,77.5,11.9,77.5,Stable,82,0.132,Proactive Health Check,Usage optimization consultation,Bi-annual touchpoint,Phone Call + Usage Report,50,Stable but monitor for early decline signals.
SME-2024-00190,PT Bintang Solusi Mandiri,Media & Kreatif,Denpasar,Pelanggan Tetap,Menengah,25,3.216666666666667,1279382.0,1.0,12,62.0,64.7,20.0,64.7,Stable,85,0.216,Proactive Health Check,Usage optimization consultation,Bi-annual touchpoint,Phone Call + Usage Report,50,Stable but monitor for early decline signals.
SME-2024-00191,Toko Karya Network Pratama,Properti & Real Estate,Palembang,Pelanggan Tetap,Kecil,16,6.166666666666667,3637478.0,1.0,12,56.3,87.2,14.3,87.2,Highly Stable,82,0.177,Upsell Premium Services,Invite to beta program / exclusive features,Quarterly business review,Executive Visit + Proposal,65,Strong loyalty foundation. Maximize lifetime value through expansion.
SME-2024-00192,PT Sriwijaya Data Pratama,Konstruksi,Palembang,Pelanggan Tetap,Menengah,41,5.141666666666667,1057641.0,1.0,12,74.4,77.6,15.7,77.6,Stable,85,0.145,Proactive Health Check,Usage optimization consultation,Bi-annual touchpoint,Phone Call + Usage Report,50,Stable but monitor for early decline signals.
SME-2024-00193,UD Mega Cemerlang Abadi,Pendidikan & Training,Batam,Pelanggan Tetap,Kecil,11,4.308333333333334,2627462.0,1.0,12,55.6,86.6,10.3,86.6,Highly Stable,85,0.149,Upsell Premium Services,Invite to beta program / exclusive features,Quarterly business review,Executive Visit + Proposal,65,Strong loyalty foundation. Maximize lifetime value through expansion.
SME-2024-00194,Toko Garuda Digital Pratama,Properti & Real Estate,Tangerang,Pelanggan Tetap,Kecil,11,6.283333333333334,3172364.0,1.0,12,67.9,85.4,14.3,85.4,Highly Stable,85,0.171,Upsell Premium Services,Invite to beta program / exclusive features,Quarterly business review,Executive Visit + Proposal,65,Strong loyalty foundation. Maximize lifetime value through expansion.
SME-2024-00195,UD Jaya Network Mandiri,Pendidikan & Training,Malang,Pelanggan Tetap,Kecil,20,2.975,2379199.0,1.0,12,52.7,73.4,19.7,73.4,Stable,85,0.207,Proactive Health Check,Usage optimization consultation,Bi-annual touchpoint,Phone Call + Usage Report,50,Stable but monitor for early decline signals.
SME-2024-00196,UD Garuda Makmur Lestari,Konstruksi,Surabaya,Pelanggan Tetap,Kecil,5,4.841666666666667,2016608.0,2.0,12,65.4,82.9,12.5,82.9,Highly Stable,85,0.148,Upsell Premium Services,Invite to beta program / exclusive features,Quarterly business review,Executive Visit + Proposal,65,Strong loyalty foundation. Maximize lifetime value through expansion.
SME-2024-00197,PT Sriwijaya Pratama Pratama,Teknologi Informasi,Yogyakarta,Pelanggan Tetap,Menengah,39,5.2749999999999995,9577280.0,2.0,12,63.6,76.1,18.6,76.1,Stable,85,0.417,Proactive Health Check,Usage optimization consultation,Bi-annual touchpoint,Phone Call + Usage Report,50,Stable but monitor for early decline signals.
SME-2024-00198,Toko Karya Sejahtera Abadi,Media & Kreatif,Jakarta,Pelanggan Tetap,Kecil,20,3.85,2782911.0,1.0,12,56.6,75.7,16.8,75.7,Stable,85,0.208,Proactive Health Check,Usage optimization consultation,Bi-annual touchpoint,Phone Call + Usage Report,50,Stable but monitor for early decline signals.
SME-2024-00199,UD Sentosa Bahagia Mandiri,Media & Kreatif,Semarang,Pelanggan Tetap,Kecil,10,1.9833333333333334,3551466.0,2.0,12,42.9,69.6,39.2,69.6,Stable,85,0.262,Proactive Health Check,Usage optimization consultation,Bi-annual touchpoint,Phone Call + Usage Report,50,Stable but monitor for early decline signals.
SME-2024-00200,UD Nusantara Konektifitas Jaya,Pendidikan & Training,Tangerang,Pelanggan Tetap,Kecil,12,3.65,5048885.0,1.0,12,57.0,69.1,20.5,69.1,Stable,85,0.311,Proactive Health Check,Usage optimization consultation,Bi-annual touchpoint,Phone Call + Usage Report,50,Stable but monitor for early decline signals.
SME-2024-00201,UD Mega Teknologi,Transportasi & Logistik,Denpasar,Pelanggan Tetap,Kecil,10,3.766666666666667,1804173.0,1.0,12,59.0,80.1,17.2,80.1,Highly Stable,82,0.155,Upsell Premium Services,Invite to beta program / exclusive features,Quarterly business review,Executive Visit + Proposal,65,Strong loyalty foundation. Maximize lifetime value through expansion.
SME-2024-00202,CV Duta Digital,Perdagangan Eceran,Malang,Pelanggan Tetap,Kecil,6,4.508333333333334,1518979.0,1.0,12,51.8,67.2,22.5,67.2,Stable,85,0.211,Proactive Health Check,Usage optimization consultation,Bi-annual touchpoint,Phone Call + Usage Report,50,Stable but monitor for early decline signals.
SME-2024-00203,UD Mitra Makmur Lestari,Teknologi Informasi,Makassar,Pelanggan Tetap,Mikro,4,5.508333333333333,1046741.0,1.0,12,49.1,81.7,21.5,81.7,Highly Stable,85,0.124,Upsell Premium Services,Invite to beta program / exclusive features,Quarterly business review,Executive Visit + Proposal,65,Strong loyalty foundation. Maximize lifetime value through expansion.
SME-2024-00204,Toko Berkah Digital Abadi,Transportasi & Logistik,Makassar,Pelanggan Tetap,Mikro,4,6.408333333333334,828652.0,1.0,12,54.7,80.9,15.4,80.9,Highly Stable,85,0.121,Upsell Premium Services,Invite to beta program / exclusive features,Quarterly business review,Executive Visit + Proposal,65,Strong loyalty foundation. Maximize lifetime value through expansion.
SME-2024-00205,CV Nusantara Cemerlang Pratama,Teknologi Informasi,Yogyakarta,Pelanggan Tetap,Menengah,83,2.3333333333333335,5618577.0,3.0,12,70.5,77.6,16.6,77.6,Stable,85,0.286,Proactive Health Check,Usage optimization consultation,Bi-annual touchpoint,Phone Call + Usage Report,50,Stable but monitor for early decline signals.
SME-2024-00206,Toko Abadi Konektifitas Lestari,Pertanian & Agribisnis,Batam,Pelanggan Tetap,Kecil,5,1.925,4544928.0,2.0,12,48.0,69.1,20.7,69.1,Stable,85,0.295,Proactive Health Check,Usage optimization consultation,Bi-annual touchpoint,Phone Call + Usage Report,50,Stable but monitor for early decline signals.
SME-2024-00207,CV Duta Konektifitas Sentosa,Pertanian & Agribisnis,Bandar Lampung,Pelanggan Tetap,Menengah,80,4.966666666666667,2475142.0,1.0,12,63.3,78.1,17.9,78.1,Stable,85,0.186,Proactive Health Check,Usage optimization consultation,Bi-annual touchpoint,Phone Call + Usage Report,50,Stable but monitor for early decline signals.
SME-2024-00208,Warung Abadi Andalan Abadi,Media & Kreatif,Batam,Pelanggan Tetap,Mikro,3,4.283333333333333,2308494.0,1.0,12,60.0,79.8,15.0,79.8,Stable,85,0.173,Proactive Health Check,Usage optimization consultation,Bi-annual touchpoint,Phone Call + Usage Report,50,Stable but monitor for early decline signals.
SME-2024-00209,CV Citra Solusi Mandiri,Kesehatan,Makassar,Pelanggan Tetap,Kecil,14,4.308333333333334,11204769.0,2.0,12,58.0,67.3,33.0,67.3,Stable,85,0.511,Proactive Health Check,Usage optimization consultation,Bi-annual touchpoint,Phone Call + Usage Report,50,Stable but monitor for early decline signals.
SME-2024-00210,Toko Surya Teknologi Jaya,Media & Kreatif,Bandar Lampung,Pelanggan Tetap,Kecil,13,6.458333333333333,4411824.0,2.0,12,40.6,77.7,19.2,77.7,Stable,85,0.248,Proactive Health Check,Usage optimization consultation,Bi-annual touchpoint,Phone Call + Usage Report,50,Stable but monitor for early decline signals.
SME-2024-00211,UD Bintang Lestari Pratama,Kuliner & F&B,Makassar,Pelanggan Tetap,Kecil,18,2.525,2657938.0,1.0,12,53.7,72.0,17.5,72.0,Stable,85,0.223,Proactive Health Check,Usage optimization consultation,Bi-annual touchpoint,Phone Call + Usage Report,50,Stable but monitor for early decline signals.
SME-2024-00212,Kios Nusantara Network Lestari,Media & Kreatif,Denpasar,Pelanggan Tetap,Mikro,5,4.258333333333334,4192574.0,1.0,12,53.2,79.1,14.8,79.1,Stable,82,0.234,Proactive Health Check,Usage optimization consultation,Bi-annual touchpoint,Phone Call + Usage Report,50,Stable but monitor for early decline signals.
SME-2024-00213,Toko Mitra Persada,Kesehatan,Medan,Pelanggan Tetap,Kecil,15,4.875,1295608.0,1.0,12,58.0,84.6,15.0,84.6,Highly Stable,82,0.117,Upsell Premium Services,Invite to beta program / exclusive features,Quarterly business review,Executive Visit + Proposal,65,Strong loyalty foundation. Maximize lifetime value through expansion.
SME-2024-00214,CV Nusantara Konektifitas Jaya,Media & Kreatif,Bandung,Pelanggan Tetap,Kecil,12,4.175,2346719.0,1.0,12,52.8,75.6,20.3,75.6,Stable,85,0.195,Proactive Health Check,Usage optimization consultation,Bi-annual touchpoint,Phone Call + Usage Report,50,Stable but monitor for early decline signals.
SME-2024-00215,PT Garuda Data Sentosa,Jasa Keuangan,Jakarta,Pelanggan Tetap,Menengah,88,5.108333333333333,1164707.0,1.0,12,53.1,70.5,23.2,70.5,Stable,85,0.184,Proactive Health Check,Usage optimization consultation,Bi-annual touchpoint,Phone Call + Usage Report,50,Stable but monitor for early decline signals.
SME-2024-00216,UD Jaya Utama Jaya,Pertanian & Agribisnis,Bandung,Pelanggan Tetap,Kecil,20,4.5249999999999995,2238876.0,1.0,12,62.0,88.0,14.3,88.0,Highly Stable,85,0.129,Upsell Premium Services,Invite to beta program / exclusive features,Quarterly business review,Executive Visit + Proposal,65,Strong loyalty foundation. Maximize lifetime value through expansion.
SME-2024-00217,PT Karya Cemerlang Pratama,Kesehatan,Tangerang,Pelanggan Tetap,Menengah,23,5.325,1361664.0,1.0,12,59.9,67.2,21.2,67.2,Stable,85,0.206,Proactive Health Check,Usage optimization consultation,Bi-annual touchpoint,Phone Call + Usage Report,50,Stable but monitor for early decline signals.
SME-2024-00218,UD Permata Utama,Perdagangan Eceran,Bandung,Pelanggan Tetap,Kecil,15,5.2749999999999995,2890994.0,1.0,12,67.9,67.3,20.8,67.3,Stable,85,0.253,Proactive Health Check,Usage optimization consultation,Bi-annual touchpoint,Phone Call + Usage Report,50,Stable but monitor for early decline signals.
SME-2024-00219,CV Duta Persada Pratama,Perdagangan Eceran,Palembang,Pelanggan Tetap,Kecil,19,3.4250000000000003,7832299.0,1.0,12,59.2,73.3,19.0,73.3,Stable,85,0.377,Proactive Health Check,Usage optimization consultation,Bi-annual touchpoint,Phone Call + Usage Report,50,Stable but monitor for early decline signals.
SME-2024-00220,CV Citra Solusi Jaya,Pertanian & Agribisnis,Tangerang,Pelanggan Tetap,Kecil,14,1.7583333333333335,3272824.0,1.0,12,46.7,69.5,22.2,69.5,Stable,85,0.254,Proactive Health Check,Usage optimization consultation,Bi-annual touchpoint,Phone Call + Usage Report,50,Stable but monitor for early decline signals.
SME-2024-00221,UD Mega Utama Mandiri,Kuliner & F&B,Denpasar,Pelanggan Tetap,Kecil,12,6.45,4089857.0,2.0,12,52.3,77.0,20.0,77.0,Stable,85,0.242,Proactive Health Check,Usage optimization consultation,Bi-annual touchpoint,Phone Call + Usage Report,50,Stable but monitor for early decline signals.
SME-2024-00222,CV Bintang Pratama Abadi,Perdagangan Eceran,Malang,Pelanggan Tetap,Kecil,16,4.141666666666667,5769418.0,3.0,12,61.3,76.9,16.8,76.9,Stable,85,0.294,Proactive Health Check,Usage optimization consultation,Bi-annual touchpoint,Phone Call + Usage Report,50,Stable but monitor for early decline signals.
SME-2024-00223,UD Mega Network Pratama,Konstruksi,Palembang,Pelanggan Tetap,Kecil,17,2.6416666666666666,773117.0,1.0,12,68.7,83.2,13.1,83.2,Highly Stable,85,0.108,Upsell Premium Services,Invite to beta program / exclusive features,Quarterly business review,Executive Visit + Proposal,65,Strong loyalty foundation. Maximize lifetime value through expansion.
SME-2024-00224,CV Duta Konektifitas Jaya,Konstruksi,Palembang,Pelanggan Tetap,Menengah,70,3.4333333333333336,7097060.0,2.0,12,70.5,80.4,18.7,80.4,Highly Stable,82,0.318,Upsell Premium Services,Invite to beta program / exclusive features,Quarterly business review,Executive Visit + Proposal,65,Strong loyalty foundation. Maximize lifetime value through expansion.
SME-2024-00225,Toko Garuda Teknologi Sentosa,Kesehatan,Tangerang,Pelanggan Tetap,Mikro,5,4.116666666666666,1177931.0,1.0,12,42.6,70.5,16.4,70.5,Stable,85,0.184,Proactive Health Check,Usage optimization consultation,Bi-annual touchpoint,Phone Call + Usage Report,50,Stable but monitor for early decline signals.
SME-2024-00226,Warung Berkah Sakti Abadi,Konstruksi,Tangerang,Pelanggan Tetap,Mikro,2,3.3083333333333336,3141929.0,1.0,12,37.5,68.4,25.7,68.4,Stable,85,0.255,Proactive Health Check,Usage optimization consultation,Bi-annual touchpoint,Phone Call + Usage Report,50,Stable but monitor for early decline signals.
SME-2024-00227,CV Surya Indah,Jasa Keuangan,Denpasar,Pelanggan Tetap,Kecil,11,5.883333333333333,1529875.0,1.0,12,39.8,73.0,20.7,73.0,Stable,85,0.182,Proactive Health Check,Usage optimization consultation,Bi-annual touchpoint,Phone Call + Usage Report,50,Stable but monitor for early decline signals.
SME-2024-00228,CV Bumi Bahagia Pratama,Transportasi & Logistik,Bandar Lampung,Pelanggan Tetap,Kecil,10,5.516666666666667,1117854.0,1.0,12,47.9,69.2,20.4,69.2,Stable,85,0.189,Proactive Health Check,Usage optimization consultation,Bi-annual touchpoint,Phone Call + Usage Report,50,Stable but monitor for early decline signals.
SME-2024-00229,CV Permata Bahagia,Teknologi Informasi,Malang,Pelanggan Tetap,Menengah,41,1.8583333333333334,5450059.0,1.0,12,60.0,77.7,33.8,77.7,Stable,85,0.281,Proactive Health Check,Usage optimization consultation,Bi-annual touchpoint,Phone Call + Usage Report,50,Stable but monitor for early decline signals.
SME-2024-00230,PT Karya Konektifitas Abadi,Perdagangan Eceran,Malang,Pelanggan Tetap,Menengah,61,2.5083333333333333,1010532.0,1.0,12,67.1,75.5,20.8,75.5,Stable,85,0.154,Proactive Health Check,Usage optimization consultation,Bi-annual touchpoint,Phone Call + Usage Report,50,Stable but monitor for early decline signals.
SME-2024-00231,PT Abadi Sejahtera Abadi,Teknologi Informasi,Denpasar,Pelanggan Tetap,Menengah,79,2.9333333333333336,10007729.0,1.0,12,53.7,81.9,15.4,81.9,Highly Stable,82,0.401,Upsell Premium Services,Invite to beta program / exclusive features,Quarterly business review,Executive Visit + Proposal,65,Strong loyalty foundation. Maximize lifetime value through expansion.
SME-2024-00232,Toko Mandiri Bahagia Jaya,Properti & Real Estate,Bandung,Pelanggan Tetap,Kecil,9,2.1416666666666666,1075686.0,1.0,12,63.9,70.9,20.6,70.9,Stable,85,0.179,Proactive Health Check,Usage optimization consultation,Bi-annual touchpoint,Phone Call + Usage Report,50,Stable but monitor for early decline signals.
SME-2024-00233,Toko Citra Solusi Sentosa,Pendidikan & Training,Malang,Pelanggan Tetap,Mikro,3,6.075,1821557.0,1.0,12,66.3,73.6,20.9,73.6,Stable,85,0.189,Proactive Health Check,Usage optimization consultation,Bi-annual touchpoint,Phone Call + Usage Report,50,Stable but monitor for early decline signals.
SME-2024-00234,CV Mega Optima Lestari,Konstruksi,Denpasar,Pelanggan Tetap,Kecil,13,4.9750000000000005,4212716.0,2.0,12,57.7,73.3,18.6,73.3,Stable,85,0.264,Proactive Health Check,Usage optimization consultation,Bi-annual touchpoint,Phone Call + Usage Report,50,Stable but monitor for early decline signals.
SME-2024-00235,PT Bukit Makmur Abadi,Pendidikan & Training,Palembang,Pelanggan Tetap,Besar,266,3.216666666666667,5435545.0,2.0,12,61.6,68.3,19.5,68.3,Stable,85,0.327,Proactive Health Check,Usage optimization consultation,Bi-annual touchpoint,Phone Call + Usage Report,50,Stable but monitor for early decline signals.
SME-2024-00236,UD Garuda Sejahtera Abadi,Konstruksi,Palembang,Pelanggan Tetap,Kecil,20,2.9916666666666667,10844000.0,2.0,12,51.2,74.0,19.0,74.0,Stable,85,0.466,Proactive Health Check,Usage optimization consultation,Bi-annual touchpoint,Phone Call + Usage Report,50,Stable but monitor for early decline signals.
SME-2024-00237,UD Citra Sejahtera Mandiri,Jasa Keuangan,Bandar Lampung,Pelanggan Tetap,Mikro,1,3.25,4995883.0,2.0,12,58.0,73.0,15.9,73.0,Stable,85,0.29,Proactive Health Check,Usage optimization consultation,Bi-annual touchpoint,Phone Call + Usage Report,50,Stable but monitor for early decline signals.
SME-2024-00238,Kios Permata Solusi Pratama,Properti & Real Estate,Palembang,Pelanggan Tetap,Mikro,5,4.091666666666667,1690392.0,1.0,12,48.2,64.1,19.0,64.1,Stable,80,0.232,Proactive Health Check,Usage optimization consultation,Bi-annual touchpoint,Phone Call + Usage Report,50,Stable but monitor for early decline signals.
SME-2024-00239,Toko Nusantara Network Mandiri,Kesehatan,Bandar Lampung,Pelanggan Tetap,Mikro,5,6.5,2691562.0,2.0,12,39.7,61.1,27.4,61.1,Stable,85,0.278,Proactive Health Check,Usage optimization consultation,Bi-annual touchpoint,Phone Call + Usage Report,50,Stable but monitor for early decline signals.
SME-2024-00240,UD Bintang Teknologi Sentosa,Perdagangan Eceran,Medan,Pelanggan Tetap,Kecil,6,6.4750000000000005,2064266.0,1.0,12,45.3,70.3,27.7,70.3,Stable,85,0.212,Proactive Health Check,Usage optimization consultation,Bi-annual touchpoint,Phone Call + Usage Report,50,Stable but monitor for early decline signals.
SME-2024-00241,UD Bintang Sejahtera Lestari,Jasa Keuangan,Bandar Lampung,Pelanggan Tetap,Kecil,19,5.583333333333333,5351015.0,1.0,12,48.4,82.0,12.1,82.0,Highly Stable,85,0.256,Upsell Premium Services,Invite to beta program / exclusive features,Quarterly business review,Executive Visit + Proposal,65,Strong loyalty foundation. Maximize lifetime value through expansion.
SME-2024-00242,CV Sumber Mulia Jaya,Transportasi & Logistik,Denpasar,Pelanggan Tetap,Menengah,22,6.05,3106980.0,1.0,12,62.4,82.6,12.3,82.6,Highly Stable,80,0.183,Upsell Premium Services,Invite to beta program / exclusive features,Quarterly business review,Executive Visit + Proposal,65,Strong loyalty foundation. Maximize lifetime value through expansion.
SME-2024-00243,PT Nusantara Pratama Pratama,Transportasi & Logistik,Malang,Pelanggan Tetap,Menengah,84,4.958333333333333,12294410.0,2.0,12,60.1,80.5,14.3,80.5,Highly Stable,85,0.479,Upsell Premium Services,Invite to beta program / exclusive features,Quarterly business review,Executive Visit + Proposal,65,Strong loyalty foundation. Maximize lifetime value through expansion.
SME-2024-00244,CV Bukit Sakti,Kesehatan,Semarang,Pelanggan Tetap,Menengah,35,4.25,3519646.0,2.0,12,67.5,85.1,13.8,85.1,Highly Stable,85,0.184,Upsell Premium Services,Invite to beta program / exclusive features,Quarterly business review,Executive Visit + Proposal,65,Strong loyalty foundation. Maximize lifetime value through expansion.
SME-2024-00245,CV Mega Sejahtera Jaya,Jasa Keuangan,Bandung,Pelanggan Tetap,Kecil,17,1.7916666666666667,2185261.0,1.0,12,55.6,74.4,10.9,74.4,Stable,85,0.196,Proactive Health Check,Usage optimization consultation,Bi-annual touchpoint,Phone Call + Usage Report,50,Stable but monitor for early decline signals.
SME-2024-00246,Toko Karya Persada Mandiri,Kesehatan,Bandung,Pelanggan Tetap,Kecil,18,4.7749999999999995,12312150.0,2.0,12,36.3,67.2,23.8,67.2,Stable,85,0.546,Proactive Health Check,Usage optimization consultation,Bi-annual touchpoint,Phone Call + Usage Report,50,Stable but monitor for early decline signals.
SME-2024-00247,Toko Jaya Makmur Sentosa,Jasa Keuangan,Bandung,Pelanggan Tetap,Kecil,10,1.8666666666666665,2241865.0,1.0,12,53.8,73.7,19.2,73.7,Stable,85,0.201,Proactive Health Check,Usage optimization consultation,Bi-annual touchpoint,Phone Call + Usage Report,50,Stable but monitor for early decline signals.
SME-2024-00248,Toko Tirta Bahagia Sentosa,Jasa Keuangan,Denpasar,Pelanggan Tetap,Kecil,7,5.45,678929.0,1.0,12,59.3,77.8,14.9,77.8,Stable,85,0.132,Proactive Health Check,Usage optimization consultation,Bi-annual touchpoint,Phone Call + Usage Report,50,Stable but monitor for early decline signals.
SME-2024-00249,Toko Sumber Indah Pratama,Manufaktur,Medan,Pelanggan Tetap,Kecil,19,1.675,2326507.0,1.0,12,61.6,82.3,16.9,82.3,Highly Stable,85,0.161,Upsell Premium Services,Invite to beta program / exclusive features,Quarterly business review,Executive Visit + Proposal,65,Strong loyalty foundation. Maximize lifetime value through expansion.
SME-2024-00250,UD Berkah Network Sentosa,Media & Kreatif,Makassar,Pelanggan Tetap,Kecil,14,6.383333333333333,7640707.0,2.0,12,45.4,89.8,15.0,89.8,Highly Stable,82,0.288,Upsell Premium Services,Invite to beta program / exclusive features,Quarterly business review,Executive Visit + Proposal,65,Strong loyalty foundation. Maximize lifetime value through expansion.
SME-2024-00251,CV Citra Sejahtera,Properti & Real Estate,Tangerang,Pelanggan Tetap,Menengah,99,3.7583333333333333,9311499.0,1.0,12,67.5,71.2,33.0,71.2,Stable,85,0.433,Proactive Health Check,Usage optimization consultation,Bi-annual touchpoint,Phone Call + Usage Report,50,Stable but monitor for early decline signals.
SME-2024-00252,PT Karya Lestari Jaya,Jasa Keuangan,Surabaya,Pelanggan Tetap,Menengah,27,4.6000000000000005,3462227.0,1.0,12,60.4,70.1,20.1,70.1,Stable,85,0.257,Proactive Health Check,Usage optimization consultation,Bi-annual touchpoint,Phone Call + Usage Report,50,Stable but monitor for early decline signals.
SME-2024-00253,Toko Mandiri Optima Pratama,Jasa Keuangan,Batam,Pelanggan Tetap,Kecil,20,6.466666666666666,1674746.0,2.0,12,64.9,71.9,17.9,71.9,Stable,85,0.192,Proactive Health Check,Usage optimization consultation,Bi-annual touchpoint,Phone Call + Usage Report,50,Stable but monitor for early decline signals.
SME-2024-00254,CV Jaya Cemerlang Sentosa,Jasa Keuangan,Bandung,Pelanggan Tetap,Kecil,11,4.441666666666666,7230229.0,2.0,12,70.9,80.2,13.0,80.2,Highly Stable,85,0.323,Upsell Premium Services,Invite to beta program / exclusive features,Quarterly business review,Executive Visit + Proposal,65,Strong loyalty foundation. Maximize lifetime value through expansion.
SME-2024-00255,Warung Mitra Bahagia Jaya,Pendidikan & Training,Yogyakarta,Pelanggan Tetap,Mikro,3,2.525,1056526.0,1.0,12,40.7,74.3,22.6,74.3,Stable,85,0.161,Proactive Health Check,Usage optimization consultation,Bi-annual touchpoint,Phone Call + Usage Report,50,Stable but monitor for early decline signals.
SME-2024-00256,PT Garuda Utama Mandiri,Kuliner & F&B,Batam,Pelanggan Tetap,Menengah,47,5.183333333333334,2762087.0,2.0,12,60.2,71.6,26.6,71.6,Stable,85,0.228,Proactive Health Check,Usage optimization consultation,Bi-annual touchpoint,Phone Call + Usage Report,50,Stable but monitor for early decline signals.
SME-2024-00257,Kios Sumber Persada Pratama,Pendidikan & Training,Palembang,Pelanggan Tetap,Mikro,1,5.966666666666666,5775054.0,2.0,12,58.9,73.1,19.7,73.1,Stable,85,0.314,Proactive Health Check,Usage optimization consultation,Bi-annual touchpoint,Phone Call + Usage Report,50,Stable but monitor for early decline signals.
SME-2024-00258,UD Sriwijaya Sejahtera Pratama,Pertanian & Agribisnis,Semarang,Pelanggan Tetap,Mikro,2,4.908333333333333,2449637.0,1.0,12,58.9,78.8,19.2,78.8,Stable,85,0.182,Proactive Health Check,Usage optimization consultation,Bi-annual touchpoint,Phone Call + Usage Report,50,Stable but monitor for early decline signals.
SME-2024-00259,Warung Sentosa Digital,Jasa Keuangan,Tangerang,Pelanggan Tetap,Mikro,5,3.1166666666666667,3310984.0,1.0,12,35.7,73.2,20.2,73.2,Stable,85,0.237,Proactive Health Check,Usage optimization consultation,Bi-annual touchpoint,Phone Call + Usage Report,50,Stable but monitor for early decline signals.
SME-2024-00260,UD Jaya Konektifitas Lestari,Media & Kreatif,Makassar,Pelanggan Tetap,Mikro,2,5.566666666666666,1950687.0,1.0,12,46.2,84.4,15.0,84.4,Highly Stable,85,0.139,Upsell Premium Services,Invite to beta program / exclusive features,Quarterly business review,Executive Visit + Proposal,65,Strong loyalty foundation. Maximize lifetime value through expansion.
SME-2024-00261,UD Bukit Optima Lestari,Kesehatan,Jakarta,Pelanggan Tetap,Mikro,5,2.4,6514852.0,2.0,12,42.0,67.6,26.1,67.6,Stable,85,0.364,Proactive Health Check,Usage optimization consultation,Bi-annual touchpoint,Phone Call + Usage Report,50,Stable but monitor for early decline signals.
SME-2024-00262,PT Berkah Solusi Pratama,Jasa Keuangan,Jakarta,Pelanggan Tetap,Besar,407,3.4,7746378.0,2.0,12,63.8,81.2,13.7,81.2,Highly Stable,85,0.334,Upsell Premium Services,Invite to beta program / exclusive features,Quarterly business review,Executive Visit + Proposal,65,Strong loyalty foundation. Maximize lifetime value through expansion.
SME-2024-00263,Toko Mandiri Teknologi Pratama,Kesehatan,Denpasar,Pelanggan Tetap,Mikro,3,3.1,6941466.0,2.0,12,50.0,75.9,16.8,75.9,Stable,85,0.336,Proactive Health Check,Usage optimization consultation,Bi-annual touchpoint,Phone Call + Usage Report,50,Stable but monitor for early decline signals.
SME-2024-00264,UD Bumi Bahagia Lestari,Jasa Keuangan,Tangerang,Pelanggan Tetap,Kecil,20,1.7666666666666666,12687436.0,2.0,12,33.2,75.0,18.1,75.0,Stable,82,0.519,Proactive Health Check,Usage optimization consultation,Bi-annual touchpoint,Phone Call + Usage Report,50,Stable but monitor for early decline signals.
SME-2024-00265,PT Mitra Data Lestari,Properti & Real Estate,Batam,Pelanggan Tetap,Menengah,77,4.308333333333334,3969045.0,2.0,12,71.0,75.8,14.6,75.8,Stable,85,0.244,Proactive Health Check,Usage optimization consultation,Bi-annual touchpoint,Phone Call + Usage Report,50,Stable but monitor for early decline signals.
SME-2024-00266,Kios Surya Teknologi Mandiri,Kuliner & F&B,Yogyakarta,Pelanggan Tetap,Mikro,1,2.025,7484041.0,1.0,12,62.5,80.1,9.1,80.1,Highly Stable,85,0.332,Upsell Premium Services,Invite to beta program / exclusive features,Quarterly business review,Executive Visit + Proposal,65,Strong loyalty foundation. Maximize lifetime value through expansion.
SME-2024-00267,CV Garuda Pratama Pratama,Pertanian & Agribisnis,Palembang,Pelanggan Tetap,Kecil,9,1.7166666666666668,0.0,,12,62.4,62.6,21.6,62.6,Stable,80,0.187,Proactive Health Check,Usage optimization consultation,Bi-annual touchpoint,Phone Call + Usage Report,50,Stable but monitor for early decline signals.
SME-2024-00268,Warung Surya Persada Lestari,Kuliner & F&B,Batam,Pelanggan Tetap,Mikro,3,2.591666666666667,1499425.0,1.0,12,50.3,63.7,34.7,63.7,Stable,80,0.228,Proactive Health Check,Usage optimization consultation,Bi-annual touchpoint,Phone Call + Usage Report,50,Stable but monitor for early decline signals.
SME-2024-00269,UD Nusantara Digital Pratama,Kesehatan,Semarang,Pelanggan Tetap,Mikro,3,2.6666666666666665,12036115.0,2.0,12,48.8,71.7,19.1,71.7,Stable,85,0.515,Proactive Health Check,Usage optimization consultation,Bi-annual touchpoint,Phone Call + Usage Report,50,Stable but monitor for early decline signals.
SME-2024-00270,Toko Abadi Pratama Sentosa,Pertanian & Agribisnis,Surabaya,Pelanggan Tetap,Kecil,12,5.241666666666666,7350588.0,1.0,12,58.4,71.7,36.9,71.7,Stable,85,0.369,Proactive Health Check,Usage optimization consultation,Bi-annual touchpoint,Phone Call + Usage Report,50,Stable but monitor for early decline signals.
SME-2024-00271,UD Nusantara Sakti Jaya,Perdagangan Eceran,Malang,Pelanggan Tetap,Mikro,2,4.108333333333333,1865615.0,1.0,12,43.5,72.6,14.3,72.6,Stable,85,0.195,Proactive Health Check,Usage optimization consultation,Bi-annual touchpoint,Phone Call + Usage Report,50,Stable but monitor for early decline signals.
SME-2024-00272,Toko Karya Utama Jaya,Jasa Keuangan,Semarang,Pelanggan Tetap,Mikro,2,1.8,1689620.0,1.0,12,51.0,65.9,23.8,65.9,Stable,85,0.223,Proactive Health Check,Usage optimization consultation,Bi-annual touchpoint,Phone Call + Usage Report,50,Stable but monitor for early decline signals.
SME-2024-00273,Warung Nusantara Teknologi Sentosa,Jasa Keuangan,Malang,Pelanggan Tetap,Mikro,4,6.175,0.0,,12,60.3,75.3,15.3,75.3,Stable,80,0.124,Proactive Health Check,Usage optimization consultation,Bi-annual touchpoint,Phone Call + Usage Report,50,Stable but monitor for early decline signals.
SME-2024-00274,Kios Bukit Utama Jaya,Manufaktur,Jakarta,Pelanggan Tetap,Mikro,4,6.541666666666667,10063493.0,2.0,12,61.4,82.1,17.1,82.1,Highly Stable,85,0.402,Upsell Premium Services,Invite to beta program / exclusive features,Quarterly business review,Executive Visit + Proposal,65,Strong loyalty foundation. Maximize lifetime value through expansion.
SME-2024-00275,UD Sriwijaya Mulia Mandiri,Media & Kreatif,Medan,Pelanggan Tetap,Kecil,12,1.7833333333333332,1675144.0,1.0,12,57.8,74.5,15.0,74.5,Stable,85,0.179,Proactive Health Check,Usage optimization consultation,Bi-annual touchpoint,Phone Call + Usage Report,50,Stable but monitor for early decline signals.
SME-2024-00276,PT Sentosa Solusi Pratama,Manufaktur,Palembang,Pelanggan Tetap,Besar,117,4.058333333333334,5607909.0,3.0,12,64.6,79.6,19.5,79.6,Stable,82,0.276,Proactive Health Check,Usage optimization consultation,Bi-annual touchpoint,Phone Call + Usage Report,50,Stable but monitor for early decline signals.
SME-2024-00277,UD Nusantara Digital,Kesehatan,Bandar Lampung,Pelanggan Tetap,Kecil,20,2.125,928419.0,1.0,12,48.7,81.8,14.0,81.8,Highly Stable,85,0.12,Upsell Premium Services,Invite to beta program / exclusive features,Quarterly business review,Executive Visit + Proposal,65,Strong loyalty foundation. Maximize lifetime value through expansion.
SME-2024-00278,Warung Permata Network Abadi,Perdagangan Eceran,Medan,Pelanggan Tetap,Mikro,4,2.058333333333333,3944760.0,1.0,12,56.8,74.8,13.9,74.8,Stable,80,0.248,Proactive Health Check,Usage optimization consultation,Bi-annual touchpoint,Phone Call + Usage Report,50,Stable but monitor for early decline signals.
SME-2024-00279,CV Bintang Optima Sentosa,Pendidikan & Training,Palembang,Pelanggan Tetap,Menengah,80,2.625,1854222.0,1.0,12,55.5,71.4,17.7,71.4,Stable,85,0.2,Proactive Health Check,Usage optimization consultation,Bi-annual touchpoint,Phone Call + Usage Report,50,Stable but monitor for early decline signals.
SME-2024-00280,Toko Sentosa Mulia,Pendidikan & Training,Medan,Pelanggan Tetap,Kecil,9,4.633333333333334,1510950.0,1.0,12,60.4,74.9,18.7,74.9,Stable,85,0.172,Proactive Health Check,Usage optimization consultation,Bi-annual touchpoint,Phone Call + Usage Report,50,Stable but monitor for early decline signals.
SME-2024-00281,Kios Nusantara Persada Pratama,Manufaktur,Denpasar,Pelanggan Tetap,Mikro,1,2.8833333333333333,7733858.0,2.0,12,56.8,64.6,25.4,64.6,Stable,85,0.417,Proactive Health Check,Usage optimization consultation,Bi-annual touchpoint,Phone Call + Usage Report,50,Stable but monitor for early decline signals.
SME-2024-00282,Toko Surya Bahagia Lestari,Pendidikan & Training,Denpasar,Pelanggan Tetap,Mikro,3,2.1083333333333334,967943.0,1.0,12,38.1,61.7,28.6,61.7,Stable,85,0.221,Proactive Health Check,Usage optimization consultation,Bi-annual touchpoint,Phone Call + Usage Report,50,Stable but monitor for early decline signals.
SME-2024-00283,UD Sriwijaya Sejahtera Sentosa,Properti & Real Estate,Tangerang,Pelanggan Tetap,Mikro,2,3.125,14140899.0,3.0,12,44.7,70.1,37.4,70.1,Stable,85,0.588,Proactive Health Check,Usage optimization consultation,Bi-annual touchpoint,Phone Call + Usage Report,50,Stable but monitor for early decline signals.
SME-2024-00284,Toko Sriwijaya Cemerlang Mandiri,Teknologi Informasi,Batam,Pelanggan Tetap,Mikro,3,4.466666666666667,2464520.0,1.0,12,34.2,74.1,19.2,74.1,Stable,85,0.206,Proactive Health Check,Usage optimization consultation,Bi-annual touchpoint,Phone Call + Usage Report,50,Stable but monitor for early decline signals.
SME-2024-00285,PT Mandiri Andalan Abadi,Jasa Keuangan,Tangerang,Pelanggan Tetap,Besar,326,4.25,5021833.0,2.0,12,90.0,87.3,10.8,87.3,Highly Stable,85,0.219,Upsell Premium Services,Invite to beta program / exclusive features,Quarterly business review,Executive Visit + Proposal,65,Strong loyalty foundation. Maximize lifetime value through expansion.
SME-2024-00286,Toko Nusantara Indah Lestari,Perdagangan Eceran,Yogyakarta,Pelanggan Tetap,Mikro,4,1.5833333333333333,1283042.0,1.0,12,49.3,80.4,15.7,80.4,Highly Stable,85,0.138,Upsell Premium Services,Invite to beta program / exclusive features,Quarterly business review,Executive Visit + Proposal,65,Strong loyalty foundation. Maximize lifetime value through expansion.
SME-2024-00287,Warung Sentosa Sejahtera Lestari,Jasa Keuangan,Jakarta,Pelanggan Tetap,Mikro,5,5.691666666666666,3636057.0,1.0,12,65.0,81.3,14.5,81.3,Highly Stable,85,0.206,Upsell Premium Services,Invite to beta program / exclusive features,Quarterly business review,Executive Visit + Proposal,65,Strong loyalty foundation. Maximize lifetime value through expansion.
SME-2024-00288,UD Mitra Network Mandiri,Transportasi & Logistik,Semarang,Pelanggan Tetap,Kecil,7,1.6416666666666666,1969867.0,1.0,12,44.1,68.4,24.5,68.4,Stable,85,0.219,Proactive Health Check,Usage optimization consultation,Bi-annual touchpoint,Phone Call + Usage Report,50,Stable but monitor for early decline signals.
SME-2024-00289,CV Bintang Lestari Lestari,Pendidikan & Training,Medan,Pelanggan Tetap,Kecil,7,6.208333333333333,1571542.0,1.0,12,64.5,86.7,15.0,86.7,Highly Stable,85,0.115,Upsell Premium Services,Invite to beta program / exclusive features,Quarterly business review,Executive Visit + Proposal,65,Strong loyalty foundation. Maximize lifetime value through expansion.
SME-2024-00290,CV Citra Network,Jasa Keuangan,Palembang,Pelanggan Tetap,Kecil,15,4.591666666666667,0.0,,12,62.2,80.3,10.1,80.3,Highly Stable,77,0.099,Upsell Premium Services,Invite to beta program / exclusive features,Quarterly business review,Executive Visit + Proposal,65,Strong loyalty foundation. Maximize lifetime value through expansion.
SME-2024-00291,CV Permata Persada Jaya,Konstruksi,Batam,Pelanggan Tetap,Menengah,39,4.991666666666666,5139811.0,1.0,12,67.7,75.2,22.8,75.2,Stable,85,0.284,Proactive Health Check,Usage optimization consultation,Bi-annual touchpoint,Phone Call + Usage Report,50,Stable but monitor for early decline signals.
SME-2024-00292,PT Mega Cemerlang,Konstruksi,Medan,Pelanggan Tetap,Menengah,35,3.125,2658642.0,1.0,12,53.3,70.6,36.2,70.6,Stable,85,0.23,Proactive Health Check,Usage optimization consultation,Bi-annual touchpoint,Phone Call + Usage Report,50,Stable but monitor for early decline signals.
SME-2024-00293,Toko Bukit Makmur Lestari,Jasa Keuangan,Tangerang,Pelanggan Tetap,Mikro,5,5.991666666666667,7535531.0,1.0,12,45.2,80.0,16.2,80.0,Stable,85,0.334,Proactive Health Check,Usage optimization consultation,Bi-annual touchpoint,Phone Call + Usage Report,50,Stable but monitor for early decline signals.
SME-2024-00294,Toko Garuda Bahagia Mandiri,Konstruksi,Tangerang,Pelanggan Tetap,Kecil,7,4.0,9175710.0,2.0,12,47.0,71.9,20.1,71.9,Stable,85,0.425,Proactive Health Check,Usage optimization consultation,Bi-annual touchpoint,Phone Call + Usage Report,50,Stable but monitor for early decline signals.
SME-2024-00295,CV Bumi Pratama Pratama,Kesehatan,Semarang,Pelanggan Tetap,Kecil,8,5.925,2357485.0,1.0,12,67.7,87.7,11.4,87.7,Highly Stable,85,0.134,Upsell Premium Services,Invite to beta program / exclusive features,Quarterly business review,Executive Visit + Proposal,65,Strong loyalty foundation. Maximize lifetime value through expansion.
SME-2024-00296,Warung Citra Sejahtera Sentosa,Transportasi & Logistik,Bandung,Pelanggan Tetap,Mikro,4,4.7749999999999995,1177166.0,1.0,12,42.4,58.0,30.6,58.0,At Risk,85,0.246,Retention Intervention Call,Personalized discount or service upgrade offer,Immediate (within 48 hours),Senior Manager Phone Call + WhatsApp,40,Stability score declining. Act before entering Berisiko segment.
SME-2024-00297,Kios Mandiri Mulia Abadi,Properti & Real Estate,Semarang,Pelanggan Tetap,Mikro,4,5.216666666666667,1207818.0,1.0,12,45.2,78.8,16.4,78.8,Stable,85,0.143,Proactive Health Check,Usage optimization consultation,Bi-annual touchpoint,Phone Call + Usage Report,50,Stable but monitor for early decline signals.
SME-2024-00298,Toko Bumi Data Sentosa,Transportasi & Logistik,Malang,Pelanggan Tetap,Mikro,5,6.2749999999999995,2271437.0,1.0,12,44.2,72.1,22.6,72.1,Stable,85,0.21,Proactive Health Check,Usage optimization consultation,Bi-annual touchpoint,Phone Call + Usage Report,50,Stable but monitor for early decline signals.
SME-2024-00299,Kios Surya Andalan Abadi,Properti & Real Estate,Tangerang,Pelanggan Tetap,Mikro,1,3.875,1714420.0,1.0,12,58.6,74.6,19.2,74.6,Stable,85,0.18,Proactive Health Check,Usage optimization consultation,Bi-annual touchpoint,Phone Call + Usage Report,50,Stable but monitor for early decline signals.
SME-2024-00300,Warung Sentosa Lestari,Media & Kreatif,Jakarta,Pelanggan Tetap,Mikro,3,3.3166666666666664,8572088.0,3.0,12,40.2,76.4,15.1,76.4,Stable,85,0.384,Proactive Health Check,Usage optimization consultation,Bi-annual touchpoint,Phone Call + Usage Report,50,Stable but monitor for early decline signals.
SME-2024-00301,PT Bumi Mulia Sentosa,Transportasi & Logistik,Yogyakarta,Pelanggan Tetap,Besar,413,1.925,947976.0,1.0,12,86.5,77.4,15.3,77.4,Stable,85,0.142,Proactive Health Check,Usage optimization consultation,Bi-annual touchpoint,Phone Call + Usage Report,50,Stable but monitor for early decline signals.
SME-2024-00302,PT Abadi Solusi Mandiri,Kesehatan,Surabaya,Pelanggan Tetap,Besar,483,3.8083333333333336,807105.0,1.0,12,76.7,85.7,15.5,85.7,Highly Stable,85,0.096,Upsell Premium Services,Invite to beta program / exclusive features,Quarterly business review,Executive Visit + Proposal,65,Strong loyalty foundation. Maximize lifetime value through expansion.
SME-2024-00303,PT Bukit Sejahtera,Properti & Real Estate,Jakarta,Pelanggan Tetap,Besar,426,4.258333333333334,3122987.0,1.0,12,76.9,82.4,14.9,82.4,Highly Stable,82,0.185,Upsell Premium Services,Invite to beta program / exclusive features,Quarterly business review,Executive Visit + Proposal,65,Strong loyalty foundation. Maximize lifetime value through expansion.
SME-2024-00304,CV Mitra Cemerlang Jaya,Teknologi Informasi,Jakarta,Pelanggan Tetap,Kecil,5,5.916666666666667,2278082.0,1.0,12,50.8,83.5,13.9,83.5,Highly Stable,85,0.153,Upsell Premium Services,Invite to beta program / exclusive features,Quarterly business review,Executive Visit + Proposal,65,Strong loyalty foundation. Maximize lifetime value through expansion.
SME-2024-00305,UD Citra Bahagia Lestari,Perdagangan Eceran,Medan,Pelanggan Tetap,Kecil,10,5.683333333333334,0.0,,12,44.0,66.3,35.2,66.3,Stable,80,0.169,Proactive Health Check,Usage optimization consultation,Bi-annual touchpoint,Phone Call + Usage Report,50,Stable but monitor for early decline signals.
SME-2024-00306,CV Sumber Data Mandiri,Media & Kreatif,Denpasar,Pelanggan Tetap,Menengah,95,6.141666666666667,8992960.0,2.0,12,69.5,83.3,18.5,83.3,Highly Stable,85,0.362,Upsell Premium Services,Invite to beta program / exclusive features,Quarterly business review,Executive Visit + Proposal,65,Strong loyalty foundation. Maximize lifetime value through expansion.
SME-2024-00307,Kios Bumi Makmur Mandiri,Kuliner & F&B,Medan,Pelanggan Tetap,Mikro,5,4.1000000000000005,4512465.0,2.0,12,43.1,71.4,21.0,71.4,Stable,85,0.283,Proactive Health Check,Usage optimization consultation,Bi-annual touchpoint,Phone Call + Usage Report,50,Stable but monitor for early decline signals.
SME-2024-00308,Toko Duta Sakti Lestari,Jasa Keuangan,Semarang,Pelanggan Tetap,Mikro,4,3.1916666666666664,1149361.0,1.0,12,40.7,59.6,39.4,59.6,At Risk,85,0.238,Retention Intervention Call,Personalized discount or service upgrade offer,Immediate (within 48 hours),Senior Manager Phone Call + WhatsApp,40,Stability score declining. Act before entering Berisiko segment.
SME-2024-00309,Toko Tirta Teknologi Jaya,Properti & Real Estate,Bandar Lampung,Pelanggan Tetap,Mikro,3,4.9750000000000005,2311681.0,1.0,12,47.9,78.0,13.6,78.0,Stable,85,0.182,Proactive Health Check,Usage optimization consultation,Bi-annual touchpoint,Phone Call + Usage Report,50,Stable but monitor for early decline signals.
SME-2024-00310,CV Berkah Lestari,Teknologi Informasi,Denpasar,Pelanggan Tetap,Menengah,69,6.441666666666666,14545803.0,3.0,12,69.8,67.0,26.6,67.0,Stable,85,0.616,Proactive Health Check,Usage optimization consultation,Bi-annual touchpoint,Phone Call + Usage Report,50,Stable but monitor for early decline signals.
SME-2024-00311,Warung Bintang Bahagia Pratama,Kesehatan,Surabaya,Pelanggan Tetap,Mikro,4,5.091666666666667,0.0,,12,44.0,71.0,32.6,71.0,Stable,80,0.145,Proactive Health Check,Usage optimization consultation,Bi-annual touchpoint,Phone Call + Usage Report,50,Stable but monitor for early decline signals.
SME-2024-00312,UD Duta Konektifitas Sentosa,Kuliner & F&B,Palembang,Pelanggan Tetap,Mikro,2,4.8500000000000005,5144343.0,1.0,12,60.4,75.5,13.7,75.5,Stable,85,0.282,Proactive Health Check,Usage optimization consultation,Bi-annual touchpoint,Phone Call + Usage Report,50,Stable but monitor for early decline signals.
SME-2024-00313,UD Sentosa Data Mandiri,Perdagangan Eceran,Malang,Pelanggan Tetap,Kecil,15,2.183333333333333,1122301.0,1.0,12,54.6,75.4,18.7,75.4,Stable,85,0.158,Proactive Health Check,Usage optimization consultation,Bi-annual touchpoint,Phone Call + Usage Report,50,Stable but monitor for early decline signals.
SME-2024-00314,UD Citra Sakti Lestari,Kuliner & F&B,Medan,Pelanggan Tetap,Mikro,3,3.358333333333333,3038812.0,1.0,12,59.2,76.4,16.5,76.4,Stable,85,0.212,Proactive Health Check,Usage optimization consultation,Bi-annual touchpoint,Phone Call + Usage Report,50,Stable but monitor for early decline signals.
SME-2024-00315,Warung Karya Mulia Mandiri,Perdagangan Eceran,Medan,Pelanggan Tetap,Mikro,1,4.325,2750028.0,1.0,12,57.0,72.8,14.3,72.8,Stable,82,0.221,Proactive Health Check,Usage optimization consultation,Bi-annual touchpoint,Phone Call + Usage Report,50,Stable but monitor for early decline signals.
SME-2024-00316,CV Permata Teknologi Pratama,Transportasi & Logistik,Yogyakarta,Pelanggan Tetap,Kecil,14,4.558333333333334,6820945.0,2.0,12,50.2,67.2,22.7,67.2,Stable,85,0.376,Proactive Health Check,Usage optimization consultation,Bi-annual touchpoint,Phone Call + Usage Report,50,Stable but monitor for early decline signals.
SME-2024-00317,CV Berkah Persada Pratama,Transportasi & Logistik,Makassar,Pelanggan Tetap,Kecil,14,4.0249999999999995,2873569.0,1.0,12,55.2,87.9,11.2,87.9,Highly Stable,85,0.149,Upsell Premium Services,Invite to beta program / exclusive features,Quarterly business review,Executive Visit + Proposal,65,Strong loyalty foundation. Maximize lifetime value through expansion.
SME-2024-00318,UD Karya Andalan Sentosa,Kesehatan,Surabaya,Pelanggan Tetap,Mikro,3,3.2416666666666667,1059225.0,1.0,12,54.8,70.1,17.7,70.1,Stable,85,0.182,Proactive Health Check,Usage optimization consultation,Bi-annual touchpoint,Phone Call + Usage Report,50,Stable but monitor for early decline signals.
SME-2024-00319,CV Duta Mulia Pratama,Properti & Real Estate,Makassar,Pelanggan Tetap,Menengah,22,3.4583333333333335,641412.0,1.0,12,62.6,59.6,29.2,59.6,At Risk,85,0.222,Retention Intervention Call,Personalized discount or service upgrade offer,Immediate (within 48 hours),Senior Manager Phone Call + WhatsApp,40,Stability score declining. Act before entering Berisiko segment.
SME-2024-00320,CV Citra Makmur Pratama,Manufaktur,Yogyakarta,Pelanggan Tetap,Menengah,70,1.5916666666666668,2530168.0,1.0,12,61.8,59.8,38.1,59.8,At Risk,85,0.279,Retention Intervention Call,Personalized discount or service upgrade offer,Immediate (within 48 hours),Senior Manager Phone Call + WhatsApp,40,Stability score declining. Act before entering Berisiko segment.
SME-2024-00321,CV Sumber Solusi Lestari,Manufaktur,Makassar,Pelanggan Tetap,Kecil,18,6.058333333333334,12426667.0,3.0,12,53.8,70.9,36.6,70.9,Stable,85,0.531,Proactive Health Check,Usage optimization consultation,Bi-annual touchpoint,Phone Call + Usage Report,50,Stable but monitor for early decline signals.
SME-2024-00322,PT Sriwijaya Data Abadi,Pendidikan & Training,Jakarta,Pelanggan Tetap,Besar,347,2.8000000000000003,1496969.0,1.0,12,60.5,68.3,23.3,68.3,Stable,85,0.205,Proactive Health Check,Usage optimization consultation,Bi-annual touchpoint,Phone Call + Usage Report,50,Stable but monitor for early decline signals.
SME-2024-00323,UD Sriwijaya Persada,Transportasi & Logistik,Medan,Pelanggan Tetap,Mikro,3,3.225,2096585.0,1.0,12,60.9,87.0,13.3,87.0,Highly Stable,85,0.13,Upsell Premium Services,Invite to beta program / exclusive features,Quarterly business review,Executive Visit + Proposal,65,Strong loyalty foundation. Maximize lifetime value through expansion.
SME-2024-00324,Toko Berkah Digital Pratama,Properti & Real Estate,Medan,Pelanggan Tetap,Kecil,5,2.733333333333333,2725422.0,1.0,12,59.5,68.0,24.8,68.0,Stable,85,0.245,Proactive Health Check,Usage optimization consultation,Bi-annual touchpoint,Phone Call + Usage Report,50,Stable but monitor for early decline signals.
SME-2024-00325,PT Duta Network Mandiri,Pendidikan & Training,Malang,Pelanggan Tetap,Menengah,42,3.2416666666666667,3148046.0,2.0,12,74.0,65.5,22.0,65.5,Stable,85,0.27,Proactive Health Check,Usage optimization consultation,Bi-annual touchpoint,Phone Call + Usage Report,50,Stable but monitor for early decline signals.
SME-2024-00326,Toko Jaya Digital Pratama,Media & Kreatif,Bandar Lampung,Pelanggan Tetap,Mikro,3,3.775,669600.0,1.0,12,62.7,76.1,18.0,76.1,Stable,85,0.141,Proactive Health Check,Usage optimization consultation,Bi-annual touchpoint,Phone Call + Usage Report,50,Stable but monitor for early decline signals.
SME-2024-00327,CV Nusantara Digital Abadi,Konstruksi,Semarang,Pelanggan Tetap,Kecil,10,6.266666666666667,3569700.0,2.0,12,48.7,71.2,21.5,71.2,Stable,85,0.255,Proactive Health Check,Usage optimization consultation,Bi-annual touchpoint,Phone Call + Usage Report,50,Stable but monitor for early decline signals.
SME-2024-00328,PT Bumi Sinergi Jaya,Pendidikan & Training,Surabaya,Pelanggan Tetap,Menengah,64,4.158333333333333,1537799.0,1.0,12,76.6,81.9,28.7,81.9,Highly Stable,85,0.138,Upsell Premium Services,Invite to beta program / exclusive features,Quarterly business review,Executive Visit + Proposal,65,Strong loyalty foundation. Maximize lifetime value through expansion.
SME-2024-00329,PT Garuda Konektifitas Pratama,Properti & Real Estate,Makassar,Pelanggan Tetap,Besar,416,4.608333333333333,6295888.0,2.0,12,89.8,82.4,10.6,82.4,Highly Stable,82,0.283,Upsell Premium Services,Invite to beta program / exclusive features,Quarterly business review,Executive Visit + Proposal,65,Strong loyalty foundation. Maximize lifetime value through expansion.
SME-2024-00330,Kios Citra Andalan Jaya,Teknologi Informasi,Batam,Pelanggan Tetap,Mikro,5,4.833333333333333,4874566.0,2.0,12,41.9,71.2,22.5,71.2,Stable,85,0.295,Proactive Health Check,Usage optimization consultation,Bi-annual touchpoint,Phone Call + Usage Report,50,Stable but monitor for early decline signals.
SME-2024-00331,Kios Mandiri Sakti Abadi,Konstruksi,Batam,Pelanggan Tetap,Mikro,1,6.0249999999999995,1589248.0,1.0,12,42.2,72.7,21.8,72.7,Stable,85,0.186,Proactive Health Check,Usage optimization consultation,Bi-annual touchpoint,Phone Call + Usage Report,50,Stable but monitor for early decline signals.
SME-2024-00332,PT Tirta Data Sentosa,Transportasi & Logistik,Tangerang,Pelanggan Tetap,Besar,366,4.375,1359228.0,1.0,12,65.9,77.5,17.5,77.5,Stable,85,0.154,Proactive Health Check,Usage optimization consultation,Bi-annual touchpoint,Phone Call + Usage Report,50,Stable but monitor for early decline signals.
SME-2024-00333,PT Abadi Data Pratama,Media & Kreatif,Yogyakarta,Pelanggan Tetap,Besar,300,6.1499999999999995,2686063.0,1.0,12,70.5,86.4,15.9,86.4,Highly Stable,85,0.151,Upsell Premium Services,Invite to beta program / exclusive features,Quarterly business review,Executive Visit + Proposal,65,Strong loyalty foundation. Maximize lifetime value through expansion.
SME-2024-00334,PT Mitra Persada Lestari,Jasa Keuangan,Surabaya,Pelanggan Tetap,Menengah,59,5.458333333333333,1465829.0,1.0,12,68.2,77.3,18.6,77.3,Stable,85,0.159,Proactive Health Check,Usage optimization consultation,Bi-annual touchpoint,Phone Call + Usage Report,50,Stable but monitor for early decline signals.
SME-2024-00335,Warung Sriwijaya Sakti Lestari,Pertanian & Agribisnis,Batam,Pelanggan Tetap,Mikro,4,5.783333333333334,2149273.0,1.0,12,57.9,88.8,15.2,88.8,Highly Stable,82,0.122,Upsell Premium Services,Invite to beta program / exclusive features,Quarterly business review,Executive Visit + Proposal,65,Strong loyalty foundation. Maximize lifetime value through expansion.
SME-2024-00336,PT Sentosa Sejahtera Sentosa,Pendidikan & Training,Semarang,Pelanggan Tetap,Menengah,85,3.0583333333333336,4610051.0,2.0,12,86.2,78.0,16.9,78.0,Stable,85,0.253,Proactive Health Check,Usage optimization consultation,Bi-annual touchpoint,Phone Call + Usage Report,50,Stable but monitor for early decline signals.
SME-2024-00337,UD Citra Sakti,Konstruksi,Palembang,Pelanggan Tetap,Mikro,1,5.0,855771.0,1.0,12,51.3,78.3,14.6,78.3,Stable,82,0.135,Proactive Health Check,Usage optimization consultation,Bi-annual touchpoint,Phone Call + Usage Report,50,Stable but monitor for early decline signals.
SME-2024-00338,Toko Nusantara Sinergi Pratama,Pertanian & Agribisnis,Medan,Pelanggan Tetap,Mikro,1,5.508333333333333,1952336.0,1.0,12,53.4,70.5,18.3,70.5,Stable,82,0.208,Proactive Health Check,Usage optimization consultation,Bi-annual touchpoint,Phone Call + Usage Report,50,Stable but monitor for early decline signals.
SME-2024-00339,Kios Mega Makmur Lestari,Teknologi Informasi,Surabaya,Pelanggan Tetap,Mikro,1,6.533333333333334,6879510.0,1.0,12,44.7,73.2,26.4,73.2,Stable,85,0.347,Proactive Health Check,Usage optimization consultation,Bi-annual touchpoint,Phone Call + Usage Report,50,Stable but monitor for early decline signals.
SME-2024-00340,UD Tirta Sakti Mandiri,Perdagangan Eceran,Jakarta,Pelanggan Tetap,Kecil,5,3.9166666666666665,16126003.0,3.0,12,57.8,72.5,21.4,72.5,Stable,85,0.637,Proactive Health Check,Usage optimization consultation,Bi-annual touchpoint,Phone Call + Usage Report,50,Stable but monitor for early decline signals.
SME-2024-00341,UD Bumi Cemerlang Sentosa,Kesehatan,Yogyakarta,Pelanggan Tetap,Mikro,1,2.1166666666666667,6063453.0,2.0,12,47.9,76.5,11.1,76.5,Stable,85,0.306,Proactive Health Check,Usage optimization consultation,Bi-annual touchpoint,Phone Call + Usage Report,50,Stable but monitor for early decline signals.
SME-2024-00342,PT Garuda Indah,Teknologi Informasi,Batam,Pelanggan Tetap,Menengah,32,5.783333333333334,2553885.0,1.0,12,65.7,68.1,20.8,68.1,Stable,85,0.239,Proactive Health Check,Usage optimization consultation,Bi-annual touchpoint,Phone Call + Usage Report,50,Stable but monitor for early decline signals.
SME-2024-00343,CV Mega Optima Jaya,Pendidikan & Training,Makassar,Pelanggan Tetap,Kecil,7,5.9750000000000005,2769950.0,1.0,12,48.0,77.0,17.2,77.0,Stable,85,0.201,Proactive Health Check,Usage optimization consultation,Bi-annual touchpoint,Phone Call + Usage Report,50,Stable but monitor for early decline signals.
SME-2024-00344,CV Permata Mulia Lestari,Kuliner & F&B,Tangerang,Pelanggan Tetap,Kecil,14,5.1000000000000005,808654.0,1.0,12,55.8,65.2,19.1,65.2,Stable,85,0.199,Proactive Health Check,Usage optimization consultation,Bi-annual touchpoint,Phone Call + Usage Report,50,Stable but monitor for early decline signals.
SME-2024-00345,PT Nusantara Digital,Manufaktur,Yogyakarta,Pelanggan Tetap,Besar,314,4.2250000000000005,1159321.0,1.0,12,74.1,74.0,18.4,74.0,Stable,85,0.166,Proactive Health Check,Usage optimization consultation,Bi-annual touchpoint,Phone Call + Usage Report,50,Stable but monitor for early decline signals.
SME-2024-00346,Toko Mitra Sejahtera Sentosa,Jasa Keuangan,Bandung,Pelanggan Tetap,Mikro,4,3.225,3573723.0,1.0,12,42.4,71.9,23.0,71.9,Stable,85,0.251,Proactive Health Check,Usage optimization consultation,Bi-annual touchpoint,Phone Call + Usage Report,50,Stable but monitor for early decline signals.
SME-2024-00347,CV Citra Mulia Abadi,Pendidikan & Training,Malang,Pelanggan Tetap,Kecil,13,3.266666666666667,2555025.0,1.0,12,52.5,81.3,15.8,81.3,Highly Stable,85,0.173,Upsell Premium Services,Invite to beta program / exclusive features,Quarterly business review,Executive Visit + Proposal,65,Strong loyalty foundation. Maximize lifetime value through expansion.
SME-2024-00348,CV Garuda Cemerlang Lestari,Properti & Real Estate,Denpasar,Pelanggan Tetap,Menengah,70,3.966666666666667,6724175.0,1.0,12,69.3,75.7,21.4,75.7,Stable,85,0.33,Proactive Health Check,Usage optimization consultation,Bi-annual touchpoint,Phone Call + Usage Report,50,Stable but monitor for early decline signals.
SME-2024-00349,CV Berkah Andalan Sentosa,Properti & Real Estate,Palembang,Pelanggan Tetap,Menengah,21,3.1999999999999997,2200011.0,1.0,12,62.4,67.6,19.6,67.6,Stable,85,0.23,Proactive Health Check,Usage optimization consultation,Bi-annual touchpoint,Phone Call + Usage Report,50,Stable but monitor for early decline signals.
SME-2024-00350,UD Tirta Utama Sentosa,Pendidikan & Training,Bandar Lampung,Pelanggan Tetap,Kecil,15,2.625,3643818.0,2.0,12,32.5,65.2,23.3,65.2,Stable,85,0.287,Proactive Health Check,Usage optimization consultation,Bi-annual touchpoint,Phone Call + Usage Report,50,Stable but monitor for early decline signals.
SME-2024-00351,CV Tirta Lestari Pratama,Manufaktur,Yogyakarta,Pelanggan Tetap,Kecil,15,5.4750000000000005,1234429.0,1.0,12,55.6,78.8,11.9,78.8,Stable,85,0.144,Proactive Health Check,Usage optimization consultation,Bi-annual touchpoint,Phone Call + Usage Report,50,Stable but monitor for early decline signals.
SME-2024-00352,Toko Karya Lestari Abadi,Pendidikan & Training,Tangerang,Pelanggan Tetap,Kecil,16,4.791666666666667,8039328.0,1.0,12,53.4,71.7,15.0,71.7,Stable,85,0.391,Proactive Health Check,Usage optimization consultation,Bi-annual touchpoint,Phone Call + Usage Report,50,Stable but monitor for early decline signals.
SME-2024-00353,CV Bintang Konektifitas Jaya,Pendidikan & Training,Surabaya,Pelanggan Tetap,Menengah,94,2.4583333333333335,4050464.0,1.0,12,62.3,79.7,16.4,79.7,Stable,85,0.227,Proactive Health Check,Usage optimization consultation,Bi-annual touchpoint,Phone Call + Usage Report,50,Stable but monitor for early decline signals.
SME-2024-00354,CV Mandiri Persada,Manufaktur,Makassar,Pelanggan Tetap,Kecil,16,2.6833333333333336,6299047.0,1.0,12,52.3,69.8,22.8,69.8,Stable,85,0.346,Proactive Health Check,Usage optimization consultation,Bi-annual touchpoint,Phone Call + Usage Report,50,Stable but monitor for early decline signals.
SME-2024-00355,CV Citra Konektifitas Pratama,Jasa Keuangan,Yogyakarta,Pelanggan Tetap,Kecil,14,6.108333333333333,0.0,,12,65.3,75.9,14.7,75.9,Stable,80,0.121,Proactive Health Check,Usage optimization consultation,Bi-annual touchpoint,Phone Call + Usage Report,50,Stable but monitor for early decline signals.
SME-2024-00356,Toko Duta Cemerlang Jaya,Pertanian & Agribisnis,Surabaya,Pelanggan Tetap,Kecil,20,6.483333333333333,5673119.0,1.0,12,59.0,79.6,20.1,79.6,Stable,85,0.278,Proactive Health Check,Usage optimization consultation,Bi-annual touchpoint,Phone Call + Usage Report,50,Stable but monitor for early decline signals.
SME-2024-00357,UD Citra Sejahtera Jaya,Media & Kreatif,Semarang,Pelanggan Tetap,Kecil,9,5.466666666666666,3136313.0,1.0,12,53.0,72.8,21.5,72.8,Stable,85,0.233,Proactive Health Check,Usage optimization consultation,Bi-annual touchpoint,Phone Call + Usage Report,50,Stable but monitor for early decline signals.
SME-2024-00358,Warung Surya Optima Pratama,Kuliner & F&B,Makassar,Pelanggan Tetap,Mikro,3,4.7,0.0,,12,45.6,64.1,22.3,64.1,Stable,80,0.179,Proactive Health Check,Usage optimization consultation,Bi-annual touchpoint,Phone Call + Usage Report,50,Stable but monitor for early decline signals.
SME-2024-00359,UD Jaya Konektifitas Lestari,Manufaktur,Surabaya,Pelanggan Tetap,Kecil,14,2.8000000000000003,1572183.0,1.0,12,58.6,69.5,17.7,69.5,Stable,85,0.201,Proactive Health Check,Usage optimization consultation,Bi-annual touchpoint,Phone Call + Usage Report,50,Stable but monitor for early decline signals.
SME-2024-00360,UD Berkah Lestari Pratama,Manufaktur,Malang,Pelanggan Tetap,Mikro,1,2.025,3103959.0,1.0,12,51.3,76.7,14.4,76.7,Stable,82,0.213,Proactive Health Check,Usage optimization consultation,Bi-annual touchpoint,Phone Call + Usage Report,50,Stable but monitor for early decline signals.
SME-2024-00361,UD Permata Data Sentosa,Konstruksi,Semarang,Pelanggan Tetap,Mikro,5,4.466666666666667,4244122.0,1.0,12,49.9,77.5,20.5,77.5,Stable,85,0.244,Proactive Health Check,Usage optimization consultation,Bi-annual touchpoint,Phone Call + Usage Report,50,Stable but monitor for early decline signals.
SME-2024-00362,UD Garuda Makmur Abadi,Media & Kreatif,Tangerang,Pelanggan Tetap,Kecil,17,5.416666666666667,9108088.0,2.0,12,49.1,83.1,15.6,83.1,Highly Stable,85,0.367,Upsell Premium Services,Invite to beta program / exclusive features,Quarterly business review,Executive Visit + Proposal,65,Strong loyalty foundation. Maximize lifetime value through expansion.
SME-2024-00363,Toko Bintang Mulia Mandiri,Teknologi Informasi,Yogyakarta,Pelanggan Tetap,Mikro,3,3.766666666666667,9008867.0,2.0,12,54.0,63.6,28.0,63.6,Stable,85,0.462,Proactive Health Check,Usage optimization consultation,Bi-annual touchpoint,Phone Call + Usage Report,50,Stable but monitor for early decline signals.
SME-2024-00364,Warung Permata Konektifitas Abadi,Kuliner & F&B,Tangerang,Pelanggan Tetap,Mikro,3,4.2,1417408.0,1.0,12,45.8,75.6,20.2,75.6,Stable,85,0.166,Proactive Health Check,Usage optimization consultation,Bi-annual touchpoint,Phone Call + Usage Report,50,Stable but monitor for early decline signals.
SME-2024-00365,CV Nusantara Sinergi Lestari,Pendidikan & Training,Malang,Pelanggan Tetap,Menengah,47,2.9,10821443.0,1.0,12,58.0,58.5,23.9,58.5,At Risk,85,0.543,Retention Intervention Call,Personalized discount or service upgrade offer,Immediate (within 48 hours),Senior Manager Phone Call + WhatsApp,40,Stability score declining. Act before entering Berisiko segment.
SME-2024-00366,CV Garuda Teknologi Mandiri,Kesehatan,Semarang,Pelanggan Tetap,Menengah,66,6.158333333333334,2644446.0,1.0,12,58.7,73.2,19.5,73.2,Stable,85,0.216,Proactive Health Check,Usage optimization consultation,Bi-annual touchpoint,Phone Call + Usage Report,50,Stable but monitor for early decline signals.
SME-2024-00367,PT Sentosa Pratama Jaya,Kesehatan,Medan,Pelanggan Tetap,Menengah,60,4.333333333333333,1593600.0,1.0,12,58.7,75.1,21.5,75.1,Stable,85,0.174,Proactive Health Check,Usage optimization consultation,Bi-annual touchpoint,Phone Call + Usage Report,50,Stable but monitor for early decline signals.
SME-2024-00368,PT Garuda Sinergi Abadi,Pertanian & Agribisnis,Medan,Pelanggan Tetap,Menengah,71,6.325,3762145.0,2.0,12,58.2,73.6,20.0,73.6,Stable,85,0.249,Proactive Health Check,Usage optimization consultation,Bi-annual touchpoint,Phone Call + Usage Report,50,Stable but monitor for early decline signals.
SME-2024-00369,CV Jaya Cemerlang Jaya,Transportasi & Logistik,Denpasar,Pelanggan Tetap,Menengah,42,4.866666666666666,4681615.0,1.0,12,68.0,68.1,24.6,68.1,Stable,85,0.305,Proactive Health Check,Usage optimization consultation,Bi-annual touchpoint,Phone Call + Usage Report,50,Stable but monitor for early decline signals.
SME-2024-00370,Toko Bukit Solusi Mandiri,Konstruksi,Batam,Pelanggan Tetap,Kecil,15,4.141666666666667,1589777.0,1.0,12,53.5,73.9,16.8,73.9,Stable,82,0.18,Proactive Health Check,Usage optimization consultation,Bi-annual touchpoint,Phone Call + Usage Report,50,Stable but monitor for early decline signals.
SME-2024-00371,Toko Permata Makmur,Pendidikan & Training,Semarang,Pelanggan Tetap,Kecil,17,1.7916666666666667,5858373.0,3.0,12,39.5,69.3,16.9,69.3,Stable,85,0.335,Proactive Health Check,Usage optimization consultation,Bi-annual touchpoint,Phone Call + Usage Report,50,Stable but monitor for early decline signals.
SME-2024-00372,Toko Jaya Makmur Mandiri,Teknologi Informasi,Jakarta,Pelanggan Tetap,Kecil,19,4.316666666666666,10320742.0,1.0,12,36.6,70.4,19.1,70.4,Stable,85,0.468,Proactive Health Check,Usage optimization consultation,Bi-annual touchpoint,Phone Call + Usage Report,50,Stable but monitor for early decline signals.
SME-2024-00373,UD Surya Makmur Sentosa,Transportasi & Logistik,Bandung,Pelanggan Tetap,Kecil,20,6.5,4944834.0,3.0,12,51.6,77.8,16.4,77.8,Stable,85,0.264,Proactive Health Check,Usage optimization consultation,Bi-annual touchpoint,Phone Call + Usage Report,50,Stable but monitor for early decline signals.
SME-2024-00374,UD Berkah Konektifitas Mandiri,Pertanian & Agribisnis,Bandung,Pelanggan Tetap,Mikro,2,5.291666666666667,1335262.0,1.0,12,55.2,76.6,30.9,76.6,Stable,85,0.159,Proactive Health Check,Usage optimization consultation,Bi-annual touchpoint,Phone Call + Usage Report,50,Stable but monitor for early decline signals.
SME-2024-00375,PT Citra Sejahtera Jaya,Transportasi & Logistik,Palembang,Pelanggan Tetap,Menengah,34,1.4749999999999999,14940228.0,3.0,12,69.4,71.2,16.8,71.2,Stable,85,0.607,Proactive Health Check,Usage optimization consultation,Bi-annual touchpoint,Phone Call + Usage Report,50,Stable but monitor for early decline signals.
SME-2024-00376,UD Karya Persada Pratama,Kuliner & F&B,Bandar Lampung,Pelanggan Tetap,Mikro,1,2.0083333333333333,4420455.0,1.0,12,55.9,68.8,15.1,68.8,Stable,85,0.293,Proactive Health Check,Usage optimization consultation,Bi-annual touchpoint,Phone Call + Usage Report,50,Stable but monitor for early decline signals.
SME-2024-00377,Toko Berkah Sakti Mandiri,Jasa Keuangan,Medan,Pelanggan Tetap,Kecil,17,1.9916666666666665,674420.0,1.0,12,63.3,65.4,34.6,65.4,Stable,85,0.194,Proactive Health Check,Usage optimization consultation,Bi-annual touchpoint,Phone Call + Usage Report,50,Stable but monitor for early decline signals.
SME-2024-00378,PT Garuda Lestari Abadi,Media & Kreatif,Tangerang,Pelanggan Tetap,Menengah,53,6.075,2596570.0,1.0,12,64.1,80.2,18.2,80.2,Highly Stable,85,0.18,Upsell Premium Services,Invite to beta program / exclusive features,Quarterly business review,Executive Visit + Proposal,65,Strong loyalty foundation. Maximize lifetime value through expansion.
SME-2024-00379,CV Mitra Optima,Perdagangan Eceran,Malang,Pelanggan Tetap,Menengah,58,5.075,7723172.0,1.0,12,59.8,71.2,19.8,71.2,Stable,80,0.384,Proactive Health Check,Usage optimization consultation,Bi-annual touchpoint,Phone Call + Usage Report,50,Stable but monitor for early decline signals.
SME-2024-00380,UD Sentosa Indah Jaya,Transportasi & Logistik,Bandar Lampung,Pelanggan Tetap,Kecil,18,4.916666666666667,640674.0,1.0,12,57.1,84.1,14.8,84.1,Highly Stable,85,0.1,Upsell Premium Services,Invite to beta program / exclusive features,Quarterly business review,Executive Visit + Proposal,65,Strong loyalty foundation. Maximize lifetime value through expansion.
SME-2024-00381,PT Garuda Solusi,Kesehatan,Surabaya,Pelanggan Tetap,Besar,173,2.966666666666667,2043348.0,1.0,12,79.0,74.7,17.2,74.7,Stable,85,0.19,Proactive Health Check,Usage optimization consultation,Bi-annual touchpoint,Phone Call + Usage Report,50,Stable but monitor for early decline signals.
SME-2024-00382,UD Mega Network Pratama,Kuliner & F&B,Medan,Pelanggan Tetap,Kecil,9,4.25,8074190.0,2.0,12,61.4,77.7,19.8,77.7,Stable,85,0.362,Proactive Health Check,Usage optimization consultation,Bi-annual touchpoint,Phone Call + Usage Report,50,Stable but monitor for early decline signals.
SME-2024-00383,PT Nusantara Network Pratama,Perdagangan Eceran,Semarang,Pelanggan Tetap,Menengah,94,5.075,1792558.0,1.0,12,63.4,77.9,17.7,77.9,Stable,85,0.166,Proactive Health Check,Usage optimization consultation,Bi-annual touchpoint,Phone Call + Usage Report,50,Stable but monitor for early decline signals.
SME-2024-00384,Warung Tirta Network Sentosa,Teknologi Informasi,Batam,Pelanggan Tetap,Mikro,2,2.0500000000000003,3993067.0,2.0,12,40.9,64.4,23.3,64.4,Stable,85,0.302,Proactive Health Check,Usage optimization consultation,Bi-annual touchpoint,Phone Call + Usage Report,50,Stable but monitor for early decline signals.
SME-2024-00385,CV Surya Persada Mandiri,Perdagangan Eceran,Yogyakarta,Pelanggan Tetap,Kecil,15,1.8499999999999999,8236862.0,2.0,12,56.6,82.4,13.2,82.4,Highly Stable,85,0.343,Upsell Premium Services,Invite to beta program / exclusive features,Quarterly business review,Executive Visit + Proposal,65,Strong loyalty foundation. Maximize lifetime value through expansion.
SME-2024-00386,CV Duta Sinergi Lestari,Jasa Keuangan,Semarang,Pelanggan Tetap,Menengah,89,1.9583333333333333,1909049.0,1.0,12,65.7,80.0,19.6,80.0,Highly Stable,85,0.159,Upsell Premium Services,Invite to beta program / exclusive features,Quarterly business review,Executive Visit + Proposal,65,Strong loyalty foundation. Maximize lifetime value through expansion.
SME-2024-00387,CV Tirta Persada Pratama,Pertanian & Agribisnis,Surabaya,Pelanggan Tetap,Kecil,12,6.2749999999999995,888008.0,1.0,12,60.1,74.1,21.3,74.1,Stable,85,0.157,Proactive Health Check,Usage optimization consultation,Bi-annual touchpoint,Phone Call + Usage Report,50,Stable but monitor for early decline signals.
SME-2024-00388,CV Surya Optima Lestari,Transportasi & Logistik,Yogyakarta,Pelanggan Tetap,Kecil,16,5.75,4965735.0,2.0,12,45.7,74.9,21.0,74.9,Stable,85,0.279,Proactive Health Check,Usage optimization consultation,Bi-annual touchpoint,Phone Call + Usage Report,50,Stable but monitor for early decline signals.
SME-2024-00389,Toko Karya Andalan Mandiri,Jasa Keuangan,Batam,Pelanggan Tetap,Mikro,5,6.066666666666666,7467367.0,2.0,12,61.2,77.7,16.8,77.7,Stable,85,0.343,Proactive Health Check,Usage optimization consultation,Bi-annual touchpoint,Phone Call + Usage Report,50,Stable but monitor for early decline signals.
SME-2024-00390,Kios Sentosa Utama Mandiri,Kesehatan,Medan,Pelanggan Tetap,Mikro,3,6.383333333333333,3125423.0,1.0,12,44.4,76.8,20.6,76.8,Stable,85,0.213,Proactive Health Check,Usage optimization consultation,Bi-annual touchpoint,Phone Call + Usage Report,50,Stable but monitor for early decline signals.
SME-2024-00391,CV Permata Network Lestari,Pertanian & Agribisnis,Palembang,Pelanggan Tetap,Kecil,19,4.55,694258.0,1.0,12,54.3,73.9,23.9,73.9,Stable,85,0.152,Proactive Health Check,Usage optimization consultation,Bi-annual touchpoint,Phone Call + Usage Report,50,Stable but monitor for early decline signals.
SME-2024-00392,UD Surya Persada Pratama,Properti & Real Estate,Batam,Pelanggan Tetap,Kecil,17,4.75,1474503.0,1.0,12,59.7,73.3,21.2,73.3,Stable,85,0.179,Proactive Health Check,Usage optimization consultation,Bi-annual touchpoint,Phone Call + Usage Report,50,Stable but monitor for early decline signals.
SME-2024-00393,Warung Mandiri Network Mandiri,Kuliner & F&B,Bandar Lampung,Pelanggan Tetap,Mikro,4,2.3666666666666667,5127611.0,2.0,12,62.7,60.7,20.4,60.7,Stable,85,0.355,Proactive Health Check,Usage optimization consultation,Bi-annual touchpoint,Phone Call + Usage Report,50,Stable but monitor for early decline signals.
SME-2024-00394,Toko Citra Sejahtera Lestari,Pertanian & Agribisnis,Bandar Lampung,Pelanggan Tetap,Mikro,3,2.1166666666666667,730321.0,1.0,12,50.6,70.0,16.5,70.0,Stable,85,0.173,Proactive Health Check,Usage optimization consultation,Bi-annual touchpoint,Phone Call + Usage Report,50,Stable but monitor for early decline signals.
SME-2024-00395,UD Bumi Mulia,Teknologi Informasi,Medan,Pelanggan Tetap,Kecil,18,5.883333333333333,7189085.0,1.0,12,55.6,82.1,12.9,82.1,Highly Stable,85,0.313,Upsell Premium Services,Invite to beta program / exclusive features,Quarterly business review,Executive Visit + Proposal,65,Strong loyalty foundation. Maximize lifetime value through expansion.
SME-2024-00396,Toko Tirta Sejahtera Sentosa,Perdagangan Eceran,Bandar Lampung,Pelanggan Tetap,Mikro,1,3.3249999999999997,6334390.0,2.0,12,41.2,65.2,23.2,65.2,Stable,85,0.371,Proactive Health Check,Usage optimization consultation,Bi-annual touchpoint,Phone Call + Usage Report,50,Stable but monitor for early decline signals.
SME-2024-00397,UD Sriwijaya Cemerlang Jaya,Perdagangan Eceran,Jakarta,Pelanggan Tetap,Kecil,16,5.316666666666666,797701.0,1.0,12,45.6,74.8,23.7,74.8,Stable,85,0.151,Proactive Health Check,Usage optimization consultation,Bi-annual touchpoint,Phone Call + Usage Report,50,Stable but monitor for early decline signals.
SME-2024-00398,Toko Sumber Konektifitas Jaya,Teknologi Informasi,Semarang,Pelanggan Tetap,Kecil,14,5.933333333333334,1920567.0,1.0,12,43.9,79.9,18.1,79.9,Stable,85,0.16,Proactive Health Check,Usage optimization consultation,Bi-annual touchpoint,Phone Call + Usage Report,50,Stable but monitor for early decline signals.
SME-2024-00399,CV Duta Utama Abadi,Perdagangan Eceran,Yogyakarta,Pelanggan Tetap,Menengah,26,4.641666666666667,2334923.0,1.0,12,62.1,80.2,16.4,80.2,Highly Stable,85,0.171,Upsell Premium Services,Invite to beta program / exclusive features,Quarterly business review,Executive Visit + Proposal,65,Strong loyalty foundation. Maximize lifetime value through expansion.
SME-2024-00400,UD Sentosa Andalan Jaya,Kesehatan,Batam,Pelanggan Tetap,Mikro,3,1.5083333333333335,4972388.0,2.0,12,48.4,73.1,30.1,73.1,Stable,85,0.289,Proactive Health Check,Usage optimization consultation,Bi-annual touchpoint,Phone Call + Usage Report,50,Stable but monitor for early decline signals.
SME-2024-00401,Toko Garuda Utama Mandiri,Transportasi & Logistik,Semarang,Pelanggan Tetap,Kecil,11,2.091666666666667,6399045.0,1.0,12,58.1,78.0,18.4,78.0,Stable,85,0.309,Proactive Health Check,Usage optimization consultation,Bi-annual touchpoint,Phone Call + Usage Report,50,Stable but monitor for early decline signals.
SME-2024-00402,CV Mandiri Sakti Mandiri,Kuliner & F&B,Tangerang,Pelanggan Tetap,Menengah,48,2.8166666666666664,6302169.0,2.0,12,53.0,69.4,20.6,69.4,Stable,85,0.349,Proactive Health Check,Usage optimization consultation,Bi-annual touchpoint,Phone Call + Usage Report,50,Stable but monitor for early decline signals.
SME-2024-00403,Warung Bintang Sejahtera Abadi,Pertanian & Agribisnis,Tangerang,Pelanggan Tetap,Mikro,5,2.5500000000000003,4173182.0,1.0,12,58.4,74.9,15.6,74.9,Stable,85,0.255,Proactive Health Check,Usage optimization consultation,Bi-annual touchpoint,Phone Call + Usage Report,50,Stable but monitor for early decline signals.
SME-2024-00404,Toko Duta Utama Jaya,Jasa Keuangan,Bandung,Pelanggan Tetap,Kecil,16,4.5249999999999995,6251970.0,1.0,12,56.8,69.7,36.9,69.7,Stable,85,0.346,Proactive Health Check,Usage optimization consultation,Bi-annual touchpoint,Phone Call + Usage Report,50,Stable but monitor for early decline signals.
SME-2024-00405,CV Bumi Optima Mandiri,Properti & Real Estate,Denpasar,Pelanggan Tetap,Kecil,9,2.7416666666666667,1928961.0,1.0,12,49.7,75.7,19.7,75.7,Stable,85,0.181,Proactive Health Check,Usage optimization consultation,Bi-annual touchpoint,Phone Call + Usage Report,50,Stable but monitor for early decline signals.
SME-2024-00406,Toko Surya Persada Jaya,Jasa Keuangan,Malang,Pelanggan Tetap,Kecil,12,4.558333333333334,3681176.0,2.0,12,61.0,75.1,16.1,75.1,Stable,85,0.239,Proactive Health Check,Usage optimization consultation,Bi-annual touchpoint,Phone Call + Usage Report,50,Stable but monitor for early decline signals.
SME-2024-00407,UD Bukit Solusi Abadi,Properti & Real Estate,Batam,Pelanggan Tetap,Kecil,8,5.908333333333334,4993496.0,1.0,12,55.6,87.5,14.8,87.5,Highly Stable,82,0.217,Upsell Premium Services,Invite to beta program / exclusive features,Quarterly business review,Executive Visit + Proposal,65,Strong loyalty foundation. Maximize lifetime value through expansion.
SME-2024-00408,UD Bukit Lestari Mandiri,Kuliner & F&B,Medan,Pelanggan Tetap,Mikro,5,1.5166666666666666,6307541.0,1.0,12,48.1,76.5,17.2,76.5,Stable,82,0.313,Proactive Health Check,Usage optimization consultation,Bi-annual touchpoint,Phone Call + Usage Report,50,Stable but monitor for early decline signals.
SME-2024-00409,CV Bukit Digital Abadi,Kesehatan,Medan,Pelanggan Tetap,Menengah,22,4.891666666666667,6003885.0,2.0,12,56.3,78.0,20.5,78.0,Stable,82,0.296,Proactive Health Check,Usage optimization consultation,Bi-annual touchpoint,Phone Call + Usage Report,50,Stable but monitor for early decline signals.
SME-2024-00410,UD Surya Mulia Jaya,Kuliner & F&B,Malang,Pelanggan Tetap,Mikro,3,6.341666666666666,2736098.0,1.0,12,56.5,78.0,19.4,78.0,Stable,85,0.195,Proactive Health Check,Usage optimization consultation,Bi-annual touchpoint,Phone Call + Usage Report,50,Stable but monitor for early decline signals.
SME-2024-00411,CV Jaya Utama Pratama,Konstruksi,Malang,Pelanggan Tetap,Menengah,67,4.966666666666667,1891752.0,1.0,12,58.7,66.9,40.7,66.9,Stable,85,0.224,Proactive Health Check,Usage optimization consultation,Bi-annual touchpoint,Phone Call + Usage Report,50,Stable but monitor for early decline signals.
SME-2024-00412,UD Bintang Cemerlang Lestari,Konstruksi,Denpasar,Pelanggan Tetap,Kecil,7,2.225,2456654.0,1.0,12,56.6,63.7,21.4,63.7,Stable,80,0.257,Proactive Health Check,Usage optimization consultation,Bi-annual touchpoint,Phone Call + Usage Report,50,Stable but monitor for early decline signals.
SME-2024-00413,Toko Jaya Sejahtera Pratama,Perdagangan Eceran,Medan,Pelanggan Tetap,Mikro,3,3.658333333333333,8959197.0,1.0,12,59.0,66.3,19.8,66.3,Stable,85,0.446,Proactive Health Check,Usage optimization consultation,Bi-annual touchpoint,Phone Call + Usage Report,50,Stable but monitor for early decline signals.
SME-2024-00414,Toko Sumber Teknologi Abadi,Teknologi Informasi,Makassar,Pelanggan Tetap,Kecil,17,2.9,9515845.0,2.0,12,65.3,75.6,15.8,75.6,Stable,85,0.417,Proactive Health Check,Usage optimization consultation,Bi-annual touchpoint,Phone Call + Usage Report,50,Stable but monitor for early decline signals.
SME-2024-00415,PT Sentosa Solusi Mandiri,Jasa Keuangan,Jakarta,Pelanggan Tetap,Menengah,63,5.925,1080197.0,1.0,12,65.0,71.3,24.4,71.3,Stable,85,0.177,Proactive Health Check,Usage optimization consultation,Bi-annual touchpoint,Phone Call + Usage Report,50,Stable but monitor for early decline signals.
SME-2024-00416,UD Bumi Cemerlang Lestari,Manufaktur,Semarang,Pelanggan Tetap,Mikro,4,1.9416666666666667,4626469.0,3.0,12,47.9,74.0,20.3,74.0,Stable,85,0.274,Proactive Health Check,Usage optimization consultation,Bi-annual touchpoint,Phone Call + Usage Report,50,Stable but monitor for early decline signals.
SME-2024-00417,Kios Abadi Makmur Pratama,Transportasi & Logistik,Bandar Lampung,Pelanggan Tetap,Mikro,2,4.75,2429181.0,1.0,12,54.0,82.2,16.0,82.2,Highly Stable,82,0.164,Upsell Premium Services,Invite to beta program / exclusive features,Quarterly business review,Executive Visit + Proposal,65,Strong loyalty foundation. Maximize lifetime value through expansion.
SME-2024-00418,PT Mitra Sinergi Jaya,Perdagangan Eceran,Bandar Lampung,Pelanggan Tetap,Menengah,90,3.1333333333333333,2045543.0,1.0,12,72.3,68.0,24.1,68.0,Stable,85,0.223,Proactive Health Check,Usage optimization consultation,Bi-annual touchpoint,Phone Call + Usage Report,50,Stable but monitor for early decline signals.
SME-2024-00419,CV Berkah Makmur Jaya,Jasa Keuangan,Semarang,Pelanggan Tetap,Kecil,14,5.933333333333334,5568412.0,2.0,12,50.0,66.0,23.8,66.0,Stable,85,0.343,Proactive Health Check,Usage optimization consultation,Bi-annual touchpoint,Phone Call + Usage Report,50,Stable but monitor for early decline signals.
SME-2024-00420,CV Sriwijaya Network Pratama,Media & Kreatif,Tangerang,Pelanggan Tetap,Kecil,5,1.7916666666666667,1497636.0,1.0,12,43.3,73.4,18.6,73.4,Stable,85,0.179,Proactive Health Check,Usage optimization consultation,Bi-annual touchpoint,Phone Call + Usage Report,50,Stable but monitor for early decline signals.
SME-2024-00421,Warung Bumi Cemerlang Jaya,Jasa Keuangan,Semarang,Pelanggan Tetap,Mikro,1,4.808333333333334,3385692.0,1.0,12,46.2,68.3,33.6,68.3,Stable,85,0.263,Proactive Health Check,Usage optimization consultation,Bi-annual touchpoint,Phone Call + Usage Report,50,Stable but monitor for early decline signals.
SME-2024-00422,UD Mandiri Pratama Mandiri,Kuliner & F&B,Tangerang,Pelanggan Tetap,Mikro,5,4.066666666666666,876521.0,1.0,12,50.2,78.7,17.0,78.7,Stable,85,0.134,Proactive Health Check,Usage optimization consultation,Bi-annual touchpoint,Phone Call + Usage Report,50,Stable but monitor for early decline signals.
SME-2024-00423,Toko Permata Indah,Manufaktur,Surabaya,Pelanggan Tetap,Kecil,14,2.3666666666666667,8622746.0,3.0,12,60.3,78.5,13.5,78.5,Stable,82,0.375,Proactive Health Check,Usage optimization consultation,Bi-annual touchpoint,Phone Call + Usage Report,50,Stable but monitor for early decline signals.
SME-2024-00424,PT Bumi Andalan,Kesehatan,Semarang,Pelanggan Tetap,Menengah,27,3.1916666666666664,1035045.0,1.0,12,53.7,70.2,23.1,70.2,Stable,85,0.181,Proactive Health Check,Usage optimization consultation,Bi-annual touchpoint,Phone Call + Usage Report,50,Stable but monitor for early decline signals.
SME-2024-00425,Toko Mega Sejahtera Abadi,Pendidikan & Training,Palembang,Pelanggan Tetap,Mikro,1,2.625,3122058.0,1.0,12,46.3,77.0,17.8,77.0,Stable,85,0.212,Proactive Health Check,Usage optimization consultation,Bi-annual touchpoint,Phone Call + Usage Report,50,Stable but monitor for early decline signals.
SME-2024-00426,Toko Mandiri Teknologi Lestari,Kuliner & F&B,Makassar,Pelanggan Tetap,Kecil,14,2.9416666666666664,838465.0,1.0,12,61.7,76.1,14.9,76.1,Stable,85,0.145,Proactive Health Check,Usage optimization consultation,Bi-annual touchpoint,Phone Call + Usage Report,50,Stable but monitor for early decline signals.
SME-2024-00427,PT Sriwijaya Optima Lestari,Media & Kreatif,Batam,Pelanggan Tetap,Menengah,81,1.9749999999999999,7453857.0,1.0,12,67.8,71.8,22.3,71.8,Stable,85,0.372,Proactive Health Check,Usage optimization consultation,Bi-annual touchpoint,Phone Call + Usage Report,50,Stable but monitor for early decline signals.
SME-2024-00428,UD Jaya Pratama Jaya,Properti & Real Estate,Malang,Pelanggan Tetap,Kecil,11,3.3333333333333335,8268041.0,1.0,12,49.0,70.6,21.1,70.6,Stable,85,0.403,Proactive Health Check,Usage optimization consultation,Bi-annual touchpoint,Phone Call + Usage Report,50,Stable but monitor for early decline signals.
SME-2024-00429,Kios Berkah Sinergi Sentosa,Kesehatan,Tangerang,Pelanggan Tetap,Mikro,3,3.783333333333333,1870680.0,1.0,12,52.4,82.3,15.5,82.3,Highly Stable,85,0.147,Upsell Premium Services,Invite to beta program / exclusive features,Quarterly business review,Executive Visit + Proposal,65,Strong loyalty foundation. Maximize lifetime value through expansion.
SME-2024-00430,CV Bukit Pratama Jaya,Properti & Real Estate,Yogyakarta,Pelanggan Tetap,Kecil,13,2.0416666666666665,4114970.0,1.0,12,47.6,75.5,16.6,75.5,Stable,85,0.25,Proactive Health Check,Usage optimization consultation,Bi-annual touchpoint,Phone Call + Usage Report,50,Stable but monitor for early decline signals.
SME-2024-00431,Toko Sumber Sakti Jaya,Konstruksi,Medan,Pelanggan Tetap,Kecil,14,6.466666666666666,8269449.0,1.0,12,61.7,86.4,12.0,86.4,Highly Stable,85,0.324,Upsell Premium Services,Invite to beta program / exclusive features,Quarterly business review,Executive Visit + Proposal,65,Strong loyalty foundation. Maximize lifetime value through expansion.
SME-2024-00432,Toko Karya Solusi Mandiri,Konstruksi,Bandung,Pelanggan Tetap,Kecil,13,3.466666666666667,5823595.0,1.0,12,60.9,75.5,18.0,75.5,Stable,85,0.303,Proactive Health Check,Usage optimization consultation,Bi-annual touchpoint,Phone Call + Usage Report,50,Stable but monitor for early decline signals.
SME-2024-00433,Toko Abadi Lestari Jaya,Jasa Keuangan,Batam,Pelanggan Tetap,Kecil,13,4.8,2869224.0,2.0,12,56.4,81.4,17.0,81.4,Highly Stable,82,0.182,Upsell Premium Services,Invite to beta program / exclusive features,Quarterly business review,Executive Visit + Proposal,65,Strong loyalty foundation. Maximize lifetime value through expansion.
SME-2024-00434,Warung Mitra Sakti,Teknologi Informasi,Batam,Pelanggan Tetap,Mikro,1,4.825,2972824.0,1.0,12,59.5,88.0,12.2,88.0,Highly Stable,82,0.152,Upsell Premium Services,Invite to beta program / exclusive features,Quarterly business review,Executive Visit + Proposal,65,Strong loyalty foundation. Maximize lifetime value through expansion.
SME-2024-00435,UD Tirta Teknologi Mandiri,Manufaktur,Palembang,Pelanggan Tetap,Mikro,1,2.783333333333333,743621.0,1.0,12,31.7,69.6,36.5,69.6,Stable,82,0.175,Proactive Health Check,Usage optimization consultation,Bi-annual touchpoint,Phone Call + Usage Report,50,Stable but monitor for early decline signals.
SME-2024-00436,Kios Berkah Solusi,Perdagangan Eceran,Semarang,Pelanggan Tetap,Mikro,5,4.483333333333333,7682462.0,2.0,12,59.0,83.8,14.4,83.8,Highly Stable,85,0.319,Upsell Premium Services,Invite to beta program / exclusive features,Quarterly business review,Executive Visit + Proposal,65,Strong loyalty foundation. Maximize lifetime value through expansion.
SME-2024-00437,PT Duta Sejahtera Pratama,Teknologi Informasi,Jakarta,Pelanggan Tetap,Menengah,62,2.4833333333333334,8814624.0,1.0,12,62.6,78.8,18.8,78.8,Stable,85,0.379,Proactive Health Check,Usage optimization consultation,Bi-annual touchpoint,Phone Call + Usage Report,50,Stable but monitor for early decline signals.
SME-2024-00438,PT Mega Teknologi Lestari,Kuliner & F&B,Denpasar,Pelanggan Tetap,Menengah,78,3.466666666666667,4509620.0,2.0,12,66.8,74.7,16.6,74.7,Stable,85,0.267,Proactive Health Check,Usage optimization consultation,Bi-annual touchpoint,Phone Call + Usage Report,50,Stable but monitor for early decline signals.
SME-2024-00439,CV Tirta Sakti Mandiri,Perdagangan Eceran,Batam,Pelanggan Tetap,Kecil,9,2.0,0.0,,12,67.8,73.8,10.5,73.8,Stable,77,0.131,Proactive Health Check,Usage optimization consultation,Bi-annual touchpoint,Phone Call + Usage Report,50,Stable but monitor for early decline signals.
SME-2024-00440,CV Sumber Makmur Mandiri,Perdagangan Eceran,Bandar Lampung,Pelanggan Tetap,Kecil,15,5.8999999999999995,3416062.0,1.0,12,66.0,83.8,15.4,83.8,Highly Stable,85,0.187,Upsell Premium Services,Invite to beta program / exclusive features,Quarterly business review,Executive Visit + Proposal,65,Strong loyalty foundation. Maximize lifetime value through expansion.
SME-2024-00441,PT Mandiri Mulia,Properti & Real Estate,Semarang,Pelanggan Tetap,Menengah,41,5.308333333333334,4202958.0,1.0,12,72.5,60.7,38.6,60.7,Stable,85,0.327,Proactive Health Check,Usage optimization consultation,Bi-annual touchpoint,Phone Call + Usage Report,50,Stable but monitor for early decline signals.
SME-2024-00442,Toko Mega Makmur Abadi,Kesehatan,Bandar Lampung,Pelanggan Tetap,Kecil,7,3.108333333333333,883019.0,1.0,12,59.7,75.3,17.2,75.3,Stable,85,0.151,Proactive Health Check,Usage optimization consultation,Bi-annual touchpoint,Phone Call + Usage Report,50,Stable but monitor for early decline signals.
SME-2024-00443,UD Tirta Mulia Sentosa,Kuliner & F&B,Malang,Pelanggan Tetap,Mikro,5,2.3833333333333333,1305205.0,1.0,12,50.0,71.6,19.7,71.6,Stable,85,0.183,Proactive Health Check,Usage optimization consultation,Bi-annual touchpoint,Phone Call + Usage Report,50,Stable but monitor for early decline signals.
SME-2024-00444,CV Abadi Digital Lestari,Teknologi Informasi,Medan,Pelanggan Tetap,Kecil,15,3.908333333333333,6975872.0,2.0,12,56.5,74.8,19.8,74.8,Stable,85,0.342,Proactive Health Check,Usage optimization consultation,Bi-annual touchpoint,Phone Call + Usage Report,50,Stable but monitor for early decline signals.
SME-2024-00445,Toko Abadi Teknologi Sentosa,Media & Kreatif,Batam,Pelanggan Tetap,Kecil,5,2.716666666666667,4371982.0,2.0,12,64.9,70.7,35.0,70.7,Stable,85,0.282,Proactive Health Check,Usage optimization consultation,Bi-annual touchpoint,Phone Call + Usage Report,50,Stable but monitor for early decline signals.
SME-2024-00446,Toko Mega Sinergi Sentosa,Perdagangan Eceran,Palembang,Pelanggan Tetap,Kecil,8,3.5583333333333336,754469.0,1.0,12,34.2,67.7,22.9,67.7,Stable,82,0.185,Proactive Health Check,Usage optimization consultation,Bi-annual touchpoint,Phone Call + Usage Report,50,Stable but monitor for early decline signals.
SME-2024-00447,UD Nusantara Bahagia Jaya,Media & Kreatif,Denpasar,Pelanggan Tetap,Mikro,2,2.891666666666667,7696286.0,2.0,12,62.4,76.3,19.2,76.3,Stable,85,0.357,Proactive Health Check,Usage optimization consultation,Bi-annual touchpoint,Phone Call + Usage Report,50,Stable but monitor for early decline signals.
SME-2024-00448,Toko Sriwijaya Utama Jaya,Properti & Real Estate,Yogyakarta,Pelanggan Tetap,Mikro,4,6.166666666666667,1887515.0,1.0,12,53.1,81.7,17.1,81.7,Highly Stable,85,0.15,Upsell Premium Services,Invite to beta program / exclusive features,Quarterly business review,Executive Visit + Proposal,65,Strong loyalty foundation. Maximize lifetime value through expansion.
SME-2024-00449,Toko Berkah Data Abadi,Pendidikan & Training,Denpasar,Pelanggan Tetap,Mikro,2,6.45,11688934.0,2.0,12,61.3,76.3,29.1,76.3,Stable,82,0.481,Proactive Health Check,Usage optimization consultation,Bi-annual touchpoint,Phone Call + Usage Report,50,Stable but monitor for early decline signals.
SME-2024-00450,Toko Sentosa Konektifitas Sentosa,Manufaktur,Makassar,Pelanggan Tetap,Kecil,10,2.9916666666666667,10055585.0,1.0,12,57.1,80.7,13.0,80.7,Highly Stable,85,0.408,Upsell Premium Services,Invite to beta program / exclusive features,Quarterly business review,Executive Visit + Proposal,65,Strong loyalty foundation. Maximize lifetime value through expansion.
SME-2024-00451,Toko Duta Teknologi Sentosa,Pendidikan & Training,Semarang,Pelanggan Tetap,Kecil,10,3.6750000000000003,2511609.0,1.0,12,63.4,71.3,18.0,71.3,Stable,85,0.221,Proactive Health Check,Usage optimization consultation,Bi-annual touchpoint,Phone Call + Usage Report,50,Stable but monitor for early decline signals.
SME-2024-00452,PT Karya Persada Sentosa,Konstruksi,Denpasar,Pelanggan Tetap,Besar,199,5.491666666666667,6177077.0,2.0,12,83.0,80.5,29.1,80.5,Highly Stable,85,0.289,Upsell Premium Services,Invite to beta program / exclusive features,Quarterly business review,Executive Visit + Proposal,65,Strong loyalty foundation. Maximize lifetime value through expansion.
SME-2024-00453,Kios Citra Sinergi Abadi,Media & Kreatif,Tangerang,Pelanggan Tetap,Mikro,5,2.1999999999999997,2669525.0,1.0,12,55.8,77.6,17.3,77.6,Stable,85,0.195,Proactive Health Check,Usage optimization consultation,Bi-annual touchpoint,Phone Call + Usage Report,50,Stable but monitor for early decline signals.
SME-2024-00454,CV Mandiri Teknologi Sentosa,Perdagangan Eceran,Surabaya,Pelanggan Tetap,Menengah,84,2.25,6257865.0,3.0,12,56.0,61.8,27.0,61.8,Stable,85,0.385,Proactive Health Check,Usage optimization consultation,Bi-annual touchpoint,Phone Call + Usage Report,50,Stable but monitor for early decline signals.
SME-2024-00455,UD Karya Sejahtera Mandiri,Jasa Keuangan,Palembang,Pelanggan Tetap,Mikro,4,6.058333333333334,526522.0,1.0,12,47.8,73.0,20.8,73.0,Stable,85,0.151,Proactive Health Check,Usage optimization consultation,Bi-annual touchpoint,Phone Call + Usage Report,50,Stable but monitor for early decline signals.
SME-2024-00456,UD Tirta Bahagia Abadi,Manufaktur,Medan,Pelanggan Tetap,Kecil,6,1.625,3791656.0,1.0,12,62.3,84.6,12.7,84.6,Highly Stable,82,0.195,Upsell Premium Services,Invite to beta program / exclusive features,Quarterly business review,Executive Visit + Proposal,65,Strong loyalty foundation. Maximize lifetime value through expansion.
SME-2024-00457,Warung Duta Konektifitas Pratama,Konstruksi,Yogyakarta,Pelanggan Tetap,Mikro,1,2.5166666666666666,1760059.0,1.0,12,58.3,81.3,12.4,81.3,Highly Stable,85,0.148,Upsell Premium Services,Invite to beta program / exclusive features,Quarterly business review,Executive Visit + Proposal,65,Strong loyalty foundation. Maximize lifetime value through expansion.
SME-2024-00458,CV Surya Utama Abadi,Pendidikan & Training,Bandar Lampung,Pelanggan Tetap,Kecil,17,2.058333333333333,4201540.0,1.0,12,49.9,63.5,17.4,63.5,Stable,80,0.313,Proactive Health Check,Usage optimization consultation,Bi-annual touchpoint,Phone Call + Usage Report,50,Stable but monitor for early decline signals.
SME-2024-00459,Warung Duta Andalan,Teknologi Informasi,Yogyakarta,Pelanggan Tetap,Mikro,5,5.283333333333333,4301297.0,1.0,12,47.9,79.2,20.6,79.2,Stable,85,0.237,Proactive Health Check,Usage optimization consultation,Bi-annual touchpoint,Phone Call + Usage Report,50,Stable but monitor for early decline signals.
SME-2024-00460,Warung Bukit Makmur Sentosa,Media & Kreatif,Bandar Lampung,Pelanggan Tetap,Mikro,3,4.716666666666667,1863136.0,1.0,12,52.3,66.9,19.2,66.9,Stable,85,0.223,Proactive Health Check,Usage optimization consultation,Bi-annual touchpoint,Phone Call + Usage Report,50,Stable but monitor for early decline signals.
SME-2024-00461,UD Jaya Sinergi Pratama,Transportasi & Logistik,Denpasar,Pelanggan Tetap,Kecil,17,2.35,2267721.0,1.0,12,53.4,70.3,12.6,70.3,Stable,85,0.219,Proactive Health Check,Usage optimization consultation,Bi-annual touchpoint,Phone Call + Usage Report,50,Stable but monitor for early decline signals.
SME-2024-00462,CV Citra Digital Mandiri,Pendidikan & Training,Denpasar,Pelanggan Tetap,Menengah,100,2.8166666666666664,2295136.0,1.0,12,80.6,78.2,16.9,78.2,Stable,82,0.18,Proactive Health Check,Usage optimization consultation,Bi-annual touchpoint,Phone Call + Usage Report,50,Stable but monitor for early decline signals.
SME-2024-00463,PT Sentosa Solusi Pratama,Perdagangan Eceran,Makassar,Pelanggan Tetap,Menengah,73,3.841666666666667,1264198.0,1.0,12,58.3,74.1,22.2,74.1,Stable,85,0.169,Proactive Health Check,Usage optimization consultation,Bi-annual touchpoint,Phone Call + Usage Report,50,Stable but monitor for early decline signals.
SME-2024-00464,PT Mitra Cemerlang Mandiri,Media & Kreatif,Bandar Lampung,Pelanggan Tetap,Menengah,59,3.5083333333333333,6533330.0,2.0,12,75.3,83.8,11.8,83.8,Highly Stable,82,0.284,Upsell Premium Services,Invite to beta program / exclusive features,Quarterly business review,Executive Visit + Proposal,65,Strong loyalty foundation. Maximize lifetime value through expansion.
SME-2024-00465,CV Duta Network Abadi,Pertanian & Agribisnis,Makassar,Pelanggan Tetap,Kecil,15,2.875,623797.0,1.0,12,60.3,72.7,18.8,72.7,Stable,85,0.156,Proactive Health Check,Usage optimization consultation,Bi-annual touchpoint,Phone Call + Usage Report,50,Stable but monitor for early decline signals.
SME-2024-00466,Toko Surya Sejahtera Pratama,Jasa Keuangan,Medan,Pelanggan Tetap,Kecil,7,3.725,3610155.0,2.0,12,33.3,65.6,39.9,65.6,Stable,85,0.284,Proactive Health Check,Usage optimization consultation,Bi-annual touchpoint,Phone Call + Usage Report,50,Stable but monitor for early decline signals.
SME-2024-00467,CV Jaya Lestari Lestari,Media & Kreatif,Batam,Pelanggan Tetap,Kecil,5,3.2416666666666667,1765819.0,1.0,12,55.9,69.5,20.4,69.5,Stable,85,0.207,Proactive Health Check,Usage optimization consultation,Bi-annual touchpoint,Phone Call + Usage Report,50,Stable but monitor for early decline signals.
SME-2024-00468,Warung Berkah Optima,Kesehatan,Bandung,Pelanggan Tetap,Mikro,3,5.908333333333334,5879340.0,2.0,12,42.9,76.6,34.5,76.6,Stable,85,0.299,Proactive Health Check,Usage optimization consultation,Bi-annual touchpoint,Phone Call + Usage Report,50,Stable but monitor for early decline signals.
SME-2024-00469,CV Bumi Andalan Jaya,Teknologi Informasi,Semarang,Pelanggan Tetap,Menengah,65,5.133333333333334,8034348.0,1.0,12,71.2,82.5,18.2,82.5,Highly Stable,85,0.336,Upsell Premium Services,Invite to beta program / exclusive features,Quarterly business review,Executive Visit + Proposal,65,Strong loyalty foundation. Maximize lifetime value through expansion.
SME-2024-00470,CV Bumi Solusi Abadi,Kesehatan,Semarang,Pelanggan Tetap,Menengah,99,3.6833333333333336,2780573.0,1.0,12,64.0,66.6,21.2,66.6,Stable,85,0.253,Proactive Health Check,Usage optimization consultation,Bi-annual touchpoint,Phone Call + Usage Report,50,Stable but monitor for early decline signals.
SME-2024-00471,PT Jaya Sinergi Lestari,Kesehatan,Tangerang,Pelanggan Tetap,Menengah,41,4.383333333333334,4360063.0,1.0,12,50.7,71.9,33.1,71.9,Stable,85,0.276,Proactive Health Check,Usage optimization consultation,Bi-annual touchpoint,Phone Call + Usage Report,50,Stable but monitor for early decline signals.
SME-2024-00472,Toko Tirta Mulia,Kesehatan,Denpasar,Pelanggan Tetap,Kecil,13,2.6083333333333334,3251863.0,1.0,12,47.0,77.8,15.1,77.8,Stable,82,0.212,Proactive Health Check,Usage optimization consultation,Bi-annual touchpoint,Phone Call + Usage Report,50,Stable but monitor for early decline signals.
SME-2024-00473,Warung Abadi Optima Sentosa,Properti & Real Estate,Tangerang,Pelanggan Tetap,Mikro,5,2.8333333333333335,1499753.0,1.0,12,47.9,75.6,19.3,75.6,Stable,85,0.169,Proactive Health Check,Usage optimization consultation,Bi-annual touchpoint,Phone Call + Usage Report,50,Stable but monitor for early decline signals.
SME-2024-00474,Toko Abadi Lestari Pratama,Kuliner & F&B,Yogyakarta,Pelanggan Tetap,Mikro,1,5.941666666666666,1957483.0,1.0,12,54.3,75.0,18.0,75.0,Stable,85,0.186,Proactive Health Check,Usage optimization consultation,Bi-annual touchpoint,Phone Call + Usage Report,50,Stable but monitor for early decline signals.
SME-2024-00475,Warung Mega Bahagia,Konstruksi,Denpasar,Pelanggan Tetap,Mikro,4,1.7916666666666667,0.0,,12,46.0,66.4,20.6,66.4,Stable,80,0.168,Proactive Health Check,Usage optimization consultation,Bi-annual touchpoint,Phone Call + Usage Report,50,Stable but monitor for early decline signals.
SME-2024-00476,Warung Mega Indah,Manufaktur,Malang,Pelanggan Tetap,Mikro,3,4.625,6693733.0,1.0,12,64.6,71.9,19.7,71.9,Stable,85,0.348,Proactive Health Check,Usage optimization consultation,Bi-annual touchpoint,Phone Call + Usage Report,50,Stable but monitor for early decline signals.
SME-2024-00477,Kios Surya Utama,Pertanian & Agribisnis,Bandar Lampung,Pelanggan Tetap,Mikro,1,4.1000000000000005,5282862.0,1.0,12,44.3,72.5,20.9,72.5,Stable,85,0.301,Proactive Health Check,Usage optimization consultation,Bi-annual touchpoint,Phone Call + Usage Report,50,Stable but monitor for early decline signals.
SME-2024-00478,Toko Bumi Persada Lestari,Manufaktur,Bandar Lampung,Pelanggan Tetap,Kecil,7,5.25,1984762.0,1.0,12,50.0,75.9,24.7,75.9,Stable,85,0.182,Proactive Health Check,Usage optimization consultation,Bi-annual touchpoint,Phone Call + Usage Report,50,Stable but monitor for early decline signals.
SME-2024-00479,CV Sumber Konektifitas Lestari,Teknologi Informasi,Bandung,Pelanggan Tetap,Kecil,20,2.15,1365793.0,1.0,12,56.7,73.8,18.7,73.8,Stable,85,0.173,Proactive Health Check,Usage optimization consultation,Bi-annual touchpoint,Phone Call + Usage Report,50,Stable but monitor for early decline signals.
SME-2024-00480,CV Tirta Indah Lestari,Transportasi & Logistik,Bandar Lampung,Pelanggan Tetap,Menengah,68,6.45,2379557.0,1.0,12,66.0,71.4,18.9,71.4,Stable,85,0.217,Proactive Health Check,Usage optimization consultation,Bi-annual touchpoint,Phone Call + Usage Report,50,Stable but monitor for early decline signals.
SME-2024-00481,Toko Citra Solusi Sentosa,Manufaktur,Jakarta,Pelanggan Tetap,Kecil,13,1.9416666666666667,1584863.0,1.0,12,53.7,66.7,19.6,66.7,Stable,85,0.216,Proactive Health Check,Usage optimization consultation,Bi-annual touchpoint,Phone Call + Usage Report,50,Stable but monitor for early decline signals.
SME-2024-00482,CV Surya Data Jaya,Pendidikan & Training,Tangerang,Pelanggan Tetap,Kecil,13,3.3083333333333336,561896.0,1.0,12,47.1,73.1,30.4,73.1,Stable,85,0.152,Proactive Health Check,Usage optimization consultation,Bi-annual touchpoint,Phone Call + Usage Report,50,Stable but monitor for early decline signals.
SME-2024-00483,CV Sumber Utama Mandiri,Teknologi Informasi,Tangerang,Pelanggan Tetap,Kecil,10,4.066666666666666,1905608.0,1.0,12,52.5,80.9,12.1,80.9,Highly Stable,85,0.154,Upsell Premium Services,Invite to beta program / exclusive features,Quarterly business review,Executive Visit + Proposal,65,Strong loyalty foundation. Maximize lifetime value through expansion.
SME-2024-00484,CV Karya Optima,Pendidikan & Training,Surabaya,Pelanggan Tetap,Menengah,72,1.8583333333333334,2170175.0,1.0,12,66.8,80.0,17.1,80.0,Stable,85,0.168,Proactive Health Check,Usage optimization consultation,Bi-annual touchpoint,Phone Call + Usage Report,50,Stable but monitor for early decline signals.
SME-2024-00485,UD Garuda Data Abadi,Properti & Real Estate,Bandar Lampung,Pelanggan Tetap,Kecil,10,2.9333333333333336,10634048.0,1.0,12,57.1,77.1,21.5,77.1,Stable,85,0.444,Proactive Health Check,Usage optimization consultation,Bi-annual touchpoint,Phone Call + Usage Report,50,Stable but monitor for early decline signals.
SME-2024-00486,Toko Sriwijaya Solusi Lestari,Properti & Real Estate,Bandar Lampung,Pelanggan Tetap,Kecil,17,3.7583333333333333,6099298.0,1.0,12,59.1,71.2,34.2,71.2,Stable,85,0.333,Proactive Health Check,Usage optimization consultation,Bi-annual touchpoint,Phone Call + Usage Report,50,Stable but monitor for early decline signals.
SME-2024-00487,PT Bumi Makmur Mandiri,Jasa Keuangan,Tangerang,Pelanggan Tetap,Menengah,97,6.175,0.0,,12,66.6,69.0,22.4,69.0,Stable,80,0.155,Proactive Health Check,Usage optimization consultation,Bi-annual touchpoint,Phone Call + Usage Report,50,Stable but monitor for early decline signals.
SME-2024-00488,UD Mandiri Andalan Mandiri,Konstruksi,Palembang,Pelanggan Tetap,Kecil,15,5.591666666666666,726089.0,1.0,12,65.2,81.1,16.6,81.1,Highly Stable,85,0.117,Upsell Premium Services,Invite to beta program / exclusive features,Quarterly business review,Executive Visit + Proposal,65,Strong loyalty foundation. Maximize lifetime value through expansion.
SME-2024-00489,CV Tirta Utama Pratama,Konstruksi,Bandung,Pelanggan Tetap,Menengah,80,5.6000000000000005,5310075.0,2.0,12,69.5,74.8,23.8,74.8,Stable,85,0.291,Proactive Health Check,Usage optimization consultation,Bi-annual touchpoint,Phone Call + Usage Report,50,Stable but monitor for early decline signals.
SME-2024-00490,Kios Karya Pratama Lestari,Properti & Real Estate,Semarang,Pelanggan Tetap,Mikro,2,3.6833333333333336,1929909.0,1.0,12,55.3,80.4,15.5,80.4,Highly Stable,85,0.158,Upsell Premium Services,Invite to beta program / exclusive features,Quarterly business review,Executive Visit + Proposal,65,Strong loyalty foundation. Maximize lifetime value through expansion.
SME-2024-00491,PT Bintang Indah Pratama,Pendidikan & Training,Yogyakarta,Pelanggan Tetap,Menengah,25,3.9250000000000003,8876523.0,2.0,12,53.9,65.5,23.3,65.5,Stable,85,0.448,Proactive Health Check,Usage optimization consultation,Bi-annual touchpoint,Phone Call + Usage Report,50,Stable but monitor for early decline signals.
SME-2024-00492,Toko Berkah Sejahtera Abadi,Teknologi Informasi,Palembang,Pelanggan Tetap,Kecil,10,6.3500000000000005,6575414.0,2.0,12,27.4,80.2,21.0,80.2,Highly Stable,85,0.303,Upsell Premium Services,Invite to beta program / exclusive features,Quarterly business review,Executive Visit + Proposal,65,Strong loyalty foundation. Maximize lifetime value through expansion.
SME-2024-00493,PT Permata Cemerlang Sentosa,Pertanian & Agribisnis,Denpasar,Pelanggan Tetap,Menengah,78,3.158333333333333,1793781.0,2.0,12,68.7,77.6,15.9,77.6,Stable,85,0.168,Proactive Health Check,Usage optimization consultation,Bi-annual touchpoint,Phone Call + Usage Report,50,Stable but monitor for early decline signals.
SME-2024-00494,Toko Bintang Bahagia Pratama,Konstruksi,Bandung,Pelanggan Tetap,Mikro,1,4.841666666666667,3738359.0,2.0,12,35.0,61.7,24.9,61.7,Stable,85,0.307,Proactive Health Check,Usage optimization consultation,Bi-annual touchpoint,Phone Call + Usage Report,50,Stable but monitor for early decline signals.
SME-2024-00495,Toko Bukit Solusi Sentosa,Media & Kreatif,Malang,Pelanggan Tetap,Kecil,19,2.858333333333333,4734144.0,1.0,12,65.4,64.2,37.1,64.2,Stable,85,0.326,Proactive Health Check,Usage optimization consultation,Bi-annual touchpoint,Phone Call + Usage Report,50,Stable but monitor for early decline signals.
SME-2024-00496,CV Permata Digital Lestari,Pendidikan & Training,Tangerang,Pelanggan Tetap,Kecil,11,3.85,2052537.0,1.0,12,62.6,82.9,12.5,82.9,Highly Stable,85,0.149,Upsell Premium Services,Invite to beta program / exclusive features,Quarterly business review,Executive Visit + Proposal,65,Strong loyalty foundation. Maximize lifetime value through expansion.
SME-2024-00497,Warung Duta Sejahtera,Transportasi & Logistik,Yogyakarta,Pelanggan Tetap,Mikro,4,3.766666666666667,10607611.0,1.0,12,43.0,61.8,26.8,61.8,Stable,85,0.52,Proactive Health Check,Usage optimization consultation,Bi-annual touchpoint,Phone Call + Usage Report,50,Stable but monitor for early decline signals.
SME-2024-00498,PT Nusantara Persada Lestari,Jasa Keuangan,Malang,Pelanggan Tetap,Menengah,40,4.466666666666667,2704223.0,1.0,12,57.0,73.4,19.7,73.4,Stable,85,0.217,Proactive Health Check,Usage optimization consultation,Bi-annual touchpoint,Phone Call + Usage Report,50,Stable but monitor for early decline signals.
SME-2024-00499,CV Mega Network Sentosa,Kesehatan,Malang,Pelanggan Tetap,Menengah,78,1.625,1957331.0,1.0,12,59.9,58.0,22.5,58.0,At Risk,85,0.27,Retention Intervention Call,Personalized discount or service upgrade offer,Immediate (within 48 hours),Senior Manager Phone Call + WhatsApp,40,Stability score declining. Act before entering Berisiko segment.
SME-2024-00500,CV Jaya Network Abadi,Transportasi & Logistik,Bandar Lampung,Pelanggan Tetap,Kecil,5,2.3833333333333333,5597650.0,2.0,12,56.6,69.3,19.1,69.3,Stable,85,0.327,Proactive Health Check,Usage optimization consultation,Bi-annual touchpoint,Phone Call + Usage Report,50,Stable but monitor for early decline signals.
SME-2024-00501,Toko Bumi Makmur Lestari,Perdagangan Eceran,Makassar,Pelanggan Tetap,Kecil,19,6.125,4965278.0,1.0,12,49.6,79.0,21.2,79.0,Stable,85,0.259,Proactive Health Check,Usage optimization consultation,Bi-annual touchpoint,Phone Call + Usage Report,50,Stable but monitor for early decline signals.
SME-2024-00502,Kios Surya Sinergi Sentosa,Teknologi Informasi,Surabaya,Pelanggan Tetap,Mikro,5,2.8666666666666667,3269158.0,1.0,12,40.7,83.3,10.4,83.3,Highly Stable,85,0.185,Upsell Premium Services,Invite to beta program / exclusive features,Quarterly business review,Executive Visit + Proposal,65,Strong loyalty foundation. Maximize lifetime value through expansion.
SME-2024-00503,Toko Tirta Sejahtera,Perdagangan Eceran,Bandar Lampung,Pelanggan Tetap,Mikro,3,5.491666666666667,8076474.0,1.0,12,46.4,86.1,12.9,86.1,Highly Stable,82,0.32,Upsell Premium Services,Invite to beta program / exclusive features,Quarterly business review,Executive Visit + Proposal,65,Strong loyalty foundation. Maximize lifetime value through expansion.
SME-2024-00504,PT Bumi Sinergi Jaya,Kesehatan,Yogyakarta,Pelanggan Tetap,Menengah,48,5.8500000000000005,4878918.0,1.0,12,60.7,75.9,19.2,75.9,Stable,85,0.272,Proactive Health Check,Usage optimization consultation,Bi-annual touchpoint,Phone Call + Usage Report,50,Stable but monitor for early decline signals.
SME-2024-00505,CV Surya Andalan Mandiri,Konstruksi,Bandung,Pelanggan Tetap,Menengah,74,3.2583333333333333,2786690.0,1.0,12,76.2,70.7,34.0,70.7,Stable,85,0.233,Proactive Health Check,Usage optimization consultation,Bi-annual touchpoint,Phone Call + Usage Report,50,Stable but monitor for early decline signals.
SME-2024-00506,Toko Bintang Network Pratama,Konstruksi,Yogyakarta,Pelanggan Tetap,Kecil,14,4.591666666666667,7467321.0,1.0,12,55.2,71.9,19.1,71.9,Stable,85,0.372,Proactive Health Check,Usage optimization consultation,Bi-annual touchpoint,Phone Call + Usage Report,50,Stable but monitor for early decline signals.
SME-2024-00507,Toko Bukit Network,Properti & Real Estate,Makassar,Pelanggan Tetap,Kecil,16,2.2333333333333334,7810076.0,3.0,12,52.6,67.9,21.2,67.9,Stable,85,0.402,Proactive Health Check,Usage optimization consultation,Bi-annual touchpoint,Phone Call + Usage Report,50,Stable but monitor for early decline signals.
SME-2024-00508,Toko Karya Bahagia Sentosa,Properti & Real Estate,Makassar,Pelanggan Tetap,Kecil,20,3.7583333333333333,1805079.0,1.0,12,47.9,75.8,21.1,75.8,Stable,85,0.177,Proactive Health Check,Usage optimization consultation,Bi-annual touchpoint,Phone Call + Usage Report,50,Stable but monitor for early decline signals.
SME-2024-00509,CV Bukit Konektifitas Jaya,Teknologi Informasi,Bandar Lampung,Pelanggan Tetap,Menengah,33,2.65,7970897.0,2.0,12,63.6,60.1,38.8,60.1,Stable,85,0.447,Proactive Health Check,Usage optimization consultation,Bi-annual touchpoint,Phone Call + Usage Report,50,Stable but monitor for early decline signals.
SME-2024-00510,Warung Surya Konektifitas Pratama,Media & Kreatif,Jakarta,Pelanggan Tetap,Mikro,4,4.6000000000000005,3196028.0,2.0,12,43.8,76.3,18.0,76.3,Stable,82,0.217,Proactive Health Check,Usage optimization consultation,Bi-annual touchpoint,Phone Call + Usage Report,50,Stable but monitor for early decline signals.
SME-2024-00511,PT Permata Optima Abadi,Pendidikan & Training,Malang,Pelanggan Tetap,Besar,329,4.066666666666666,3605698.0,1.0,12,55.4,71.5,25.2,71.5,Stable,85,0.254,Proactive Health Check,Usage optimization consultation,Bi-annual touchpoint,Phone Call + Usage Report,50,Stable but monitor for early decline signals.
SME-2024-00512,Toko Nusantara Mulia Mandiri,Perdagangan Eceran,Denpasar,Pelanggan Tetap,Kecil,12,3.283333333333333,6989455.0,1.0,12,53.2,82.4,13.5,82.4,Highly Stable,85,0.304,Upsell Premium Services,Invite to beta program / exclusive features,Quarterly business review,Executive Visit + Proposal,65,Strong loyalty foundation. Maximize lifetime value through expansion.
SME-2024-00513,Kios Sriwijaya Andalan,Manufaktur,Jakarta,Pelanggan Tetap,Mikro,3,3.75,2753658.0,1.0,12,49.5,70.2,15.9,70.2,Stable,82,0.234,Proactive Health Check,Usage optimization consultation,Bi-annual touchpoint,Phone Call + Usage Report,50,Stable but monitor for early decline signals.
SME-2024-00514,Kios Karya Makmur Mandiri,Konstruksi,Bandar Lampung,Pelanggan Tetap,Mikro,2,6.483333333333333,676111.0,1.0,12,58.1,85.7,11.2,85.7,Highly Stable,85,0.092,Upsell Premium Services,Invite to beta program / exclusive features,Quarterly business review,Executive Visit + Proposal,65,Strong loyalty foundation. Maximize lifetime value through expansion.
SME-2024-00515,Toko Mega Andalan Pratama,Transportasi & Logistik,Batam,Pelanggan Tetap,Kecil,11,5.125,0.0,,12,49.1,68.6,19.7,68.6,Stable,80,0.157,Proactive Health Check,Usage optimization consultation,Bi-annual touchpoint,Phone Call + Usage Report,50,Stable but monitor for early decline signals.
SME-2024-00516,UD Garuda Digital Mandiri,Teknologi Informasi,Denpasar,Pelanggan Tetap,Kecil,16,4.4750000000000005,0.0,,12,47.6,74.8,14.3,74.8,Stable,80,0.126,Proactive Health Check,Usage optimization consultation,Bi-annual touchpoint,Phone Call + Usage Report,50,Stable but monitor for early decline signals.
SME-2024-00517,Toko Jaya Bahagia Pratama,Konstruksi,Semarang,Pelanggan Tetap,Mikro,3,4.508333333333334,14525255.0,2.0,12,51.0,73.9,22.5,73.9,Stable,85,0.581,Proactive Health Check,Usage optimization consultation,Bi-annual touchpoint,Phone Call + Usage Report,50,Stable but monitor for early decline signals.
SME-2024-00518,PT Nusantara Sakti Pratama,Properti & Real Estate,Bandar Lampung,Pelanggan Tetap,Besar,494,2.4583333333333335,3569975.0,2.0,12,80.9,74.3,17.0,74.3,Stable,85,0.239,Proactive Health Check,Usage optimization consultation,Bi-annual touchpoint,Phone Call + Usage Report,50,Stable but monitor for early decline signals.
SME-2024-00519,Toko Bumi Indah Pratama,Kuliner & F&B,Tangerang,Pelanggan Tetap,Mikro,5,5.425,2388398.0,1.0,12,55.2,79.9,15.2,79.9,Stable,85,0.175,Proactive Health Check,Usage optimization consultation,Bi-annual touchpoint,Phone Call + Usage Report,50,Stable but monitor for early decline signals.
SME-2024-00520,Toko Mandiri Network Sentosa,Jasa Keuangan,Yogyakarta,Pelanggan Tetap,Mikro,2,5.308333333333334,995399.0,1.0,12,60.5,67.5,21.6,67.5,Stable,85,0.193,Proactive Health Check,Usage optimization consultation,Bi-annual touchpoint,Phone Call + Usage Report,50,Stable but monitor for early decline signals.
SME-2024-00521,CV Abadi Lestari Abadi,Konstruksi,Malang,Pelanggan Tetap,Menengah,43,4.633333333333334,683519.0,1.0,12,61.0,72.4,24.2,72.4,Stable,85,0.159,Proactive Health Check,Usage optimization consultation,Bi-annual touchpoint,Phone Call + Usage Report,50,Stable but monitor for early decline signals.
SME-2024-00522,CV Citra Bahagia Jaya,Pertanian & Agribisnis,Palembang,Pelanggan Tetap,Kecil,9,1.7666666666666666,4277424.0,1.0,12,61.2,79.6,14.8,79.6,Stable,82,0.235,Proactive Health Check,Usage optimization consultation,Bi-annual touchpoint,Phone Call + Usage Report,50,Stable but monitor for early decline signals.
SME-2024-00523,CV Sumber Network Mandiri,Properti & Real Estate,Medan,Pelanggan Tetap,Kecil,5,4.041666666666667,8641644.0,2.0,12,61.1,77.1,30.2,77.1,Stable,85,0.382,Proactive Health Check,Usage optimization consultation,Bi-annual touchpoint,Phone Call + Usage Report,50,Stable but monitor for early decline signals.
SME-2024-00524,PT Tirta Utama Pratama,Transportasi & Logistik,Palembang,Pelanggan Tetap,Menengah,96,6.283333333333334,2859882.0,2.0,12,69.5,78.8,20.1,78.8,Stable,85,0.195,Proactive Health Check,Usage optimization consultation,Bi-annual touchpoint,Phone Call + Usage Report,50,Stable but monitor for early decline signals.
SME-2024-00525,UD Garuda Indah Jaya,Pertanian & Agribisnis,Malang,Pelanggan Tetap,Kecil,6,1.6083333333333334,2987459.0,1.0,12,60.6,70.4,19.7,70.4,Stable,85,0.241,Proactive Health Check,Usage optimization consultation,Bi-annual touchpoint,Phone Call + Usage Report,50,Stable but monitor for early decline signals.
SME-2024-00526,Warung Nusantara Optima Lestari,Transportasi & Logistik,Semarang,Pelanggan Tetap,Mikro,3,4.908333333333333,4036654.0,2.0,12,54.7,82.9,13.1,82.9,Highly Stable,85,0.211,Upsell Premium Services,Invite to beta program / exclusive features,Quarterly business review,Executive Visit + Proposal,65,Strong loyalty foundation. Maximize lifetime value through expansion.
SME-2024-00527,UD Mandiri Indah Jaya,Pertanian & Agribisnis,Denpasar,Pelanggan Tetap,Kecil,15,6.116666666666667,1172256.0,1.0,12,59.7,70.5,38.3,70.5,Stable,85,0.184,Proactive Health Check,Usage optimization consultation,Bi-annual touchpoint,Phone Call + Usage Report,50,Stable but monitor for early decline signals.
SME-2024-00528,Kios Berkah Makmur Lestari,Perdagangan Eceran,Bandar Lampung,Pelanggan Tetap,Mikro,5,3.5,1541901.0,1.0,12,44.0,81.8,15.7,81.8,Highly Stable,85,0.139,Upsell Premium Services,Invite to beta program / exclusive features,Quarterly business review,Executive Visit + Proposal,65,Strong loyalty foundation. Maximize lifetime value through expansion.
SME-2024-00529,UD Jaya Digital Mandiri,Transportasi & Logistik,Bandar Lampung,Pelanggan Tetap,Kecil,20,2.533333333333333,8167710.0,2.0,12,47.8,68.1,22.1,68.1,Stable,85,0.413,Proactive Health Check,Usage optimization consultation,Bi-annual touchpoint,Phone Call + Usage Report,50,Stable but monitor for early decline signals.
SME-2024-00530,Warung Abadi Andalan Jaya,Teknologi Informasi,Makassar,Pelanggan Tetap,Mikro,5,2.2583333333333333,1845460.0,1.0,12,47.4,64.1,18.9,64.1,Stable,85,0.237,Proactive Health Check,Usage optimization consultation,Bi-annual touchpoint,Phone Call + Usage Report,50,Stable but monitor for early decline signals.
SME-2024-00531,CV Permata Optima,Transportasi & Logistik,Medan,Pelanggan Tetap,Menengah,68,5.991666666666667,1136460.0,1.0,12,60.7,81.2,16.8,81.2,Highly Stable,85,0.129,Upsell Premium Services,Invite to beta program / exclusive features,Quarterly business review,Executive Visit + Proposal,65,Strong loyalty foundation. Maximize lifetime value through expansion.
SME-2024-00532,CV Citra Konektifitas Lestari,Teknologi Informasi,Medan,Pelanggan Tetap,Kecil,12,4.441666666666666,2094508.0,1.0,12,54.4,82.2,16.5,82.2,Highly Stable,85,0.154,Upsell Premium Services,Invite to beta program / exclusive features,Quarterly business review,Executive Visit + Proposal,65,Strong loyalty foundation. Maximize lifetime value through expansion.
SME-2024-00533,CV Duta Optima,Transportasi & Logistik,Bandar Lampung,Pelanggan Tetap,Menengah,47,5.641666666666667,3599280.0,1.0,12,58.4,84.1,14.0,84.1,Highly Stable,85,0.191,Upsell Premium Services,Invite to beta program / exclusive features,Quarterly business review,Executive Visit + Proposal,65,Strong loyalty foundation. Maximize lifetime value through expansion.
SME-2024-00534,CV Bukit Solusi Sentosa,Transportasi & Logistik,Bandung,Pelanggan Tetap,Menengah,32,1.5083333333333335,976722.0,1.0,12,74.3,79.6,13.3,79.6,Stable,85,0.132,Proactive Health Check,Usage optimization consultation,Bi-annual touchpoint,Phone Call + Usage Report,50,Stable but monitor for early decline signals.
SME-2024-00535,CV Nusantara Sinergi Pratama,Kesehatan,Palembang,Pelanggan Tetap,Kecil,14,4.7749999999999995,7820907.0,2.0,12,44.0,62.7,24.5,62.7,Stable,85,0.429,Proactive Health Check,Usage optimization consultation,Bi-annual touchpoint,Phone Call + Usage Report,50,Stable but monitor for early decline signals.
SME-2024-00536,CV Sriwijaya Persada Jaya,Kesehatan,Palembang,Pelanggan Tetap,Menengah,73,3.25,0.0,,12,69.6,75.1,27.4,75.1,Stable,77,0.124,Proactive Health Check,Usage optimization consultation,Bi-annual touchpoint,Phone Call + Usage Report,50,Stable but monitor for early decline signals.
SME-2024-00537,PT Surya Teknologi Jaya,Pertanian & Agribisnis,Surabaya,Pelanggan Tetap,Besar,336,5.591666666666666,1642722.0,1.0,12,75.4,74.6,21.6,74.6,Stable,85,0.178,Proactive Health Check,Usage optimization consultation,Bi-annual touchpoint,Phone Call + Usage Report,50,Stable but monitor for early decline signals.
SME-2024-00538,Kios Bintang Persada Mandiri,Properti & Real Estate,Bandar Lampung,Pelanggan Tetap,Mikro,3,4.391666666666667,4002265.0,2.0,12,45.6,82.8,13.8,82.8,Highly Stable,85,0.21,Upsell Premium Services,Invite to beta program / exclusive features,Quarterly business review,Executive Visit + Proposal,65,Strong loyalty foundation. Maximize lifetime value through expansion.
SME-2024-00539,PT Nusantara Lestari Sentosa,Konstruksi,Jakarta,Pelanggan Tetap,Menengah,56,3.158333333333333,1239958.0,1.0,12,73.9,67.0,24.8,67.0,Stable,85,0.203,Proactive Health Check,Usage optimization consultation,Bi-annual touchpoint,Phone Call + Usage Report,50,Stable but monitor for early decline signals.
SME-2024-00540,CV Tirta Makmur Mandiri,Pendidikan & Training,Medan,Pelanggan Tetap,Kecil,5,3.8166666666666664,2792544.0,1.0,12,51.8,83.2,16.6,83.2,Highly Stable,85,0.171,Upsell Premium Services,Invite to beta program / exclusive features,Quarterly business review,Executive Visit + Proposal,65,Strong loyalty foundation. Maximize lifetime value through expansion.
SME-2024-00541,Warung Sentosa Solusi Sentosa,Media & Kreatif,Bandar Lampung,Pelanggan Tetap,Mikro,4,1.9833333333333334,2104917.0,1.0,12,48.8,67.5,18.2,67.5,Stable,85,0.228,Proactive Health Check,Usage optimization consultation,Bi-annual touchpoint,Phone Call + Usage Report,50,Stable but monitor for early decline signals.
SME-2024-00542,PT Sriwijaya Sejahtera Sentosa,Transportasi & Logistik,Yogyakarta,Pelanggan Tetap,Menengah,62,1.9583333333333333,5965110.0,1.0,12,64.8,68.6,21.3,68.6,Stable,85,0.342,Proactive Health Check,Usage optimization consultation,Bi-annual touchpoint,Phone Call + Usage Report,50,Stable but monitor for early decline signals.
SME-2024-00543,Kios Tirta Utama Pratama,Jasa Keuangan,Denpasar,Pelanggan Tetap,Mikro,3,3.391666666666667,6538032.0,2.0,12,52.0,72.6,18.5,72.6,Stable,85,0.34,Proactive Health Check,Usage optimization consultation,Bi-annual touchpoint,Phone Call + Usage Report,50,Stable but monitor for early decline signals.
SME-2024-00544,Kios Citra Bahagia Abadi,Pendidikan & Training,Bandar Lampung,Pelanggan Tetap,Mikro,4,3.141666666666667,7164533.0,3.0,12,45.7,78.6,13.5,78.6,Stable,85,0.329,Proactive Health Check,Usage optimization consultation,Bi-annual touchpoint,Phone Call + Usage Report,50,Stable but monitor for early decline signals.
SME-2024-00545,Toko Bintang Utama,Media & Kreatif,Semarang,Pelanggan Tetap,Mikro,5,5.891666666666667,3060698.0,1.0,12,45.2,77.4,18.8,77.4,Stable,85,0.208,Proactive Health Check,Usage optimization consultation,Bi-annual touchpoint,Phone Call + Usage Report,50,Stable but monitor for early decline signals.
SME-2024-00546,UD Bumi Utama Abadi,Media & Kreatif,Surabaya,Pelanggan Tetap,Kecil,14,5.266666666666667,790082.0,1.0,12,67.9,79.1,15.4,79.1,Stable,85,0.129,Proactive Health Check,Usage optimization consultation,Bi-annual touchpoint,Phone Call + Usage Report,50,Stable but monitor for early decline signals.
SME-2024-00547,Warung Sumber Solusi,Kuliner & F&B,Yogyakarta,Pelanggan Tetap,Mikro,1,2.733333333333333,1691849.0,1.0,12,56.1,61.0,26.7,61.0,Stable,85,0.248,Proactive Health Check,Usage optimization consultation,Bi-annual touchpoint,Phone Call + Usage Report,50,Stable but monitor for early decline signals.
SME-2024-00548,Toko Bukit Andalan Pratama,Manufaktur,Bandung,Pelanggan Tetap,Kecil,11,4.641666666666667,4661962.0,1.0,12,57.8,75.4,18.3,75.4,Stable,85,0.268,Proactive Health Check,Usage optimization consultation,Bi-annual touchpoint,Phone Call + Usage Report,50,Stable but monitor for early decline signals.
SME-2024-00549,UD Mitra Makmur Abadi,Teknologi Informasi,Medan,Pelanggan Tetap,Mikro,4,4.175,3217193.0,1.0,12,46.7,68.9,21.9,68.9,Stable,85,0.255,Proactive Health Check,Usage optimization consultation,Bi-annual touchpoint,Phone Call + Usage Report,50,Stable but monitor for early decline signals.
SME-2024-00550,CV Citra Andalan Sentosa,Perdagangan Eceran,Yogyakarta,Pelanggan Tetap,Menengah,71,4.666666666666667,10503389.0,2.0,12,47.0,76.8,22.8,76.8,Stable,82,0.441,Proactive Health Check,Usage optimization consultation,Bi-annual touchpoint,Phone Call + Usage Report,50,Stable but monitor for early decline signals.
SME-2024-00551,CV Abadi Lestari Jaya,Properti & Real Estate,Yogyakarta,Pelanggan Tetap,Kecil,16,4.583333333333333,1100068.0,1.0,12,62.6,90.0,10.0,90.0,Highly Stable,85,0.084,Upsell Premium Services,Invite to beta program / exclusive features,Quarterly business review,Executive Visit + Proposal,65,Strong loyalty foundation. Maximize lifetime value through expansion.
SME-2024-00552,UD Berkah Sakti,Jasa Keuangan,Makassar,Pelanggan Tetap,Kecil,6,5.791666666666667,2205108.0,2.0,12,64.0,82.8,14.3,82.8,Highly Stable,85,0.154,Upsell Premium Services,Invite to beta program / exclusive features,Quarterly business review,Executive Visit + Proposal,65,Strong loyalty foundation. Maximize lifetime value through expansion.
SME-2024-00553,Toko Surya Pratama Abadi,Jasa Keuangan,Jakarta,Pelanggan Tetap,Kecil,11,6.175,2880687.0,2.0,12,61.2,82.6,18.8,82.6,Highly Stable,85,0.176,Upsell Premium Services,Invite to beta program / exclusive features,Quarterly business review,Executive Visit + Proposal,65,Strong loyalty foundation. Maximize lifetime value through expansion.
SME-2024-00554,UD Abadi Utama Mandiri,Konstruksi,Tangerang,Pelanggan Tetap,Kecil,12,5.508333333333333,6520315.0,2.0,12,62.5,79.2,18.4,79.2,Stable,85,0.306,Proactive Health Check,Usage optimization consultation,Bi-annual touchpoint,Phone Call + Usage Report,50,Stable but monitor for early decline signals.
SME-2024-00555,Kios Bintang Indah Abadi,Konstruksi,Malang,Pelanggan Tetap,Mikro,5,3.9166666666666665,1764500.0,2.0,12,62.3,72.8,14.7,72.8,Stable,85,0.191,Proactive Health Check,Usage optimization consultation,Bi-annual touchpoint,Phone Call + Usage Report,50,Stable but monitor for early decline signals.
SME-2024-00556,Toko Karya Indah,Pertanian & Agribisnis,Denpasar,Pelanggan Tetap,Mikro,2,6.183333333333334,2243011.0,1.0,12,58.7,77.0,16.7,77.0,Stable,85,0.185,Proactive Health Check,Usage optimization consultation,Bi-annual touchpoint,Phone Call + Usage Report,50,Stable but monitor for early decline signals.
SME-2024-00557,Kios Citra Sakti Lestari,Jasa Keuangan,Batam,Pelanggan Tetap,Mikro,1,6.558333333333334,2681159.0,1.0,12,46.6,77.0,18.3,77.0,Stable,85,0.198,Proactive Health Check,Usage optimization consultation,Bi-annual touchpoint,Phone Call + Usage Report,50,Stable but monitor for early decline signals.
SME-2024-00558,CV Duta Solusi Sentosa,Perdagangan Eceran,Denpasar,Pelanggan Tetap,Kecil,17,3.15,1269136.0,1.0,12,49.3,73.7,21.3,73.7,Stable,85,0.171,Proactive Health Check,Usage optimization consultation,Bi-annual touchpoint,Phone Call + Usage Report,50,Stable but monitor for early decline signals.
SME-2024-00559,CV Permata Solusi Sentosa,Teknologi Informasi,Jakarta,Pelanggan Tetap,Menengah,97,2.8333333333333335,3896843.0,2.0,12,65.3,79.0,19.0,79.0,Stable,82,0.226,Proactive Health Check,Usage optimization consultation,Bi-annual touchpoint,Phone Call + Usage Report,50,Stable but monitor for early decline signals.
SME-2024-00560,PT Duta Optima Jaya,Pendidikan & Training,Bandar Lampung,Pelanggan Tetap,Menengah,54,4.258333333333334,649298.0,1.0,12,60.1,66.3,23.0,66.3,Stable,85,0.189,Proactive Health Check,Usage optimization consultation,Bi-annual touchpoint,Phone Call + Usage Report,50,Stable but monitor for early decline signals.
SME-2024-00561,Toko Tirta Teknologi Abadi,Kesehatan,Medan,Pelanggan Tetap,Mikro,4,4.175,2464629.0,1.0,12,49.1,72.7,17.4,72.7,Stable,85,0.213,Proactive Health Check,Usage optimization consultation,Bi-annual touchpoint,Phone Call + Usage Report,50,Stable but monitor for early decline signals.
SME-2024-00562,Toko Mandiri Solusi Jaya,Konstruksi,Bandung,Pelanggan Tetap,Mikro,5,5.541666666666667,2694629.0,2.0,12,47.6,74.5,35.5,74.5,Stable,85,0.211,Proactive Health Check,Usage optimization consultation,Bi-annual touchpoint,Phone Call + Usage Report,50,Stable but monitor for early decline signals.
SME-2024-00563,Warung Garuda Cemerlang,Pertanian & Agribisnis,Palembang,Pelanggan Tetap,Mikro,1,2.625,7179185.0,2.0,12,58.6,67.5,17.7,67.5,Stable,85,0.385,Proactive Health Check,Usage optimization consultation,Bi-annual touchpoint,Phone Call + Usage Report,50,Stable but monitor for early decline signals.
SME-2024-00564,Toko Sumber Mulia Lestari,Jasa Keuangan,Semarang,Pelanggan Tetap,Kecil,11,1.875,1227709.0,1.0,12,58.2,72.5,31.3,72.5,Stable,85,0.175,Proactive Health Check,Usage optimization consultation,Bi-annual touchpoint,Phone Call + Usage Report,50,Stable but monitor for early decline signals.
SME-2024-00565,Kios Mandiri Optima Sentosa,Teknologi Informasi,Surabaya,Pelanggan Tetap,Mikro,5,4.633333333333334,6876581.0,3.0,12,45.7,65.7,37.7,65.7,Stable,85,0.385,Proactive Health Check,Usage optimization consultation,Bi-annual touchpoint,Phone Call + Usage Report,50,Stable but monitor for early decline signals.
SME-2024-00566,Warung Sumber Data Sentosa,Jasa Keuangan,Bandar Lampung,Pelanggan Tetap,Mikro,2,2.65,2035120.0,1.0,12,68.2,69.4,16.2,69.4,Stable,85,0.216,Proactive Health Check,Usage optimization consultation,Bi-annual touchpoint,Phone Call + Usage Report,50,Stable but monitor for early decline signals.
SME-2024-00567,Toko Nusantara Konektifitas Mandiri,Media & Kreatif,Surabaya,Pelanggan Tetap,Mikro,5,5.608333333333333,10066270.0,2.0,12,41.1,78.3,19.3,78.3,Stable,85,0.42,Proactive Health Check,Usage optimization consultation,Bi-annual touchpoint,Phone Call + Usage Report,50,Stable but monitor for early decline signals.
SME-2024-00568,CV Garuda Indah Abadi,Transportasi & Logistik,Bandar Lampung,Pelanggan Tetap,Menengah,99,5.133333333333334,2955432.0,2.0,12,63.6,83.0,17.9,83.0,Highly Stable,85,0.177,Upsell Premium Services,Invite to beta program / exclusive features,Quarterly business review,Executive Visit + Proposal,65,Strong loyalty foundation. Maximize lifetime value through expansion.
SME-2024-00569,UD Bukit Pratama Lestari,Manufaktur,Medan,Pelanggan Tetap,Kecil,16,2.6333333333333333,4359948.0,1.0,12,59.4,73.2,15.5,73.2,Stable,85,0.269,Proactive Health Check,Usage optimization consultation,Bi-annual touchpoint,Phone Call + Usage Report,50,Stable but monitor for early decline signals.
SME-2024-00570,UD Jaya Digital Pratama,Transportasi & Logistik,Yogyakarta,Pelanggan Tetap,Kecil,11,4.533333333333333,3474649.0,1.0,12,51.1,73.8,21.1,73.8,Stable,85,0.239,Proactive Health Check,Usage optimization consultation,Bi-annual touchpoint,Phone Call + Usage Report,50,Stable but monitor for early decline signals.
SME-2024-00571,Toko Nusantara Utama Lestari,Manufaktur,Bandung,Pelanggan Tetap,Kecil,10,4.858333333333333,2708343.0,2.0,12,62.9,85.4,11.6,85.4,Highly Stable,85,0.157,Upsell Premium Services,Invite to beta program / exclusive features,Quarterly business review,Executive Visit + Proposal,65,Strong loyalty foundation. Maximize lifetime value through expansion.
SME-2024-00572,Toko Surya Cemerlang Jaya,Konstruksi,Surabaya,Pelanggan Tetap,Mikro,4,4.1000000000000005,8976352.0,2.0,12,54.1,68.0,24.7,68.0,Stable,85,0.439,Proactive Health Check,Usage optimization consultation,Bi-annual touchpoint,Phone Call + Usage Report,50,Stable but monitor for early decline signals.
SME-2024-00573,Kios Jaya Makmur Sentosa,Pendidikan & Training,Yogyakarta,Pelanggan Tetap,Mikro,3,1.8833333333333335,1429458.0,1.0,12,47.2,72.7,22.0,72.7,Stable,85,0.181,Proactive Health Check,Usage optimization consultation,Bi-annual touchpoint,Phone Call + Usage Report,50,Stable but monitor for early decline signals.
SME-2024-00574,CV Bintang Digital Jaya,Manufaktur,Surabaya,Pelanggan Tetap,Kecil,15,1.7833333333333332,11009777.0,1.0,12,52.1,67.7,22.9,67.7,Stable,85,0.503,Proactive Health Check,Usage optimization consultation,Bi-annual touchpoint,Phone Call + Usage Report,50,Stable but monitor for early decline signals.
SME-2024-00575,PT Duta Pratama,Transportasi & Logistik,Denpasar,Pelanggan Tetap,Menengah,49,4.983333333333333,0.0,,12,65.1,77.2,13.1,77.2,Stable,80,0.114,Proactive Health Check,Usage optimization consultation,Bi-annual touchpoint,Phone Call + Usage Report,50,Stable but monitor for early decline signals.
SME-2024-00576,CV Sumber Konektifitas Jaya,Media & Kreatif,Tangerang,Pelanggan Tetap,Menengah,77,3.4416666666666664,5243023.0,1.0,12,74.9,73.7,18.2,73.7,Stable,85,0.294,Proactive Health Check,Usage optimization consultation,Bi-annual touchpoint,Phone Call + Usage Report,50,Stable but monitor for early decline signals.
SME-2024-00577,Toko Berkah Andalan Abadi,Properti & Real Estate,Batam,Pelanggan Tetap,Mikro,3,1.75,3027005.0,1.0,12,47.0,75.2,19.1,75.2,Stable,82,0.218,Proactive Health Check,Usage optimization consultation,Bi-annual touchpoint,Phone Call + Usage Report,50,Stable but monitor for early decline signals.
SME-2024-00578,UD Sentosa Solusi Sentosa,Kesehatan,Medan,Pelanggan Tetap,Mikro,1,3.783333333333333,6789675.0,2.0,12,45.6,69.2,17.8,69.2,Stable,85,0.364,Proactive Health Check,Usage optimization consultation,Bi-annual touchpoint,Phone Call + Usage Report,50,Stable but monitor for early decline signals.
SME-2024-00579,Toko Sumber Solusi Mandiri,Perdagangan Eceran,Makassar,Pelanggan Tetap,Kecil,9,2.8000000000000003,1394174.0,1.0,12,55.3,73.0,22.3,73.0,Stable,85,0.178,Proactive Health Check,Usage optimization consultation,Bi-annual touchpoint,Phone Call + Usage Report,50,Stable but monitor for early decline signals.
SME-2024-00580,Toko Duta Konektifitas Abadi,Perdagangan Eceran,Batam,Pelanggan Tetap,Kecil,17,6.191666666666666,4041272.0,1.0,12,46.3,73.2,24.8,73.2,Stable,85,0.259,Proactive Health Check,Usage optimization consultation,Bi-annual touchpoint,Phone Call + Usage Report,50,Stable but monitor for early decline signals.
SME-2024-00581,UD Duta Sakti,Perdagangan Eceran,Bandung,Pelanggan Tetap,Kecil,12,3.0500000000000003,1984650.0,1.0,12,44.3,69.2,24.4,69.2,Stable,85,0.216,Proactive Health Check,Usage optimization consultation,Bi-annual touchpoint,Phone Call + Usage Report,50,Stable but monitor for early decline signals.
SME-2024-00582,Warung Tirta Sejahtera Lestari,Konstruksi,Jakarta,Pelanggan Tetap,Mikro,4,1.7249999999999999,11791091.0,2.0,12,39.6,73.0,22.0,73.0,Stable,82,0.501,Proactive Health Check,Usage optimization consultation,Bi-annual touchpoint,Phone Call + Usage Report,50,Stable but monitor for early decline signals.
SME-2024-00583,UD Sumber Digital Abadi,Pertanian & Agribisnis,Yogyakarta,Pelanggan Tetap,Kecil,16,4.7749999999999995,2218303.0,1.0,12,52.3,67.8,39.7,67.8,Stable,85,0.23,Proactive Health Check,Usage optimization consultation,Bi-annual touchpoint,Phone Call + Usage Report,50,Stable but monitor for early decline signals.
SME-2024-00584,PT Mega Andalan Mandiri,Pendidikan & Training,Semarang,Pelanggan Tetap,Menengah,40,3.1666666666666665,7179787.0,2.0,12,78.8,86.8,11.4,86.8,Highly Stable,85,0.289,Upsell Premium Services,Invite to beta program / exclusive features,Quarterly business review,Executive Visit + Proposal,65,Strong loyalty foundation. Maximize lifetime value through expansion.
SME-2024-00585,CV Sriwijaya Lestari,Konstruksi,Palembang,Pelanggan Tetap,Menengah,35,3.9916666666666667,1285542.0,1.0,12,67.2,77.5,15.6,77.5,Stable,85,0.152,Proactive Health Check,Usage optimization consultation,Bi-annual touchpoint,Phone Call + Usage Report,50,Stable but monitor for early decline signals.
SME-2024-00586,Toko Permata Sinergi,Perdagangan Eceran,Semarang,Pelanggan Tetap,Mikro,3,3.266666666666667,1626923.0,1.0,12,58.2,72.9,22.6,72.9,Stable,85,0.186,Proactive Health Check,Usage optimization consultation,Bi-annual touchpoint,Phone Call + Usage Report,50,Stable but monitor for early decline signals.
SME-2024-00587,Toko Mandiri Utama,Jasa Keuangan,Medan,Pelanggan Tetap,Kecil,10,5.783333333333334,1958771.0,1.0,12,59.1,84.1,11.5,84.1,Highly Stable,82,0.14,Upsell Premium Services,Invite to beta program / exclusive features,Quarterly business review,Executive Visit + Proposal,65,Strong loyalty foundation. Maximize lifetime value through expansion.
SME-2024-00588,PT Mandiri Network Abadi,Properti & Real Estate,Semarang,Pelanggan Tetap,Menengah,94,3.983333333333333,510367.0,1.0,12,72.6,86.9,16.7,86.9,Highly Stable,82,0.081,Upsell Premium Services,Invite to beta program / exclusive features,Quarterly business review,Executive Visit + Proposal,65,Strong loyalty foundation. Maximize lifetime value through expansion.
SME-2024-00589,CV Bintang Teknologi Lestari,Manufaktur,Semarang,Pelanggan Tetap,Kecil,14,3.25,801543.0,1.0,12,49.3,73.3,15.7,73.3,Stable,85,0.158,Proactive Health Check,Usage optimization consultation,Bi-annual touchpoint,Phone Call + Usage Report,50,Stable but monitor for early decline signals.
SME-2024-00590,UD Berkah Sinergi,Jasa Keuangan,Surabaya,Pelanggan Tetap,Kecil,6,2.2666666666666666,4486883.0,2.0,12,42.9,66.2,25.8,66.2,Stable,85,0.308,Proactive Health Check,Usage optimization consultation,Bi-annual touchpoint,Phone Call + Usage Report,50,Stable but monitor for early decline signals.
SME-2024-00591,UD Tirta Data Sentosa,Manufaktur,Bandung,Pelanggan Tetap,Kecil,19,2.15,1677692.0,1.0,12,59.5,72.7,16.0,72.7,Stable,82,0.189,Proactive Health Check,Usage optimization consultation,Bi-annual touchpoint,Phone Call + Usage Report,50,Stable but monitor for early decline signals.
SME-2024-00592,Toko Mandiri Indah Abadi,Teknologi Informasi,Makassar,Pelanggan Tetap,Kecil,19,3.9583333333333335,2586444.0,1.0,12,49.6,80.4,17.3,80.4,Highly Stable,85,0.178,Upsell Premium Services,Invite to beta program / exclusive features,Quarterly business review,Executive Visit + Proposal,65,Strong loyalty foundation. Maximize lifetime value through expansion.
SME-2024-00593,CV Duta Bahagia,Konstruksi,Malang,Pelanggan Tetap,Kecil,12,5.966666666666666,5493350.0,2.0,12,52.3,70.5,19.7,70.5,Stable,85,0.318,Proactive Health Check,Usage optimization consultation,Bi-annual touchpoint,Phone Call + Usage Report,50,Stable but monitor for early decline signals.
SME-2024-00594,Toko Nusantara Network Mandiri,Pendidikan & Training,Denpasar,Pelanggan Tetap,Kecil,7,2.8249999999999997,1694506.0,1.0,12,47.3,68.5,16.6,68.5,Stable,85,0.21,Proactive Health Check,Usage optimization consultation,Bi-annual touchpoint,Phone Call + Usage Report,50,Stable but monitor for early decline signals.
SME-2024-00595,UD Mitra Solusi Abadi,Manufaktur,Makassar,Pelanggan Tetap,Mikro,4,3.375,5394004.0,3.0,12,57.1,70.8,19.8,70.8,Stable,85,0.313,Proactive Health Check,Usage optimization consultation,Bi-annual touchpoint,Phone Call + Usage Report,50,Stable but monitor for early decline signals.
SME-2024-00596,Toko Bumi Sakti Jaya,Properti & Real Estate,Tangerang,Pelanggan Tetap,Mikro,1,4.258333333333334,2281485.0,1.0,12,55.2,73.4,16.1,73.4,Stable,85,0.204,Proactive Health Check,Usage optimization consultation,Bi-annual touchpoint,Phone Call + Usage Report,50,Stable but monitor for early decline signals.
SME-2024-00597,CV Sriwijaya Network Mandiri,Kesehatan,Medan,Pelanggan Tetap,Kecil,20,5.791666666666667,9609344.0,3.0,12,40.5,78.1,16.8,78.1,Stable,82,0.408,Proactive Health Check,Usage optimization consultation,Bi-annual touchpoint,Phone Call + Usage Report,50,Stable but monitor for early decline signals.
SME-2024-00598,Toko Bintang Sakti Jaya,Manufaktur,Batam,Pelanggan Tetap,Mikro,2,2.025,11485404.0,3.0,12,50.9,68.1,19.8,68.1,Stable,85,0.516,Proactive Health Check,Usage optimization consultation,Bi-annual touchpoint,Phone Call + Usage Report,50,Stable but monitor for early decline signals.
SME-2024-00599,Warung Mitra Persada Mandiri,Media & Kreatif,Semarang,Pelanggan Tetap,Mikro,3,6.133333333333333,1185011.0,1.0,12,49.5,79.6,19.0,79.6,Stable,85,0.139,Proactive Health Check,Usage optimization consultation,Bi-annual touchpoint,Phone Call + Usage Report,50,Stable but monitor for early decline signals.
SME-2024-00600,CV Duta Mulia Lestari,Properti & Real Estate,Bandung,Pelanggan Tetap,Kecil,17,5.208333333333333,1570830.0,1.0,12,40.7,58.0,29.5,58.0,At Risk,85,0.259,Retention Intervention Call,Personalized discount or service upgrade offer,Immediate (within 48 hours),Senior Manager Phone Call + WhatsApp,40,Stability score declining. Act before entering Berisiko segment.
SME-2024-00601,Toko Mega Pratama Abadi,Kesehatan,Denpasar,Pelanggan Baru,Mikro,2,0.39999999999999997,3055204.0,1.0,5,53.1,66.9,14.7,53.1,Medium Potential,77,0.36,Onboarding Success Package,Dedicated account manager for first 90 days,Within 14 days,WhatsApp + Portal Tutorial,55,Moderate potential with room for growth. Focus on feature adoption.
SME-2024-00602,CV Jaya Sejahtera Lestari,Pertanian & Agribisnis,Medan,Pelanggan Baru,Menengah,97,0.075,3060949.0,2.0,1,63.6,63.4,21.7,63.6,Medium Potential,72,0.413,Onboarding Success Package,Dedicated account manager for first 90 days,Within 14 days,WhatsApp + Portal Tutorial,55,Moderate potential with room for growth. Focus on feature adoption.
SME-2024-00603,PT Citra Optima Pratama,Jasa Keuangan,Bandar Lampung,Pelanggan Baru,Menengah,57,0.05833333333333333,2689435.0,1.0,1,73.3,67.5,18.9,73.3,Medium Potential,72,0.45,Onboarding Success Package,Dedicated account manager for first 90 days,Within 14 days,WhatsApp + Portal Tutorial,55,Moderate potential with room for growth. Focus on feature adoption.
SME-2024-00604,UD Mandiri Sakti Mandiri,Konstruksi,Makassar,Pelanggan Baru,Mikro,1,0.39166666666666666,1139043.0,1.0,5,51.9,66.6,20.2,51.9,Medium Potential,80,0.295,Onboarding Success Package,Dedicated account manager for first 90 days,Within 14 days,WhatsApp + Portal Tutorial,55,Moderate potential with room for growth. Focus on feature adoption.
SME-2024-00605,CV Karya Konektifitas Pratama,Transportasi & Logistik,Malang,Pelanggan Baru,Kecil,17,0.024999999999999998,956643.0,1.0,1,51.6,68.7,18.5,51.6,Medium Potential,72,0.288,Onboarding Success Package,Dedicated account manager for first 90 days,Within 14 days,WhatsApp + Portal Tutorial,55,Moderate potential with room for growth. Focus on feature adoption.
SME-2024-00606,CV Mega Konektifitas Mandiri,Transportasi & Logistik,Bandar Lampung,Pelanggan Baru,Menengah,36,0.09166666666666667,11606855.0,3.0,2,74.2,58.4,25.2,74.2,Medium Potential,77,0.731,Onboarding Success Package,Dedicated account manager for first 90 days,Within 14 days,WhatsApp + Portal Tutorial,55,Moderate potential with room for growth. Focus on feature adoption.
SME-2024-00607,CV Sriwijaya Makmur Lestari,Perdagangan Eceran,Palembang,Pelanggan Baru,Kecil,10,0.09166666666666667,2322726.0,1.0,2,57.2,65.3,17.4,57.2,Medium Potential,72,0.358,Onboarding Success Package,Dedicated account manager for first 90 days,Within 14 days,WhatsApp + Portal Tutorial,55,Moderate potential with room for growth. Focus on feature adoption.
SME-2024-00608,PT Abadi Sakti,Perdagangan Eceran,Bandung,Pelanggan Baru,Menengah,94,0.48333333333333334,2162044.0,1.0,6,67.2,74.8,12.8,67.2,Medium Potential,85,0.403,Onboarding Success Package,Dedicated account manager for first 90 days,Within 14 days,WhatsApp + Portal Tutorial,55,Moderate potential with room for growth. Focus on feature adoption.
SME-2024-00609,PT Sumber Makmur Pratama,Perdagangan Eceran,Bandar Lampung,Pelanggan Baru,Menengah,77,0.35833333333333334,9500811.0,2.0,5,76.9,63.1,16.4,76.9,High Potential,80,0.679,Fast-track Loyalty Program Enrollment,Offer 12-month contract with early-bird discount,Within 7 days of registration,Executive Phone Call + Email,75,High growth potential detected. Lock-in before competitor approaches.
SME-2024-00610,UD Sriwijaya Lestari Lestari,Teknologi Informasi,Jakarta,Pelanggan Baru,Kecil,7,0.45,928846.0,1.0,6,52.9,72.9,11.6,52.9,Medium Potential,85,0.293,Onboarding Success Package,Dedicated account manager for first 90 days,Within 14 days,WhatsApp + Portal Tutorial,55,Moderate potential with room for growth. Focus on feature adoption.
SME-2024-00611,CV Sriwijaya Utama,Kesehatan,Makassar,Pelanggan Baru,Kecil,10,0.06666666666666667,2144718.0,1.0,1,58.4,76.2,13.8,58.4,Medium Potential,72,0.359,Onboarding Success Package,Dedicated account manager for first 90 days,Within 14 days,WhatsApp + Portal Tutorial,55,Moderate potential with room for growth. Focus on feature adoption.
SME-2024-00612,UD Sriwijaya Konektifitas Lestari,Konstruksi,Tangerang,Pelanggan Baru,Mikro,3,0.25,2270046.0,1.0,3,41.5,67.6,21.9,41.5,Low Potential,80,0.278,Re-evaluate Product Fit,Offer downgraded package or flexible terms,Within 30 days,Email Survey + Phone Follow-up,35,Low potential signals possible mismatch. Prevent silent churn.
SME-2024-00613,Toko Sumber Sinergi Abadi,Jasa Keuangan,Bandar Lampung,Pelanggan Baru,Mikro,5,0.125,3483790.0,2.0,2,62.3,65.2,22.4,62.3,Medium Potential,77,0.42,Onboarding Success Package,Dedicated account manager for first 90 days,Within 14 days,WhatsApp + Portal Tutorial,55,Moderate potential with room for growth. Focus on feature adoption.
SME-2024-00614,Toko Sumber Indah Mandiri,Jasa Keuangan,Bandar Lampung,Pelanggan Baru,Kecil,14,0.041666666666666664,7910208.0,1.0,1,48.4,64.6,23.1,48.4,Low Potential,72,0.487,Re-evaluate Product Fit,Offer downgraded package or flexible terms,Within 30 days,Email Survey + Phone Follow-up,35,Low potential signals possible mismatch. Prevent silent churn.
SME-2024-00615,Toko Surya Sinergi Sentosa,Konstruksi,Medan,Pelanggan Baru,Mikro,1,0.325,6319427.0,2.0,4,52.5,68.3,20.4,52.5,Medium Potential,80,0.458,Onboarding Success Package,Dedicated account manager for first 90 days,Within 14 days,WhatsApp + Portal Tutorial,55,Moderate potential with room for growth. Focus on feature adoption.
SME-2024-00616,Toko Sriwijaya Konektifitas,Teknologi Informasi,Surabaya,Pelanggan Baru,Kecil,17,0.2916666666666667,6840490.0,2.0,4,40.3,59.4,22.1,40.3,Low Potential,80,0.414,Re-evaluate Product Fit,Offer downgraded package or flexible terms,Within 30 days,Email Survey + Phone Follow-up,35,Low potential signals possible mismatch. Prevent silent churn.
SME-2024-00617,PT Jaya Digital Pratama,Pertanian & Agribisnis,Denpasar,Pelanggan Baru,Besar,216,0.15,2275796.0,1.0,2,79.3,67.9,20.1,79.3,High Potential,77,0.467,Fast-track Loyalty Program Enrollment,Offer 12-month contract with early-bird discount,Within 7 days of registration,Executive Phone Call + Email,75,High growth potential detected. Lock-in before competitor approaches.
SME-2024-00618,CV Permata Andalan Sentosa,Kesehatan,Bandar Lampung,Pelanggan Baru,Kecil,20,0.21666666666666667,9338108.0,2.0,3,53.3,67.4,20.2,53.3,Medium Potential,80,0.556,Onboarding Success Package,Dedicated account manager for first 90 days,Within 14 days,WhatsApp + Portal Tutorial,55,Moderate potential with room for growth. Focus on feature adoption.
SME-2024-00619,CV Karya Optima,Manufaktur,Makassar,Pelanggan Baru,Menengah,76,0.09166666666666667,7977819.0,1.0,2,58.3,59.0,21.3,58.3,Medium Potential,72,0.539,Onboarding Success Package,Dedicated account manager for first 90 days,Within 14 days,WhatsApp + Portal Tutorial,55,Moderate potential with room for growth. Focus on feature adoption.
SME-2024-00620,Toko Citra Sejahtera Sentosa,Perdagangan Eceran,Tangerang,Pelanggan Baru,Kecil,18,0.10833333333333334,3437129.0,1.0,2,62.0,75.5,11.9,62.0,Medium Potential,77,0.417,Onboarding Success Package,Dedicated account manager for first 90 days,Within 14 days,WhatsApp + Portal Tutorial,55,Moderate potential with room for growth. Focus on feature adoption.
SME-2024-00621,CV Permata Konektifitas Sentosa,Pendidikan & Training,Semarang,Pelanggan Baru,Kecil,14,0.2916666666666667,8362885.0,2.0,4,63.3,65.0,24.1,63.3,Medium Potential,80,0.576,Onboarding Success Package,Dedicated account manager for first 90 days,Within 14 days,WhatsApp + Portal Tutorial,55,Moderate potential with room for growth. Focus on feature adoption.
SME-2024-00622,UD Jaya Bahagia,Kesehatan,Medan,Pelanggan Baru,Kecil,6,0.2333333333333333,4484427.0,1.0,3,48.8,61.1,20.3,48.8,Low Potential,80,0.383,Re-evaluate Product Fit,Offer downgraded package or flexible terms,Within 30 days,Email Survey + Phone Follow-up,35,Low potential signals possible mismatch. Prevent silent churn.
SME-2024-00623,UD Sentosa Data Lestari,Manufaktur,Denpasar,Pelanggan Baru,Mikro,1,0.15,5416823.0,2.0,2,69.0,68.6,15.9,69.0,Medium Potential,77,0.513,Onboarding Success Package,Dedicated account manager for first 90 days,Within 14 days,WhatsApp + Portal Tutorial,55,Moderate potential with room for growth. Focus on feature adoption.
SME-2024-00624,Toko Mandiri Solusi Pratama,Kesehatan,Malang,Pelanggan Baru,Mikro,1,0.024999999999999998,2458442.0,1.0,1,47.3,61.5,28.6,47.3,Low Potential,72,0.313,Re-evaluate Product Fit,Offer downgraded package or flexible terms,Within 30 days,Email Survey + Phone Follow-up,35,Low potential signals possible mismatch. Prevent silent churn.
SME-2024-00625,UD Berkah Sakti Lestari,Media & Kreatif,Batam,Pelanggan Baru,Mikro,2,0.10833333333333334,4621996.0,2.0,2,45.2,70.0,18.2,45.2,Low Potential,77,0.369,Re-evaluate Product Fit,Offer downgraded package or flexible terms,Within 30 days,Email Survey + Phone Follow-up,35,Low potential signals possible mismatch. Prevent silent churn.
SME-2024-00626,UD Bukit Data Mandiri,Konstruksi,Makassar,Pelanggan Baru,Kecil,8,0.09166666666666667,10944154.0,2.0,2,51.7,64.3,17.8,51.7,Medium Potential,77,0.598,Onboarding Success Package,Dedicated account manager for first 90 days,Within 14 days,WhatsApp + Portal Tutorial,55,Moderate potential with room for growth. Focus on feature adoption.
SME-2024-00627,Toko Karya Sejahtera Sentosa,Transportasi & Logistik,Denpasar,Pelanggan Baru,Kecil,15,0.075,1656647.0,1.0,1,69.8,68.8,23.1,69.8,Medium Potential,72,0.4,Onboarding Success Package,Dedicated account manager for first 90 days,Within 14 days,WhatsApp + Portal Tutorial,55,Moderate potential with room for growth. Focus on feature adoption.
SME-2024-00628,CV Sentosa Persada,Pertanian & Agribisnis,Semarang,Pelanggan Baru,Menengah,25,0.25833333333333336,4274459.0,1.0,4,63.1,66.5,19.8,63.1,Medium Potential,80,0.448,Onboarding Success Package,Dedicated account manager for first 90 days,Within 14 days,WhatsApp + Portal Tutorial,55,Moderate potential with room for growth. Focus on feature adoption.
SME-2024-00629,UD Garuda Pratama Abadi,Kuliner & F&B,Bandar Lampung,Pelanggan Baru,Kecil,18,0.2833333333333333,1611325.0,1.0,4,64.6,73.9,14.3,64.6,Medium Potential,80,0.373,Onboarding Success Package,Dedicated account manager for first 90 days,Within 14 days,WhatsApp + Portal Tutorial,55,Moderate potential with room for growth. Focus on feature adoption.
SME-2024-00630,CV Bintang Indah Jaya,Teknologi Informasi,Denpasar,Pelanggan Baru,Kecil,16,0.4166666666666667,7037917.0,1.0,6,44.8,55.6,19.6,44.8,Low Potential,85,0.442,Re-evaluate Product Fit,Offer downgraded package or flexible terms,Within 30 days,Email Survey + Phone Follow-up,35,Low potential signals possible mismatch. Prevent silent churn.
SME-2024-00631,CV Duta Teknologi Pratama,Teknologi Informasi,Makassar,Pelanggan Baru,Menengah,63,0.3333333333333333,8896273.0,1.0,4,79.8,70.8,20.2,79.8,High Potential,80,0.675,Fast-track Loyalty Program Enrollment,Offer 12-month contract with early-bird discount,Within 7 days of registration,Executive Phone Call + Email,75,High growth potential detected. Lock-in before competitor approaches.
SME-2024-00632,Warung Bukit Mulia Sentosa,Pendidikan & Training,Palembang,Pelanggan Baru,Mikro,4,0.45,1563633.0,1.0,6,58.5,60.5,19.9,58.5,Medium Potential,85,0.341,Onboarding Success Package,Dedicated account manager for first 90 days,Within 14 days,WhatsApp + Portal Tutorial,55,Moderate potential with room for growth. Focus on feature adoption.
SME-2024-00633,Kios Bukit Sejahtera Jaya,Manufaktur,Makassar,Pelanggan Baru,Mikro,2,0.26666666666666666,2612105.0,1.0,4,65.4,66.4,16.8,65.4,Medium Potential,80,0.408,Onboarding Success Package,Dedicated account manager for first 90 days,Within 14 days,WhatsApp + Portal Tutorial,55,Moderate potential with room for growth. Focus on feature adoption.
SME-2024-00634,PT Sumber Digital,Perdagangan Eceran,Denpasar,Pelanggan Baru,Menengah,68,0.3333333333333333,4959135.0,1.0,5,59.3,76.8,16.7,59.3,Medium Potential,77,0.45,Onboarding Success Package,Dedicated account manager for first 90 days,Within 14 days,WhatsApp + Portal Tutorial,55,Moderate potential with room for growth. Focus on feature adoption.
SME-2024-00635,Toko Abadi Bahagia Lestari,Perdagangan Eceran,Yogyakarta,Pelanggan Baru,Kecil,15,0.21666666666666667,2580247.0,2.0,3,65.9,71.8,29.6,65.9,Medium Potential,80,0.41,Onboarding Success Package,Dedicated account manager for first 90 days,Within 14 days,WhatsApp + Portal Tutorial,55,Moderate potential with room for growth. Focus on feature adoption.
SME-2024-00636,Toko Duta Makmur Mandiri,Transportasi & Logistik,Tangerang,Pelanggan Baru,Kecil,17,0.26666666666666666,865568.0,1.0,4,40.0,58.2,20.9,40.0,Low Potential,80,0.227,Re-evaluate Product Fit,Offer downgraded package or flexible terms,Within 30 days,Email Survey + Phone Follow-up,35,Low potential signals possible mismatch. Prevent silent churn.
SME-2024-00637,Toko Jaya Optima Lestari,Perdagangan Eceran,Malang,Pelanggan Baru,Kecil,12,0.19166666666666665,2619621.0,1.0,3,52.2,66.2,21.7,52.2,Medium Potential,80,0.342,Onboarding Success Package,Dedicated account manager for first 90 days,Within 14 days,WhatsApp + Portal Tutorial,55,Moderate potential with room for growth. Focus on feature adoption.
SME-2024-00638,Warung Mandiri Sinergi Lestari,Manufaktur,Semarang,Pelanggan Baru,Mikro,5,0.13333333333333333,7722936.0,1.0,2,54.3,67.9,19.1,54.3,Medium Potential,77,0.511,Onboarding Success Package,Dedicated account manager for first 90 days,Within 14 days,WhatsApp + Portal Tutorial,55,Moderate potential with room for growth. Focus on feature adoption.
SME-2024-00639,PT Mega Optima Lestari,Properti & Real Estate,Malang,Pelanggan Baru,Besar,114,0.20833333333333334,5454173.0,2.0,3,60.1,64.5,21.2,60.1,Medium Potential,80,0.47,Onboarding Success Package,Dedicated account manager for first 90 days,Within 14 days,WhatsApp + Portal Tutorial,55,Moderate potential with room for growth. Focus on feature adoption.
SME-2024-00640,CV Tirta Pratama Pratama,Media & Kreatif,Batam,Pelanggan Baru,Menengah,99,0.041666666666666664,2013124.0,1.0,1,68.1,67.4,18.8,68.1,Medium Potential,72,0.403,Onboarding Success Package,Dedicated account manager for first 90 days,Within 14 days,WhatsApp + Portal Tutorial,55,Moderate potential with room for growth. Focus on feature adoption.
SME-2024-00641,PT Bukit Mulia Jaya,Kuliner & F&B,Jakarta,Pelanggan Baru,Menengah,97,0.43333333333333335,9563251.0,2.0,6,69.4,68.2,18.8,69.4,Medium Potential,85,0.643,Onboarding Success Package,Dedicated account manager for first 90 days,Within 14 days,WhatsApp + Portal Tutorial,55,Moderate potential with room for growth. Focus on feature adoption.
SME-2024-00642,Warung Jaya Konektifitas Lestari,Properti & Real Estate,Palembang,Pelanggan Baru,Mikro,2,0.08333333333333333,5366652.0,1.0,1,49.2,72.5,16.4,49.2,Low Potential,69,0.412,Re-evaluate Product Fit,Offer downgraded package or flexible terms,Within 30 days,Email Survey + Phone Follow-up,35,Low potential signals possible mismatch. Prevent silent churn.
SME-2024-00643,CV Garuda Konektifitas Jaya,Konstruksi,Malang,Pelanggan Baru,Menengah,65,0.19999999999999998,2077283.0,1.0,3,58.0,68.2,19.1,58.0,Medium Potential,80,0.354,Onboarding Success Package,Dedicated account manager for first 90 days,Within 14 days,WhatsApp + Portal Tutorial,55,Moderate potential with room for growth. Focus on feature adoption.
SME-2024-00644,PT Nusantara Lestari,Pendidikan & Training,Denpasar,Pelanggan Baru,Besar,368,0.48333333333333334,5581289.0,1.0,6,76.0,73.1,12.9,76.0,High Potential,85,0.553,Fast-track Loyalty Program Enrollment,Offer 12-month contract with early-bird discount,Within 7 days of registration,Executive Phone Call + Email,75,High growth potential detected. Lock-in before competitor approaches.
SME-2024-00645,Toko Duta Network Abadi,Jasa Keuangan,Medan,Pelanggan Baru,Mikro,2,0.13333333333333333,1692217.0,1.0,2,52.9,60.2,21.8,52.9,Medium Potential,77,0.317,Onboarding Success Package,Dedicated account manager for first 90 days,Within 14 days,WhatsApp + Portal Tutorial,55,Moderate potential with room for growth. Focus on feature adoption.
SME-2024-00646,Toko Duta Cemerlang Mandiri,Pertanian & Agribisnis,Tangerang,Pelanggan Baru,Mikro,2,0.15833333333333333,6102403.0,2.0,2,45.0,70.9,16.0,45.0,Low Potential,77,0.414,Re-evaluate Product Fit,Offer downgraded package or flexible terms,Within 30 days,Email Survey + Phone Follow-up,35,Low potential signals possible mismatch. Prevent silent churn.
SME-2024-00647,CV Karya Persada Mandiri,Perdagangan Eceran,Tangerang,Pelanggan Baru,Menengah,42,0.3333333333333333,5661799.0,2.0,5,75.6,70.5,14.7,75.6,High Potential,80,0.554,Fast-track Loyalty Program Enrollment,Offer 12-month contract with early-bird discount,Within 7 days of registration,Executive Phone Call + Email,75,High growth potential detected. Lock-in before competitor approaches.
SME-2024-00648,Kios Citra Sinergi Pratama,Pendidikan & Training,Bandung,Pelanggan Baru,Mikro,1,0.35833333333333334,7204010.0,1.0,5,59.5,74.7,15.1,59.5,Medium Potential,80,0.521,Onboarding Success Package,Dedicated account manager for first 90 days,Within 14 days,WhatsApp + Portal Tutorial,55,Moderate potential with room for growth. Focus on feature adoption.
SME-2024-00649,PT Berkah Sakti Sentosa,Pendidikan & Training,Bandung,Pelanggan Baru,Besar,442,0.35833333333333334,4063514.0,1.0,5,67.5,62.8,23.2,67.5,Medium Potential,80,0.464,Onboarding Success Package,Dedicated account manager for first 90 days,Within 14 days,WhatsApp + Portal Tutorial,55,Moderate potential with room for growth. Focus on feature adoption.
SME-2024-00650,Toko Permata Digital Pratama,Perdagangan Eceran,Malang,Pelanggan Baru,Kecil,14,0.24166666666666667,12055113.0,3.0,3,60.0,67.3,18.5,60.0,Medium Potential,80,0.674,Onboarding Success Package,Dedicated account manager for first 90 days,Within 14 days,WhatsApp + Portal Tutorial,55,Moderate potential with room for growth. Focus on feature adoption.
SME-2024-00651,PT Jaya Sinergi,Properti & Real Estate,Batam,Pelanggan Baru,Menengah,42,0.3,2288587.0,1.0,4,78.5,80.0,14.0,78.5,High Potential,77,0.463,Fast-track Loyalty Program Enrollment,Offer 12-month contract with early-bird discount,Within 7 days of registration,Executive Phone Call + Email,75,High growth potential detected. Lock-in before competitor approaches.
SME-2024-00652,Toko Duta Persada Lestari,Konstruksi,Bandung,Pelanggan Baru,Kecil,11,0.2916666666666667,5061756.0,1.0,4,57.9,63.5,18.9,57.9,Medium Potential,80,0.446,Onboarding Success Package,Dedicated account manager for first 90 days,Within 14 days,WhatsApp + Portal Tutorial,55,Moderate potential with room for growth. Focus on feature adoption.
SME-2024-00653,Kios Garuda Konektifitas Mandiri,Pertanian & Agribisnis,Bandung,Pelanggan Baru,Mikro,2,0.3833333333333333,842841.0,1.0,5,62.9,69.1,18.9,62.9,Medium Potential,80,0.341,Onboarding Success Package,Dedicated account manager for first 90 days,Within 14 days,WhatsApp + Portal Tutorial,55,Moderate potential with room for growth. Focus on feature adoption.
SME-2024-00654,Warung Karya Optima Jaya,Konstruksi,Medan,Pelanggan Baru,Mikro,5,0.25833333333333336,5062564.0,1.0,4,43.8,63.0,23.4,43.8,Low Potential,80,0.376,Re-evaluate Product Fit,Offer downgraded package or flexible terms,Within 30 days,Email Survey + Phone Follow-up,35,Low potential signals possible mismatch. Prevent silent churn.
SME-2024-00655,CV Tirta Utama Abadi,Transportasi & Logistik,Semarang,Pelanggan Baru,Kecil,6,0.16666666666666666,6276925.0,2.0,3,55.4,65.5,16.1,55.4,Medium Potential,80,0.472,Onboarding Success Package,Dedicated account manager for first 90 days,Within 14 days,WhatsApp + Portal Tutorial,55,Moderate potential with room for growth. Focus on feature adoption.
SME-2024-00656,CV Jaya Lestari Lestari,Konstruksi,Batam,Pelanggan Baru,Kecil,6,0.39999999999999997,1057471.0,1.0,5,67.7,76.7,14.3,67.7,Medium Potential,80,0.371,Onboarding Success Package,Dedicated account manager for first 90 days,Within 14 days,WhatsApp + Portal Tutorial,55,Moderate potential with room for growth. Focus on feature adoption.
SME-2024-00657,PT Citra Sinergi Abadi,Transportasi & Logistik,Yogyakarta,Pelanggan Baru,Menengah,54,0.325,3594620.0,1.0,4,66.2,68.0,21.6,66.2,Medium Potential,80,0.442,Onboarding Success Package,Dedicated account manager for first 90 days,Within 14 days,WhatsApp + Portal Tutorial,55,Moderate potential with room for growth. Focus on feature adoption.
SME-2024-00658,PT Tirta Cemerlang Abadi,Jasa Keuangan,Batam,Pelanggan Baru,Menengah,38,0.4083333333333334,7828157.0,1.0,5,83.4,70.5,17.1,83.4,High Potential,80,0.66,Fast-track Loyalty Program Enrollment,Offer 12-month contract with early-bird discount,Within 7 days of registration,Executive Phone Call + Email,75,High growth potential detected. Lock-in before competitor approaches.
SME-2024-00659,PT Karya Persada Abadi,Properti & Real Estate,Medan,Pelanggan Baru,Menengah,99,0.4583333333333333,4476742.0,1.0,6,70.2,76.9,11.9,70.2,Medium Potential,85,0.49,Onboarding Success Package,Dedicated account manager for first 90 days,Within 14 days,WhatsApp + Portal Tutorial,55,Moderate potential with room for growth. Focus on feature adoption.
SME-2024-00660,Toko Permata Lestari Lestari,Transportasi & Logistik,Bandung,Pelanggan Baru,Mikro,1,0.19999999999999998,5193707.0,2.0,3,51.9,63.7,22.1,51.9,Medium Potential,80,0.42,Onboarding Success Package,Dedicated account manager for first 90 days,Within 14 days,WhatsApp + Portal Tutorial,55,Moderate potential with room for growth. Focus on feature adoption.
SME-2024-00661,Toko Sriwijaya Network Pratama,Transportasi & Logistik,Denpasar,Pelanggan Baru,Mikro,1,0.35000000000000003,3478101.0,1.0,5,61.9,62.5,18.8,61.9,Medium Potential,80,0.418,Onboarding Success Package,Dedicated account manager for first 90 days,Within 14 days,WhatsApp + Portal Tutorial,55,Moderate potential with room for growth. Focus on feature adoption.
SME-2024-00662,CV Permata Utama Abadi,Jasa Keuangan,Bandar Lampung,Pelanggan Baru,Kecil,19,0.05833333333333333,1357794.0,1.0,1,58.7,56.8,22.9,58.7,Medium Potential,72,0.335,Onboarding Success Package,Dedicated account manager for first 90 days,Within 14 days,WhatsApp + Portal Tutorial,55,Moderate potential with room for growth. Focus on feature adoption.
SME-2024-00663,Warung Abadi Andalan,Jasa Keuangan,Yogyakarta,Pelanggan Baru,Mikro,2,0.31666666666666665,1443305.0,1.0,4,68.9,78.0,10.9,68.9,Medium Potential,80,0.389,Onboarding Success Package,Dedicated account manager for first 90 days,Within 14 days,WhatsApp + Portal Tutorial,55,Moderate potential with room for growth. Focus on feature adoption.
SME-2024-00664,PT Bumi Utama Mandiri,Jasa Keuangan,Denpasar,Pelanggan Baru,Menengah,30,0.03333333333333333,862312.0,1.0,1,63.7,69.8,20.6,63.7,Medium Potential,72,0.345,Onboarding Success Package,Dedicated account manager for first 90 days,Within 14 days,WhatsApp + Portal Tutorial,55,Moderate potential with room for growth. Focus on feature adoption.
SME-2024-00665,Kios Permata Mulia Lestari,Manufaktur,Tangerang,Pelanggan Baru,Mikro,4,0.20833333333333334,7795084.0,3.0,3,46.0,65.5,22.6,46.0,Low Potential,80,0.472,Re-evaluate Product Fit,Offer downgraded package or flexible terms,Within 30 days,Email Survey + Phone Follow-up,35,Low potential signals possible mismatch. Prevent silent churn.
SME-2024-00666,Toko Sentosa Sakti,Perdagangan Eceran,Bandar Lampung,Pelanggan Baru,Kecil,17,0.425,4986612.0,1.0,6,55.4,72.5,14.1,55.4,Medium Potential,85,0.432,Onboarding Success Package,Dedicated account manager for first 90 days,Within 14 days,WhatsApp + Portal Tutorial,55,Moderate potential with room for growth. Focus on feature adoption.
SME-2024-00667,Warung Bukit Andalan Pratama,Pendidikan & Training,Yogyakarta,Pelanggan Baru,Mikro,1,0.3666666666666667,2433612.0,1.0,5,56.3,70.4,22.0,56.3,Medium Potential,80,0.357,Onboarding Success Package,Dedicated account manager for first 90 days,Within 14 days,WhatsApp + Portal Tutorial,55,Moderate potential with room for growth. Focus on feature adoption.
SME-2024-00668,UD Jaya Makmur Abadi,Transportasi & Logistik,Malang,Pelanggan Baru,Kecil,15,0.2333333333333333,1578579.0,1.0,3,49.5,67.7,17.6,49.5,Low Potential,80,0.297,Re-evaluate Product Fit,Offer downgraded package or flexible terms,Within 30 days,Email Survey + Phone Follow-up,35,Low potential signals possible mismatch. Prevent silent churn.
SME-2024-00669,UD Garuda Konektifitas Sentosa,Kesehatan,Surabaya,Pelanggan Baru,Kecil,8,0.3,756918.0,1.0,4,55.9,61.5,16.6,55.9,Medium Potential,80,0.303,Onboarding Success Package,Dedicated account manager for first 90 days,Within 14 days,WhatsApp + Portal Tutorial,55,Moderate potential with room for growth. Focus on feature adoption.
SME-2024-00670,PT Mega Solusi Mandiri,Pertanian & Agribisnis,Palembang,Pelanggan Baru,Menengah,26,0.2833333333333333,5951126.0,1.0,4,64.3,66.4,16.9,64.3,Medium Potential,80,0.506,Onboarding Success Package,Dedicated account manager for first 90 days,Within 14 days,WhatsApp + Portal Tutorial,55,Moderate potential with room for growth. Focus on feature adoption.
SME-2024-00671,Kios Duta Sakti Mandiri,Teknologi Informasi,Batam,Pelanggan Baru,Mikro,4,0.2333333333333333,2821682.0,1.0,3,56.4,75.7,12.3,56.4,Medium Potential,80,0.37,Onboarding Success Package,Dedicated account manager for first 90 days,Within 14 days,WhatsApp + Portal Tutorial,55,Moderate potential with room for growth. Focus on feature adoption.
SME-2024-00672,CV Sentosa Bahagia Abadi,Teknologi Informasi,Tangerang,Pelanggan Baru,Kecil,10,0.43333333333333335,2951388.0,2.0,6,62.1,72.7,15.5,62.1,Medium Potential,85,0.402,Onboarding Success Package,Dedicated account manager for first 90 days,Within 14 days,WhatsApp + Portal Tutorial,55,Moderate potential with room for growth. Focus on feature adoption.
SME-2024-00673,CV Tirta Digital Mandiri,Transportasi & Logistik,Medan,Pelanggan Baru,Kecil,7,0.35833333333333334,3484322.0,1.0,5,47.0,65.8,19.4,47.0,Low Potential,80,0.343,Re-evaluate Product Fit,Offer downgraded package or flexible terms,Within 30 days,Email Survey + Phone Follow-up,35,Low potential signals possible mismatch. Prevent silent churn.
SME-2024-00674,Warung Jaya Digital Mandiri,Pertanian & Agribisnis,Surabaya,Pelanggan Baru,Mikro,3,0.06666666666666667,796943.0,1.0,1,58.1,69.7,21.9,58.1,Medium Potential,72,0.315,Onboarding Success Package,Dedicated account manager for first 90 days,Within 14 days,WhatsApp + Portal Tutorial,55,Moderate potential with room for growth. Focus on feature adoption.
SME-2024-00675,PT Sentosa Utama Lestari,Jasa Keuangan,Medan,Pelanggan Baru,Menengah,82,0.44166666666666665,2281124.0,2.0,6,63.2,63.5,19.3,63.2,Medium Potential,85,0.387,Onboarding Success Package,Dedicated account manager for first 90 days,Within 14 days,WhatsApp + Portal Tutorial,55,Moderate potential with room for growth. Focus on feature adoption.
SME-2024-00676,Warung Berkah Optima,Perdagangan Eceran,Semarang,Pelanggan Baru,Mikro,3,0.016666666666666666,2451259.0,1.0,1,41.1,65.0,19.5,41.1,Low Potential,70,0.282,Re-evaluate Product Fit,Offer downgraded package or flexible terms,Within 30 days,Email Survey + Phone Follow-up,35,Low potential signals possible mismatch. Prevent silent churn.
SME-2024-00677,Warung Karya Cemerlang Abadi,Transportasi & Logistik,Malang,Pelanggan Baru,Mikro,2,0.45,2620504.0,1.0,6,49.0,68.6,17.9,49.0,Low Potential,85,0.326,Re-evaluate Product Fit,Offer downgraded package or flexible terms,Within 30 days,Email Survey + Phone Follow-up,35,Low potential signals possible mismatch. Prevent silent churn.
SME-2024-00678,Toko Tirta Makmur Lestari,Kesehatan,Batam,Pelanggan Baru,Kecil,19,0.325,1312351.0,1.0,4,57.8,66.7,13.8,57.8,Medium Potential,80,0.33,Onboarding Success Package,Dedicated account manager for first 90 days,Within 14 days,WhatsApp + Portal Tutorial,55,Moderate potential with room for growth. Focus on feature adoption.
SME-2024-00679,UD Tirta Andalan,Jasa Keuangan,Tangerang,Pelanggan Baru,Mikro,2,0.15,6894915.0,2.0,2,61.1,71.6,18.4,61.1,Medium Potential,77,0.519,Onboarding Success Package,Dedicated account manager for first 90 days,Within 14 days,WhatsApp + Portal Tutorial,55,Moderate potential with room for growth. Focus on feature adoption.
SME-2024-00680,Warung Bukit Sejahtera,Perdagangan Eceran,Makassar,Pelanggan Baru,Mikro,3,0.225,908185.0,1.0,3,45.4,61.4,20.9,45.4,Low Potential,80,0.255,Re-evaluate Product Fit,Offer downgraded package or flexible terms,Within 30 days,Email Survey + Phone Follow-up,35,Low potential signals possible mismatch. Prevent silent churn.
SME-2024-00681,CV Sriwijaya Solusi Lestari,Properti & Real Estate,Bandung,Pelanggan Baru,Kecil,18,0.09999999999999999,9368306.0,1.0,2,61.2,65.1,19.4,61.2,Medium Potential,77,0.597,Onboarding Success Package,Dedicated account manager for first 90 days,Within 14 days,WhatsApp + Portal Tutorial,55,Moderate potential with room for growth. Focus on feature adoption.
SME-2024-00682,Toko Bukit Indah Lestari,Properti & Real Estate,Tangerang,Pelanggan Baru,Mikro,5,0.45,593645.0,1.0,6,55.8,68.2,16.6,55.8,Medium Potential,85,0.297,Onboarding Success Package,Dedicated account manager for first 90 days,Within 14 days,WhatsApp + Portal Tutorial,55,Moderate potential with room for growth. Focus on feature adoption.
SME-2024-00683,UD Mitra Solusi Lestari,Kuliner & F&B,Makassar,Pelanggan Baru,Kecil,12,0.25833333333333336,2697858.0,1.0,4,67.3,70.2,18.7,67.3,Medium Potential,80,0.42,Onboarding Success Package,Dedicated account manager for first 90 days,Within 14 days,WhatsApp + Portal Tutorial,55,Moderate potential with room for growth. Focus on feature adoption.
SME-2024-00684,CV Berkah Pratama Abadi,Jasa Keuangan,Yogyakarta,Pelanggan Baru,Kecil,5,0.35833333333333334,6874780.0,2.0,5,54.5,63.7,17.8,54.5,Medium Potential,80,0.486,Onboarding Success Package,Dedicated account manager for first 90 days,Within 14 days,WhatsApp + Portal Tutorial,55,Moderate potential with room for growth. Focus on feature adoption.
SME-2024-00685,Toko Mandiri Indah Abadi,Manufaktur,Palembang,Pelanggan Baru,Mikro,1,0.375,1237642.0,1.0,5,65.7,67.9,15.6,65.7,Medium Potential,80,0.367,Onboarding Success Package,Dedicated account manager for first 90 days,Within 14 days,WhatsApp + Portal Tutorial,55,Moderate potential with room for growth. Focus on feature adoption.
SME-2024-00686,PT Sriwijaya Data Mandiri,Kesehatan,Yogyakarta,Pelanggan Baru,Besar,300,0.4666666666666666,1336973.0,1.0,6,88.9,66.7,14.2,88.9,High Potential,85,0.486,Fast-track Loyalty Program Enrollment,Offer 12-month contract with early-bird discount,Within 7 days of registration,Executive Phone Call + Email,75,High growth potential detected. Lock-in before competitor approaches.
SME-2024-00687,CV Surya Sejahtera Sentosa,Properti & Real Estate,Bandung,Pelanggan Baru,Kecil,6,0.075,715164.0,1.0,1,61.8,72.8,13.2,61.8,Medium Potential,69,0.331,Onboarding Success Package,Dedicated account manager for first 90 days,Within 14 days,WhatsApp + Portal Tutorial,55,Moderate potential with room for growth. Focus on feature adoption.
SME-2024-00688,Toko Citra Network,Perdagangan Eceran,Makassar,Pelanggan Baru,Mikro,1,0.35833333333333334,5008817.0,1.0,5,58.6,69.0,19.2,58.6,Medium Potential,80,0.448,Onboarding Success Package,Dedicated account manager for first 90 days,Within 14 days,WhatsApp + Portal Tutorial,55,Moderate potential with room for growth. Focus on feature adoption.
SME-2024-00689,CV Bukit Cemerlang Mandiri,Jasa Keuangan,Semarang,Pelanggan Baru,Kecil,14,0.09166666666666667,2828265.0,2.0,2,60.5,66.4,17.7,60.5,Medium Potential,72,0.39,Onboarding Success Package,Dedicated account manager for first 90 days,Within 14 days,WhatsApp + Portal Tutorial,55,Moderate potential with room for growth. Focus on feature adoption.
SME-2024-00690,Toko Sumber Teknologi,Jasa Keuangan,Malang,Pelanggan Baru,Mikro,1,0.3,4630845.0,1.0,4,41.0,59.4,22.9,41.0,Low Potential,80,0.349,Re-evaluate Product Fit,Offer downgraded package or flexible terms,Within 30 days,Email Survey + Phone Follow-up,35,Low potential signals possible mismatch. Prevent silent churn.
SME-2024-00691,CV Tirta Pratama Mandiri,Media & Kreatif,Medan,Pelanggan Baru,Kecil,5,0.47500000000000003,7395842.0,3.0,6,56.3,73.4,10.2,56.3,Medium Potential,85,0.511,Onboarding Success Package,Dedicated account manager for first 90 days,Within 14 days,WhatsApp + Portal Tutorial,55,Moderate potential with room for growth. Focus on feature adoption.
SME-2024-00692,PT Mitra Sejahtera Mandiri,Transportasi & Logistik,Medan,Pelanggan Baru,Menengah,26,0.4083333333333334,4350814.0,2.0,6,55.7,69.6,18.8,55.7,Medium Potential,82,0.413,Onboarding Success Package,Dedicated account manager for first 90 days,Within 14 days,WhatsApp + Portal Tutorial,55,Moderate potential with room for growth. Focus on feature adoption.
SME-2024-00693,PT Mandiri Digital Jaya,Perdagangan Eceran,Denpasar,Pelanggan Baru,Menengah,48,0.325,6680992.0,2.0,4,64.7,65.9,19.7,64.7,Medium Potential,77,0.53,Onboarding Success Package,Dedicated account manager for first 90 days,Within 14 days,WhatsApp + Portal Tutorial,55,Moderate potential with room for growth. Focus on feature adoption.
SME-2024-00694,Toko Bintang Bahagia Mandiri,Properti & Real Estate,Makassar,Pelanggan Baru,Kecil,8,0.35833333333333334,10550120.0,1.0,5,49.5,66.1,17.9,49.5,Low Potential,80,0.574,Re-evaluate Product Fit,Offer downgraded package or flexible terms,Within 30 days,Email Survey + Phone Follow-up,35,Low potential signals possible mismatch. Prevent silent churn.
SME-2024-00695,PT Tirta Solusi,Perdagangan Eceran,Bandar Lampung,Pelanggan Baru,Menengah,82,0.24166666666666667,1259930.0,1.0,3,68.3,70.1,23.4,68.3,Medium Potential,80,0.38,Onboarding Success Package,Dedicated account manager for first 90 days,Within 14 days,WhatsApp + Portal Tutorial,55,Moderate potential with room for growth. Focus on feature adoption.
SME-2024-00696,Toko Surya Andalan Sentosa,Pertanian & Agribisnis,Surabaya,Pelanggan Baru,Mikro,2,0.47500000000000003,1238102.0,1.0,6,43.2,55.8,28.9,43.2,Low Potential,85,0.254,Re-evaluate Product Fit,Offer downgraded package or flexible terms,Within 30 days,Email Survey + Phone Follow-up,35,Low potential signals possible mismatch. Prevent silent churn.
SME-2024-00697,Toko Tirta Lestari Sentosa,Media & Kreatif,Palembang,Pelanggan Baru,Mikro,3,0.30833333333333335,3735172.0,1.0,4,53.4,74.1,17.3,53.4,Medium Potential,80,0.383,Onboarding Success Package,Dedicated account manager for first 90 days,Within 14 days,WhatsApp + Portal Tutorial,55,Moderate potential with room for growth. Focus on feature adoption.
SME-2024-00698,UD Berkah Network Lestari,Pendidikan & Training,Batam,Pelanggan Baru,Kecil,9,0.15,6493832.0,2.0,2,54.1,70.3,14.8,54.1,Medium Potential,77,0.472,Onboarding Success Package,Dedicated account manager for first 90 days,Within 14 days,WhatsApp + Portal Tutorial,55,Moderate potential with room for growth. Focus on feature adoption.
SME-2024-00699,Toko Citra Data Pratama,Kesehatan,Jakarta,Pelanggan Baru,Kecil,10,0.17500000000000002,3668185.0,1.0,3,54.8,50.9,27.2,54.8,Medium Potential,80,0.388,Onboarding Success Package,Dedicated account manager for first 90 days,Within 14 days,WhatsApp + Portal Tutorial,55,Moderate potential with room for growth. Focus on feature adoption.
SME-2024-00700,Kios Bumi Cemerlang Jaya,Pertanian & Agribisnis,Jakarta,Pelanggan Baru,Mikro,4,0.075,2326972.0,1.0,1,59.2,70.5,17.8,59.2,Medium Potential,72,0.368,Onboarding Success Package,Dedicated account manager for first 90 days,Within 14 days,WhatsApp + Portal Tutorial,55,Moderate potential with room for growth. Focus on feature adoption.
SME-2024-00701,UD Permata Sejahtera Sentosa,Pertanian & Agribisnis,Bandung,Pelanggan Baru,Kecil,11,0.05833333333333333,5784739.0,2.0,1,68.4,66.1,21.1,68.4,Medium Potential,70,0.521,Onboarding Success Package,Dedicated account manager for first 90 days,Within 14 days,WhatsApp + Portal Tutorial,55,Moderate potential with room for growth. Focus on feature adoption.
SME-2024-00702,UD Tirta Pratama Pratama,Media & Kreatif,Denpasar,Pelanggan Baru,Kecil,20,0.425,1246581.0,1.0,6,70.9,74.0,17.8,70.9,Medium Potential,85,0.393,Onboarding Success Package,Dedicated account manager for first 90 days,Within 14 days,WhatsApp + Portal Tutorial,55,Moderate potential with room for growth. Focus on feature adoption.
SME-2024-00703,Toko Jaya Sinergi Abadi,Teknologi Informasi,Medan,Pelanggan Baru,Kecil,5,0.13333333333333333,997895.0,1.0,2,59.6,70.8,16.7,59.6,Medium Potential,77,0.329,Onboarding Success Package,Dedicated account manager for first 90 days,Within 14 days,WhatsApp + Portal Tutorial,55,Moderate potential with room for growth. Focus on feature adoption.
SME-2024-00704,Warung Duta Mulia Mandiri,Manufaktur,Tangerang,Pelanggan Baru,Mikro,4,0.27499999999999997,809437.0,1.0,4,56.5,66.0,16.5,56.5,Medium Potential,77,0.307,Onboarding Success Package,Dedicated account manager for first 90 days,Within 14 days,WhatsApp + Portal Tutorial,55,Moderate potential with room for growth. Focus on feature adoption.
SME-2024-00705,UD Mitra Persada,Konstruksi,Batam,Pelanggan Baru,Mikro,5,0.3333333333333333,1149699.0,1.0,5,35.0,55.4,23.8,35.0,Low Potential,80,0.211,Re-evaluate Product Fit,Offer downgraded package or flexible terms,Within 30 days,Email Survey + Phone Follow-up,35,Low potential signals possible mismatch. Prevent silent churn.
SME-2024-00706,UD Mitra Persada Jaya,Pendidikan & Training,Palembang,Pelanggan Baru,Mikro,3,0.425,554218.0,1.0,6,39.7,70.2,16.4,39.7,Low Potential,82,0.216,Re-evaluate Product Fit,Offer downgraded package or flexible terms,Within 30 days,Email Survey + Phone Follow-up,35,Low potential signals possible mismatch. Prevent silent churn.
SME-2024-00707,PT Karya Persada Lestari,Media & Kreatif,Makassar,Pelanggan Baru,Menengah,29,0.024999999999999998,13694878.0,3.0,1,57.4,73.1,18.3,57.4,Medium Potential,72,0.712,Onboarding Success Package,Dedicated account manager for first 90 days,Within 14 days,WhatsApp + Portal Tutorial,55,Moderate potential with room for growth. Focus on feature adoption.
SME-2024-00708,UD Tirta Persada Abadi,Media & Kreatif,Semarang,Pelanggan Baru,Mikro,3,0.47500000000000003,3439329.0,1.0,6,47.5,72.7,10.5,47.5,Low Potential,85,0.344,Re-evaluate Product Fit,Offer downgraded package or flexible terms,Within 30 days,Email Survey + Phone Follow-up,35,Low potential signals possible mismatch. Prevent silent churn.
SME-2024-00709,Toko Tirta Digital Mandiri,Kuliner & F&B,Batam,Pelanggan Baru,Kecil,19,0.3666666666666667,3004977.0,1.0,5,60.6,76.5,14.1,60.6,Medium Potential,80,0.396,Onboarding Success Package,Dedicated account manager for first 90 days,Within 14 days,WhatsApp + Portal Tutorial,55,Moderate potential with room for growth. Focus on feature adoption.
SME-2024-00710,Warung Citra Cemerlang Abadi,Transportasi & Logistik,Tangerang,Pelanggan Baru,Mikro,3,0.2833333333333333,6769838.0,1.0,4,59.8,66.8,19.5,59.8,Medium Potential,80,0.509,Onboarding Success Package,Dedicated account manager for first 90 days,Within 14 days,WhatsApp + Portal Tutorial,55,Moderate potential with room for growth. Focus on feature adoption.
SME-2024-00711,Kios Nusantara Digital Jaya,Properti & Real Estate,Tangerang,Pelanggan Baru,Mikro,2,0.16666666666666666,13478559.0,2.0,3,41.9,68.1,25.2,41.9,Low Potential,80,0.627,Re-evaluate Product Fit,Offer downgraded package or flexible terms,Within 30 days,Email Survey + Phone Follow-up,35,Low potential signals possible mismatch. Prevent silent churn.
SME-2024-00712,CV Mandiri Solusi Jaya,Pertanian & Agribisnis,Bandar Lampung,Pelanggan Baru,Kecil,20,0.15,2773191.0,2.0,2,49.8,59.7,22.8,49.8,Low Potential,77,0.335,Re-evaluate Product Fit,Offer downgraded package or flexible terms,Within 30 days,Email Survey + Phone Follow-up,35,Low potential signals possible mismatch. Prevent silent churn.
SME-2024-00713,CV Bukit Bahagia Lestari,Manufaktur,Makassar,Pelanggan Baru,Kecil,14,0.05833333333333333,10952768.0,2.0,1,60.3,65.5,19.1,60.3,Medium Potential,70,0.641,Onboarding Success Package,Dedicated account manager for first 90 days,Within 14 days,WhatsApp + Portal Tutorial,55,Moderate potential with room for growth. Focus on feature adoption.
SME-2024-00714,Toko Tirta Utama Sentosa,Kesehatan,Tangerang,Pelanggan Baru,Mikro,4,0.44166666666666665,2512576.0,1.0,6,59.5,64.4,13.0,59.5,Medium Potential,85,0.376,Onboarding Success Package,Dedicated account manager for first 90 days,Within 14 days,WhatsApp + Portal Tutorial,55,Moderate potential with room for growth. Focus on feature adoption.
SME-2024-00715,PT Duta Cemerlang Pratama,Jasa Keuangan,Bandar Lampung,Pelanggan Baru,Besar,254,0.225,8347156.0,2.0,3,65.0,64.9,22.0,65.0,Medium Potential,77,0.584,Onboarding Success Package,Dedicated account manager for first 90 days,Within 14 days,WhatsApp + Portal Tutorial,55,Moderate potential with room for growth. Focus on feature adoption.
SME-2024-00716,Toko Sriwijaya Digital Pratama,Kesehatan,Palembang,Pelanggan Baru,Kecil,20,0.2333333333333333,6473264.0,2.0,3,45.5,62.4,24.6,45.5,Low Potential,80,0.428,Re-evaluate Product Fit,Offer downgraded package or flexible terms,Within 30 days,Email Survey + Phone Follow-up,35,Low potential signals possible mismatch. Prevent silent churn.
SME-2024-00717,UD Garuda Solusi Pratama,Media & Kreatif,Jakarta,Pelanggan Baru,Kecil,5,0.21666666666666667,7409401.0,1.0,3,49.9,56.4,23.4,49.9,Low Potential,80,0.479,Re-evaluate Product Fit,Offer downgraded package or flexible terms,Within 30 days,Email Survey + Phone Follow-up,35,Low potential signals possible mismatch. Prevent silent churn.
SME-2024-00718,UD Berkah Sakti Pratama,Pendidikan & Training,Makassar,Pelanggan Baru,Mikro,4,0.3333333333333333,3088164.0,1.0,4,35.9,61.1,27.3,35.9,Low Potential,80,0.275,Re-evaluate Product Fit,Offer downgraded package or flexible terms,Within 30 days,Email Survey + Phone Follow-up,35,Low potential signals possible mismatch. Prevent silent churn.
SME-2024-00719,PT Bumi Data Abadi,Perdagangan Eceran,Jakarta,Pelanggan Baru,Menengah,25,0.44166666666666665,4519339.0,2.0,6,69.6,68.0,17.1,69.6,Medium Potential,82,0.488,Onboarding Success Package,Dedicated account manager for first 90 days,Within 14 days,WhatsApp + Portal Tutorial,55,Moderate potential with room for growth. Focus on feature adoption.
SME-2024-00720,UD Surya Digital,Transportasi & Logistik,Batam,Pelanggan Baru,Kecil,13,0.08333333333333333,2419624.0,1.0,2,66.8,68.4,15.9,66.8,Medium Potential,72,0.409,Onboarding Success Package,Dedicated account manager for first 90 days,Within 14 days,WhatsApp + Portal Tutorial,55,Moderate potential with room for growth. Focus on feature adoption.
SME-2024-00721,CV Surya Teknologi Sentosa,Pendidikan & Training,Semarang,Pelanggan Baru,Kecil,5,0.09166666666666667,10362601.0,2.0,2,49.0,71.8,16.3,49.0,Low Potential,72,0.566,Re-evaluate Product Fit,Offer downgraded package or flexible terms,Within 30 days,Email Survey + Phone Follow-up,35,Low potential signals possible mismatch. Prevent silent churn.
SME-2024-00722,PT Mega Teknologi Pratama,Pertanian & Agribisnis,Jakarta,Pelanggan Baru,Menengah,47,0.4166666666666667,2140350.0,1.0,6,68.8,59.5,16.5,68.8,Medium Potential,85,0.41,Onboarding Success Package,Dedicated account manager for first 90 days,Within 14 days,WhatsApp + Portal Tutorial,55,Moderate potential with room for growth. Focus on feature adoption.
SME-2024-00723,UD Karya Konektifitas Lestari,Kuliner & F&B,Bandung,Pelanggan Baru,Kecil,18,0.2333333333333333,5142335.0,2.0,3,53.5,72.6,16.4,53.5,Medium Potential,80,0.427,Onboarding Success Package,Dedicated account manager for first 90 days,Within 14 days,WhatsApp + Portal Tutorial,55,Moderate potential with room for growth. Focus on feature adoption.
SME-2024-00724,Kios Mega Makmur,Media & Kreatif,Semarang,Pelanggan Baru,Mikro,2,0.11666666666666665,715472.0,1.0,2,69.7,76.2,12.2,69.7,Medium Potential,74,0.371,Onboarding Success Package,Dedicated account manager for first 90 days,Within 14 days,WhatsApp + Portal Tutorial,55,Moderate potential with room for growth. Focus on feature adoption.
SME-2024-00725,CV Mega Lestari Lestari,Pendidikan & Training,Bandung,Pelanggan Baru,Menengah,37,0.075,6349449.0,1.0,1,63.6,67.8,21.1,63.6,Medium Potential,72,0.515,Onboarding Success Package,Dedicated account manager for first 90 days,Within 14 days,WhatsApp + Portal Tutorial,55,Moderate potential with room for growth. Focus on feature adoption.
SME-2024-00726,Toko Garuda Sakti,Konstruksi,Medan,Pelanggan Baru,Mikro,4,0.024999999999999998,3234949.0,1.0,1,43.4,67.4,23.6,43.4,Low Potential,72,0.317,Re-evaluate Product Fit,Offer downgraded package or flexible terms,Within 30 days,Email Survey + Phone Follow-up,35,Low potential signals possible mismatch. Prevent silent churn.
SME-2024-00727,CV Sentosa Pratama Mandiri,Konstruksi,Yogyakarta,Pelanggan Baru,Menengah,88,0.3416666666666666,6121341.0,2.0,5,68.9,81.1,16.4,68.9,Medium Potential,80,0.534,Onboarding Success Package,Dedicated account manager for first 90 days,Within 14 days,WhatsApp + Portal Tutorial,55,Moderate potential with room for growth. Focus on feature adoption.
SME-2024-00728,Toko Berkah Lestari Jaya,Kesehatan,Batam,Pelanggan Baru,Kecil,12,0.4166666666666667,3177323.0,2.0,6,49.4,73.5,14.1,49.4,Low Potential,85,0.345,Re-evaluate Product Fit,Offer downgraded package or flexible terms,Within 30 days,Email Survey + Phone Follow-up,35,Low potential signals possible mismatch. Prevent silent churn.
SME-2024-00729,Kios Bumi Makmur,Konstruksi,Medan,Pelanggan Baru,Mikro,2,0.049999999999999996,7596012.0,1.0,1,40.8,55.9,27.2,40.8,Low Potential,72,0.44,Re-evaluate Product Fit,Offer downgraded package or flexible terms,Within 30 days,Email Survey + Phone Follow-up,35,Low potential signals possible mismatch. Prevent silent churn.
SME-2024-00730,CV Mitra Utama Abadi,Pertanian & Agribisnis,Palembang,Pelanggan Baru,Menengah,36,0.4083333333333334,11824216.0,3.0,5,67.4,75.7,15.5,67.4,Medium Potential,80,0.704,Onboarding Success Package,Dedicated account manager for first 90 days,Within 14 days,WhatsApp + Portal Tutorial,55,Moderate potential with room for growth. Focus on feature adoption.
SME-2024-00731,CV Sentosa Sejahtera Abadi,Pendidikan & Training,Jakarta,Pelanggan Baru,Menengah,23,0.2833333333333333,7354223.0,2.0,4,61.8,65.6,18.8,61.8,Medium Potential,80,0.537,Onboarding Success Package,Dedicated account manager for first 90 days,Within 14 days,WhatsApp + Portal Tutorial,55,Moderate potential with room for growth. Focus on feature adoption.
SME-2024-00732,CV Bumi Teknologi Sentosa,Pendidikan & Training,Bandung,Pelanggan Baru,Kecil,7,0.35000000000000003,4924097.0,1.0,5,40.7,61.4,24.2,40.7,Low Potential,80,0.356,Re-evaluate Product Fit,Offer downgraded package or flexible terms,Within 30 days,Email Survey + Phone Follow-up,35,Low potential signals possible mismatch. Prevent silent churn.
SME-2024-00733,CV Mitra Sakti Abadi,Properti & Real Estate,Malang,Pelanggan Baru,Kecil,9,0.35000000000000003,9717854.0,2.0,5,67.5,69.0,14.7,67.5,Medium Potential,80,0.639,Onboarding Success Package,Dedicated account manager for first 90 days,Within 14 days,WhatsApp + Portal Tutorial,55,Moderate potential with room for growth. Focus on feature adoption.
SME-2024-00734,CV Bumi Mulia Lestari,Kesehatan,Semarang,Pelanggan Baru,Kecil,9,0.25,1667323.0,1.0,3,64.6,60.8,24.1,64.6,Medium Potential,80,0.375,Onboarding Success Package,Dedicated account manager for first 90 days,Within 14 days,WhatsApp + Portal Tutorial,55,Moderate potential with room for growth. Focus on feature adoption.
SME-2024-00735,Kios Sentosa Utama Jaya,Transportasi & Logistik,Semarang,Pelanggan Baru,Mikro,5,0.4666666666666666,1037471.0,1.0,6,56.1,66.2,12.0,56.1,Medium Potential,85,0.312,Onboarding Success Package,Dedicated account manager for first 90 days,Within 14 days,WhatsApp + Portal Tutorial,55,Moderate potential with room for growth. Focus on feature adoption.
SME-2024-00736,Toko Jaya Solusi Mandiri,Pertanian & Agribisnis,Denpasar,Pelanggan Baru,Kecil,12,0.11666666666666665,2582691.0,1.0,2,63.2,71.8,21.6,63.2,Medium Potential,77,0.396,Onboarding Success Package,Dedicated account manager for first 90 days,Within 14 days,WhatsApp + Portal Tutorial,55,Moderate potential with room for growth. Focus on feature adoption.
SME-2024-00737,UD Jaya Indah Jaya,Kuliner & F&B,Bandar Lampung,Pelanggan Baru,Mikro,4,0.05833333333333333,2500998.0,2.0,1,54.8,70.6,15.0,54.8,Medium Potential,69,0.352,Onboarding Success Package,Dedicated account manager for first 90 days,Within 14 days,WhatsApp + Portal Tutorial,55,Moderate potential with room for growth. Focus on feature adoption.
SME-2024-00738,Warung Bumi Digital Jaya,Pertanian & Agribisnis,Denpasar,Pelanggan Baru,Mikro,2,0.47500000000000003,4871122.0,2.0,6,45.8,69.4,15.6,45.8,Low Potential,85,0.38,Re-evaluate Product Fit,Offer downgraded package or flexible terms,Within 30 days,Email Survey + Phone Follow-up,35,Low potential signals possible mismatch. Prevent silent churn.
SME-2024-00739,UD Sriwijaya Sakti Sentosa,Konstruksi,Palembang,Pelanggan Baru,Kecil,20,0.09166666666666667,3820699.0,2.0,2,61.9,69.2,15.0,61.9,Medium Potential,74,0.428,Onboarding Success Package,Dedicated account manager for first 90 days,Within 14 days,WhatsApp + Portal Tutorial,55,Moderate potential with room for growth. Focus on feature adoption.
SME-2024-00740,UD Bukit Konektifitas Jaya,Teknologi Informasi,Yogyakarta,Pelanggan Baru,Kecil,7,0.24166666666666667,9782316.0,1.0,3,49.2,66.2,22.4,49.2,Low Potential,80,0.549,Re-evaluate Product Fit,Offer downgraded package or flexible terms,Within 30 days,Email Survey + Phone Follow-up,35,Low potential signals possible mismatch. Prevent silent churn.
SME-2024-00741,CV Nusantara Mulia Lestari,Perdagangan Eceran,Bandung,Pelanggan Baru,Menengah,71,0.25,2461616.0,1.0,4,65.0,72.7,17.5,65.0,Medium Potential,80,0.401,Onboarding Success Package,Dedicated account manager for first 90 days,Within 14 days,WhatsApp + Portal Tutorial,55,Moderate potential with room for growth. Focus on feature adoption.
SME-2024-00742,PT Mandiri Persada,Media & Kreatif,Denpasar,Pelanggan Baru,Besar,188,0.11666666666666665,4469000.0,1.0,2,77.1,71.9,18.5,77.1,High Potential,74,0.524,Fast-track Loyalty Program Enrollment,Offer 12-month contract with early-bird discount,Within 7 days of registration,Executive Phone Call + Email,75,High growth potential detected. Lock-in before competitor approaches.
SME-2024-00743,UD Garuda Data Jaya,Pendidikan & Training,Bandung,Pelanggan Baru,Mikro,2,0.075,3747908.0,1.0,1,46.9,73.5,17.8,46.9,Low Potential,69,0.351,Re-evaluate Product Fit,Offer downgraded package or flexible terms,Within 30 days,Email Survey + Phone Follow-up,35,Low potential signals possible mismatch. Prevent silent churn.
SME-2024-00744,UD Sumber Pratama Abadi,Kuliner & F&B,Bandung,Pelanggan Baru,Mikro,3,0.049999999999999996,4225792.0,2.0,1,52.6,71.0,18.9,52.6,Medium Potential,72,0.394,Onboarding Success Package,Dedicated account manager for first 90 days,Within 14 days,WhatsApp + Portal Tutorial,55,Moderate potential with room for growth. Focus on feature adoption.
SME-2024-00745,Warung Bintang Teknologi Mandiri,Manufaktur,Bandar Lampung,Pelanggan Baru,Mikro,2,0.44166666666666665,5729785.0,2.0,6,55.7,66.2,16.2,55.7,Medium Potential,82,0.456,Onboarding Success Package,Dedicated account manager for first 90 days,Within 14 days,WhatsApp + Portal Tutorial,55,Moderate potential with room for growth. Focus on feature adoption.
SME-2024-00746,UD Abadi Indah Abadi,Perdagangan Eceran,Malang,Pelanggan Baru,Kecil,16,0.25,1891458.0,1.0,4,65.4,72.6,14.0,65.4,Medium Potential,77,0.385,Onboarding Success Package,Dedicated account manager for first 90 days,Within 14 days,WhatsApp + Portal Tutorial,55,Moderate potential with room for growth. Focus on feature adoption.
SME-2024-00747,UD Duta Pratama Lestari,Kuliner & F&B,Malang,Pelanggan Baru,Mikro,4,0.21666666666666667,2794508.0,1.0,3,41.9,65.7,25.4,41.9,Low Potential,80,0.296,Re-evaluate Product Fit,Offer downgraded package or flexible terms,Within 30 days,Email Survey + Phone Follow-up,35,Low potential signals possible mismatch. Prevent silent churn.
SME-2024-00748,Toko Bumi Indah Pratama,Kesehatan,Bandung,Pelanggan Baru,Kecil,20,0.39999999999999997,732790.0,1.0,5,50.6,69.3,17.8,50.6,Medium Potential,80,0.276,Onboarding Success Package,Dedicated account manager for first 90 days,Within 14 days,WhatsApp + Portal Tutorial,55,Moderate potential with room for growth. Focus on feature adoption.
SME-2024-00749,Kios Surya Mulia Abadi,Perdagangan Eceran,Jakarta,Pelanggan Baru,Mikro,5,0.4666666666666666,4037485.0,1.0,6,55.2,57.9,22.3,55.2,Medium Potential,85,0.401,Onboarding Success Package,Dedicated account manager for first 90 days,Within 14 days,WhatsApp + Portal Tutorial,55,Moderate potential with room for growth. Focus on feature adoption.
SME-2024-00750,Toko Nusantara Optima,Teknologi Informasi,Makassar,Pelanggan Baru,Kecil,18,0.4083333333333334,3642337.0,1.0,5,57.1,61.6,22.3,57.1,Medium Potential,80,0.399,Onboarding Success Package,Dedicated account manager for first 90 days,Within 14 days,WhatsApp + Portal Tutorial,55,Moderate potential with room for growth. Focus on feature adoption.
SME-2024-00751,CV Bumi Mulia Pratama,Jasa Keuangan,Bandar Lampung,Pelanggan Baru,Menengah,28,0.2833333333333333,1286390.0,1.0,4,76.7,69.6,18.3,76.7,High Potential,80,0.423,Fast-track Loyalty Program Enrollment,Offer 12-month contract with early-bird discount,Within 7 days of registration,Executive Phone Call + Email,75,High growth potential detected. Lock-in before competitor approaches.
SME-2024-00752,UD Berkah Pratama Abadi,Perdagangan Eceran,Semarang,Pelanggan Baru,Kecil,11,0.225,7600308.0,2.0,3,56.0,64.0,22.6,56.0,Medium Potential,80,0.516,Onboarding Success Package,Dedicated account manager for first 90 days,Within 14 days,WhatsApp + Portal Tutorial,55,Moderate potential with room for growth. Focus on feature adoption.
SME-2024-00753,CV Jaya Sejahtera Lestari,Manufaktur,Makassar,Pelanggan Baru,Menengah,75,0.20833333333333334,4335792.0,1.0,3,75.0,75.9,14.3,75.0,Medium Potential,80,0.509,Onboarding Success Package,Dedicated account manager for first 90 days,Within 14 days,WhatsApp + Portal Tutorial,55,Moderate potential with room for growth. Focus on feature adoption.
SME-2024-00754,UD Surya Konektifitas Sentosa,Kesehatan,Surabaya,Pelanggan Baru,Kecil,10,0.24166666666666667,1359731.0,1.0,3,48.8,67.8,20.3,48.8,Low Potential,80,0.286,Re-evaluate Product Fit,Offer downgraded package or flexible terms,Within 30 days,Email Survey + Phone Follow-up,35,Low potential signals possible mismatch. Prevent silent churn.
SME-2024-00755,Kios Bukit Data Pratama,Pertanian & Agribisnis,Medan,Pelanggan Baru,Mikro,4,0.2833333333333333,1591265.0,1.0,4,59.3,70.0,19.9,59.3,Medium Potential,80,0.346,Onboarding Success Package,Dedicated account manager for first 90 days,Within 14 days,WhatsApp + Portal Tutorial,55,Moderate potential with room for growth. Focus on feature adoption.
SME-2024-00756,CV Bukit Cemerlang Mandiri,Properti & Real Estate,Tangerang,Pelanggan Baru,Kecil,13,0.18333333333333335,4576670.0,1.0,3,52.6,67.7,20.0,52.6,Medium Potential,80,0.405,Onboarding Success Package,Dedicated account manager for first 90 days,Within 14 days,WhatsApp + Portal Tutorial,55,Moderate potential with room for growth. Focus on feature adoption.
SME-2024-00757,UD Karya Optima Abadi,Properti & Real Estate,Semarang,Pelanggan Baru,Mikro,4,0.47500000000000003,6199365.0,2.0,6,55.3,60.7,20.0,55.3,Medium Potential,85,0.469,Onboarding Success Package,Dedicated account manager for first 90 days,Within 14 days,WhatsApp + Portal Tutorial,55,Moderate potential with room for growth. Focus on feature adoption.
SME-2024-00758,UD Sentosa Solusi Mandiri,Media & Kreatif,Denpasar,Pelanggan Baru,Mikro,3,0.25,2618175.0,1.0,4,51.8,65.7,16.9,51.8,Medium Potential,80,0.34,Onboarding Success Package,Dedicated account manager for first 90 days,Within 14 days,WhatsApp + Portal Tutorial,55,Moderate potential with room for growth. Focus on feature adoption.
SME-2024-00759,UD Tirta Lestari,Perdagangan Eceran,Palembang,Pelanggan Baru,Kecil,5,0.375,1641210.0,1.0,5,55.5,74.9,16.7,55.5,Medium Potential,80,0.328,Onboarding Success Package,Dedicated account manager for first 90 days,Within 14 days,WhatsApp + Portal Tutorial,55,Moderate potential with room for growth. Focus on feature adoption.
SME-2024-00760,Warung Mitra Solusi,Jasa Keuangan,Palembang,Pelanggan Baru,Mikro,3,0.45,8622925.0,1.0,6,60.1,63.8,12.1,60.1,Medium Potential,85,0.568,Onboarding Success Package,Dedicated account manager for first 90 days,Within 14 days,WhatsApp + Portal Tutorial,55,Moderate potential with room for growth. Focus on feature adoption.
SME-2024-00761,CV Sumber Konektifitas Lestari,Transportasi & Logistik,Bandar Lampung,Pelanggan Baru,Kecil,8,0.44166666666666665,4389416.0,1.0,6,52.6,67.1,14.8,52.6,Medium Potential,85,0.399,Onboarding Success Package,Dedicated account manager for first 90 days,Within 14 days,WhatsApp + Portal Tutorial,55,Moderate potential with room for growth. Focus on feature adoption.
SME-2024-00762,CV Bukit Solusi Pratama,Teknologi Informasi,Medan,Pelanggan Baru,Menengah,87,0.16666666666666666,1980688.0,1.0,2,77.6,63.6,16.3,77.6,High Potential,77,0.45,Fast-track Loyalty Program Enrollment,Offer 12-month contract with early-bird discount,Within 7 days of registration,Executive Phone Call + Email,75,High growth potential detected. Lock-in before competitor approaches.
SME-2024-00763,CV Sriwijaya Konektifitas,Manufaktur,Palembang,Pelanggan Baru,Menengah,56,0.05833333333333333,3053803.0,2.0,1,75.2,73.1,15.9,75.2,High Potential,70,0.471,Fast-track Loyalty Program Enrollment,Offer 12-month contract with early-bird discount,Within 7 days of registration,Executive Phone Call + Email,75,High growth potential detected. Lock-in before competitor approaches.
SME-2024-00764,CV Permata Sinergi Sentosa,Teknologi Informasi,Bandung,Pelanggan Baru,Kecil,18,0.4083333333333334,4053621.0,1.0,6,55.0,70.7,20.2,55.0,Medium Potential,85,0.401,Onboarding Success Package,Dedicated account manager for first 90 days,Within 14 days,WhatsApp + Portal Tutorial,55,Moderate potential with room for growth. Focus on feature adoption.
SME-2024-00765,Kios Garuda Optima Pratama,Jasa Keuangan,Semarang,Pelanggan Baru,Mikro,5,0.48333333333333334,14608630.0,3.0,6,51.9,63.2,19.6,51.9,Medium Potential,85,0.713,Onboarding Success Package,Dedicated account manager for first 90 days,Within 14 days,WhatsApp + Portal Tutorial,55,Moderate potential with room for growth. Focus on feature adoption.
SME-2024-00766,UD Bumi Bahagia Jaya,Media & Kreatif,Bandung,Pelanggan Baru,Mikro,2,0.3416666666666666,1853952.0,1.0,5,51.4,62.6,14.1,51.4,Medium Potential,80,0.315,Onboarding Success Package,Dedicated account manager for first 90 days,Within 14 days,WhatsApp + Portal Tutorial,55,Moderate potential with room for growth. Focus on feature adoption.
SME-2024-00767,Kios Garuda Sakti Jaya,Konstruksi,Malang,Pelanggan Baru,Mikro,5,0.31666666666666665,1349229.0,1.0,4,54.4,62.6,19.7,54.4,Medium Potential,80,0.314,Onboarding Success Package,Dedicated account manager for first 90 days,Within 14 days,WhatsApp + Portal Tutorial,55,Moderate potential with room for growth. Focus on feature adoption.
SME-2024-00768,PT Abadi Andalan Lestari,Teknologi Informasi,Batam,Pelanggan Baru,Menengah,62,0.4666666666666666,1826423.0,1.0,6,78.4,70.7,17.2,78.4,High Potential,85,0.449,Fast-track Loyalty Program Enrollment,Offer 12-month contract with early-bird discount,Within 7 days of registration,Executive Phone Call + Email,75,High growth potential detected. Lock-in before competitor approaches.
SME-2024-00769,UD Permata Digital Jaya,Jasa Keuangan,Bandung,Pelanggan Baru,Mikro,1,0.125,6835629.0,2.0,2,62.8,74.6,16.0,62.8,Medium Potential,77,0.526,Onboarding Success Package,Dedicated account manager for first 90 days,Within 14 days,WhatsApp + Portal Tutorial,55,Moderate potential with room for growth. Focus on feature adoption.
SME-2024-00770,PT Jaya Persada,Pertanian & Agribisnis,Denpasar,Pelanggan Baru,Besar,191,0.06666666666666667,3908262.0,1.0,1,83.3,77.1,16.7,83.3,High Potential,72,0.538,Fast-track Loyalty Program Enrollment,Offer 12-month contract with early-bird discount,Within 7 days of registration,Executive Phone Call + Email,75,High growth potential detected. Lock-in before competitor approaches.
SME-2024-00771,CV Sriwijaya Lestari Sentosa,Kuliner & F&B,Palembang,Pelanggan Baru,Menengah,24,0.44166666666666665,1559558.0,1.0,6,66.2,58.3,21.6,66.2,Medium Potential,85,0.379,Onboarding Success Package,Dedicated account manager for first 90 days,Within 14 days,WhatsApp + Portal Tutorial,55,Moderate potential with room for growth. Focus on feature adoption.
SME-2024-00772,UD Garuda Persada Jaya,Media & Kreatif,Medan,Pelanggan Baru,Mikro,2,0.3666666666666667,1527230.0,1.0,5,49.3,65.6,19.3,49.3,Low Potential,80,0.294,Re-evaluate Product Fit,Offer downgraded package or flexible terms,Within 30 days,Email Survey + Phone Follow-up,35,Low potential signals possible mismatch. Prevent silent churn.
SME-2024-00773,Toko Permata Lestari Lestari,Properti & Real Estate,Bandar Lampung,Pelanggan Baru,Kecil,17,0.48333333333333334,3130837.0,2.0,6,57.2,74.3,15.6,57.2,Medium Potential,82,0.383,Onboarding Success Package,Dedicated account manager for first 90 days,Within 14 days,WhatsApp + Portal Tutorial,55,Moderate potential with room for growth. Focus on feature adoption.
SME-2024-00774,CV Jaya Sinergi Lestari,Kuliner & F&B,Palembang,Pelanggan Baru,Menengah,92,0.25,9872848.0,2.0,4,73.5,64.2,23.0,73.5,Medium Potential,80,0.673,Onboarding Success Package,Dedicated account manager for first 90 days,Within 14 days,WhatsApp + Portal Tutorial,55,Moderate potential with room for growth. Focus on feature adoption.
SME-2024-00775,Warung Sentosa Bahagia Abadi,Media & Kreatif,Surabaya,Pelanggan Baru,Mikro,1,0.06666666666666667,10552092.0,2.0,1,38.9,69.3,19.2,38.9,Low Potential,72,0.522,Re-evaluate Product Fit,Offer downgraded package or flexible terms,Within 30 days,Email Survey + Phone Follow-up,35,Low potential signals possible mismatch. Prevent silent churn.
SME-2024-00776,Warung Tirta Pratama,Media & Kreatif,Semarang,Pelanggan Baru,Mikro,3,0.3333333333333333,2527042.0,1.0,4,40.2,72.7,15.5,40.2,Low Potential,80,0.279,Re-evaluate Product Fit,Offer downgraded package or flexible terms,Within 30 days,Email Survey + Phone Follow-up,35,Low potential signals possible mismatch. Prevent silent churn.
SME-2024-00777,Kios Permata Sejahtera Sentosa,Transportasi & Logistik,Semarang,Pelanggan Baru,Mikro,4,0.44166666666666665,7377340.0,2.0,6,59.0,61.1,16.2,59.0,Medium Potential,85,0.524,Onboarding Success Package,Dedicated account manager for first 90 days,Within 14 days,WhatsApp + Portal Tutorial,55,Moderate potential with room for growth. Focus on feature adoption.
SME-2024-00778,PT Mega Pratama Abadi,Properti & Real Estate,Semarang,Pelanggan Baru,Menengah,31,0.16666666666666666,2098474.0,1.0,3,63.0,60.1,24.8,63.0,Medium Potential,80,0.38,Onboarding Success Package,Dedicated account manager for first 90 days,Within 14 days,WhatsApp + Portal Tutorial,55,Moderate potential with room for growth. Focus on feature adoption.
SME-2024-00779,Warung Tirta Persada,Kuliner & F&B,Makassar,Pelanggan Baru,Mikro,4,0.03333333333333333,4463058.0,1.0,1,60.7,61.9,20.9,60.7,Medium Potential,72,0.442,Onboarding Success Package,Dedicated account manager for first 90 days,Within 14 days,WhatsApp + Portal Tutorial,55,Moderate potential with room for growth. Focus on feature adoption.
SME-2024-00780,Toko Garuda Optima Pratama,Pendidikan & Training,Medan,Pelanggan Baru,Kecil,9,0.19166666666666665,3472022.0,1.0,3,67.2,72.2,16.9,67.2,Medium Potential,80,0.444,Onboarding Success Package,Dedicated account manager for first 90 days,Within 14 days,WhatsApp + Portal Tutorial,55,Moderate potential with room for growth. Focus on feature adoption.
SME-2024-00781,Warung Sentosa Network Sentosa,Teknologi Informasi,Denpasar,Pelanggan Baru,Mikro,3,0.05833333333333333,1748911.0,1.0,1,68.1,70.5,17.7,68.1,Medium Potential,72,0.395,Onboarding Success Package,Dedicated account manager for first 90 days,Within 14 days,WhatsApp + Portal Tutorial,55,Moderate potential with room for growth. Focus on feature adoption.
SME-2024-00782,Kios Mitra Indah Pratama,Media & Kreatif,Malang,Pelanggan Baru,Mikro,3,0.11666666666666665,1854849.0,1.0,2,53.2,77.8,14.0,53.2,Medium Potential,77,0.323,Onboarding Success Package,Dedicated account manager for first 90 days,Within 14 days,WhatsApp + Portal Tutorial,55,Moderate potential with room for growth. Focus on feature adoption.
SME-2024-00783,UD Nusantara Sinergi Mandiri,Konstruksi,Batam,Pelanggan Baru,Kecil,18,0.375,4578607.0,2.0,5,60.1,66.6,18.4,60.1,Medium Potential,80,0.443,Onboarding Success Package,Dedicated account manager for first 90 days,Within 14 days,WhatsApp + Portal Tutorial,55,Moderate potential with room for growth. Focus on feature adoption.
SME-2024-00784,Kios Bintang Teknologi Mandiri,Jasa Keuangan,Palembang,Pelanggan Baru,Mikro,4,0.425,568843.0,1.0,6,52.4,76.0,11.9,52.4,Medium Potential,85,0.28,Onboarding Success Package,Dedicated account manager for first 90 days,Within 14 days,WhatsApp + Portal Tutorial,55,Moderate potential with room for growth. Focus on feature adoption.
SME-2024-00785,Warung Citra Indah Jaya,Transportasi & Logistik,Semarang,Pelanggan Baru,Mikro,5,0.3,4859885.0,2.0,4,62.3,71.2,13.5,62.3,Medium Potential,80,0.462,Onboarding Success Package,Dedicated account manager for first 90 days,Within 14 days,WhatsApp + Portal Tutorial,55,Moderate potential with room for growth. Focus on feature adoption.
SME-2024-00786,Toko Bukit Teknologi Abadi,Manufaktur,Medan,Pelanggan Baru,Kecil,14,0.30833333333333335,4817573.0,1.0,4,53.8,59.7,25.2,53.8,Medium Potential,80,0.418,Onboarding Success Package,Dedicated account manager for first 90 days,Within 14 days,WhatsApp + Portal Tutorial,55,Moderate potential with room for growth. Focus on feature adoption.
SME-2024-00787,PT Garuda Indah,Transportasi & Logistik,Batam,Pelanggan Baru,Menengah,77,0.13333333333333333,2050647.0,1.0,2,74.9,71.2,16.4,74.9,Medium Potential,74,0.438,Onboarding Success Package,Dedicated account manager for first 90 days,Within 14 days,WhatsApp + Portal Tutorial,55,Moderate potential with room for growth. Focus on feature adoption.
SME-2024-00788,Warung Mega Lestari Abadi,Media & Kreatif,Malang,Pelanggan Baru,Mikro,3,0.45,988070.0,1.0,6,41.4,65.3,21.1,41.4,Low Potential,85,0.238,Re-evaluate Product Fit,Offer downgraded package or flexible terms,Within 30 days,Email Survey + Phone Follow-up,35,Low potential signals possible mismatch. Prevent silent churn.
SME-2024-00789,PT Berkah Mulia Lestari,Perdagangan Eceran,Denpasar,Pelanggan Baru,Menengah,32,0.03333333333333333,4546579.0,2.0,1,78.4,69.6,13.8,78.4,High Potential,72,0.533,Fast-track Loyalty Program Enrollment,Offer 12-month contract with early-bird discount,Within 7 days of registration,Executive Phone Call + Email,75,High growth potential detected. Lock-in before competitor approaches.
SME-2024-00790,Toko Tirta Andalan Sentosa,Jasa Keuangan,Denpasar,Pelanggan Baru,Kecil,20,0.19999999999999998,5393467.0,1.0,3,65.9,75.1,12.6,65.9,Medium Potential,80,0.497,Onboarding Success Package,Dedicated account manager for first 90 days,Within 14 days,WhatsApp + Portal Tutorial,55,Moderate potential with room for growth. Focus on feature adoption.
SME-2024-00791,Toko Jaya Sejahtera Mandiri,Konstruksi,Tangerang,Pelanggan Baru,Kecil,8,0.016666666666666666,4273185.0,2.0,1,49.4,69.0,21.3,49.4,Low Potential,70,0.38,Re-evaluate Product Fit,Offer downgraded package or flexible terms,Within 30 days,Email Survey + Phone Follow-up,35,Low potential signals possible mismatch. Prevent silent churn.
SME-2024-00792,Warung Bintang Sakti Lestari,Kuliner & F&B,Medan,Pelanggan Baru,Mikro,5,0.13333333333333333,9947569.0,1.0,2,51.6,64.7,17.0,51.6,Medium Potential,77,0.567,Onboarding Success Package,Dedicated account manager for first 90 days,Within 14 days,WhatsApp + Portal Tutorial,55,Moderate potential with room for growth. Focus on feature adoption.
SME-2024-00793,CV Berkah Solusi Jaya,Teknologi Informasi,Semarang,Pelanggan Baru,Kecil,8,0.225,1970110.0,1.0,3,45.1,57.8,28.0,45.1,Low Potential,80,0.287,Re-evaluate Product Fit,Offer downgraded package or flexible terms,Within 30 days,Email Survey + Phone Follow-up,35,Low potential signals possible mismatch. Prevent silent churn.
SME-2024-00794,Warung Duta Cemerlang,Pertanian & Agribisnis,Makassar,Pelanggan Baru,Mikro,5,0.39166666666666666,7348012.0,3.0,5,50.5,65.2,22.1,50.5,Medium Potential,80,0.48,Onboarding Success Package,Dedicated account manager for first 90 days,Within 14 days,WhatsApp + Portal Tutorial,55,Moderate potential with room for growth. Focus on feature adoption.
SME-2024-00795,CV Permata Mulia Lestari,Transportasi & Logistik,Tangerang,Pelanggan Baru,Kecil,13,0.27499999999999997,10261663.0,2.0,4,34.4,69.4,19.8,34.4,Low Potential,80,0.49,Re-evaluate Product Fit,Offer downgraded package or flexible terms,Within 30 days,Email Survey + Phone Follow-up,35,Low potential signals possible mismatch. Prevent silent churn.
SME-2024-00796,CV Abadi Cemerlang Sentosa,Pendidikan & Training,Surabaya,Pelanggan Baru,Menengah,75,0.3333333333333333,5334828.0,1.0,4,75.4,61.8,25.2,75.4,High Potential,80,0.543,Fast-track Loyalty Program Enrollment,Offer 12-month contract with early-bird discount,Within 7 days of registration,Executive Phone Call + Email,75,High growth potential detected. Lock-in before competitor approaches.
SME-2024-00797,Toko Nusantara Cemerlang Lestari,Jasa Keuangan,Bandung,Pelanggan Baru,Kecil,10,0.19166666666666665,2392931.0,1.0,3,46.6,70.9,18.1,46.6,Low Potential,80,0.307,Re-evaluate Product Fit,Offer downgraded package or flexible terms,Within 30 days,Email Survey + Phone Follow-up,35,Low potential signals possible mismatch. Prevent silent churn.
SME-2024-00798,Toko Bukit Data Jaya,Jasa Keuangan,Batam,Pelanggan Baru,Mikro,1,0.11666666666666665,3073494.0,1.0,2,56.9,70.8,19.7,56.9,Medium Potential,77,0.38,Onboarding Success Package,Dedicated account manager for first 90 days,Within 14 days,WhatsApp + Portal Tutorial,55,Moderate potential with room for growth. Focus on feature adoption.
SME-2024-00799,Toko Mega Lestari Sentosa,Perdagangan Eceran,Tangerang,Pelanggan Baru,Kecil,13,0.24166666666666667,646290.0,1.0,3,58.0,67.5,22.8,58.0,Medium Potential,80,0.31,Onboarding Success Package,Dedicated account manager for first 90 days,Within 14 days,WhatsApp + Portal Tutorial,55,Moderate potential with room for growth. Focus on feature adoption.
SME-2024-00800,CV Tirta Andalan Jaya,Teknologi Informasi,Tangerang,Pelanggan Baru,Kecil,19,0.325,2156251.0,1.0,4,67.5,74.1,13.9,67.5,Medium Potential,80,0.404,Onboarding Success Package,Dedicated account manager for first 90 days,Within 14 days,WhatsApp + Portal Tutorial,55,Moderate potential with room for growth. Focus on feature adoption.
SME-2024-00801,Toko Abadi Sinergi,Media & Kreatif,Medan,Pelanggan Baru,Mikro,2,0.225,2679192.0,1.0,3,49.4,68.8,11.6,49.4,Low Potential,80,0.33,Re-evaluate Product Fit,Offer downgraded package or flexible terms,Within 30 days,Email Survey + Phone Follow-up,35,Low potential signals possible mismatch. Prevent silent churn.
SME-2024-00802,Toko Citra Data Sentosa,Pertanian & Agribisnis,Bandung,Pelanggan Baru,Kecil,6,0.4583333333333333,993259.0,1.0,6,70.5,68.2,14.8,70.5,Medium Potential,85,0.383,Onboarding Success Package,Dedicated account manager for first 90 days,Within 14 days,WhatsApp + Portal Tutorial,55,Moderate potential with room for growth. Focus on feature adoption.
SME-2024-00803,PT Sentosa Optima Pratama,Properti & Real Estate,Makassar,Pelanggan Baru,Menengah,77,0.25833333333333336,3864199.0,2.0,4,71.5,72.2,15.7,71.5,Medium Potential,77,0.477,Onboarding Success Package,Dedicated account manager for first 90 days,Within 14 days,WhatsApp + Portal Tutorial,55,Moderate potential with room for growth. Focus on feature adoption.
SME-2024-00804,UD Duta Lestari Lestari,Manufaktur,Palembang,Pelanggan Baru,Kecil,19,0.15833333333333333,2316638.0,2.0,2,56.2,69.9,15.6,56.2,Medium Potential,77,0.353,Onboarding Success Package,Dedicated account manager for first 90 days,Within 14 days,WhatsApp + Portal Tutorial,55,Moderate potential with room for growth. Focus on feature adoption.
SME-2024-00805,CV Garuda Indah Pratama,Pendidikan & Training,Batam,Pelanggan Baru,Kecil,12,0.016666666666666666,3647542.0,1.0,1,50.4,80.7,13.4,50.4,Medium Potential,70,0.365,Onboarding Success Package,Dedicated account manager for first 90 days,Within 14 days,WhatsApp + Portal Tutorial,55,Moderate potential with room for growth. Focus on feature adoption.
SME-2024-00806,UD Jaya Cemerlang Mandiri,Jasa Keuangan,Makassar,Pelanggan Baru,Mikro,2,0.06666666666666667,3657830.0,1.0,1,61.8,76.6,16.5,61.8,Medium Potential,72,0.423,Onboarding Success Package,Dedicated account manager for first 90 days,Within 14 days,WhatsApp + Portal Tutorial,55,Moderate potential with room for growth. Focus on feature adoption.
SME-2024-00807,Warung Citra Makmur Mandiri,Konstruksi,Bandung,Pelanggan Baru,Mikro,1,0.2916666666666667,1414140.0,1.0,4,62.4,68.7,13.7,62.4,Medium Potential,80,0.356,Onboarding Success Package,Dedicated account manager for first 90 days,Within 14 days,WhatsApp + Portal Tutorial,55,Moderate potential with room for growth. Focus on feature adoption.
SME-2024-00808,PT Garuda Teknologi Abadi,Perdagangan Eceran,Semarang,Pelanggan Baru,Menengah,28,0.19999999999999998,4158419.0,2.0,3,52.7,63.3,23.0,52.7,Medium Potential,80,0.393,Onboarding Success Package,Dedicated account manager for first 90 days,Within 14 days,WhatsApp + Portal Tutorial,55,Moderate potential with room for growth. Focus on feature adoption.
SME-2024-00809,CV Bumi Network Pratama,Pertanian & Agribisnis,Medan,Pelanggan Baru,Kecil,5,0.24166666666666667,1716413.0,1.0,3,61.9,56.3,21.8,61.9,Medium Potential,80,0.363,Onboarding Success Package,Dedicated account manager for first 90 days,Within 14 days,WhatsApp + Portal Tutorial,55,Moderate potential with room for growth. Focus on feature adoption.
SME-2024-00810,Toko Abadi Digital Abadi,Teknologi Informasi,Surabaya,Pelanggan Baru,Mikro,4,0.25833333333333336,4871529.0,1.0,4,57.4,70.6,17.2,57.4,Medium Potential,80,0.438,Onboarding Success Package,Dedicated account manager for first 90 days,Within 14 days,WhatsApp + Portal Tutorial,55,Moderate potential with room for growth. Focus on feature adoption.
SME-2024-00811,Kios Citra Data Lestari,Kesehatan,Makassar,Pelanggan Baru,Mikro,5,0.14166666666666666,1929005.0,2.0,2,43.1,68.3,20.0,43.1,Low Potential,74,0.275,Re-evaluate Product Fit,Offer downgraded package or flexible terms,Within 30 days,Email Survey + Phone Follow-up,35,Low potential signals possible mismatch. Prevent silent churn.
SME-2024-00812,CV Mitra Lestari Abadi,Transportasi & Logistik,Makassar,Pelanggan Baru,Kecil,15,0.18333333333333335,2998591.0,2.0,3,47.1,62.4,23.0,47.1,Low Potential,80,0.329,Re-evaluate Product Fit,Offer downgraded package or flexible terms,Within 30 days,Email Survey + Phone Follow-up,35,Low potential signals possible mismatch. Prevent silent churn.
SME-2024-00813,Kios Nusantara Persada Lestari,Properti & Real Estate,Makassar,Pelanggan Baru,Mikro,5,0.18333333333333335,6912124.0,3.0,3,59.7,62.8,16.8,59.7,Medium Potential,80,0.513,Onboarding Success Package,Dedicated account manager for first 90 days,Within 14 days,WhatsApp + Portal Tutorial,55,Moderate potential with room for growth. Focus on feature adoption.
SME-2024-00814,Kios Sriwijaya Sakti Abadi,Perdagangan Eceran,Yogyakarta,Pelanggan Baru,Mikro,2,0.09166666666666667,5326774.0,2.0,2,59.4,76.0,11.9,59.4,Medium Potential,74,0.462,Onboarding Success Package,Dedicated account manager for first 90 days,Within 14 days,WhatsApp + Portal Tutorial,55,Moderate potential with room for growth. Focus on feature adoption.
SME-2024-00815,Toko Sumber Sejahtera Pratama,Properti & Real Estate,Denpasar,Pelanggan Baru,Mikro,5,0.3333333333333333,2807721.0,1.0,5,58.8,76.6,15.8,58.8,Medium Potential,80,0.381,Onboarding Success Package,Dedicated account manager for first 90 days,Within 14 days,WhatsApp + Portal Tutorial,55,Moderate potential with room for growth. Focus on feature adoption.
SME-2024-00816,Kios Sumber Lestari Pratama,Transportasi & Logistik,Batam,Pelanggan Baru,Mikro,5,0.45,1742153.0,1.0,6,44.5,77.0,17.0,44.5,Low Potential,85,0.276,Re-evaluate Product Fit,Offer downgraded package or flexible terms,Within 30 days,Email Survey + Phone Follow-up,35,Low potential signals possible mismatch. Prevent silent churn.
SME-2024-00817,Warung Permata Sinergi Jaya,Properti & Real Estate,Batam,Pelanggan Baru,Mikro,5,0.20833333333333334,5008478.0,2.0,3,59.4,70.2,17.1,59.4,Medium Potential,80,0.452,Onboarding Success Package,Dedicated account manager for first 90 days,Within 14 days,WhatsApp + Portal Tutorial,55,Moderate potential with room for growth. Focus on feature adoption.
SME-2024-00818,CV Mega Teknologi Jaya,Transportasi & Logistik,Denpasar,Pelanggan Baru,Kecil,15,0.3333333333333333,5247289.0,1.0,4,60.1,62.9,24.5,60.1,Medium Potential,80,0.463,Onboarding Success Package,Dedicated account manager for first 90 days,Within 14 days,WhatsApp + Portal Tutorial,55,Moderate potential with room for growth. Focus on feature adoption.
SME-2024-00819,PT Sriwijaya Makmur Sentosa,Manufaktur,Denpasar,Pelanggan Baru,Besar,425,0.16666666666666666,3865351.0,2.0,3,90.1,63.0,22.4,90.1,High Potential,80,0.57,Fast-track Loyalty Program Enrollment,Offer 12-month contract with early-bird discount,Within 7 days of registration,Executive Phone Call + Email,75,High growth potential detected. Lock-in before competitor approaches.
SME-2024-00820,CV Mitra Mulia Sentosa,Manufaktur,Denpasar,Pelanggan Baru,Menengah,43,0.4166666666666667,1200795.0,1.0,6,68.3,67.7,14.4,68.3,Medium Potential,85,0.379,Onboarding Success Package,Dedicated account manager for first 90 days,Within 14 days,WhatsApp + Portal Tutorial,55,Moderate potential with room for growth. Focus on feature adoption.
SME-2024-00821,UD Citra Andalan Lestari,Teknologi Informasi,Jakarta,Pelanggan Baru,Mikro,3,0.3,1609265.0,1.0,4,39.8,68.3,18.3,39.8,Low Potential,80,0.249,Re-evaluate Product Fit,Offer downgraded package or flexible terms,Within 30 days,Email Survey + Phone Follow-up,35,Low potential signals possible mismatch. Prevent silent churn.
SME-2024-00822,UD Bintang Optima Abadi,Konstruksi,Bandar Lampung,Pelanggan Baru,Kecil,19,0.075,6463826.0,3.0,1,63.5,66.5,17.4,63.5,Medium Potential,72,0.518,Onboarding Success Package,Dedicated account manager for first 90 days,Within 14 days,WhatsApp + Portal Tutorial,55,Moderate potential with room for growth. Focus on feature adoption.
SME-2024-00823,CV Sumber Sakti Mandiri,Kuliner & F&B,Malang,Pelanggan Baru,Menengah,34,0.4083333333333334,4741061.0,2.0,5,66.7,72.1,13.7,66.7,Medium Potential,80,0.481,Onboarding Success Package,Dedicated account manager for first 90 days,Within 14 days,WhatsApp + Portal Tutorial,55,Moderate potential with room for growth. Focus on feature adoption.
SME-2024-00824,Toko Garuda Sejahtera Mandiri,Konstruksi,Jakarta,Pelanggan Baru,Kecil,14,0.39999999999999997,3373862.0,2.0,5,70.6,73.7,10.3,70.6,Medium Potential,80,0.458,Onboarding Success Package,Dedicated account manager for first 90 days,Within 14 days,WhatsApp + Portal Tutorial,55,Moderate potential with room for growth. Focus on feature adoption.
SME-2024-00825,UD Bumi Network,Media & Kreatif,Palembang,Pelanggan Baru,Mikro,3,0.17500000000000002,1775915.0,1.0,3,50.6,70.4,21.9,50.6,Medium Potential,80,0.308,Onboarding Success Package,Dedicated account manager for first 90 days,Within 14 days,WhatsApp + Portal Tutorial,55,Moderate potential with room for growth. Focus on feature adoption.
SME-2024-00826,UD Abadi Data,Teknologi Informasi,Denpasar,Pelanggan Baru,Mikro,4,0.35833333333333334,2902547.0,1.0,5,44.1,71.6,19.9,44.1,Low Potential,80,0.31,Re-evaluate Product Fit,Offer downgraded package or flexible terms,Within 30 days,Email Survey + Phone Follow-up,35,Low potential signals possible mismatch. Prevent silent churn.
SME-2024-00827,CV Citra Makmur Sentosa,Kesehatan,Semarang,Pelanggan Baru,Kecil,13,0.10833333333333334,3358535.0,1.0,2,51.4,68.7,16.1,51.4,Medium Potential,77,0.361,Onboarding Success Package,Dedicated account manager for first 90 days,Within 14 days,WhatsApp + Portal Tutorial,55,Moderate potential with room for growth. Focus on feature adoption.
SME-2024-00828,CV Abadi Sinergi Sentosa,Manufaktur,Surabaya,Pelanggan Baru,Kecil,17,0.3,2080538.0,1.0,4,52.6,68.4,21.0,52.6,Medium Potential,77,0.327,Onboarding Success Package,Dedicated account manager for first 90 days,Within 14 days,WhatsApp + Portal Tutorial,55,Moderate potential with room for growth. Focus on feature adoption.
SME-2024-00829,Kios Mandiri Sejahtera Pratama,Kesehatan,Semarang,Pelanggan Baru,Mikro,2,0.47500000000000003,3507800.0,1.0,6,49.4,65.4,23.2,49.4,Low Potential,85,0.356,Re-evaluate Product Fit,Offer downgraded package or flexible terms,Within 30 days,Email Survey + Phone Follow-up,35,Low potential signals possible mismatch. Prevent silent churn.
SME-2024-00830,Toko Duta Indah Lestari,Kesehatan,Semarang,Pelanggan Baru,Kecil,9,0.25833333333333336,1658003.0,1.0,4,51.3,71.8,17.2,51.3,Medium Potential,80,0.308,Onboarding Success Package,Dedicated account manager for first 90 days,Within 14 days,WhatsApp + Portal Tutorial,55,Moderate potential with room for growth. Focus on feature adoption.
SME-2024-00831,CV Mega Solusi Lestari,Pertanian & Agribisnis,Surabaya,Pelanggan Baru,Kecil,15,0.39999999999999997,5511554.0,3.0,5,65.0,67.4,19.1,65.0,Medium Potential,80,0.496,Onboarding Success Package,Dedicated account manager for first 90 days,Within 14 days,WhatsApp + Portal Tutorial,55,Moderate potential with room for growth. Focus on feature adoption.
SME-2024-00832,UD Duta Sinergi Pratama,Manufaktur,Palembang,Pelanggan Baru,Kecil,7,0.125,2461047.0,1.0,2,55.8,66.8,21.7,55.8,Medium Potential,77,0.355,Onboarding Success Package,Dedicated account manager for first 90 days,Within 14 days,WhatsApp + Portal Tutorial,55,Moderate potential with room for growth. Focus on feature adoption.
SME-2024-00833,CV Sentosa Digital,Media & Kreatif,Semarang,Pelanggan Baru,Menengah,24,0.2833333333333333,1298711.0,1.0,4,63.3,70.6,21.0,63.3,Medium Potential,80,0.357,Onboarding Success Package,Dedicated account manager for first 90 days,Within 14 days,WhatsApp + Portal Tutorial,55,Moderate potential with room for growth. Focus on feature adoption.
SME-2024-00834,PT Tirta Pratama Lestari,Manufaktur,Denpasar,Pelanggan Baru,Menengah,68,0.3833333333333333,3740261.0,2.0,5,68.9,74.1,16.9,68.9,Medium Potential,77,0.46,Onboarding Success Package,Dedicated account manager for first 90 days,Within 14 days,WhatsApp + Portal Tutorial,55,Moderate potential with room for growth. Focus on feature adoption.
SME-2024-00835,UD Bukit Digital Jaya,Jasa Keuangan,Bandung,Pelanggan Baru,Mikro,2,0.3416666666666666,4287390.0,2.0,5,55.1,71.6,13.9,55.1,Medium Potential,80,0.408,Onboarding Success Package,Dedicated account manager for first 90 days,Within 14 days,WhatsApp + Portal Tutorial,55,Moderate potential with room for growth. Focus on feature adoption.
SME-2024-00836,Toko Tirta Mulia,Jasa Keuangan,Bandung,Pelanggan Baru,Mikro,3,0.049999999999999996,2520506.0,1.0,1,57.8,70.5,19.8,57.8,Medium Potential,72,0.367,Onboarding Success Package,Dedicated account manager for first 90 days,Within 14 days,WhatsApp + Portal Tutorial,55,Moderate potential with room for growth. Focus on feature adoption.
SME-2024-00837,CV Bumi Network Abadi,Manufaktur,Medan,Pelanggan Baru,Kecil,20,0.16666666666666666,4750380.0,2.0,3,68.2,71.1,12.4,68.2,Medium Potential,80,0.488,Onboarding Success Package,Dedicated account manager for first 90 days,Within 14 days,WhatsApp + Portal Tutorial,55,Moderate potential with room for growth. Focus on feature adoption.
SME-2024-00838,PT Mandiri Digital Jaya,Perdagangan Eceran,Tangerang,Pelanggan Baru,Besar,392,0.15,3173772.0,2.0,2,59.8,65.7,24.7,59.8,Medium Potential,77,0.398,Onboarding Success Package,Dedicated account manager for first 90 days,Within 14 days,WhatsApp + Portal Tutorial,55,Moderate potential with room for growth. Focus on feature adoption.
SME-2024-00839,UD Abadi Optima Jaya,Media & Kreatif,Malang,Pelanggan Baru,Mikro,1,0.09999999999999999,3361855.0,3.0,2,53.1,69.5,18.2,53.1,Medium Potential,75,0.369,Onboarding Success Package,Dedicated account manager for first 90 days,Within 14 days,WhatsApp + Portal Tutorial,55,Moderate potential with room for growth. Focus on feature adoption.
SME-2024-00840,UD Berkah Utama Abadi,Media & Kreatif,Malang,Pelanggan Baru,Mikro,3,0.18333333333333335,9972418.0,1.0,3,60.7,71.7,17.9,60.7,Medium Potential,80,0.613,Onboarding Success Package,Dedicated account manager for first 90 days,Within 14 days,WhatsApp + Portal Tutorial,55,Moderate potential with room for growth. Focus on feature adoption.
SME-2024-00841,CV Sentosa Mulia Mandiri,Properti & Real Estate,Surabaya,Pelanggan Baru,Kecil,6,0.3833333333333333,1759099.0,1.0,5,53.9,57.2,19.2,53.9,Medium Potential,80,0.324,Onboarding Success Package,Dedicated account manager for first 90 days,Within 14 days,WhatsApp + Portal Tutorial,55,Moderate potential with room for growth. Focus on feature adoption.
SME-2024-00842,Kios Bintang Konektifitas Abadi,Properti & Real Estate,Malang,Pelanggan Baru,Mikro,5,0.225,2668020.0,1.0,3,60.8,80.0,15.8,60.8,Medium Potential,80,0.387,Onboarding Success Package,Dedicated account manager for first 90 days,Within 14 days,WhatsApp + Portal Tutorial,55,Moderate potential with room for growth. Focus on feature adoption.
SME-2024-00843,Toko Mitra Pratama Sentosa,Pertanian & Agribisnis,Denpasar,Pelanggan Baru,Kecil,11,0.3333333333333333,1293641.0,1.0,5,48.9,70.3,21.2,48.9,Low Potential,80,0.285,Re-evaluate Product Fit,Offer downgraded package or flexible terms,Within 30 days,Email Survey + Phone Follow-up,35,Low potential signals possible mismatch. Prevent silent churn.
SME-2024-00844,UD Jaya Cemerlang Pratama,Pendidikan & Training,Denpasar,Pelanggan Baru,Mikro,2,0.14166666666666666,7182987.0,2.0,2,49.9,69.0,22.0,49.9,Low Potential,77,0.472,Re-evaluate Product Fit,Offer downgraded package or flexible terms,Within 30 days,Email Survey + Phone Follow-up,35,Low potential signals possible mismatch. Prevent silent churn.
SME-2024-00845,PT Sentosa Teknologi Abadi,Jasa Keuangan,Bandung,Pelanggan Baru,Menengah,71,0.24166666666666667,1615654.0,1.0,3,63.5,76.6,15.2,63.5,Medium Potential,80,0.367,Onboarding Success Package,Dedicated account manager for first 90 days,Within 14 days,WhatsApp + Portal Tutorial,55,Moderate potential with room for growth. Focus on feature adoption.
SME-2024-00846,Warung Bukit Cemerlang,Perdagangan Eceran,Yogyakarta,Pelanggan Baru,Mikro,2,0.35000000000000003,784691.0,1.0,5,61.1,63.4,17.4,61.1,Medium Potential,80,0.33,Onboarding Success Package,Dedicated account manager for first 90 days,Within 14 days,WhatsApp + Portal Tutorial,55,Moderate potential with room for growth. Focus on feature adoption.
SME-2024-00847,Kios Nusantara Sinergi Lestari,Properti & Real Estate,Surabaya,Pelanggan Baru,Mikro,3,0.35833333333333334,4096819.0,2.0,5,59.6,68.9,14.8,59.6,Medium Potential,80,0.425,Onboarding Success Package,Dedicated account manager for first 90 days,Within 14 days,WhatsApp + Portal Tutorial,55,Moderate potential with room for growth. Focus on feature adoption.
SME-2024-00848,Warung Garuda Network Abadi,Kuliner & F&B,Denpasar,Pelanggan Baru,Mikro,4,0.4666666666666666,11189362.0,2.0,6,48.2,62.9,23.8,48.2,Low Potential,85,0.588,Re-evaluate Product Fit,Offer downgraded package or flexible terms,Within 30 days,Email Survey + Phone Follow-up,35,Low potential signals possible mismatch. Prevent silent churn.
SME-2024-00849,Toko Citra Konektifitas,Pendidikan & Training,Yogyakarta,Pelanggan Baru,Kecil,20,0.08333333333333333,1308397.0,1.0,2,43.8,62.0,21.9,43.8,Low Potential,72,0.26,Re-evaluate Product Fit,Offer downgraded package or flexible terms,Within 30 days,Email Survey + Phone Follow-up,35,Low potential signals possible mismatch. Prevent silent churn.
SME-2024-00850,Kios Abadi Solusi Abadi,Kesehatan,Denpasar,Pelanggan Baru,Mikro,5,0.075,10483679.0,2.0,1,47.1,70.9,18.3,47.1,Low Potential,72,0.561,Re-evaluate Product Fit,Offer downgraded package or flexible terms,Within 30 days,Email Survey + Phone Follow-up,35,Low potential signals possible mismatch. Prevent silent churn.
SME-2024-00851,UD Surya Network Abadi,Konstruksi,Palembang,Pelanggan Berisiko,Mikro,2,2.6750000000000003,0.0,,12,28.2,43.1,52.2,52.2,High Risk,80,0.261,Win-back Campaign with Incentive,Service review + competitor price match offer,Within 3 days,Phone Call + Email Offer,35,Multiple risk signals. Prioritize based on MRR and win-back cost.
SME-2024-00852,UD Sumber Persada Jaya,Transportasi & Logistik,Jakarta,Pelanggan Berisiko,Kecil,18,2.2583333333333333,1017558.0,1.0,12,34.4,57.8,36.5,36.5,Moderate Risk,82,0.214,Re-engagement Survey + Check-in,Offer flexible payment terms or temporary upgrade,Within 7 days,WhatsApp + Email,45,Early warning signs. Low-cost intervention may prevent escalation.
SME-2024-00853,CV Karya Sakti Pratama,Manufaktur,Bandar Lampung,Pelanggan Berisiko,Menengah,48,1.7083333333333333,2139261.0,1.0,12,45.1,44.5,60.8,60.8,High Risk,85,0.371,Win-back Campaign with Incentive,Service review + competitor price match offer,Within 3 days,Phone Call + Email Offer,35,Multiple risk signals. Prioritize based on MRR and win-back cost.
SME-2024-00854,Toko Sentosa Mulia Mandiri,Perdagangan Eceran,Medan,Pelanggan Berisiko,Mikro,2,3.0749999999999997,7356049.0,2.0,12,32.7,46.2,62.8,62.8,High Risk,85,0.542,Win-back Campaign with Incentive,Service review + competitor price match offer,Within 3 days,Phone Call + Email Offer,35,Multiple risk signals. Prioritize based on MRR and win-back cost.
SME-2024-00855,CV Karya Konektifitas Pratama,Kesehatan,Batam,Pelanggan Berisiko,Menengah,32,3.0083333333333333,7359378.0,2.0,12,40.4,52.4,44.9,44.9,Moderate Risk,85,0.453,Re-engagement Survey + Check-in,Offer flexible payment terms or temporary upgrade,Within 7 days,WhatsApp + Email,45,Early warning signs. Low-cost intervention may prevent escalation.
SME-2024-00856,PT Jaya Makmur,Manufaktur,Bandung,Pelanggan Berisiko,Menengah,78,2.216666666666667,705585.0,1.0,12,36.2,51.4,55.3,55.3,High Risk,85,0.298,Win-back Campaign with Incentive,Service review + competitor price match offer,Within 3 days,Phone Call + Email Offer,35,Multiple risk signals. Prioritize based on MRR and win-back cost.
SME-2024-00857,Toko Bukit Indah Jaya,Teknologi Informasi,Surabaya,Pelanggan Berisiko,Kecil,7,0.85,2716170.0,1.0,11,52.0,58.8,53.3,53.3,High Risk,85,0.351,Win-back Campaign with Incentive,Service review + competitor price match offer,Within 3 days,Phone Call + Email Offer,35,Multiple risk signals. Prioritize based on MRR and win-back cost.
SME-2024-00858,UD Bukit Mulia Lestari,Jasa Keuangan,Yogyakarta,Pelanggan Berisiko,Mikro,3,3.0749999999999997,781821.0,1.0,12,26.5,54.2,42.5,42.5,Moderate Risk,85,0.237,Re-engagement Survey + Check-in,Offer flexible payment terms or temporary upgrade,Within 7 days,WhatsApp + Email,45,Early warning signs. Low-cost intervention may prevent escalation.
SME-2024-00859,UD Mega Makmur Sentosa,Konstruksi,Palembang,Pelanggan Berisiko,Kecil,14,1.45,0.0,,12,29.6,43.2,45.1,45.1,High Risk,85,0.225,Win-back Campaign with Incentive,Service review + competitor price match offer,Within 3 days,Phone Call + Email Offer,35,Multiple risk signals. Prioritize based on MRR and win-back cost.
SME-2024-00860,CV Garuda Teknologi,Manufaktur,Jakarta,Pelanggan Berisiko,Menengah,50,0.9416666666666668,2030461.0,1.0,12,62.0,42.3,55.3,55.3,High Risk,85,0.339,Win-back Campaign with Incentive,Service review + competitor price match offer,Within 3 days,Phone Call + Email Offer,35,Multiple risk signals. Prioritize based on MRR and win-back cost.
SME-2024-00861,PT Mega Data Jaya,Manufaktur,Tangerang,Pelanggan Berisiko,Menengah,37,2.841666666666667,1945339.0,1.0,12,45.3,55.2,52.2,52.2,High Risk,82,0.321,Win-back Campaign with Incentive,Service review + competitor price match offer,Within 3 days,Phone Call + Email Offer,35,Multiple risk signals. Prioritize based on MRR and win-back cost.
SME-2024-00862,CV Citra Bahagia Mandiri,Transportasi & Logistik,Yogyakarta,Pelanggan Berisiko,Kecil,20,3.266666666666667,3585108.0,1.0,12,33.6,54.5,57.9,57.9,High Risk,85,0.401,Win-back Campaign with Incentive,Service review + competitor price match offer,Within 3 days,Phone Call + Email Offer,35,Multiple risk signals. Prioritize based on MRR and win-back cost.
SME-2024-00863,UD Nusantara Andalan Mandiri,Pertanian & Agribisnis,Tangerang,Pelanggan Berisiko,Mikro,4,1.125,2495790.0,1.0,12,30.3,56.6,53.4,53.4,High Risk,82,0.345,Win-back Campaign with Incentive,Service review + competitor price match offer,Within 3 days,Phone Call + Email Offer,35,Multiple risk signals. Prioritize based on MRR and win-back cost.
SME-2024-00864,Toko Abadi Utama Lestari,Perdagangan Eceran,Palembang,Pelanggan Berisiko,Mikro,3,3.483333333333333,1472075.0,1.0,12,28.4,51.6,47.0,47.0,High Risk,85,0.281,Win-back Campaign with Incentive,Service review + competitor price match offer,Within 3 days,Phone Call + Email Offer,35,Multiple risk signals. Prioritize based on MRR and win-back cost.
SME-2024-00865,Toko Citra Indah Sentosa,Media & Kreatif,Bandar Lampung,Pelanggan Berisiko,Kecil,16,0.8083333333333332,11128844.0,3.0,10,36.9,44.9,59.6,59.6,High Risk,85,0.643,Win-back Campaign with Incentive,Service review + competitor price match offer,Within 3 days,Phone Call + Email Offer,35,Multiple risk signals. Prioritize based on MRR and win-back cost.
SME-2024-00866,CV Mitra Sakti Jaya,Konstruksi,Palembang,Pelanggan Berisiko,Kecil,6,2.5166666666666666,2433826.0,1.0,12,24.5,41.0,63.7,63.7,High Risk,85,0.394,Win-back Campaign with Incentive,Service review + competitor price match offer,Within 3 days,Phone Call + Email Offer,35,Multiple risk signals. Prioritize based on MRR and win-back cost.
SME-2024-00867,CV Sriwijaya Optima Lestari,Kesehatan,Denpasar,Pelanggan Berisiko,Kecil,19,3.35,8074268.0,2.0,12,25.3,37.1,64.5,64.5,High Risk,85,0.573,Win-back Campaign with Incentive,Service review + competitor price match offer,Within 3 days,Phone Call + Email Offer,35,Multiple risk signals. Prioritize based on MRR and win-back cost.
SME-2024-00868,PT Mitra Lestari Jaya,Jasa Keuangan,Bandung,Pelanggan Berisiko,Menengah,20,2.5083333333333333,3891117.0,2.0,12,32.2,45.8,62.0,62.0,High Risk,82,0.43,Win-back Campaign with Incentive,Service review + competitor price match offer,Within 3 days,Phone Call + Email Offer,35,Multiple risk signals. Prioritize based on MRR and win-back cost.
SME-2024-00869,Kios Garuda Makmur Pratama,Pendidikan & Training,Malang,Pelanggan Berisiko,Mikro,2,1.2083333333333333,0.0,,12,52.9,51.5,51.7,51.7,High Risk,85,0.258,Win-back Campaign with Incentive,Service review + competitor price match offer,Within 3 days,Phone Call + Email Offer,35,Multiple risk signals. Prioritize based on MRR and win-back cost.
SME-2024-00870,Toko Sriwijaya Pratama Sentosa,Properti & Real Estate,Medan,Pelanggan Berisiko,Kecil,12,1.0416666666666667,2599489.0,1.0,12,41.3,46.0,52.0,52.0,High Risk,80,0.341,Win-back Campaign with Incentive,Service review + competitor price match offer,Within 3 days,Phone Call + Email Offer,35,Multiple risk signals. Prioritize based on MRR and win-back cost.
SME-2024-00871,CV Permata Bahagia,Pertanian & Agribisnis,Bandung,Pelanggan Berisiko,Kecil,20,3.0666666666666664,1241415.0,1.0,12,22.6,45.1,70.4,70.4,Critical Risk,85,0.391,Executive Escalation & Win-back Negotiation,Custom retention package with significant concession,Immediate (same day),Face-to-face Meeting + Written Proposal,25,Critical churn risk. High-cost intervention justified by MRR value.
SME-2024-00872,UD Nusantara Network,Kuliner & F&B,Malang,Pelanggan Berisiko,Mikro,3,2.408333333333333,1422258.0,1.0,12,34.2,63.3,40.1,40.1,Moderate Risk,85,0.245,Re-engagement Survey + Check-in,Offer flexible payment terms or temporary upgrade,Within 7 days,WhatsApp + Email,45,Early warning signs. Low-cost intervention may prevent escalation.
SME-2024-00873,PT Abadi Data Jaya,Jasa Keuangan,Jakarta,Pelanggan Berisiko,Menengah,68,3.1666666666666665,1190004.0,1.0,12,40.1,36.3,68.3,68.3,High Risk,85,0.379,Win-back Campaign with Incentive,Service review + competitor price match offer,Within 3 days,Phone Call + Email Offer,35,Multiple risk signals. Prioritize based on MRR and win-back cost.
SME-2024-00874,CV Sumber Makmur Abadi,Jasa Keuangan,Denpasar,Pelanggan Berisiko,Kecil,18,2.558333333333333,3895983.0,1.0,12,24.6,54.7,61.1,61.1,High Risk,85,0.426,Win-back Campaign with Incentive,Service review + competitor price match offer,Within 3 days,Phone Call + Email Offer,35,Multiple risk signals. Prioritize based on MRR and win-back cost.
SME-2024-00875,CV Tirta Cemerlang Jaya,Teknologi Informasi,Batam,Pelanggan Berisiko,Kecil,17,1.5833333333333333,8385455.0,2.0,12,32.9,52.4,41.7,41.7,Moderate Risk,85,0.469,Re-engagement Survey + Check-in,Offer flexible payment terms or temporary upgrade,Within 7 days,WhatsApp + Email,45,Early warning signs. Low-cost intervention may prevent escalation.
SME-2024-00876,Toko Permata Network,Pendidikan & Training,Yogyakarta,Pelanggan Berisiko,Kecil,11,2.6833333333333336,7483441.0,1.0,12,44.7,36.2,69.8,69.8,High Risk,85,0.581,Win-back Campaign with Incentive,Service review + competitor price match offer,Within 3 days,Phone Call + Email Offer,35,Multiple risk signals. Prioritize based on MRR and win-back cost.
SME-2024-00877,CV Tirta Sinergi Mandiri,Properti & Real Estate,Jakarta,Pelanggan Berisiko,Kecil,12,3.216666666666667,986344.0,1.0,12,42.1,53.3,56.2,56.2,High Risk,85,0.312,Win-back Campaign with Incentive,Service review + competitor price match offer,Within 3 days,Phone Call + Email Offer,35,Multiple risk signals. Prioritize based on MRR and win-back cost.
SME-2024-00878,UD Bumi Cemerlang Mandiri,Jasa Keuangan,Batam,Pelanggan Berisiko,Kecil,17,1.7083333333333333,0.0,,12,37.4,48.2,59.0,59.0,High Risk,85,0.295,Win-back Campaign with Incentive,Service review + competitor price match offer,Within 3 days,Phone Call + Email Offer,35,Multiple risk signals. Prioritize based on MRR and win-back cost.
SME-2024-00879,Toko Sumber Sakti Sentosa,Teknologi Informasi,Palembang,Pelanggan Berisiko,Kecil,5,2.6916666666666664,2814508.0,1.0,12,39.3,44.0,61.7,61.7,High Risk,85,0.396,Win-back Campaign with Incentive,Service review + competitor price match offer,Within 3 days,Phone Call + Email Offer,35,Multiple risk signals. Prioritize based on MRR and win-back cost.
SME-2024-00880,CV Karya Lestari Mandiri,Konstruksi,Semarang,Pelanggan Berisiko,Kecil,13,3.475,1819926.0,1.0,12,40.5,51.3,64.0,64.0,High Risk,85,0.376,Win-back Campaign with Incentive,Service review + competitor price match offer,Within 3 days,Phone Call + Email Offer,35,Multiple risk signals. Prioritize based on MRR and win-back cost.
SME-2024-00881,UD Sentosa Persada,Perdagangan Eceran,Surabaya,Pelanggan Berisiko,Kecil,6,2.716666666666667,5970609.0,2.0,12,40.4,42.9,59.8,59.8,High Risk,85,0.484,Win-back Campaign with Incentive,Service review + competitor price match offer,Within 3 days,Phone Call + Email Offer,35,Multiple risk signals. Prioritize based on MRR and win-back cost.
SME-2024-00882,UD Sentosa Digital,Manufaktur,Batam,Pelanggan Berisiko,Kecil,17,3.1999999999999997,1132491.0,1.0,12,17.0,31.8,71.1,71.1,Critical Risk,85,0.39,Executive Escalation & Win-back Negotiation,Custom retention package with significant concession,Immediate (same day),Face-to-face Meeting + Written Proposal,25,Critical churn risk. High-cost intervention justified by MRR value.
SME-2024-00883,Kios Sumber Optima,Teknologi Informasi,Bandar Lampung,Pelanggan Berisiko,Mikro,3,0.5583333333333333,1068297.0,1.0,7,42.4,49.7,43.4,43.4,Moderate Risk,85,0.25,Re-engagement Survey + Check-in,Offer flexible payment terms or temporary upgrade,Within 7 days,WhatsApp + Email,45,Early warning signs. Low-cost intervention may prevent escalation.
SME-2024-00884,PT Karya Makmur Pratama,Media & Kreatif,Bandung,Pelanggan Berisiko,Menengah,49,0.725,8078195.0,2.0,9,66.2,58.1,51.0,51.0,High Risk,82,0.505,Win-back Campaign with Incentive,Service review + competitor price match offer,Within 3 days,Phone Call + Email Offer,35,Multiple risk signals. Prioritize based on MRR and win-back cost.
SME-2024-00885,Warung Surya Solusi,Pendidikan & Training,Makassar,Pelanggan Berisiko,Mikro,3,3.1999999999999997,3011236.0,1.0,12,40.2,53.0,64.9,64.9,High Risk,85,0.418,Win-back Campaign with Incentive,Service review + competitor price match offer,Within 3 days,Phone Call + Email Offer,35,Multiple risk signals. Prioritize based on MRR and win-back cost.
SME-2024-00886,UD Duta Network Mandiri,Konstruksi,Yogyakarta,Pelanggan Berisiko,Mikro,4,0.7166666666666667,2869152.0,1.0,9,39.6,45.6,50.0,50.0,High Risk,85,0.339,Win-back Campaign with Incentive,Service review + competitor price match offer,Within 3 days,Phone Call + Email Offer,35,Multiple risk signals. Prioritize based on MRR and win-back cost.
SME-2024-00887,Toko Garuda Cemerlang Pratama,Media & Kreatif,Medan,Pelanggan Berisiko,Kecil,12,0.8250000000000001,1860539.0,1.0,10,50.1,38.2,61.1,61.1,High Risk,85,0.363,Win-back Campaign with Incentive,Service review + competitor price match offer,Within 3 days,Phone Call + Email Offer,35,Multiple risk signals. Prioritize based on MRR and win-back cost.
SME-2024-00888,PT Bukit Digital Sentosa,Kesehatan,Bandung,Pelanggan Berisiko,Menengah,30,2.966666666666667,891303.0,1.0,12,34.0,41.6,67.6,67.6,High Risk,85,0.366,Win-back Campaign with Incentive,Service review + competitor price match offer,Within 3 days,Phone Call + Email Offer,35,Multiple risk signals. Prioritize based on MRR and win-back cost.
SME-2024-00889,CV Sentosa Digital Pratama,Pertanian & Agribisnis,Surabaya,Pelanggan Berisiko,Kecil,13,1.3,932302.0,1.0,12,38.1,42.5,43.6,43.6,Moderate Risk,85,0.247,Re-engagement Survey + Check-in,Offer flexible payment terms or temporary upgrade,Within 7 days,WhatsApp + Email,45,Early warning signs. Low-cost intervention may prevent escalation.
SME-2024-00890,UD Sriwijaya Mulia Abadi,Konstruksi,Surabaya,Pelanggan Berisiko,Kecil,8,3.483333333333333,1304298.0,1.0,12,21.2,42.9,72.4,72.4,Critical Risk,85,0.402,Executive Escalation & Win-back Negotiation,Custom retention package with significant concession,Immediate (same day),Face-to-face Meeting + Written Proposal,25,Critical churn risk. High-cost intervention justified by MRR value.
SME-2024-00891,UD Garuda Makmur Lestari,Kuliner & F&B,Batam,Pelanggan Berisiko,Mikro,3,3.141666666666667,4774658.0,1.0,12,38.2,58.6,40.9,40.9,Moderate Risk,85,0.352,Re-engagement Survey + Check-in,Offer flexible payment terms or temporary upgrade,Within 7 days,WhatsApp + Email,45,Early warning signs. Low-cost intervention may prevent escalation.
SME-2024-00892,Warung Mitra Lestari Sentosa,Teknologi Informasi,Makassar,Pelanggan Berisiko,Mikro,4,0.6749999999999999,1842600.0,1.0,9,38.8,34.0,67.2,67.2,High Risk,85,0.393,Win-back Campaign with Incentive,Service review + competitor price match offer,Within 3 days,Phone Call + Email Offer,35,Multiple risk signals. Prioritize based on MRR and win-back cost.
SME-2024-00893,Warung Tirta Indah Sentosa,Media & Kreatif,Bandung,Pelanggan Berisiko,Mikro,4,2.283333333333333,8045068.0,2.0,12,19.0,53.8,56.0,56.0,High Risk,82,0.53,Win-back Campaign with Incentive,Service review + competitor price match offer,Within 3 days,Phone Call + Email Offer,35,Multiple risk signals. Prioritize based on MRR and win-back cost.
SME-2024-00894,Kios Jaya Network Lestari,Perdagangan Eceran,Surabaya,Pelanggan Berisiko,Mikro,2,1.2583333333333333,976839.0,1.0,12,28.9,46.4,64.4,64.4,High Risk,85,0.352,Win-back Campaign with Incentive,Service review + competitor price match offer,Within 3 days,Phone Call + Email Offer,35,Multiple risk signals. Prioritize based on MRR and win-back cost.
SME-2024-00895,PT Citra Network Pratama,Konstruksi,Medan,Pelanggan Berisiko,Besar,479,2.316666666666667,0.0,,12,78.1,57.7,49.8,49.8,High Risk,80,0.249,Win-back Campaign with Incentive,Service review + competitor price match offer,Within 3 days,Phone Call + Email Offer,35,Multiple risk signals. Prioritize based on MRR and win-back cost.
SME-2024-00896,Warung Bumi Makmur Pratama,Kesehatan,Bandung,Pelanggan Berisiko,Mikro,4,3.408333333333333,7401744.0,2.0,12,37.2,51.4,54.7,54.7,High Risk,82,0.503,Win-back Campaign with Incentive,Service review + competitor price match offer,Within 3 days,Phone Call + Email Offer,35,Multiple risk signals. Prioritize based on MRR and win-back cost.
SME-2024-00897,UD Permata Sakti Pratama,Media & Kreatif,Malang,Pelanggan Berisiko,Kecil,9,0.7666666666666666,4799595.0,2.0,10,39.9,50.7,42.2,42.2,Moderate Risk,85,0.36,Re-engagement Survey + Check-in,Offer flexible payment terms or temporary upgrade,Within 7 days,WhatsApp + Email,45,Early warning signs. Low-cost intervention may prevent escalation.
SME-2024-00898,Warung Duta Pratama Abadi,Media & Kreatif,Bandar Lampung,Pelanggan Berisiko,Mikro,4,2.2416666666666667,10502919.0,3.0,12,25.1,50.7,57.2,57.2,High Risk,85,0.612,Win-back Campaign with Incentive,Service review + competitor price match offer,Within 3 days,Phone Call + Email Offer,35,Multiple risk signals. Prioritize based on MRR and win-back cost.
SME-2024-00899,PT Mega Network Sentosa,Transportasi & Logistik,Malang,Pelanggan Berisiko,Menengah,26,1.6083333333333334,4301358.0,2.0,12,45.6,55.4,39.2,39.2,Moderate Risk,85,0.33,Re-engagement Survey + Check-in,Offer flexible payment terms or temporary upgrade,Within 7 days,WhatsApp + Email,45,Early warning signs. Low-cost intervention may prevent escalation.
SME-2024-00900,Toko Duta Bahagia Abadi,Kesehatan,Surabaya,Pelanggan Berisiko,Kecil,15,1.5333333333333332,2050862.0,1.0,12,30.3,56.9,53.4,53.4,High Risk,85,0.331,Win-back Campaign with Incentive,Service review + competitor price match offer,Within 3 days,Phone Call + Email Offer,35,Multiple risk signals. Prioritize based on MRR and win-back cost.
SME-2024-00901,Toko Sentosa Digital Abadi,Transportasi & Logistik,Palembang,Pelanggan Berisiko,Kecil,14,1.5916666666666668,1425204.0,1.0,12,28.8,45.8,62.8,62.8,High Risk,85,0.358,Win-back Campaign with Incentive,Service review + competitor price match offer,Within 3 days,Phone Call + Email Offer,35,Multiple risk signals. Prioritize based on MRR and win-back cost.
SME-2024-00902,CV Sumber Optima Abadi,Pendidikan & Training,Bandung,Pelanggan Berisiko,Kecil,7,2.658333333333333,2732719.0,1.0,12,40.9,49.8,47.2,47.2,High Risk,85,0.321,Win-back Campaign with Incentive,Service review + competitor price match offer,Within 3 days,Phone Call + Email Offer,35,Multiple risk signals. Prioritize based on MRR and win-back cost.
SME-2024-00903,CV Mandiri Sinergi Mandiri,Konstruksi,Bandar Lampung,Pelanggan Berisiko,Menengah,97,1.075,3078320.0,1.0,12,39.2,51.5,56.5,56.5,High Risk,85,0.378,Win-back Campaign with Incentive,Service review + competitor price match offer,Within 3 days,Phone Call + Email Offer,35,Multiple risk signals. Prioritize based on MRR and win-back cost.
SME-2024-00904,Toko Berkah Pratama Jaya,Manufaktur,Surabaya,Pelanggan Berisiko,Mikro,4,2.6,1229583.0,1.0,12,43.0,52.4,54.2,54.2,High Risk,82,0.309,Win-back Campaign with Incentive,Service review + competitor price match offer,Within 3 days,Phone Call + Email Offer,35,Multiple risk signals. Prioritize based on MRR and win-back cost.
SME-2024-00905,PT Nusantara Mulia Lestari,Konstruksi,Makassar,Pelanggan Berisiko,Besar,466,2.441666666666667,846449.0,1.0,12,63.5,50.1,46.4,46.4,High Risk,85,0.258,Win-back Campaign with Incentive,Service review + competitor price match offer,Within 3 days,Phone Call + Email Offer,35,Multiple risk signals. Prioritize based on MRR and win-back cost.
SME-2024-00906,Toko Bintang Sakti Lestari,Teknologi Informasi,Denpasar,Pelanggan Berisiko,Mikro,1,1.7083333333333333,13648722.0,2.0,12,19.0,37.5,67.9,67.9,High Risk,85,0.762,Win-back Campaign with Incentive,Service review + competitor price match offer,Within 3 days,Phone Call + Email Offer,35,Multiple risk signals. Prioritize based on MRR and win-back cost.
SME-2024-00907,PT Garuda Persada Mandiri,Pertanian & Agribisnis,Bandar Lampung,Pelanggan Berisiko,Menengah,59,1.2833333333333334,5200301.0,1.0,12,32.3,43.2,68.7,68.7,High Risk,85,0.505,Win-back Campaign with Incentive,Service review + competitor price match offer,Within 3 days,Phone Call + Email Offer,35,Multiple risk signals. Prioritize based on MRR and win-back cost.
SME-2024-00908,UD Bumi Teknologi Jaya,Teknologi Informasi,Bandar Lampung,Pelanggan Berisiko,Mikro,3,0.725,2242051.0,1.0,9,24.2,49.8,61.0,61.0,High Risk,85,0.374,Win-back Campaign with Incentive,Service review + competitor price match offer,Within 3 days,Phone Call + Email Offer,35,Multiple risk signals. Prioritize based on MRR and win-back cost.
SME-2024-00909,PT Sriwijaya Network Jaya,Kesehatan,Medan,Pelanggan Berisiko,Besar,289,2.5833333333333335,0.0,,12,61.8,59.2,28.5,28.5,Moderate Risk,80,0.143,Re-engagement Survey + Check-in,Offer flexible payment terms or temporary upgrade,Within 7 days,WhatsApp + Email,45,Early warning signs. Low-cost intervention may prevent escalation.
SME-2024-00910,Toko Surya Data,Kuliner & F&B,Bandung,Pelanggan Berisiko,Mikro,1,2.341666666666667,7122689.0,3.0,12,41.4,48.6,59.7,59.7,High Risk,85,0.519,Win-back Campaign with Incentive,Service review + competitor price match offer,Within 3 days,Phone Call + Email Offer,35,Multiple risk signals. Prioritize based on MRR and win-back cost.
SME-2024-00911,UD Nusantara Teknologi,Kuliner & F&B,Medan,Pelanggan Berisiko,Mikro,1,1.2333333333333334,1041063.0,1.0,12,35.8,41.6,66.1,66.1,High Risk,85,0.363,Win-back Campaign with Incentive,Service review + competitor price match offer,Within 3 days,Phone Call + Email Offer,35,Multiple risk signals. Prioritize based on MRR and win-back cost.
SME-2024-00912,CV Karya Persada Pratama,Jasa Keuangan,Medan,Pelanggan Berisiko,Kecil,14,1.5999999999999999,0.0,,12,46.2,55.6,46.1,46.1,High Risk,80,0.23,Win-back Campaign with Incentive,Service review + competitor price match offer,Within 3 days,Phone Call + Email Offer,35,Multiple risk signals. Prioritize based on MRR and win-back cost.
SME-2024-00913,Toko Permata Persada Pratama,Manufaktur,Medan,Pelanggan Berisiko,Kecil,18,1.1416666666666666,3061614.0,1.0,12,26.4,39.4,67.5,67.5,High Risk,85,0.432,Win-back Campaign with Incentive,Service review + competitor price match offer,Within 3 days,Phone Call + Email Offer,35,Multiple risk signals. Prioritize based on MRR and win-back cost.
SME-2024-00914,CV Berkah Cemerlang Pratama,Properti & Real Estate,Jakarta,Pelanggan Berisiko,Kecil,5,3.0083333333333333,3446856.0,1.0,12,58.5,59.6,53.1,53.1,High Risk,85,0.372,Win-back Campaign with Incentive,Service review + competitor price match offer,Within 3 days,Phone Call + Email Offer,35,Multiple risk signals. Prioritize based on MRR and win-back cost.
SME-2024-00915,Kios Sentosa Digital,Konstruksi,Medan,Pelanggan Berisiko,Mikro,4,1.5416666666666667,4696078.0,1.0,12,22.7,33.9,64.8,64.8,High Risk,85,0.47,Win-back Campaign with Incentive,Service review + competitor price match offer,Within 3 days,Phone Call + Email Offer,35,Multiple risk signals. Prioritize based on MRR and win-back cost.
SME-2024-00916,PT Permata Andalan,Pertanian & Agribisnis,Bandar Lampung,Pelanggan Berisiko,Menengah,87,2.8333333333333335,596303.0,1.0,12,48.1,51.6,59.4,59.4,High Risk,85,0.315,Win-back Campaign with Incentive,Service review + competitor price match offer,Within 3 days,Phone Call + Email Offer,35,Multiple risk signals. Prioritize based on MRR and win-back cost.
SME-2024-00917,PT Surya Persada Abadi,Transportasi & Logistik,Medan,Pelanggan Berisiko,Menengah,31,1.0166666666666666,1755438.0,1.0,12,38.5,54.3,43.0,43.0,Moderate Risk,85,0.269,Re-engagement Survey + Check-in,Offer flexible payment terms or temporary upgrade,Within 7 days,WhatsApp + Email,45,Early warning signs. Low-cost intervention may prevent escalation.
SME-2024-00918,Warung Bumi Data Abadi,Konstruksi,Palembang,Pelanggan Berisiko,Mikro,1,1.7416666666666665,1387206.0,1.0,12,43.5,58.3,56.3,56.3,High Risk,85,0.325,Win-back Campaign with Incentive,Service review + competitor price match offer,Within 3 days,Phone Call + Email Offer,35,Multiple risk signals. Prioritize based on MRR and win-back cost.
SME-2024-00919,CV Bintang Solusi Abadi,Transportasi & Logistik,Palembang,Pelanggan Berisiko,Menengah,47,1.625,5700725.0,1.0,12,42.1,43.7,67.6,67.6,High Risk,85,0.515,Win-back Campaign with Incentive,Service review + competitor price match offer,Within 3 days,Phone Call + Email Offer,35,Multiple risk signals. Prioritize based on MRR and win-back cost.
SME-2024-00920,CV Bumi Mulia Lestari,Kuliner & F&B,Jakarta,Pelanggan Berisiko,Menengah,91,3.358333333333333,2046410.0,1.0,12,31.6,46.4,62.5,62.5,High Risk,82,0.376,Win-back Campaign with Incentive,Service review + competitor price match offer,Within 3 days,Phone Call + Email Offer,35,Multiple risk signals. Prioritize based on MRR and win-back cost.
SME-2024-00921,CV Permata Pratama Abadi,Konstruksi,Batam,Pelanggan Berisiko,Kecil,9,2.7416666666666667,2803652.0,1.0,12,29.9,39.8,63.6,63.6,High Risk,85,0.405,Win-back Campaign with Incentive,Service review + competitor price match offer,Within 3 days,Phone Call + Email Offer,35,Multiple risk signals. Prioritize based on MRR and win-back cost.
SME-2024-00922,Warung Berkah Konektifitas,Konstruksi,Batam,Pelanggan Berisiko,Mikro,3,1.6416666666666666,8069067.0,2.0,12,21.4,50.9,55.5,55.5,High Risk,82,0.528,Win-back Campaign with Incentive,Service review + competitor price match offer,Within 3 days,Phone Call + Email Offer,35,Multiple risk signals. Prioritize based on MRR and win-back cost.
SME-2024-00923,PT Bukit Sakti Jaya,Transportasi & Logistik,Yogyakarta,Pelanggan Berisiko,Besar,388,2.1416666666666666,4146145.0,1.0,12,39.6,44.3,65.7,65.7,High Risk,85,0.457,Win-back Campaign with Incentive,Service review + competitor price match offer,Within 3 days,Phone Call + Email Offer,35,Multiple risk signals. Prioritize based on MRR and win-back cost.
SME-2024-00924,UD Sumber Sakti,Manufaktur,Malang,Pelanggan Berisiko,Kecil,20,2.9,1545993.0,1.0,12,22.5,38.5,63.5,63.5,High Risk,85,0.365,Win-back Campaign with Incentive,Service review + competitor price match offer,Within 3 days,Phone Call + Email Offer,35,Multiple risk signals. Prioritize based on MRR and win-back cost.
SME-2024-00925,CV Tirta Data Mandiri,Media & Kreatif,Semarang,Pelanggan Berisiko,Menengah,57,0.9416666666666668,4133772.0,1.0,12,50.5,52.7,44.9,44.9,Moderate Risk,85,0.353,Re-engagement Survey + Check-in,Offer flexible payment terms or temporary upgrade,Within 7 days,WhatsApp + Email,45,Early warning signs. Low-cost intervention may prevent escalation.
SME-2024-00926,UD Bintang Mulia,Properti & Real Estate,Semarang,Pelanggan Berisiko,Kecil,13,0.7083333333333334,2260367.0,1.0,9,24.8,50.0,65.5,65.5,High Risk,85,0.397,Win-back Campaign with Incentive,Service review + competitor price match offer,Within 3 days,Phone Call + Email Offer,35,Multiple risk signals. Prioritize based on MRR and win-back cost.
SME-2024-00927,Warung Bukit Konektifitas Sentosa,Pertanian & Agribisnis,Batam,Pelanggan Berisiko,Mikro,3,1.1333333333333333,11810732.0,2.0,12,25.8,43.3,71.4,71.4,Critical Risk,85,0.723,Executive Escalation & Win-back Negotiation,Custom retention package with significant concession,Immediate (same day),Face-to-face Meeting + Written Proposal,25,Critical churn risk. High-cost intervention justified by MRR value.
SME-2024-00928,Kios Abadi Network Jaya,Media & Kreatif,Medan,Pelanggan Berisiko,Mikro,3,2.558333333333333,2439017.0,1.0,12,38.7,50.6,59.9,59.9,High Risk,85,0.375,Win-back Campaign with Incentive,Service review + competitor price match offer,Within 3 days,Phone Call + Email Offer,35,Multiple risk signals. Prioritize based on MRR and win-back cost.
SME-2024-00929,UD Jaya Andalan Lestari,Properti & Real Estate,Malang,Pelanggan Berisiko,Mikro,2,2.2666666666666666,6318765.0,2.0,12,30.0,55.5,52.6,52.6,High Risk,82,0.459,Win-back Campaign with Incentive,Service review + competitor price match offer,Within 3 days,Phone Call + Email Offer,35,Multiple risk signals. Prioritize based on MRR and win-back cost.
SME-2024-00930,Kios Nusantara Andalan Mandiri,Perdagangan Eceran,Medan,Pelanggan Berisiko,Mikro,5,0.6,1812108.0,1.0,8,43.0,60.3,30.5,30.5,Moderate Risk,82,0.209,Re-engagement Survey + Check-in,Offer flexible payment terms or temporary upgrade,Within 7 days,WhatsApp + Email,45,Early warning signs. Low-cost intervention may prevent escalation.
SME-2024-00931,CV Bintang Teknologi Abadi,Konstruksi,Medan,Pelanggan Berisiko,Kecil,5,2.9250000000000003,1498587.0,1.0,12,31.7,47.1,66.7,66.7,High Risk,85,0.38,Win-back Campaign with Incentive,Service review + competitor price match offer,Within 3 days,Phone Call + Email Offer,35,Multiple risk signals. Prioritize based on MRR and win-back cost.
SME-2024-00932,Warung Berkah Lestari Pratama,Transportasi & Logistik,Bandar Lampung,Pelanggan Berisiko,Mikro,4,3.4166666666666665,7295163.0,1.0,12,27.1,49.4,63.8,63.8,High Risk,85,0.545,Win-back Campaign with Incentive,Service review + competitor price match offer,Within 3 days,Phone Call + Email Offer,35,Multiple risk signals. Prioritize based on MRR and win-back cost.
SME-2024-00933,PT Sriwijaya Network Lestari,Konstruksi,Denpasar,Pelanggan Berisiko,Menengah,78,1.0916666666666666,1934274.0,1.0,12,28.3,48.2,61.8,61.8,High Risk,85,0.369,Win-back Campaign with Incentive,Service review + competitor price match offer,Within 3 days,Phone Call + Email Offer,35,Multiple risk signals. Prioritize based on MRR and win-back cost.
SME-2024-00934,Warung Bumi Cemerlang Sentosa,Teknologi Informasi,Semarang,Pelanggan Berisiko,Mikro,2,1.825,5227105.0,2.0,12,25.0,53.0,48.7,48.7,High Risk,85,0.405,Win-back Campaign with Incentive,Service review + competitor price match offer,Within 3 days,Phone Call + Email Offer,35,Multiple risk signals. Prioritize based on MRR and win-back cost.
SME-2024-00935,CV Bintang Sakti Mandiri,Teknologi Informasi,Bandar Lampung,Pelanggan Berisiko,Menengah,72,2.1166666666666667,1729426.0,1.0,12,51.2,51.9,49.5,49.5,High Risk,85,0.301,Win-back Campaign with Incentive,Service review + competitor price match offer,Within 3 days,Phone Call + Email Offer,35,Multiple risk signals. Prioritize based on MRR and win-back cost.
SME-2024-00936,UD Sriwijaya Data Mandiri,Pendidikan & Training,Medan,Pelanggan Berisiko,Kecil,5,2.375,9059905.0,3.0,12,28.9,37.7,60.5,60.5,High Risk,85,0.584,Win-back Campaign with Incentive,Service review + competitor price match offer,Within 3 days,Phone Call + Email Offer,35,Multiple risk signals. Prioritize based on MRR and win-back cost.
SME-2024-00937,UD Citra Solusi Pratama,Manufaktur,Palembang,Pelanggan Berisiko,Kecil,8,1.2916666666666667,3468424.0,1.0,12,44.4,60.5,55.1,55.1,High Risk,85,0.383,Win-back Campaign with Incentive,Service review + competitor price match offer,Within 3 days,Phone Call + Email Offer,35,Multiple risk signals. Prioritize based on MRR and win-back cost.
SME-2024-00938,Toko Bumi Solusi Lestari,Properti & Real Estate,Palembang,Pelanggan Berisiko,Kecil,5,1.3833333333333335,2942034.0,1.0,12,34.3,55.9,58.4,58.4,High Risk,85,0.383,Win-back Campaign with Incentive,Service review + competitor price match offer,Within 3 days,Phone Call + Email Offer,35,Multiple risk signals. Prioritize based on MRR and win-back cost.
SME-2024-00939,PT Karya Mulia Mandiri,Kuliner & F&B,Makassar,Pelanggan Berisiko,Besar,240,1.7,3576338.0,2.0,12,50.7,50.5,49.4,49.4,High Risk,85,0.358,Win-back Campaign with Incentive,Service review + competitor price match offer,Within 3 days,Phone Call + Email Offer,35,Multiple risk signals. Prioritize based on MRR and win-back cost.
SME-2024-00940,PT Sumber Persada Pratama,Manufaktur,Yogyakarta,Pelanggan Berisiko,Menengah,81,3.1999999999999997,2868838.0,2.0,12,42.0,50.5,56.3,56.3,High Risk,82,0.371,Win-back Campaign with Incentive,Service review + competitor price match offer,Within 3 days,Phone Call + Email Offer,35,Multiple risk signals. Prioritize based on MRR and win-back cost.
SME-2024-00941,PT Surya Teknologi,Media & Kreatif,Palembang,Pelanggan Berisiko,Menengah,85,0.5666666666666667,2042328.0,1.0,7,50.7,45.9,54.1,54.1,High Risk,85,0.334,Win-back Campaign with Incentive,Service review + competitor price match offer,Within 3 days,Phone Call + Email Offer,35,Multiple risk signals. Prioritize based on MRR and win-back cost.
SME-2024-00942,PT Abadi Solusi Lestari,Transportasi & Logistik,Tangerang,Pelanggan Berisiko,Besar,201,3.1333333333333333,5033383.0,1.0,12,67.5,60.1,50.8,50.8,High Risk,82,0.41,Win-back Campaign with Incentive,Service review + competitor price match offer,Within 3 days,Phone Call + Email Offer,35,Multiple risk signals. Prioritize based on MRR and win-back cost.
SME-2024-00943,CV Surya Lestari Lestari,Kesehatan,Bandung,Pelanggan Berisiko,Kecil,7,2.1750000000000003,1636612.0,1.0,12,31.5,50.3,42.1,42.1,Moderate Risk,85,0.261,Re-engagement Survey + Check-in,Offer flexible payment terms or temporary upgrade,Within 7 days,WhatsApp + Email,45,Early warning signs. Low-cost intervention may prevent escalation.
SME-2024-00944,UD Garuda Sejahtera Abadi,Konstruksi,Palembang,Pelanggan Berisiko,Kecil,17,0.9416666666666668,0.0,,12,23.1,37.5,64.7,64.7,High Risk,85,0.324,Win-back Campaign with Incentive,Service review + competitor price match offer,Within 3 days,Phone Call + Email Offer,35,Multiple risk signals. Prioritize based on MRR and win-back cost.
SME-2024-00945,UD Citra Persada Mandiri,Transportasi & Logistik,Batam,Pelanggan Berisiko,Mikro,2,1.9416666666666667,3142963.0,1.0,12,36.8,52.6,42.1,42.1,Moderate Risk,85,0.308,Re-engagement Survey + Check-in,Offer flexible payment terms or temporary upgrade,Within 7 days,WhatsApp + Email,45,Early warning signs. Low-cost intervention may prevent escalation.
SME-2024-00946,CV Abadi Andalan Jaya,Teknologi Informasi,Jakarta,Pelanggan Berisiko,Kecil,13,1.7666666666666666,1255749.0,1.0,12,16.0,53.0,55.5,55.5,High Risk,85,0.316,Win-back Campaign with Incentive,Service review + competitor price match offer,Within 3 days,Phone Call + Email Offer,35,Multiple risk signals. Prioritize based on MRR and win-back cost.
SME-2024-00947,Toko Mega Sejahtera Lestari,Konstruksi,Jakarta,Pelanggan Berisiko,Kecil,5,2.7416666666666667,3362503.0,2.0,12,36.8,44.4,65.2,65.2,High Risk,85,0.43,Win-back Campaign with Incentive,Service review + competitor price match offer,Within 3 days,Phone Call + Email Offer,35,Multiple risk signals. Prioritize based on MRR and win-back cost.
SME-2024-00948,Warung Abadi Sejahtera Pratama,Properti & Real Estate,Bandung,Pelanggan Berisiko,Mikro,5,1.8583333333333334,2458900.0,1.0,12,23.8,46.8,62.3,62.3,High Risk,85,0.388,Win-back Campaign with Incentive,Service review + competitor price match offer,Within 3 days,Phone Call + Email Offer,35,Multiple risk signals. Prioritize based on MRR and win-back cost.
SME-2024-00949,CV Sentosa Andalan Jaya,Kesehatan,Palembang,Pelanggan Berisiko,Kecil,8,3.4499999999999997,0.0,,12,29.3,41.8,62.9,62.9,High Risk,80,0.314,Win-back Campaign with Incentive,Service review + competitor price match offer,Within 3 days,Phone Call + Email Offer,35,Multiple risk signals. Prioritize based on MRR and win-back cost.
SME-2024-00950,CV Nusantara Makmur Jaya,Kuliner & F&B,Semarang,Pelanggan Berisiko,Kecil,6,1.4583333333333333,2116334.0,1.0,12,42.9,51.6,58.9,58.9,High Risk,85,0.36,Win-back Campaign with Incentive,Service review + competitor price match offer,Within 3 days,Phone Call + Email Offer,35,Multiple risk signals. Prioritize based on MRR and win-back cost.
SME-2024-00951,UD Mega Solusi Mandiri,Pertanian & Agribisnis,Denpasar,Pelanggan Berisiko,Kecil,17,2.4916666666666667,2309711.0,1.0,12,39.1,50.8,58.9,58.9,High Risk,85,0.366,Win-back Campaign with Incentive,Service review + competitor price match offer,Within 3 days,Phone Call + Email Offer,35,Multiple risk signals. Prioritize based on MRR and win-back cost.
SME-2024-00952,PT Garuda Solusi Sentosa,Kuliner & F&B,Surabaya,Pelanggan Berisiko,Menengah,97,2.4166666666666665,7801662.0,2.0,12,37.6,45.9,61.0,61.0,High Risk,85,0.547,Win-back Campaign with Incentive,Service review + competitor price match offer,Within 3 days,Phone Call + Email Offer,35,Multiple risk signals. Prioritize based on MRR and win-back cost.
SME-2024-00953,Warung Tirta Sakti Jaya,Pertanian & Agribisnis,Tangerang,Pelanggan Berisiko,Mikro,4,0.65,2860077.0,2.0,8,25.8,44.5,60.6,60.6,High Risk,85,0.392,Win-back Campaign with Incentive,Service review + competitor price match offer,Within 3 days,Phone Call + Email Offer,35,Multiple risk signals. Prioritize based on MRR and win-back cost.
SME-2024-00954,Toko Bumi Bahagia Mandiri,Properti & Real Estate,Batam,Pelanggan Berisiko,Mikro,4,1.7333333333333334,5921251.0,1.0,12,32.1,46.2,55.2,55.2,High Risk,82,0.46,Win-back Campaign with Incentive,Service review + competitor price match offer,Within 3 days,Phone Call + Email Offer,35,Multiple risk signals. Prioritize based on MRR and win-back cost.
SME-2024-00955,PT Permata Pratama Sentosa,Konstruksi,Palembang,Pelanggan Berisiko,Menengah,69,1.5583333333333333,5253467.0,2.0,12,41.6,56.5,54.5,54.5,High Risk,85,0.435,Win-back Campaign with Incentive,Service review + competitor price match offer,Within 3 days,Phone Call + Email Offer,35,Multiple risk signals. Prioritize based on MRR and win-back cost.
SME-2024-00956,CV Duta Sakti Mandiri,Kuliner & F&B,Batam,Pelanggan Berisiko,Kecil,10,0.975,11792005.0,2.0,12,32.3,36.8,68.7,68.7,High Risk,85,0.709,Win-back Campaign with Incentive,Service review + competitor price match offer,Within 3 days,Phone Call + Email Offer,35,Multiple risk signals. Prioritize based on MRR and win-back cost.
SME-2024-00957,UD Citra Digital Pratama,Perdagangan Eceran,Surabaya,Pelanggan Berisiko,Kecil,10,2.4499999999999997,791691.0,1.0,12,23.0,48.5,62.3,62.3,High Risk,85,0.336,Win-back Campaign with Incentive,Service review + competitor price match offer,Within 3 days,Phone Call + Email Offer,35,Multiple risk signals. Prioritize based on MRR and win-back cost.
SME-2024-00958,Toko Sentosa Cemerlang Pratama,Manufaktur,Bandung,Pelanggan Berisiko,Kecil,12,1.3499999999999999,4553408.0,2.0,12,37.0,51.7,53.6,53.6,High Risk,85,0.409,Win-back Campaign with Incentive,Service review + competitor price match offer,Within 3 days,Phone Call + Email Offer,35,Multiple risk signals. Prioritize based on MRR and win-back cost.
SME-2024-00959,UD Bumi Teknologi Sentosa,Transportasi & Logistik,Tangerang,Pelanggan Berisiko,Mikro,3,2.7083333333333335,10344675.0,1.0,12,35.7,51.4,58.7,58.7,High Risk,85,0.614,Win-back Campaign with Incentive,Service review + competitor price match offer,Within 3 days,Phone Call + Email Offer,35,Multiple risk signals. Prioritize based on MRR and win-back cost.
SME-2024-00960,Kios Bumi Lestari,Konstruksi,Tangerang,Pelanggan Berisiko,Mikro,2,3.2583333333333333,7562990.0,3.0,12,38.7,37.6,62.3,62.3,High Risk,85,0.546,Win-back Campaign with Incentive,Service review + competitor price match offer,Within 3 days,Phone Call + Email Offer,35,Multiple risk signals. Prioritize based on MRR and win-back cost.
SME-2024-00961,UD Nusantara Andalan Abadi,Properti & Real Estate,Bandar Lampung,Pelanggan Berisiko,Kecil,10,2.783333333333333,4743159.0,2.0,12,41.1,39.2,65.0,65.0,High Risk,85,0.472,Win-back Campaign with Incentive,Service review + competitor price match offer,Within 3 days,Phone Call + Email Offer,35,Multiple risk signals. Prioritize based on MRR and win-back cost.
SME-2024-00962,UD Mitra Persada Mandiri,Kesehatan,Makassar,Pelanggan Berisiko,Mikro,5,1.7833333333333332,2161586.0,1.0,12,40.2,49.1,41.8,41.8,Moderate Risk,85,0.276,Re-engagement Survey + Check-in,Offer flexible payment terms or temporary upgrade,Within 7 days,WhatsApp + Email,45,Early warning signs. Low-cost intervention may prevent escalation.
SME-2024-00963,CV Bukit Persada Sentosa,Pertanian & Agribisnis,Medan,Pelanggan Berisiko,Menengah,43,2.858333333333333,5984741.0,2.0,12,52.8,63.0,53.3,53.3,High Risk,85,0.452,Win-back Campaign with Incentive,Service review + competitor price match offer,Within 3 days,Phone Call + Email Offer,35,Multiple risk signals. Prioritize based on MRR and win-back cost.
SME-2024-00964,CV Permata Data Lestari,Kesehatan,Makassar,Pelanggan Berisiko,Menengah,45,1.6916666666666667,1826212.0,1.0,12,49.1,44.2,61.9,61.9,High Risk,85,0.366,Win-back Campaign with Incentive,Service review + competitor price match offer,Within 3 days,Phone Call + Email Offer,35,Multiple risk signals. Prioritize based on MRR and win-back cost.
SME-2024-00965,UD Surya Sinergi Mandiri,Perdagangan Eceran,Jakarta,Pelanggan Berisiko,Mikro,2,2.8166666666666664,6297733.0,2.0,12,41.9,49.2,42.1,42.1,Moderate Risk,85,0.406,Re-engagement Survey + Check-in,Offer flexible payment terms or temporary upgrade,Within 7 days,WhatsApp + Email,45,Early warning signs. Low-cost intervention may prevent escalation.
SME-2024-00966,CV Surya Makmur Pratama,Manufaktur,Malang,Pelanggan Berisiko,Kecil,16,2.983333333333333,4502075.0,2.0,12,36.6,45.9,63.7,63.7,High Risk,85,0.458,Win-back Campaign with Incentive,Service review + competitor price match offer,Within 3 days,Phone Call + Email Offer,35,Multiple risk signals. Prioritize based on MRR and win-back cost.
SME-2024-00967,Toko Citra Bahagia Abadi,Manufaktur,Denpasar,Pelanggan Berisiko,Kecil,12,2.3249999999999997,3100783.0,1.0,12,37.4,58.2,48.4,48.4,High Risk,85,0.338,Win-back Campaign with Incentive,Service review + competitor price match offer,Within 3 days,Phone Call + Email Offer,35,Multiple risk signals. Prioritize based on MRR and win-back cost.
SME-2024-00968,CV Mitra Digital Jaya,Jasa Keuangan,Makassar,Pelanggan Berisiko,Kecil,8,2.091666666666667,3807156.0,2.0,12,46.2,34.0,60.3,60.3,High Risk,85,0.42,Win-back Campaign with Incentive,Service review + competitor price match offer,Within 3 days,Phone Call + Email Offer,35,Multiple risk signals. Prioritize based on MRR and win-back cost.
SME-2024-00969,CV Mandiri Utama Jaya,Jasa Keuangan,Malang,Pelanggan Berisiko,Kecil,16,0.8916666666666666,1656701.0,1.0,11,46.4,51.8,61.3,61.3,High Risk,85,0.358,Win-back Campaign with Incentive,Service review + competitor price match offer,Within 3 days,Phone Call + Email Offer,35,Multiple risk signals. Prioritize based on MRR and win-back cost.
SME-2024-00970,Toko Garuda Data Sentosa,Transportasi & Logistik,Batam,Pelanggan Berisiko,Mikro,5,1.7583333333333335,7579591.0,1.0,12,24.9,50.4,49.1,49.1,High Risk,85,0.481,Win-back Campaign with Incentive,Service review + competitor price match offer,Within 3 days,Phone Call + Email Offer,35,Multiple risk signals. Prioritize based on MRR and win-back cost.
SME-2024-00971,Toko Garuda Pratama Lestari,Pendidikan & Training,Yogyakarta,Pelanggan Berisiko,Kecil,14,1.0166666666666666,3593633.0,1.0,12,24.2,39.0,73.7,73.7,Critical Risk,85,0.48,Executive Escalation & Win-back Negotiation,Custom retention package with significant concession,Immediate (same day),Face-to-face Meeting + Written Proposal,25,Critical churn risk. High-cost intervention justified by MRR value.
SME-2024-00972,PT Citra Teknologi Sentosa,Kuliner & F&B,Tangerang,Pelanggan Berisiko,Menengah,93,2.408333333333333,1066413.0,1.0,12,42.2,33.7,64.2,64.2,High Risk,85,0.354,Win-back Campaign with Incentive,Service review + competitor price match offer,Within 3 days,Phone Call + Email Offer,35,Multiple risk signals. Prioritize based on MRR and win-back cost.
SME-2024-00973,Kios Permata Optima Abadi,Jasa Keuangan,Yogyakarta,Pelanggan Berisiko,Mikro,1,2.4250000000000003,2483251.0,1.0,12,24.4,31.4,67.0,67.0,High Risk,85,0.412,Win-back Campaign with Incentive,Service review + competitor price match offer,Within 3 days,Phone Call + Email Offer,35,Multiple risk signals. Prioritize based on MRR and win-back cost.
SME-2024-00974,PT Sentosa Bahagia Jaya,Properti & Real Estate,Malang,Pelanggan Berisiko,Menengah,28,2.125,10698301.0,2.0,12,33.2,39.1,68.2,68.2,High Risk,85,0.673,Win-back Campaign with Incentive,Service review + competitor price match offer,Within 3 days,Phone Call + Email Offer,35,Multiple risk signals. Prioritize based on MRR and win-back cost.
SME-2024-00975,UD Karya Utama,Pendidikan & Training,Batam,Pelanggan Berisiko,Mikro,4,2.0416666666666665,5416782.0,2.0,12,28.5,49.6,40.0,40.0,Moderate Risk,85,0.368,Re-engagement Survey + Check-in,Offer flexible payment terms or temporary upgrade,Within 7 days,WhatsApp + Email,45,Early warning signs. Low-cost intervention may prevent escalation.
SME-2024-00976,Toko Mitra Utama Pratama,Properti & Real Estate,Medan,Pelanggan Berisiko,Kecil,7,1.1083333333333334,3540162.0,2.0,12,25.7,48.1,58.8,58.8,High Risk,82,0.404,Win-back Campaign with Incentive,Service review + competitor price match offer,Within 3 days,Phone Call + Email Offer,35,Multiple risk signals. Prioritize based on MRR and win-back cost.
SME-2024-00977,CV Mega Sejahtera Pratama,Kesehatan,Bandung,Pelanggan Berisiko,Kecil,8,3.3666666666666667,967110.0,1.0,12,49.4,46.4,63.0,63.0,High Risk,85,0.345,Win-back Campaign with Incentive,Service review + competitor price match offer,Within 3 days,Phone Call + Email Offer,35,Multiple risk signals. Prioritize based on MRR and win-back cost.
SME-2024-00978,Toko Nusantara Lestari Abadi,Perdagangan Eceran,Malang,Pelanggan Berisiko,Kecil,6,2.2416666666666667,525260.0,1.0,12,39.2,47.7,47.3,47.3,High Risk,85,0.253,Win-back Campaign with Incentive,Service review + competitor price match offer,Within 3 days,Phone Call + Email Offer,35,Multiple risk signals. Prioritize based on MRR and win-back cost.
SME-2024-00979,CV Sentosa Persada,Transportasi & Logistik,Bandung,Pelanggan Berisiko,Kecil,17,1.0083333333333333,1257523.0,1.0,12,22.5,41.2,62.9,62.9,High Risk,85,0.353,Win-back Campaign with Incentive,Service review + competitor price match offer,Within 3 days,Phone Call + Email Offer,35,Multiple risk signals. Prioritize based on MRR and win-back cost.
SME-2024-00980,UD Mega Data Jaya,Transportasi & Logistik,Batam,Pelanggan Berisiko,Kecil,17,2.525,2192322.0,1.0,12,31.8,48.6,38.4,38.4,Moderate Risk,85,0.26,Re-engagement Survey + Check-in,Offer flexible payment terms or temporary upgrade,Within 7 days,WhatsApp + Email,45,Early warning signs. Low-cost intervention may prevent escalation.
SME-2024-00981,UD Citra Pratama,Jasa Keuangan,Jakarta,Pelanggan Berisiko,Mikro,5,1.9666666666666668,1231159.0,1.0,12,26.8,23.5,72.1,72.1,Critical Risk,85,0.399,Executive Escalation & Win-back Negotiation,Custom retention package with significant concession,Immediate (same day),Face-to-face Meeting + Written Proposal,25,Critical churn risk. High-cost intervention justified by MRR value.
SME-2024-00982,UD Mega Cemerlang Pratama,Teknologi Informasi,Bandung,Pelanggan Berisiko,Mikro,3,3.2083333333333335,2435258.0,1.0,12,46.5,47.4,47.6,47.6,High Risk,85,0.314,Win-back Campaign with Incentive,Service review + competitor price match offer,Within 3 days,Phone Call + Email Offer,35,Multiple risk signals. Prioritize based on MRR and win-back cost.
SME-2024-00983,UD Nusantara Optima Mandiri,Teknologi Informasi,Batam,Pelanggan Berisiko,Kecil,10,2.433333333333333,4202877.0,2.0,12,29.1,45.8,56.4,56.4,High Risk,85,0.412,Win-back Campaign with Incentive,Service review + competitor price match offer,Within 3 days,Phone Call + Email Offer,35,Multiple risk signals. Prioritize based on MRR and win-back cost.
SME-2024-00984,Kios Sumber Utama Abadi,Teknologi Informasi,Makassar,Pelanggan Berisiko,Mikro,2,1.4666666666666668,3640244.0,2.0,12,36.8,53.3,39.6,39.6,Moderate Risk,85,0.311,Re-engagement Survey + Check-in,Offer flexible payment terms or temporary upgrade,Within 7 days,WhatsApp + Email,45,Early warning signs. Low-cost intervention may prevent escalation.
SME-2024-00985,PT Bintang Bahagia Abadi,Properti & Real Estate,Medan,Pelanggan Berisiko,Menengah,41,2.85,1448641.0,1.0,12,39.4,49.5,66.3,66.3,High Risk,85,0.376,Win-back Campaign with Incentive,Service review + competitor price match offer,Within 3 days,Phone Call + Email Offer,35,Multiple risk signals. Prioritize based on MRR and win-back cost.
SME-2024-00986,Kios Bumi Data Pratama,Media & Kreatif,Bandung,Pelanggan Berisiko,Mikro,2,2.091666666666667,7532152.0,2.0,12,27.2,44.5,51.6,51.6,High Risk,85,0.492,Win-back Campaign with Incentive,Service review + competitor price match offer,Within 3 days,Phone Call + Email Offer,35,Multiple risk signals. Prioritize based on MRR and win-back cost.
SME-2024-00987,Kios Bumi Digital Lestari,Kesehatan,Malang,Pelanggan Berisiko,Mikro,3,0.8916666666666666,700561.0,1.0,11,48.9,55.0,40.7,40.7,Moderate Risk,85,0.225,Re-engagement Survey + Check-in,Offer flexible payment terms or temporary upgrade,Within 7 days,WhatsApp + Email,45,Early warning signs. Low-cost intervention may prevent escalation.
SME-2024-00988,CV Bukit Network Abadi,Konstruksi,Semarang,Pelanggan Berisiko,Kecil,7,2.891666666666667,2032158.0,1.0,12,46.3,43.4,64.0,64.0,High Risk,85,0.383,Win-back Campaign with Incentive,Service review + competitor price match offer,Within 3 days,Phone Call + Email Offer,35,Multiple risk signals. Prioritize based on MRR and win-back cost.
SME-2024-00989,PT Jaya Digital Pratama,Transportasi & Logistik,Semarang,Pelanggan Berisiko,Menengah,38,0.8833333333333333,2706096.0,1.0,11,32.0,52.6,56.1,56.1,High Risk,82,0.365,Win-back Campaign with Incentive,Service review + competitor price match offer,Within 3 days,Phone Call + Email Offer,35,Multiple risk signals. Prioritize based on MRR and win-back cost.
SME-2024-00990,PT Surya Data Sentosa,Teknologi Informasi,Medan,Pelanggan Berisiko,Menengah,90,3.5,0.0,,12,46.5,64.1,43.3,43.3,Moderate Risk,77,0.217,Re-engagement Survey + Check-in,Offer flexible payment terms or temporary upgrade,Within 7 days,WhatsApp + Email,45,Early warning signs. Low-cost intervention may prevent escalation.
SME-2024-00991,Warung Bumi Utama Pratama,Perdagangan Eceran,Batam,Pelanggan Berisiko,Mikro,5,3.4250000000000003,4775537.0,1.0,12,36.3,50.8,60.8,60.8,High Risk,85,0.452,Win-back Campaign with Incentive,Service review + competitor price match offer,Within 3 days,Phone Call + Email Offer,35,Multiple risk signals. Prioritize based on MRR and win-back cost.
SME-2024-00992,Kios Permata Makmur Jaya,Media & Kreatif,Batam,Pelanggan Berisiko,Mikro,5,2.6750000000000003,6252469.0,2.0,12,36.2,45.7,62.3,62.3,High Risk,85,0.505,Win-back Campaign with Incentive,Service review + competitor price match offer,Within 3 days,Phone Call + Email Offer,35,Multiple risk signals. Prioritize based on MRR and win-back cost.
SME-2024-00993,Warung Karya Data Abadi,Media & Kreatif,Bandar Lampung,Pelanggan Berisiko,Mikro,2,3.5583333333333336,0.0,,12,51.2,57.8,48.2,48.2,High Risk,80,0.241,Win-back Campaign with Incentive,Service review + competitor price match offer,Within 3 days,Phone Call + Email Offer,35,Multiple risk signals. Prioritize based on MRR and win-back cost.
SME-2024-00994,UD Bumi Sejahtera Mandiri,Properti & Real Estate,Jakarta,Pelanggan Berisiko,Mikro,3,0.8666666666666667,3220641.0,1.0,11,34.5,55.9,38.9,38.9,Moderate Risk,85,0.294,Re-engagement Survey + Check-in,Offer flexible payment terms or temporary upgrade,Within 7 days,WhatsApp + Email,45,Early warning signs. Low-cost intervention may prevent escalation.
SME-2024-00995,PT Sumber Makmur Abadi,Pertanian & Agribisnis,Tangerang,Pelanggan Berisiko,Menengah,33,0.5416666666666666,2098849.0,1.0,7,51.4,57.7,33.1,33.1,Moderate Risk,82,0.231,Re-engagement Survey + Check-in,Offer flexible payment terms or temporary upgrade,Within 7 days,WhatsApp + Email,45,Early warning signs. Low-cost intervention may prevent escalation.
SME-2024-00996,UD Bukit Sinergi Pratama,Perdagangan Eceran,Denpasar,Pelanggan Berisiko,Kecil,7,1.0999999999999999,7485784.0,1.0,12,24.3,33.1,70.6,70.6,Critical Risk,85,0.585,Executive Escalation & Win-back Negotiation,Custom retention package with significant concession,Immediate (same day),Face-to-face Meeting + Written Proposal,25,Critical churn risk. High-cost intervention justified by MRR value.
SME-2024-00997,Kios Tirta Digital Mandiri,Perdagangan Eceran,Jakarta,Pelanggan Berisiko,Mikro,5,2.408333333333333,2209156.0,1.0,12,43.3,41.1,65.2,65.2,High Risk,85,0.394,Win-back Campaign with Incentive,Service review + competitor price match offer,Within 3 days,Phone Call + Email Offer,35,Multiple risk signals. Prioritize based on MRR and win-back cost.
SME-2024-00998,Warung Duta Digital Mandiri,Konstruksi,Semarang,Pelanggan Berisiko,Mikro,4,2.2666666666666666,1859737.0,1.0,12,38.1,41.1,46.9,46.9,High Risk,85,0.292,Win-back Campaign with Incentive,Service review + competitor price match offer,Within 3 days,Phone Call + Email Offer,35,Multiple risk signals. Prioritize based on MRR and win-back cost.
SME-2024-00999,PT Bintang Data Mandiri,Kuliner & F&B,Medan,Pelanggan Berisiko,Menengah,87,1.6833333333333333,7686341.0,2.0,12,48.8,51.7,61.7,61.7,High Risk,85,0.547,Win-back Campaign with Incentive,Service review + competitor price match offer,Within 3 days,Phone Call + Email Offer,35,Multiple risk signals. Prioritize based on MRR and win-back cost.
SME-2024-01000,CV Permata Data Abadi,Properti & Real Estate,Semarang,Pelanggan Berisiko,Kecil,17,0.7833333333333333,993129.0,1.0,10,39.3,54.6,52.0,52.0,High Risk,85,0.291,Win-back Campaign with Incentive,Service review + competitor price match offer,Within 3 days,Phone Call + Email Offer,35,Multiple risk signals. Prioritize based on MRR and win-back cost.
