enrich_id,customer_id,scraped_date,web_context_summary,industry_growth_sentiment,competitor_mention_count,recent_news_flag,digital_presence_score,business_health_indicator,enrichment_tier
ENR-00001-001,SME-2024-00001,2026-06-15,Perusahaan Konstruksi menunjukkan tren stable berdasarkan aktivitas digital,Netral,0,False,43,Stable,Tier-2 Sector-Regional Proxy
ENR-00002-001,SME-2024-00002,2026-06-15,Operasional bisnis berjalan stabil tanpa anomali signifikan,Netral,1,False,75,Stable,Tier-2 Sector-Regional Proxy
ENR-00003-001,SME-2024-00003,2026-06-15,"Pertumbuhan digital moderat, tidak ada indikator risiko",Netral,2,False,51,Stable,Tier-2 Sector-Regional Proxy
ENR-00004-001,SME-2024-00004,2026-06-15,Penambahan cabang dan peningkatan aktivitas digital terdeteksi,Netral,0,False,56,Growing,Tier-2 Sector-Regional Proxy
ENR-00005-001,SME-2024-00005,2026-06-15,"Pertumbuhan digital moderat, tidak ada indikator risiko",Positif,0,True,68,Stable,Tier-2 Sector-Regional Proxy
ENR-00006-001,SME-2024-00006,2026-06-15,Operasional bisnis berjalan stabil tanpa anomali signifikan,Netral,0,False,53,Stable,Tier-2 Sector-Regional Proxy
ENR-00007-001,SME-2024-00007,2026-06-15,Penurunan aktivitas digital dan eksposur publik teramati,Positif,0,False,47,Declining,Tier-2 Sector-Regional Proxy
ENR-00008-001,SME-2024-00008,2026-06-15,"Pertumbuhan digital moderat, tidak ada indikator risiko",Positif,2,False,88,Stable,Tier-1 Entity Lookup
ENR-00009-001,SME-2024-00009,2026-06-15,Operasional bisnis berjalan stabil tanpa anomali signifikan,Netral,1,False,59,Stable,Tier-2 Sector-Regional Proxy
ENR-00010-001,SME-2024-00010,2026-06-15,Menang tender proyek infrastruktur pemerintah,Negatif,2,False,64,Growing,Tier-1 Entity Lookup
ENR-00011-001,SME-2024-00011,2026-06-15,Konten negatif terkait keluhan pelanggan terdeteksi di kanal publik,Netral,3,False,39,Declining,Tier-2 Sector-Regional Proxy
ENR-00012-001,SME-2024-00012,2026-06-15,Penambahan cabang dan peningkatan aktivitas digital terdeteksi,Positif,0,False,67,Growing,Tier-1 Entity Lookup
ENR-00013-001,SME-2024-00013,2026-06-15,Kolaborasi strategis dengan ekosistem Telkom Group,Netral,1,True,52,Growing,Tier-2 Sector-Regional Proxy
ENR-00014-001,SME-2024-00014,2026-06-15,Penambahan cabang dan peningkatan aktivitas digital terdeteksi,Positif,6,False,63,Growing,Tier-1 Entity Lookup
ENR-00015-001,SME-2024-00015,2026-06-15,Perusahaan Pertanian & Agribisnis menunjukkan tren stable berdasarkan aktivitas digital,Positif,2,True,42,Stable,Tier-2 Sector-Regional Proxy
ENR-00016-001,SME-2024-00016,2026-06-15,Perusahaan Transportasi & Logistik menunjukkan tren stable berdasarkan aktivitas digital,Netral,1,False,65,Stable,Tier-1 Entity Lookup
ENR-00017-001,SME-2024-00017,2026-06-15,Perusahaan Pendidikan & Training menunjukkan tren stable berdasarkan aktivitas digital,Positif,1,True,35,Stable,Tier-2 Sector-Regional Proxy
ENR-00018-001,SME-2024-00018,2026-06-15,Ekspansi bisnis dan rekrutmen karyawan baru teramati di semester berjalan,Positif,4,True,63,Growing,Tier-2 Sector-Regional Proxy
ENR-00019-001,SME-2024-00019,2026-06-15,Perusahaan Properti & Real Estate menunjukkan tren stable berdasarkan aktivitas digital,Positif,0,False,20,Stable,Tier-2 Sector-Regional Proxy
ENR-00020-001,SME-2024-00020,2026-06-15,"Pertumbuhan digital moderat, tidak ada indikator risiko",Netral,2,True,64,Stable,Tier-2 Sector-Regional Proxy
ENR-00021-001,SME-2024-00021,2026-06-15,Operasional bisnis berjalan stabil tanpa anomali signifikan,Positif,2,False,57,Stable,Tier-2 Sector-Regional Proxy
ENR-00022-001,SME-2024-00022,2026-06-15,Operasional bisnis berjalan stabil tanpa anomali signifikan,Negatif,3,True,64,Stable,Tier-2 Sector-Regional Proxy
ENR-00023-001,SME-2024-00023,2026-06-15,"Pertumbuhan digital moderat, tidak ada indikator risiko",Negatif,0,False,38,Stable,Tier-2 Sector-Regional Proxy
ENR-00024-001,SME-2024-00024,2026-06-15,Perusahaan Kuliner & F&B menunjukkan tren stable berdasarkan aktivitas digital,Netral,0,False,69,Stable,Tier-2 Sector-Regional Proxy
ENR-00025-001,SME-2024-00025,2026-06-15,Perusahaan Teknologi Informasi menunjukkan tren stable berdasarkan aktivitas digital,Netral,0,False,95,Stable,Tier-1 Entity Lookup
ENR-00026-001,SME-2024-00026,2026-06-15,"Pertumbuhan digital moderat, tidak ada indikator risiko",Netral,4,False,28,Stable,Tier-2 Sector-Regional Proxy
ENR-00027-001,SME-2024-00027,2026-06-15,"Pertumbuhan digital moderat, tidak ada indikator risiko",Netral,0,False,34,Stable,Tier-2 Sector-Regional Proxy
ENR-00028-001,SME-2024-00028,2026-06-15,Operasional bisnis berjalan stabil tanpa anomali signifikan,Positif,1,False,69,Stable,Tier-2 Sector-Regional Proxy
ENR-00029-001,SME-2024-00029,2026-06-15,Operasional bisnis berjalan stabil tanpa anomali signifikan,Positif,0,True,68,Stable,Tier-1 Entity Lookup
ENR-00030-001,SME-2024-00030,2026-06-15,Perusahaan Teknologi Informasi menunjukkan tren stable berdasarkan aktivitas digital,Netral,0,True,28,Stable,Tier-2 Sector-Regional Proxy
ENR-00031-001,SME-2024-00031,2026-06-15,Penambahan cabang dan peningkatan aktivitas digital terdeteksi,Negatif,1,True,46,Growing,Tier-2 Sector-Regional Proxy
ENR-00032-001,SME-2024-00032,2026-06-15,"Pertumbuhan digital moderat, tidak ada indikator risiko",Positif,2,False,47,Stable,Tier-2 Sector-Regional Proxy
ENR-00033-001,SME-2024-00033,2026-06-15,Ekspansi bisnis dan rekrutmen karyawan baru teramati di semester berjalan,Positif,0,False,58,Growing,Tier-2 Sector-Regional Proxy
ENR-00034-001,SME-2024-00034,2026-06-15,Perusahaan Perdagangan Eceran menunjukkan tren stable berdasarkan aktivitas digital,Netral,0,True,40,Stable,Tier-2 Sector-Regional Proxy
ENR-00035-001,SME-2024-00035,2026-06-15,Ekspansi bisnis dan rekrutmen karyawan baru teramati di semester berjalan,Netral,0,False,28,Growing,Tier-2 Sector-Regional Proxy
ENR-00036-001,SME-2024-00036,2026-06-15,Penurunan aktivitas digital dan eksposur publik teramati,Netral,1,False,42,Declining,Tier-2 Sector-Regional Proxy
ENR-00037-001,SME-2024-00037,2026-06-15,"Pertumbuhan digital moderat, tidak ada indikator risiko",Negatif,3,False,57,Stable,Tier-1 Entity Lookup
ENR-00038-001,SME-2024-00038,2026-06-15,Perusahaan Pendidikan & Training menunjukkan tren stable berdasarkan aktivitas digital,Positif,3,False,58,Stable,Tier-1 Entity Lookup
ENR-00039-001,SME-2024-00039,2026-06-15,Operasional bisnis berjalan stabil tanpa anomali signifikan,Positif,1,True,75,Stable,Tier-2 Sector-Regional Proxy
ENR-00040-001,SME-2024-00040,2026-06-15,Ekspansi bisnis dan rekrutmen karyawan baru teramati di semester berjalan,Netral,2,True,50,Growing,Tier-2 Sector-Regional Proxy
ENR-00041-001,SME-2024-00041,2026-06-15,Kolaborasi strategis dengan ekosistem Telkom Group,Positif,1,False,35,Growing,Tier-2 Sector-Regional Proxy
ENR-00042-001,SME-2024-00042,2026-06-15,"Pertumbuhan digital moderat, tidak ada indikator risiko",Netral,1,False,62,Stable,Tier-1 Entity Lookup
ENR-00043-001,SME-2024-00043,2026-06-15,Penambahan cabang dan peningkatan aktivitas digital terdeteksi,Netral,1,False,37,Growing,Tier-2 Sector-Regional Proxy
ENR-00044-001,SME-2024-00044,2026-06-15,"Pertumbuhan digital moderat, tidak ada indikator risiko",Positif,5,True,95,Stable,Tier-1 Entity Lookup
ENR-00045-001,SME-2024-00045,2026-06-15,Ekspansi bisnis dan rekrutmen karyawan baru teramati di semester berjalan,Netral,1,True,52,Growing,Tier-2 Sector-Regional Proxy
ENR-00046-001,SME-2024-00046,2026-06-15,Perusahaan Media & Kreatif menunjukkan tren stable berdasarkan aktivitas digital,Positif,1,False,72,Stable,Tier-1 Entity Lookup
ENR-00047-001,SME-2024-00047,2026-06-15,Operasional bisnis berjalan stabil tanpa anomali signifikan,Positif,0,True,42,Stable,Tier-2 Sector-Regional Proxy
ENR-00048-001,SME-2024-00048,2026-06-15,Konten negatif terkait keluhan pelanggan terdeteksi di kanal publik,Positif,1,False,73,Declining,Tier-2 Sector-Regional Proxy
ENR-00049-001,SME-2024-00049,2026-06-15,Operasional bisnis berjalan stabil tanpa anomali signifikan,Positif,1,True,36,Stable,Tier-2 Sector-Regional Proxy
ENR-00050-001,SME-2024-00050,2026-06-15,Kolaborasi strategis dengan ekosistem Telkom Group,Positif,1,False,33,Growing,Tier-2 Sector-Regional Proxy
ENR-00051-001,SME-2024-00051,2026-06-15,Perusahaan Kesehatan menunjukkan tren stable berdasarkan aktivitas digital,Netral,2,False,95,Stable,Tier-1 Entity Lookup
ENR-00052-001,SME-2024-00052,2026-06-15,Penambahan cabang dan peningkatan aktivitas digital terdeteksi,Netral,1,True,65,Growing,Tier-1 Entity Lookup
ENR-00053-001,SME-2024-00053,2026-06-15,"Pertumbuhan digital moderat, tidak ada indikator risiko",Positif,1,False,77,Stable,Tier-1 Entity Lookup
ENR-00054-001,SME-2024-00054,2026-06-15,Operasional bisnis berjalan stabil tanpa anomali signifikan,Netral,1,False,68,Stable,Tier-2 Sector-Regional Proxy
ENR-00055-001,SME-2024-00055,2026-06-15,Menang tender proyek infrastruktur pemerintah,Positif,1,False,73,Growing,Tier-1 Entity Lookup
ENR-00056-001,SME-2024-00056,2026-06-15,Perusahaan Jasa Keuangan menunjukkan tren stable berdasarkan aktivitas digital,Netral,2,True,80,Stable,Tier-1 Entity Lookup
ENR-00057-001,SME-2024-00057,2026-06-15,Penurunan aktivitas digital dan eksposur publik teramati,Netral,0,True,42,Declining,Tier-2 Sector-Regional Proxy
ENR-00058-001,SME-2024-00058,2026-06-15,Kolaborasi strategis dengan ekosistem Telkom Group,Netral,0,True,52,Growing,Tier-2 Sector-Regional Proxy
ENR-00059-001,SME-2024-00059,2026-06-15,Menang tender proyek infrastruktur pemerintah,Netral,0,False,67,Growing,Tier-1 Entity Lookup
ENR-00060-001,SME-2024-00060,2026-06-15,Penambahan cabang dan peningkatan aktivitas digital terdeteksi,Positif,0,False,53,Growing,Tier-2 Sector-Regional Proxy
ENR-00061-001,SME-2024-00061,2026-06-15,Perusahaan Jasa Keuangan menunjukkan tren stable berdasarkan aktivitas digital,Positif,1,False,38,Stable,Tier-2 Sector-Regional Proxy
ENR-00062-001,SME-2024-00062,2026-06-15,"Pertumbuhan digital moderat, tidak ada indikator risiko",Positif,1,True,22,Stable,Tier-2 Sector-Regional Proxy
ENR-00063-001,SME-2024-00063,2026-06-15,Perusahaan Manufaktur menunjukkan tren stable berdasarkan aktivitas digital,Positif,2,False,61,Stable,Tier-2 Sector-Regional Proxy
ENR-00064-001,SME-2024-00064,2026-06-15,Perusahaan Konstruksi menunjukkan tren stable berdasarkan aktivitas digital,Netral,0,True,35,Stable,Tier-2 Sector-Regional Proxy
ENR-00065-001,SME-2024-00065,2026-06-15,Kolaborasi strategis dengan ekosistem Telkom Group,Netral,1,False,86,Growing,Tier-1 Entity Lookup
ENR-00066-001,SME-2024-00066,2026-06-15,"Pertumbuhan digital moderat, tidak ada indikator risiko",Negatif,1,False,25,Stable,Tier-2 Sector-Regional Proxy
ENR-00067-001,SME-2024-00067,2026-06-15,Ekspansi bisnis dan rekrutmen karyawan baru teramati di semester berjalan,Netral,0,False,50,Growing,Tier-2 Sector-Regional Proxy
ENR-00068-001,SME-2024-00068,2026-06-15,Kolaborasi strategis dengan ekosistem Telkom Group,Positif,1,False,47,Growing,Tier-2 Sector-Regional Proxy
ENR-00069-001,SME-2024-00069,2026-06-15,Menang tender proyek infrastruktur pemerintah,Positif,3,True,75,Growing,Tier-1 Entity Lookup
ENR-00070-001,SME-2024-00070,2026-06-15,Operasional bisnis berjalan stabil tanpa anomali signifikan,Positif,0,False,59,Stable,Tier-2 Sector-Regional Proxy
ENR-00071-001,SME-2024-00071,2026-06-15,Ekspansi bisnis dan rekrutmen karyawan baru teramati di semester berjalan,Negatif,1,False,57,Growing,Tier-1 Entity Lookup
ENR-00072-001,SME-2024-00072,2026-06-15,Kolaborasi strategis dengan ekosistem Telkom Group,Netral,0,False,38,Growing,Tier-2 Sector-Regional Proxy
ENR-00073-001,SME-2024-00073,2026-06-15,Penambahan cabang dan peningkatan aktivitas digital terdeteksi,Positif,1,True,48,Growing,Tier-2 Sector-Regional Proxy
ENR-00074-001,SME-2024-00074,2026-06-15,Konten negatif terkait keluhan pelanggan terdeteksi di kanal publik,Negatif,1,False,60,Declining,Tier-2 Sector-Regional Proxy
ENR-00075-001,SME-2024-00075,2026-06-15,Menang tender proyek infrastruktur pemerintah,Netral,0,True,59,Growing,Tier-2 Sector-Regional Proxy
ENR-00076-001,SME-2024-00076,2026-06-15,"Pertumbuhan digital moderat, tidak ada indikator risiko",Positif,0,False,44,Stable,Tier-2 Sector-Regional Proxy
ENR-00077-001,SME-2024-00077,2026-06-15,Operasional bisnis berjalan stabil tanpa anomali signifikan,Netral,1,False,53,Stable,Tier-2 Sector-Regional Proxy
ENR-00078-001,SME-2024-00078,2026-06-15,"Pertumbuhan digital moderat, tidak ada indikator risiko",Netral,0,False,55,Stable,Tier-2 Sector-Regional Proxy
ENR-00079-001,SME-2024-00079,2026-06-15,Operasional bisnis berjalan stabil tanpa anomali signifikan,Positif,0,False,60,Stable,Tier-2 Sector-Regional Proxy
ENR-00080-001,SME-2024-00080,2026-06-15,Perusahaan Kuliner & F&B menunjukkan tren stable berdasarkan aktivitas digital,Netral,1,False,50,Stable,Tier-2 Sector-Regional Proxy
ENR-00081-001,SME-2024-00081,2026-06-15,Penambahan cabang dan peningkatan aktivitas digital terdeteksi,Netral,0,True,59,Growing,Tier-2 Sector-Regional Proxy
ENR-00082-001,SME-2024-00082,2026-06-15,"Pertumbuhan digital moderat, tidak ada indikator risiko",Positif,0,False,27,Stable,Tier-2 Sector-Regional Proxy
ENR-00083-001,SME-2024-00083,2026-06-15,Perusahaan Konstruksi menunjukkan tren stable berdasarkan aktivitas digital,Netral,1,False,28,Stable,Tier-2 Sector-Regional Proxy
ENR-00084-001,SME-2024-00084,2026-06-15,Perusahaan Transportasi & Logistik menunjukkan tren stable berdasarkan aktivitas digital,Netral,5,True,72,Stable,Tier-1 Entity Lookup
ENR-00085-001,SME-2024-00085,2026-06-15,Operasional bisnis berjalan stabil tanpa anomali signifikan,Positif,1,False,71,Stable,Tier-1 Entity Lookup
ENR-00086-001,SME-2024-00086,2026-06-15,Perusahaan Konstruksi menunjukkan tren stable berdasarkan aktivitas digital,Netral,2,True,51,Stable,Tier-2 Sector-Regional Proxy
ENR-00087-001,SME-2024-00087,2026-06-15,Operasional bisnis berjalan stabil tanpa anomali signifikan,Netral,1,False,60,Stable,Tier-2 Sector-Regional Proxy
ENR-00088-001,SME-2024-00088,2026-06-15,Penambahan cabang dan peningkatan aktivitas digital terdeteksi,Negatif,1,False,70,Growing,Tier-1 Entity Lookup
ENR-00089-001,SME-2024-00089,2026-06-15,Operasional bisnis berjalan stabil tanpa anomali signifikan,Positif,0,False,47,Stable,Tier-2 Sector-Regional Proxy
ENR-00090-001,SME-2024-00090,2026-06-15,Ekspansi bisnis dan rekrutmen karyawan baru teramati di semester berjalan,Negatif,3,True,70,Growing,Tier-1 Entity Lookup
ENR-00091-001,SME-2024-00091,2026-06-15,Kolaborasi strategis dengan ekosistem Telkom Group,Netral,2,False,44,Growing,Tier-2 Sector-Regional Proxy
ENR-00092-001,SME-2024-00092,2026-06-15,"Pertumbuhan digital moderat, tidak ada indikator risiko",Netral,0,False,67,Stable,Tier-2 Sector-Regional Proxy
ENR-00093-001,SME-2024-00093,2026-06-15,Kolaborasi strategis dengan ekosistem Telkom Group,Netral,1,False,50,Growing,Tier-2 Sector-Regional Proxy
ENR-00094-001,SME-2024-00094,2026-06-15,Ekspansi bisnis dan rekrutmen karyawan baru teramati di semester berjalan,Netral,0,False,71,Growing,Tier-2 Sector-Regional Proxy
ENR-00095-001,SME-2024-00095,2026-06-15,Perusahaan Media & Kreatif menunjukkan tren stable berdasarkan aktivitas digital,Positif,0,False,56,Stable,Tier-2 Sector-Regional Proxy
ENR-00096-001,SME-2024-00096,2026-06-15,Perusahaan Perdagangan Eceran menunjukkan tren stable berdasarkan aktivitas digital,Netral,0,False,28,Stable,Tier-2 Sector-Regional Proxy
ENR-00097-001,SME-2024-00097,2026-06-15,Operasional bisnis berjalan stabil tanpa anomali signifikan,Positif,2,False,62,Stable,Tier-2 Sector-Regional Proxy
ENR-00098-001,SME-2024-00098,2026-06-15,"Pertumbuhan digital moderat, tidak ada indikator risiko",Netral,0,True,36,Stable,Tier-2 Sector-Regional Proxy
ENR-00099-001,SME-2024-00099,2026-06-15,"Pertumbuhan digital moderat, tidak ada indikator risiko",Positif,2,False,80,Stable,Tier-1 Entity Lookup
ENR-00100-001,SME-2024-00100,2026-06-15,Konten negatif terkait keluhan pelanggan terdeteksi di kanal publik,Negatif,2,False,60,Declining,Tier-2 Sector-Regional Proxy
ENR-00101-001,SME-2024-00101,2026-06-15,Perusahaan Teknologi Informasi menunjukkan tren stable berdasarkan aktivitas digital,Netral,2,True,36,Stable,Tier-2 Sector-Regional Proxy
ENR-00102-001,SME-2024-00102,2026-06-15,Penurunan aktivitas digital dan eksposur publik teramati,Positif,0,False,74,Declining,Tier-2 Sector-Regional Proxy
ENR-00103-001,SME-2024-00103,2026-06-15,Menang tender proyek infrastruktur pemerintah,Netral,2,False,35,Growing,Tier-2 Sector-Regional Proxy
ENR-00104-001,SME-2024-00104,2026-06-15,Operasional bisnis berjalan stabil tanpa anomali signifikan,Positif,0,False,60,Stable,Tier-2 Sector-Regional Proxy
ENR-00105-001,SME-2024-00105,2026-06-15,"Pertumbuhan digital moderat, tidak ada indikator risiko",Netral,3,False,55,Stable,Tier-1 Entity Lookup
ENR-00106-001,SME-2024-00106,2026-06-15,Menang tender proyek infrastruktur pemerintah,Netral,2,False,58,Growing,Tier-1 Entity Lookup
ENR-00107-001,SME-2024-00107,2026-06-15,Menang tender proyek infrastruktur pemerintah,Netral,2,False,49,Growing,Tier-2 Sector-Regional Proxy
ENR-00108-001,SME-2024-00108,2026-06-15,Perusahaan Properti & Real Estate menunjukkan tren stable berdasarkan aktivitas digital,Negatif,0,True,61,Stable,Tier-1 Entity Lookup
ENR-00109-001,SME-2024-00109,2026-06-15,"Pertumbuhan digital moderat, tidak ada indikator risiko",Positif,0,True,47,Stable,Tier-2 Sector-Regional Proxy
ENR-00110-001,SME-2024-00110,2026-06-15,"Pertumbuhan digital moderat, tidak ada indikator risiko",Positif,1,True,38,Stable,Tier-2 Sector-Regional Proxy
ENR-00111-001,SME-2024-00111,2026-06-15,Penambahan cabang dan peningkatan aktivitas digital terdeteksi,Positif,2,True,61,Growing,Tier-1 Entity Lookup
ENR-00112-001,SME-2024-00112,2026-06-15,Penambahan cabang dan peningkatan aktivitas digital terdeteksi,Positif,0,False,65,Growing,Tier-2 Sector-Regional Proxy
ENR-00113-001,SME-2024-00113,2026-06-15,"Pertumbuhan digital moderat, tidak ada indikator risiko",Netral,7,False,54,Stable,Tier-1 Entity Lookup
ENR-00114-001,SME-2024-00114,2026-06-15,Perusahaan Pertanian & Agribisnis menunjukkan tren stable berdasarkan aktivitas digital,Netral,0,False,48,Stable,Tier-2 Sector-Regional Proxy
ENR-00115-001,SME-2024-00115,2026-06-15,Ekspansi bisnis dan rekrutmen karyawan baru teramati di semester berjalan,Negatif,1,False,53,Growing,Tier-2 Sector-Regional Proxy
ENR-00116-001,SME-2024-00116,2026-06-15,"Pertumbuhan digital moderat, tidak ada indikator risiko",Positif,0,False,54,Stable,Tier-2 Sector-Regional Proxy
ENR-00117-001,SME-2024-00117,2026-06-15,Perusahaan Pertanian & Agribisnis menunjukkan tren stable berdasarkan aktivitas digital,Positif,0,False,36,Stable,Tier-2 Sector-Regional Proxy
ENR-00118-001,SME-2024-00118,2026-06-15,Operasional bisnis berjalan stabil tanpa anomali signifikan,Netral,3,False,66,Stable,Tier-2 Sector-Regional Proxy
ENR-00119-001,SME-2024-00119,2026-06-15,"Pertumbuhan digital moderat, tidak ada indikator risiko",Positif,2,False,67,Stable,Tier-1 Entity Lookup
ENR-00120-001,SME-2024-00120,2026-06-15,Konten negatif terkait keluhan pelanggan terdeteksi di kanal publik,Positif,1,False,32,Declining,Tier-2 Sector-Regional Proxy
ENR-00121-001,SME-2024-00121,2026-06-15,Penambahan cabang dan peningkatan aktivitas digital terdeteksi,Negatif,2,False,39,Growing,Tier-2 Sector-Regional Proxy
ENR-00122-001,SME-2024-00122,2026-06-15,Ekspansi bisnis dan rekrutmen karyawan baru teramati di semester berjalan,Positif,1,False,88,Growing,Tier-1 Entity Lookup
ENR-00123-001,SME-2024-00123,2026-06-15,Operasional bisnis berjalan stabil tanpa anomali signifikan,Netral,1,False,54,Stable,Tier-2 Sector-Regional Proxy
ENR-00124-001,SME-2024-00124,2026-06-15,Operasional bisnis berjalan stabil tanpa anomali signifikan,Netral,0,True,26,Stable,Tier-2 Sector-Regional Proxy
ENR-00125-001,SME-2024-00125,2026-06-15,Konten negatif terkait keluhan pelanggan terdeteksi di kanal publik,Netral,0,False,76,Declining,Tier-2 Sector-Regional Proxy
ENR-00126-001,SME-2024-00126,2026-06-15,Operasional bisnis berjalan stabil tanpa anomali signifikan,Positif,0,True,66,Stable,Tier-2 Sector-Regional Proxy
ENR-00127-001,SME-2024-00127,2026-06-15,Menang tender proyek infrastruktur pemerintah,Netral,1,False,39,Growing,Tier-2 Sector-Regional Proxy
ENR-00128-001,SME-2024-00128,2026-06-15,Penambahan cabang dan peningkatan aktivitas digital terdeteksi,Netral,1,False,67,Growing,Tier-2 Sector-Regional Proxy
ENR-00129-001,SME-2024-00129,2026-06-15,Penurunan aktivitas digital dan eksposur publik teramati,Positif,1,False,56,Declining,Tier-2 Sector-Regional Proxy
ENR-00130-001,SME-2024-00130,2026-06-15,"Pertumbuhan digital moderat, tidak ada indikator risiko",Positif,1,False,41,Stable,Tier-2 Sector-Regional Proxy
ENR-00131-001,SME-2024-00131,2026-06-15,"Pertumbuhan digital moderat, tidak ada indikator risiko",Positif,2,False,40,Stable,Tier-2 Sector-Regional Proxy
ENR-00132-001,SME-2024-00132,2026-06-15,Menang tender proyek infrastruktur pemerintah,Negatif,0,True,64,Growing,Tier-2 Sector-Regional Proxy
ENR-00133-001,SME-2024-00133,2026-06-15,Operasional bisnis berjalan stabil tanpa anomali signifikan,Positif,0,True,20,Stable,Tier-2 Sector-Regional Proxy
ENR-00134-001,SME-2024-00134,2026-06-15,Menang tender proyek infrastruktur pemerintah,Positif,2,False,70,Growing,Tier-1 Entity Lookup
ENR-00135-001,SME-2024-00135,2026-06-15,Menang tender proyek infrastruktur pemerintah,Netral,0,True,38,Growing,Tier-2 Sector-Regional Proxy
ENR-00136-001,SME-2024-00136,2026-06-15,Kolaborasi strategis dengan ekosistem Telkom Group,Positif,1,False,86,Growing,Tier-1 Entity Lookup
ENR-00137-001,SME-2024-00137,2026-06-15,Perusahaan Perdagangan Eceran menunjukkan tren stable berdasarkan aktivitas digital,Positif,0,True,52,Stable,Tier-2 Sector-Regional Proxy
ENR-00138-001,SME-2024-00138,2026-06-15,Penambahan cabang dan peningkatan aktivitas digital terdeteksi,Positif,0,True,57,Growing,Tier-2 Sector-Regional Proxy
ENR-00139-001,SME-2024-00139,2026-06-15,Operasional bisnis berjalan stabil tanpa anomali signifikan,Positif,3,False,60,Stable,Tier-2 Sector-Regional Proxy
ENR-00140-001,SME-2024-00140,2026-06-15,Operasional bisnis berjalan stabil tanpa anomali signifikan,Netral,1,False,26,Stable,Tier-2 Sector-Regional Proxy
ENR-00141-001,SME-2024-00141,2026-06-15,Menang tender proyek infrastruktur pemerintah,Positif,2,False,71,Growing,Tier-1 Entity Lookup
ENR-00142-001,SME-2024-00142,2026-06-15,"Pertumbuhan digital moderat, tidak ada indikator risiko",Positif,0,False,45,Stable,Tier-2 Sector-Regional Proxy
ENR-00143-001,SME-2024-00143,2026-06-15,"Pertumbuhan digital moderat, tidak ada indikator risiko",Netral,1,False,68,Stable,Tier-2 Sector-Regional Proxy
ENR-00144-001,SME-2024-00144,2026-06-15,Kolaborasi strategis dengan ekosistem Telkom Group,Positif,0,True,37,Growing,Tier-2 Sector-Regional Proxy
ENR-00145-001,SME-2024-00145,2026-06-15,Kolaborasi strategis dengan ekosistem Telkom Group,Positif,1,False,49,Growing,Tier-2 Sector-Regional Proxy
ENR-00146-001,SME-2024-00146,2026-06-15,Operasional bisnis berjalan stabil tanpa anomali signifikan,Netral,1,True,74,Stable,Tier-1 Entity Lookup
ENR-00147-001,SME-2024-00147,2026-06-15,"Pertumbuhan digital moderat, tidak ada indikator risiko",Netral,3,False,69,Stable,Tier-1 Entity Lookup
ENR-00148-001,SME-2024-00148,2026-06-15,Perusahaan Kuliner & F&B menunjukkan tren stable berdasarkan aktivitas digital,Netral,2,False,78,Stable,Tier-1 Entity Lookup
ENR-00149-001,SME-2024-00149,2026-06-15,Ekspansi bisnis dan rekrutmen karyawan baru teramati di semester berjalan,Positif,2,False,68,Growing,Tier-2 Sector-Regional Proxy
ENR-00150-001,SME-2024-00150,2026-06-15,Perusahaan Transportasi & Logistik menunjukkan tren stable berdasarkan aktivitas digital,Positif,1,False,44,Stable,Tier-2 Sector-Regional Proxy
ENR-00151-001,SME-2024-00151,2026-06-15,"Pertumbuhan digital moderat, tidak ada indikator risiko",Netral,0,False,47,Stable,Tier-2 Sector-Regional Proxy
ENR-00152-001,SME-2024-00152,2026-06-15,Perusahaan Pertanian & Agribisnis menunjukkan tren stable berdasarkan aktivitas digital,Netral,2,False,42,Stable,Tier-2 Sector-Regional Proxy
ENR-00153-001,SME-2024-00153,2026-06-15,Perusahaan Pertanian & Agribisnis menunjukkan tren stable berdasarkan aktivitas digital,Netral,1,True,50,Stable,Tier-2 Sector-Regional Proxy
ENR-00154-001,SME-2024-00154,2026-06-15,Perusahaan Manufaktur menunjukkan tren stable berdasarkan aktivitas digital,Negatif,0,False,48,Stable,Tier-2 Sector-Regional Proxy
ENR-00155-001,SME-2024-00155,2026-06-15,Perusahaan Media & Kreatif menunjukkan tren stable berdasarkan aktivitas digital,Positif,2,False,78,Stable,Tier-1 Entity Lookup
ENR-00156-001,SME-2024-00156,2026-06-15,Penambahan cabang dan peningkatan aktivitas digital terdeteksi,Netral,1,True,32,Growing,Tier-2 Sector-Regional Proxy
ENR-00157-001,SME-2024-00157,2026-06-15,Menang tender proyek infrastruktur pemerintah,Positif,1,False,40,Growing,Tier-2 Sector-Regional Proxy
ENR-00158-001,SME-2024-00158,2026-06-15,Operasional bisnis berjalan stabil tanpa anomali signifikan,Positif,0,False,54,Stable,Tier-2 Sector-Regional Proxy
ENR-00159-001,SME-2024-00159,2026-06-15,Kolaborasi strategis dengan ekosistem Telkom Group,Positif,1,False,81,Growing,Tier-2 Sector-Regional Proxy
ENR-00160-001,SME-2024-00160,2026-06-15,Operasional bisnis berjalan stabil tanpa anomali signifikan,Netral,0,False,48,Stable,Tier-2 Sector-Regional Proxy
ENR-00161-001,SME-2024-00161,2026-06-15,"Pertumbuhan digital moderat, tidak ada indikator risiko",Negatif,0,False,48,Stable,Tier-2 Sector-Regional Proxy
ENR-00162-001,SME-2024-00162,2026-06-15,Perusahaan Properti & Real Estate menunjukkan tren stable berdasarkan aktivitas digital,Netral,2,False,63,Stable,Tier-2 Sector-Regional Proxy
ENR-00163-001,SME-2024-00163,2026-06-15,Operasional bisnis berjalan stabil tanpa anomali signifikan,Netral,1,False,56,Stable,Tier-2 Sector-Regional Proxy
ENR-00164-001,SME-2024-00164,2026-06-15,Operasional bisnis berjalan stabil tanpa anomali signifikan,Negatif,1,False,29,Stable,Tier-2 Sector-Regional Proxy
ENR-00165-001,SME-2024-00165,2026-06-15,Perusahaan Kuliner & F&B menunjukkan tren stable berdasarkan aktivitas digital,Positif,3,True,63,Stable,Tier-1 Entity Lookup
ENR-00166-001,SME-2024-00166,2026-06-15,Operasional bisnis berjalan stabil tanpa anomali signifikan,Netral,0,False,34,Stable,Tier-2 Sector-Regional Proxy
ENR-00167-001,SME-2024-00167,2026-06-15,Perusahaan Pendidikan & Training menunjukkan tren stable berdasarkan aktivitas digital,Positif,3,True,27,Stable,Tier-2 Sector-Regional Proxy
ENR-00168-001,SME-2024-00168,2026-06-15,"Pertumbuhan digital moderat, tidak ada indikator risiko",Netral,3,False,67,Stable,Tier-1 Entity Lookup
ENR-00169-001,SME-2024-00169,2026-06-15,Kolaborasi strategis dengan ekosistem Telkom Group,Netral,0,False,58,Growing,Tier-2 Sector-Regional Proxy
ENR-00170-001,SME-2024-00170,2026-06-15,Ekspansi bisnis dan rekrutmen karyawan baru teramati di semester berjalan,Netral,0,False,66,Growing,Tier-2 Sector-Regional Proxy
ENR-00171-001,SME-2024-00171,2026-06-15,Ekspansi bisnis dan rekrutmen karyawan baru teramati di semester berjalan,Positif,3,False,95,Growing,Tier-1 Entity Lookup
ENR-00172-001,SME-2024-00172,2026-06-15,Kolaborasi strategis dengan ekosistem Telkom Group,Netral,2,False,53,Growing,Tier-2 Sector-Regional Proxy
ENR-00173-001,SME-2024-00173,2026-06-15,Perusahaan Media & Kreatif menunjukkan tren stable berdasarkan aktivitas digital,Positif,0,False,58,Stable,Tier-2 Sector-Regional Proxy
ENR-00174-001,SME-2024-00174,2026-06-15,Operasional bisnis berjalan stabil tanpa anomali signifikan,Netral,0,False,70,Stable,Tier-2 Sector-Regional Proxy
ENR-00175-001,SME-2024-00175,2026-06-15,Operasional bisnis berjalan stabil tanpa anomali signifikan,Netral,0,True,66,Stable,Tier-2 Sector-Regional Proxy
ENR-00176-001,SME-2024-00176,2026-06-15,"Pertumbuhan digital moderat, tidak ada indikator risiko",Positif,3,False,70,Stable,Tier-1 Entity Lookup
ENR-00177-001,SME-2024-00177,2026-06-15,Perusahaan Media & Kreatif menunjukkan tren stable berdasarkan aktivitas digital,Netral,0,False,40,Stable,Tier-2 Sector-Regional Proxy
ENR-00178-001,SME-2024-00178,2026-06-15,Konten negatif terkait keluhan pelanggan terdeteksi di kanal publik,Netral,0,False,54,Declining,Tier-2 Sector-Regional Proxy
ENR-00179-001,SME-2024-00179,2026-06-15,Menang tender proyek infrastruktur pemerintah,Netral,2,True,56,Growing,Tier-1 Entity Lookup
ENR-00180-001,SME-2024-00180,2026-06-15,Kolaborasi strategis dengan ekosistem Telkom Group,Positif,3,False,60,Growing,Tier-1 Entity Lookup
ENR-00181-001,SME-2024-00181,2026-06-15,Penambahan cabang dan peningkatan aktivitas digital terdeteksi,Positif,1,False,78,Growing,Tier-1 Entity Lookup
ENR-00182-001,SME-2024-00182,2026-06-15,"Pertumbuhan digital moderat, tidak ada indikator risiko",Positif,0,False,69,Stable,Tier-2 Sector-Regional Proxy
ENR-00183-001,SME-2024-00183,2026-06-15,Perusahaan Kesehatan menunjukkan tren stable berdasarkan aktivitas digital,Netral,1,False,70,Stable,Tier-2 Sector-Regional Proxy
ENR-00184-001,SME-2024-00184,2026-06-15,Konten negatif terkait keluhan pelanggan terdeteksi di kanal publik,Netral,1,True,26,Declining,Tier-2 Sector-Regional Proxy
ENR-00185-001,SME-2024-00185,2026-06-15,"Pertumbuhan digital moderat, tidak ada indikator risiko",Positif,1,True,38,Stable,Tier-2 Sector-Regional Proxy
ENR-00186-001,SME-2024-00186,2026-06-15,"Pertumbuhan digital moderat, tidak ada indikator risiko",Netral,0,False,64,Stable,Tier-2 Sector-Regional Proxy
ENR-00187-001,SME-2024-00187,2026-06-15,Ekspansi bisnis dan rekrutmen karyawan baru teramati di semester berjalan,Netral,0,False,65,Growing,Tier-2 Sector-Regional Proxy
ENR-00188-001,SME-2024-00188,2026-06-15,Kolaborasi strategis dengan ekosistem Telkom Group,Netral,0,False,62,Growing,Tier-2 Sector-Regional Proxy
ENR-00189-001,SME-2024-00189,2026-06-15,"Pertumbuhan digital moderat, tidak ada indikator risiko",Positif,1,False,33,Stable,Tier-2 Sector-Regional Proxy
ENR-00190-001,SME-2024-00190,2026-06-15,Menang tender proyek infrastruktur pemerintah,Netral,0,True,64,Growing,Tier-1 Entity Lookup
ENR-00191-001,SME-2024-00191,2026-06-15,"Pertumbuhan digital moderat, tidak ada indikator risiko",Netral,1,False,66,Stable,Tier-2 Sector-Regional Proxy
ENR-00192-001,SME-2024-00192,2026-06-15,Kolaborasi strategis dengan ekosistem Telkom Group,Positif,0,False,60,Growing,Tier-1 Entity Lookup
ENR-00193-001,SME-2024-00193,2026-06-15,"Pertumbuhan digital moderat, tidak ada indikator risiko",Positif,1,False,45,Stable,Tier-2 Sector-Regional Proxy
ENR-00194-001,SME-2024-00194,2026-06-15,Penambahan cabang dan peningkatan aktivitas digital terdeteksi,Positif,1,False,58,Growing,Tier-2 Sector-Regional Proxy
ENR-00195-001,SME-2024-00195,2026-06-15,Konten negatif terkait keluhan pelanggan terdeteksi di kanal publik,Netral,1,False,65,Declining,Tier-2 Sector-Regional Proxy
ENR-00196-001,SME-2024-00196,2026-06-15,Kolaborasi strategis dengan ekosistem Telkom Group,Positif,1,True,33,Growing,Tier-2 Sector-Regional Proxy
ENR-00197-001,SME-2024-00197,2026-06-15,Kolaborasi strategis dengan ekosistem Telkom Group,Positif,2,False,56,Growing,Tier-1 Entity Lookup
ENR-00198-001,SME-2024-00198,2026-06-15,Ekspansi bisnis dan rekrutmen karyawan baru teramati di semester berjalan,Netral,0,True,55,Growing,Tier-2 Sector-Regional Proxy
ENR-00199-001,SME-2024-00199,2026-06-15,Konten negatif terkait keluhan pelanggan terdeteksi di kanal publik,Netral,2,True,49,Declining,Tier-2 Sector-Regional Proxy
ENR-00200-001,SME-2024-00200,2026-06-15,Perusahaan Pendidikan & Training menunjukkan tren stable berdasarkan aktivitas digital,Positif,2,False,53,Stable,Tier-2 Sector-Regional Proxy
ENR-00201-001,SME-2024-00201,2026-06-15,Operasional bisnis berjalan stabil tanpa anomali signifikan,Positif,3,False,65,Stable,Tier-2 Sector-Regional Proxy
ENR-00202-001,SME-2024-00202,2026-06-15,Perusahaan Perdagangan Eceran menunjukkan tren stable berdasarkan aktivitas digital,Netral,1,False,52,Stable,Tier-2 Sector-Regional Proxy
ENR-00203-001,SME-2024-00203,2026-06-15,Menang tender proyek infrastruktur pemerintah,Netral,2,False,53,Growing,Tier-2 Sector-Regional Proxy
ENR-00204-001,SME-2024-00204,2026-06-15,"Pertumbuhan digital moderat, tidak ada indikator risiko",Netral,1,True,85,Stable,Tier-2 Sector-Regional Proxy
ENR-00205-001,SME-2024-00205,2026-06-15,Perusahaan Teknologi Informasi menunjukkan tren stable berdasarkan aktivitas digital,Positif,2,True,81,Stable,Tier-1 Entity Lookup
ENR-00206-001,SME-2024-00206,2026-06-15,Konten negatif terkait keluhan pelanggan terdeteksi di kanal publik,Netral,1,True,48,Declining,Tier-2 Sector-Regional Proxy
ENR-00207-001,SME-2024-00207,2026-06-15,Operasional bisnis berjalan stabil tanpa anomali signifikan,Netral,3,False,77,Stable,Tier-1 Entity Lookup
ENR-00208-001,SME-2024-00208,2026-06-15,Kolaborasi strategis dengan ekosistem Telkom Group,Netral,1,True,62,Growing,Tier-2 Sector-Regional Proxy
ENR-00209-001,SME-2024-00209,2026-06-15,Perusahaan Kesehatan menunjukkan tren stable berdasarkan aktivitas digital,Positif,0,False,60,Stable,Tier-2 Sector-Regional Proxy
ENR-00210-001,SME-2024-00210,2026-06-15,"Pertumbuhan digital moderat, tidak ada indikator risiko",Negatif,1,False,38,Stable,Tier-2 Sector-Regional Proxy
ENR-00211-001,SME-2024-00211,2026-06-15,"Pertumbuhan digital moderat, tidak ada indikator risiko",Netral,0,False,75,Stable,Tier-2 Sector-Regional Proxy
ENR-00212-001,SME-2024-00212,2026-06-15,"Pertumbuhan digital moderat, tidak ada indikator risiko",Positif,0,False,48,Stable,Tier-2 Sector-Regional Proxy
ENR-00213-001,SME-2024-00213,2026-06-15,Operasional bisnis berjalan stabil tanpa anomali signifikan,Positif,1,False,57,Stable,Tier-2 Sector-Regional Proxy
ENR-00214-001,SME-2024-00214,2026-06-15,Ekspansi bisnis dan rekrutmen karyawan baru teramati di semester berjalan,Netral,2,False,47,Growing,Tier-2 Sector-Regional Proxy
ENR-00215-001,SME-2024-00215,2026-06-15,"Pertumbuhan digital moderat, tidak ada indikator risiko",Negatif,3,False,65,Stable,Tier-1 Entity Lookup
ENR-00216-001,SME-2024-00216,2026-06-15,Penambahan cabang dan peningkatan aktivitas digital terdeteksi,Netral,2,True,83,Growing,Tier-2 Sector-Regional Proxy
ENR-00217-001,SME-2024-00217,2026-06-15,Ekspansi bisnis dan rekrutmen karyawan baru teramati di semester berjalan,Netral,1,False,57,Growing,Tier-1 Entity Lookup
ENR-00218-001,SME-2024-00218,2026-06-15,Ekspansi bisnis dan rekrutmen karyawan baru teramati di semester berjalan,Positif,0,True,68,Growing,Tier-2 Sector-Regional Proxy
ENR-00219-001,SME-2024-00219,2026-06-15,Perusahaan Perdagangan Eceran menunjukkan tren stable berdasarkan aktivitas digital,Netral,0,False,79,Stable,Tier-2 Sector-Regional Proxy
ENR-00220-001,SME-2024-00220,2026-06-15,Penurunan aktivitas digital dan eksposur publik teramati,Netral,0,False,37,Declining,Tier-2 Sector-Regional Proxy
ENR-00221-001,SME-2024-00221,2026-06-15,Operasional bisnis berjalan stabil tanpa anomali signifikan,Netral,0,False,62,Stable,Tier-2 Sector-Regional Proxy
ENR-00222-001,SME-2024-00222,2026-06-15,Penambahan cabang dan peningkatan aktivitas digital terdeteksi,Positif,0,False,40,Growing,Tier-2 Sector-Regional Proxy
ENR-00223-001,SME-2024-00223,2026-06-15,Ekspansi bisnis dan rekrutmen karyawan baru teramati di semester berjalan,Positif,1,False,47,Growing,Tier-2 Sector-Regional Proxy
ENR-00224-001,SME-2024-00224,2026-06-15,Operasional bisnis berjalan stabil tanpa anomali signifikan,Positif,5,False,79,Stable,Tier-1 Entity Lookup
ENR-00225-001,SME-2024-00225,2026-06-15,"Pertumbuhan digital moderat, tidak ada indikator risiko",Netral,0,False,34,Stable,Tier-2 Sector-Regional Proxy
ENR-00226-001,SME-2024-00226,2026-06-15,Penurunan aktivitas digital dan eksposur publik teramati,Netral,1,False,21,Declining,Tier-2 Sector-Regional Proxy
ENR-00227-001,SME-2024-00227,2026-06-15,Konten negatif terkait keluhan pelanggan terdeteksi di kanal publik,Negatif,1,False,62,Declining,Tier-2 Sector-Regional Proxy
ENR-00228-001,SME-2024-00228,2026-06-15,Operasional bisnis berjalan stabil tanpa anomali signifikan,Netral,0,False,47,Stable,Tier-2 Sector-Regional Proxy
ENR-00229-001,SME-2024-00229,2026-06-15,Konten negatif terkait keluhan pelanggan terdeteksi di kanal publik,Positif,4,True,70,Declining,Tier-1 Entity Lookup
ENR-00230-001,SME-2024-00230,2026-06-15,Operasional bisnis berjalan stabil tanpa anomali signifikan,Positif,1,False,69,Stable,Tier-1 Entity Lookup
ENR-00231-001,SME-2024-00231,2026-06-15,Ekspansi bisnis dan rekrutmen karyawan baru teramati di semester berjalan,Netral,3,False,47,Growing,Tier-1 Entity Lookup
ENR-00232-001,SME-2024-00232,2026-06-15,"Pertumbuhan digital moderat, tidak ada indikator risiko",Positif,1,False,79,Stable,Tier-2 Sector-Regional Proxy
ENR-00233-001,SME-2024-00233,2026-06-15,Penambahan cabang dan peningkatan aktivitas digital terdeteksi,Netral,0,False,76,Growing,Tier-2 Sector-Regional Proxy
ENR-00234-001,SME-2024-00234,2026-06-15,Perusahaan Konstruksi menunjukkan tren stable berdasarkan aktivitas digital,Netral,1,False,77,Stable,Tier-2 Sector-Regional Proxy
ENR-00235-001,SME-2024-00235,2026-06-15,"Pertumbuhan digital moderat, tidak ada indikator risiko",Netral,1,False,56,Stable,Tier-1 Entity Lookup
ENR-00236-001,SME-2024-00236,2026-06-15,"Pertumbuhan digital moderat, tidak ada indikator risiko",Netral,0,False,39,Stable,Tier-2 Sector-Regional Proxy
ENR-00237-001,SME-2024-00237,2026-06-15,Operasional bisnis berjalan stabil tanpa anomali signifikan,Positif,2,True,56,Stable,Tier-2 Sector-Regional Proxy
ENR-00238-001,SME-2024-00238,2026-06-15,Konten negatif terkait keluhan pelanggan terdeteksi di kanal publik,Netral,0,True,65,Declining,Tier-2 Sector-Regional Proxy
ENR-00239-001,SME-2024-00239,2026-06-15,Perusahaan Kesehatan menunjukkan tren stable berdasarkan aktivitas digital,Negatif,1,True,66,Stable,Tier-2 Sector-Regional Proxy
ENR-00240-001,SME-2024-00240,2026-06-15,Operasional bisnis berjalan stabil tanpa anomali signifikan,Netral,0,False,40,Stable,Tier-2 Sector-Regional Proxy
ENR-00241-001,SME-2024-00241,2026-06-15,Perusahaan Jasa Keuangan menunjukkan tren stable berdasarkan aktivitas digital,Netral,0,False,42,Stable,Tier-2 Sector-Regional Proxy
ENR-00242-001,SME-2024-00242,2026-06-15,Penambahan cabang dan peningkatan aktivitas digital terdeteksi,Netral,3,False,55,Growing,Tier-1 Entity Lookup
ENR-00243-001,SME-2024-00243,2026-06-15,Menang tender proyek infrastruktur pemerintah,Netral,3,False,45,Growing,Tier-1 Entity Lookup
ENR-00244-001,SME-2024-00244,2026-06-15,"Pertumbuhan digital moderat, tidak ada indikator risiko",Positif,2,True,77,Stable,Tier-1 Entity Lookup
ENR-00245-001,SME-2024-00245,2026-06-15,Ekspansi bisnis dan rekrutmen karyawan baru teramati di semester berjalan,Netral,0,True,48,Growing,Tier-2 Sector-Regional Proxy
ENR-00246-001,SME-2024-00246,2026-06-15,Konten negatif terkait keluhan pelanggan terdeteksi di kanal publik,Netral,1,False,24,Declining,Tier-2 Sector-Regional Proxy
ENR-00247-001,SME-2024-00247,2026-06-15,Menang tender proyek infrastruktur pemerintah,Netral,2,True,46,Growing,Tier-2 Sector-Regional Proxy
ENR-00248-001,SME-2024-00248,2026-06-15,Perusahaan Jasa Keuangan menunjukkan tren stable berdasarkan aktivitas digital,Netral,0,False,72,Stable,Tier-2 Sector-Regional Proxy
ENR-00249-001,SME-2024-00249,2026-06-15,Perusahaan Manufaktur menunjukkan tren stable berdasarkan aktivitas digital,Positif,2,False,57,Stable,Tier-2 Sector-Regional Proxy
ENR-00250-001,SME-2024-00250,2026-06-15,Perusahaan Media & Kreatif menunjukkan tren stable berdasarkan aktivitas digital,Positif,1,False,28,Stable,Tier-2 Sector-Regional Proxy
ENR-00251-001,SME-2024-00251,2026-06-15,"Pertumbuhan digital moderat, tidak ada indikator risiko",Positif,1,False,68,Stable,Tier-1 Entity Lookup
ENR-00252-001,SME-2024-00252,2026-06-15,Perusahaan Jasa Keuangan menunjukkan tren stable berdasarkan aktivitas digital,Netral,2,False,71,Stable,Tier-1 Entity Lookup
ENR-00253-001,SME-2024-00253,2026-06-15,Penambahan cabang dan peningkatan aktivitas digital terdeteksi,Positif,1,True,53,Growing,Tier-2 Sector-Regional Proxy
ENR-00254-001,SME-2024-00254,2026-06-15,Menang tender proyek infrastruktur pemerintah,Positif,2,False,68,Growing,Tier-2 Sector-Regional Proxy
ENR-00255-001,SME-2024-00255,2026-06-15,Operasional bisnis berjalan stabil tanpa anomali signifikan,Netral,1,True,36,Stable,Tier-2 Sector-Regional Proxy
ENR-00256-001,SME-2024-00256,2026-06-15,Penurunan aktivitas digital dan eksposur publik teramati,Positif,5,False,62,Declining,Tier-1 Entity Lookup
ENR-00257-001,SME-2024-00257,2026-06-15,Operasional bisnis berjalan stabil tanpa anomali signifikan,Positif,1,False,59,Stable,Tier-2 Sector-Regional Proxy
ENR-00258-001,SME-2024-00258,2026-06-15,Perusahaan Pertanian & Agribisnis menunjukkan tren stable berdasarkan aktivitas digital,Positif,2,False,53,Stable,Tier-2 Sector-Regional Proxy
ENR-00259-001,SME-2024-00259,2026-06-15,Konten negatif terkait keluhan pelanggan terdeteksi di kanal publik,Netral,1,True,33,Declining,Tier-2 Sector-Regional Proxy
ENR-00260-001,SME-2024-00260,2026-06-15,Operasional bisnis berjalan stabil tanpa anomali signifikan,Positif,1,False,31,Stable,Tier-2 Sector-Regional Proxy
ENR-00261-001,SME-2024-00261,2026-06-15,Perusahaan Kesehatan menunjukkan tren stable berdasarkan aktivitas digital,Netral,1,True,38,Stable,Tier-2 Sector-Regional Proxy
ENR-00262-001,SME-2024-00262,2026-06-15,Perusahaan Jasa Keuangan menunjukkan tren stable berdasarkan aktivitas digital,Positif,2,False,28,Stable,Tier-1 Entity Lookup
ENR-00263-001,SME-2024-00263,2026-06-15,"Pertumbuhan digital moderat, tidak ada indikator risiko",Netral,1,False,67,Stable,Tier-2 Sector-Regional Proxy
ENR-00264-001,SME-2024-00264,2026-06-15,Konten negatif terkait keluhan pelanggan terdeteksi di kanal publik,Netral,1,True,20,Declining,Tier-2 Sector-Regional Proxy
ENR-00265-001,SME-2024-00265,2026-06-15,Perusahaan Properti & Real Estate menunjukkan tren stable berdasarkan aktivitas digital,Positif,1,False,84,Stable,Tier-1 Entity Lookup
ENR-00266-001,SME-2024-00266,2026-06-15,Perusahaan Kuliner & F&B menunjukkan tren stable berdasarkan aktivitas digital,Positif,0,True,75,Stable,Tier-2 Sector-Regional Proxy
ENR-00267-001,SME-2024-00267,2026-06-15,Operasional bisnis berjalan stabil tanpa anomali signifikan,Positif,0,False,70,Stable,Tier-2 Sector-Regional Proxy
ENR-00268-001,SME-2024-00268,2026-06-15,Perusahaan Kuliner & F&B menunjukkan tren stable berdasarkan aktivitas digital,Positif,1,True,42,Stable,Tier-2 Sector-Regional Proxy
ENR-00269-001,SME-2024-00269,2026-06-15,Penambahan cabang dan peningkatan aktivitas digital terdeteksi,Netral,1,False,35,Growing,Tier-2 Sector-Regional Proxy
ENR-00270-001,SME-2024-00270,2026-06-15,Perusahaan Pertanian & Agribisnis menunjukkan tren stable berdasarkan aktivitas digital,Positif,0,False,41,Stable,Tier-2 Sector-Regional Proxy
ENR-00271-001,SME-2024-00271,2026-06-15,Perusahaan Perdagangan Eceran menunjukkan tren stable berdasarkan aktivitas digital,Netral,1,False,33,Stable,Tier-2 Sector-Regional Proxy
ENR-00272-001,SME-2024-00272,2026-06-15,Perusahaan Jasa Keuangan menunjukkan tren stable berdasarkan aktivitas digital,Negatif,0,False,85,Stable,Tier-2 Sector-Regional Proxy
ENR-00273-001,SME-2024-00273,2026-06-15,Perusahaan Jasa Keuangan menunjukkan tren stable berdasarkan aktivitas digital,Netral,0,True,85,Stable,Tier-2 Sector-Regional Proxy
ENR-00274-001,SME-2024-00274,2026-06-15,"Pertumbuhan digital moderat, tidak ada indikator risiko",Positif,0,True,64,Stable,Tier-2 Sector-Regional Proxy
ENR-00275-001,SME-2024-00275,2026-06-15,Ekspansi bisnis dan rekrutmen karyawan baru teramati di semester berjalan,Netral,0,False,52,Growing,Tier-2 Sector-Regional Proxy
ENR-00276-001,SME-2024-00276,2026-06-15,Perusahaan Manufaktur menunjukkan tren stable berdasarkan aktivitas digital,Netral,2,False,78,Stable,Tier-1 Entity Lookup
ENR-00277-001,SME-2024-00277,2026-06-15,Operasional bisnis berjalan stabil tanpa anomali signifikan,Netral,1,False,47,Stable,Tier-2 Sector-Regional Proxy
ENR-00278-001,SME-2024-00278,2026-06-15,Operasional bisnis berjalan stabil tanpa anomali signifikan,Positif,0,False,48,Stable,Tier-2 Sector-Regional Proxy
ENR-00279-001,SME-2024-00279,2026-06-15,Indikasi penundaan proyek dan pengurangan kapasitas operasional,Netral,1,False,68,Declining,Tier-1 Entity Lookup
ENR-00280-001,SME-2024-00280,2026-06-15,Kolaborasi strategis dengan ekosistem Telkom Group,Positif,0,False,48,Growing,Tier-2 Sector-Regional Proxy
ENR-00281-001,SME-2024-00281,2026-06-15,Penambahan cabang dan peningkatan aktivitas digital terdeteksi,Netral,0,False,56,Growing,Tier-2 Sector-Regional Proxy
ENR-00282-001,SME-2024-00282,2026-06-15,Konten negatif terkait keluhan pelanggan terdeteksi di kanal publik,Netral,1,False,38,Declining,Tier-2 Sector-Regional Proxy
ENR-00283-001,SME-2024-00283,2026-06-15,Operasional bisnis berjalan stabil tanpa anomali signifikan,Netral,0,False,47,Stable,Tier-2 Sector-Regional Proxy
ENR-00284-001,SME-2024-00284,2026-06-15,Perusahaan Teknologi Informasi menunjukkan tren stable berdasarkan aktivitas digital,Netral,2,False,29,Stable,Tier-2 Sector-Regional Proxy
ENR-00285-001,SME-2024-00285,2026-06-15,Kolaborasi strategis dengan ekosistem Telkom Group,Positif,3,False,90,Growing,Tier-1 Entity Lookup
ENR-00286-001,SME-2024-00286,2026-06-15,Perusahaan Perdagangan Eceran menunjukkan tren stable berdasarkan aktivitas digital,Netral,0,False,52,Stable,Tier-2 Sector-Regional Proxy
ENR-00287-001,SME-2024-00287,2026-06-15,Kolaborasi strategis dengan ekosistem Telkom Group,Positif,0,False,58,Growing,Tier-2 Sector-Regional Proxy
ENR-00288-001,SME-2024-00288,2026-06-15,Indikasi penundaan proyek dan pengurangan kapasitas operasional,Netral,0,False,53,Declining,Tier-2 Sector-Regional Proxy
ENR-00289-001,SME-2024-00289,2026-06-15,"Pertumbuhan digital moderat, tidak ada indikator risiko",Positif,1,False,68,Stable,Tier-2 Sector-Regional Proxy
ENR-00290-001,SME-2024-00290,2026-06-15,Menang tender proyek infrastruktur pemerintah,Positif,0,False,45,Growing,Tier-2 Sector-Regional Proxy
ENR-00291-001,SME-2024-00291,2026-06-15,Operasional bisnis berjalan stabil tanpa anomali signifikan,Positif,2,False,69,Stable,Tier-1 Entity Lookup
ENR-00292-001,SME-2024-00292,2026-06-15,Ekspansi bisnis dan rekrutmen karyawan baru teramati di semester berjalan,Negatif,3,False,53,Growing,Tier-1 Entity Lookup
ENR-00293-001,SME-2024-00293,2026-06-15,Indikasi penundaan proyek dan pengurangan kapasitas operasional,Positif,1,True,36,Declining,Tier-2 Sector-Regional Proxy
ENR-00294-001,SME-2024-00294,2026-06-15,Operasional bisnis berjalan stabil tanpa anomali signifikan,Netral,0,False,24,Stable,Tier-2 Sector-Regional Proxy
ENR-00295-001,SME-2024-00295,2026-06-15,Penambahan cabang dan peningkatan aktivitas digital terdeteksi,Positif,0,False,74,Growing,Tier-2 Sector-Regional Proxy
ENR-00296-001,SME-2024-00296,2026-06-15,Operasional bisnis berjalan stabil tanpa anomali signifikan,Netral,1,False,44,Stable,Tier-2 Sector-Regional Proxy
ENR-00297-001,SME-2024-00297,2026-06-15,Perusahaan Properti & Real Estate menunjukkan tren stable berdasarkan aktivitas digital,Netral,0,False,30,Stable,Tier-2 Sector-Regional Proxy
ENR-00298-001,SME-2024-00298,2026-06-15,Konten negatif terkait keluhan pelanggan terdeteksi di kanal publik,Positif,0,False,36,Declining,Tier-2 Sector-Regional Proxy
ENR-00299-001,SME-2024-00299,2026-06-15,Ekspansi bisnis dan rekrutmen karyawan baru teramati di semester berjalan,Netral,1,False,70,Growing,Tier-2 Sector-Regional Proxy
ENR-00300-001,SME-2024-00300,2026-06-15,Operasional bisnis berjalan stabil tanpa anomali signifikan,Netral,1,False,31,Stable,Tier-2 Sector-Regional Proxy
ENR-00301-001,SME-2024-00301,2026-06-15,Penambahan cabang dan peningkatan aktivitas digital terdeteksi,Positif,1,True,70,Growing,Tier-1 Entity Lookup
ENR-00302-001,SME-2024-00302,2026-06-15,Penurunan aktivitas digital dan eksposur publik teramati,Netral,3,False,95,Declining,Tier-1 Entity Lookup
ENR-00303-001,SME-2024-00303,2026-06-15,Perusahaan Properti & Real Estate menunjukkan tren stable berdasarkan aktivitas digital,Positif,1,False,53,Stable,Tier-1 Entity Lookup
ENR-00304-001,SME-2024-00304,2026-06-15,Menang tender proyek infrastruktur pemerintah,Netral,2,False,47,Growing,Tier-2 Sector-Regional Proxy
ENR-00305-001,SME-2024-00305,2026-06-15,Operasional bisnis berjalan stabil tanpa anomali signifikan,Netral,0,True,37,Stable,Tier-2 Sector-Regional Proxy
ENR-00306-001,SME-2024-00306,2026-06-15,Ekspansi bisnis dan rekrutmen karyawan baru teramati di semester berjalan,Positif,4,False,60,Growing,Tier-1 Entity Lookup
ENR-00307-001,SME-2024-00307,2026-06-15,Perusahaan Kuliner & F&B menunjukkan tren stable berdasarkan aktivitas digital,Netral,1,False,20,Stable,Tier-2 Sector-Regional Proxy
ENR-00308-001,SME-2024-00308,2026-06-15,Penurunan aktivitas digital dan eksposur publik teramati,Negatif,0,False,73,Declining,Tier-2 Sector-Regional Proxy
ENR-00309-001,SME-2024-00309,2026-06-15,"Pertumbuhan digital moderat, tidak ada indikator risiko",Netral,0,True,45,Stable,Tier-2 Sector-Regional Proxy
ENR-00310-001,SME-2024-00310,2026-06-15,Perusahaan Teknologi Informasi menunjukkan tren stable berdasarkan aktivitas digital,Positif,2,False,79,Stable,Tier-1 Entity Lookup
ENR-00311-001,SME-2024-00311,2026-06-15,Perusahaan Kesehatan menunjukkan tren stable berdasarkan aktivitas digital,Netral,1,False,50,Stable,Tier-2 Sector-Regional Proxy
ENR-00312-001,SME-2024-00312,2026-06-15,Ekspansi bisnis dan rekrutmen karyawan baru teramati di semester berjalan,Positif,0,False,49,Growing,Tier-2 Sector-Regional Proxy
ENR-00313-001,SME-2024-00313,2026-06-15,Penurunan aktivitas digital dan eksposur publik teramati,Positif,2,False,48,Declining,Tier-2 Sector-Regional Proxy
ENR-00314-001,SME-2024-00314,2026-06-15,Menang tender proyek infrastruktur pemerintah,Positif,1,True,41,Growing,Tier-2 Sector-Regional Proxy
ENR-00315-001,SME-2024-00315,2026-06-15,"Pertumbuhan digital moderat, tidak ada indikator risiko",Positif,0,False,54,Stable,Tier-2 Sector-Regional Proxy
ENR-00316-001,SME-2024-00316,2026-06-15,Indikasi penundaan proyek dan pengurangan kapasitas operasional,Netral,0,False,83,Declining,Tier-2 Sector-Regional Proxy
ENR-00317-001,SME-2024-00317,2026-06-15,"Pertumbuhan digital moderat, tidak ada indikator risiko",Positif,0,True,43,Stable,Tier-2 Sector-Regional Proxy
ENR-00318-001,SME-2024-00318,2026-06-15,Perusahaan Kesehatan menunjukkan tren stable berdasarkan aktivitas digital,Positif,2,False,51,Stable,Tier-2 Sector-Regional Proxy
ENR-00319-001,SME-2024-00319,2026-06-15,Kolaborasi strategis dengan ekosistem Telkom Group,Negatif,5,False,84,Growing,Tier-1 Entity Lookup
ENR-00320-001,SME-2024-00320,2026-06-15,"Pertumbuhan digital moderat, tidak ada indikator risiko",Netral,2,False,88,Stable,Tier-1 Entity Lookup
ENR-00321-001,SME-2024-00321,2026-06-15,"Pertumbuhan digital moderat, tidak ada indikator risiko",Netral,0,False,68,Stable,Tier-2 Sector-Regional Proxy
ENR-00322-001,SME-2024-00322,2026-06-15,Konten negatif terkait keluhan pelanggan terdeteksi di kanal publik,Netral,3,False,63,Declining,Tier-1 Entity Lookup
ENR-00323-001,SME-2024-00323,2026-06-15,Menang tender proyek infrastruktur pemerintah,Positif,0,False,57,Growing,Tier-2 Sector-Regional Proxy
ENR-00324-001,SME-2024-00324,2026-06-15,Operasional bisnis berjalan stabil tanpa anomali signifikan,Positif,0,False,53,Stable,Tier-2 Sector-Regional Proxy
ENR-00325-001,SME-2024-00325,2026-06-15,Kolaborasi strategis dengan ekosistem Telkom Group,Positif,1,False,69,Growing,Tier-1 Entity Lookup
ENR-00326-001,SME-2024-00326,2026-06-15,Menang tender proyek infrastruktur pemerintah,Positif,0,False,59,Growing,Tier-2 Sector-Regional Proxy
ENR-00327-001,SME-2024-00327,2026-06-15,Kolaborasi strategis dengan ekosistem Telkom Group,Negatif,1,False,44,Growing,Tier-2 Sector-Regional Proxy
ENR-00328-001,SME-2024-00328,2026-06-15,Menang tender proyek infrastruktur pemerintah,Positif,3,False,79,Growing,Tier-1 Entity Lookup
ENR-00329-001,SME-2024-00329,2026-06-15,Kolaborasi strategis dengan ekosistem Telkom Group,Positif,1,False,78,Growing,Tier-1 Entity Lookup
ENR-00330-001,SME-2024-00330,2026-06-15,Operasional bisnis berjalan stabil tanpa anomali signifikan,Netral,1,False,47,Stable,Tier-2 Sector-Regional Proxy
ENR-00331-001,SME-2024-00331,2026-06-15,Indikasi penundaan proyek dan pengurangan kapasitas operasional,Netral,0,False,51,Declining,Tier-2 Sector-Regional Proxy
ENR-00332-001,SME-2024-00332,2026-06-15,Operasional bisnis berjalan stabil tanpa anomali signifikan,Netral,2,False,49,Stable,Tier-1 Entity Lookup
ENR-00333-001,SME-2024-00333,2026-06-15,Penambahan cabang dan peningkatan aktivitas digital terdeteksi,Netral,2,True,62,Growing,Tier-1 Entity Lookup
ENR-00334-001,SME-2024-00334,2026-06-15,"Pertumbuhan digital moderat, tidak ada indikator risiko",Netral,1,True,92,Stable,Tier-1 Entity Lookup
ENR-00335-001,SME-2024-00335,2026-06-15,"Pertumbuhan digital moderat, tidak ada indikator risiko",Positif,2,False,53,Stable,Tier-2 Sector-Regional Proxy
ENR-00336-001,SME-2024-00336,2026-06-15,Kolaborasi strategis dengan ekosistem Telkom Group,Positif,2,True,94,Growing,Tier-1 Entity Lookup
ENR-00337-001,SME-2024-00337,2026-06-15,Indikasi penundaan proyek dan pengurangan kapasitas operasional,Positif,0,False,40,Declining,Tier-2 Sector-Regional Proxy
ENR-00338-001,SME-2024-00338,2026-06-15,Operasional bisnis berjalan stabil tanpa anomali signifikan,Positif,1,False,41,Stable,Tier-2 Sector-Regional Proxy
ENR-00339-001,SME-2024-00339,2026-06-15,Perusahaan Teknologi Informasi menunjukkan tren stable berdasarkan aktivitas digital,Netral,2,False,55,Stable,Tier-2 Sector-Regional Proxy
ENR-00340-001,SME-2024-00340,2026-06-15,Menang tender proyek infrastruktur pemerintah,Netral,0,True,62,Growing,Tier-2 Sector-Regional Proxy
ENR-00341-001,SME-2024-00341,2026-06-15,Penambahan cabang dan peningkatan aktivitas digital terdeteksi,Netral,0,False,34,Growing,Tier-2 Sector-Regional Proxy
ENR-00342-001,SME-2024-00342,2026-06-15,Operasional bisnis berjalan stabil tanpa anomali signifikan,Netral,1,False,83,Stable,Tier-1 Entity Lookup
ENR-00343-001,SME-2024-00343,2026-06-15,Menang tender proyek infrastruktur pemerintah,Negatif,1,False,44,Growing,Tier-2 Sector-Regional Proxy
ENR-00344-001,SME-2024-00344,2026-06-15,Operasional bisnis berjalan stabil tanpa anomali signifikan,Positif,0,False,49,Stable,Tier-2 Sector-Regional Proxy
ENR-00345-001,SME-2024-00345,2026-06-15,Ekspansi bisnis dan rekrutmen karyawan baru teramati di semester berjalan,Netral,1,False,50,Growing,Tier-1 Entity Lookup
ENR-00346-001,SME-2024-00346,2026-06-15,Kolaborasi strategis dengan ekosistem Telkom Group,Negatif,0,False,45,Growing,Tier-2 Sector-Regional Proxy
ENR-00347-001,SME-2024-00347,2026-06-15,Perusahaan Pendidikan & Training menunjukkan tren stable berdasarkan aktivitas digital,Netral,0,False,51,Stable,Tier-2 Sector-Regional Proxy
ENR-00348-001,SME-2024-00348,2026-06-15,Perusahaan Properti & Real Estate menunjukkan tren stable berdasarkan aktivitas digital,Positif,3,False,80,Stable,Tier-1 Entity Lookup
ENR-00349-001,SME-2024-00349,2026-06-15,Perusahaan Properti & Real Estate menunjukkan tren stable berdasarkan aktivitas digital,Netral,2,False,78,Stable,Tier-1 Entity Lookup
ENR-00350-001,SME-2024-00350,2026-06-15,Penurunan aktivitas digital dan eksposur publik teramati,Negatif,0,False,36,Declining,Tier-2 Sector-Regional Proxy
ENR-00351-001,SME-2024-00351,2026-06-15,Penambahan cabang dan peningkatan aktivitas digital terdeteksi,Netral,1,False,20,Growing,Tier-2 Sector-Regional Proxy
ENR-00352-001,SME-2024-00352,2026-06-15,Penambahan cabang dan peningkatan aktivitas digital terdeteksi,Netral,1,False,45,Growing,Tier-2 Sector-Regional Proxy
ENR-00353-001,SME-2024-00353,2026-06-15,"Pertumbuhan digital moderat, tidak ada indikator risiko",Netral,3,False,69,Stable,Tier-1 Entity Lookup
ENR-00354-001,SME-2024-00354,2026-06-15,"Pertumbuhan digital moderat, tidak ada indikator risiko",Netral,3,True,53,Stable,Tier-2 Sector-Regional Proxy
ENR-00355-001,SME-2024-00355,2026-06-15,Penambahan cabang dan peningkatan aktivitas digital terdeteksi,Positif,0,True,52,Growing,Tier-2 Sector-Regional Proxy
ENR-00356-001,SME-2024-00356,2026-06-15,"Pertumbuhan digital moderat, tidak ada indikator risiko",Positif,0,False,36,Stable,Tier-2 Sector-Regional Proxy
ENR-00357-001,SME-2024-00357,2026-06-15,Ekspansi bisnis dan rekrutmen karyawan baru teramati di semester berjalan,Netral,2,False,47,Growing,Tier-2 Sector-Regional Proxy
ENR-00358-001,SME-2024-00358,2026-06-15,Indikasi penundaan proyek dan pengurangan kapasitas operasional,Netral,2,True,55,Declining,Tier-2 Sector-Regional Proxy
ENR-00359-001,SME-2024-00359,2026-06-15,Ekspansi bisnis dan rekrutmen karyawan baru teramati di semester berjalan,Netral,2,False,43,Growing,Tier-2 Sector-Regional Proxy
ENR-00360-001,SME-2024-00360,2026-06-15,Perusahaan Manufaktur menunjukkan tren stable berdasarkan aktivitas digital,Netral,0,False,55,Stable,Tier-2 Sector-Regional Proxy
ENR-00361-001,SME-2024-00361,2026-06-15,Indikasi penundaan proyek dan pengurangan kapasitas operasional,Positif,1,True,37,Declining,Tier-2 Sector-Regional Proxy
ENR-00362-001,SME-2024-00362,2026-06-15,Menang tender proyek infrastruktur pemerintah,Netral,0,True,37,Growing,Tier-2 Sector-Regional Proxy
ENR-00363-001,SME-2024-00363,2026-06-15,Operasional bisnis berjalan stabil tanpa anomali signifikan,Netral,1,False,72,Stable,Tier-2 Sector-Regional Proxy
ENR-00364-001,SME-2024-00364,2026-06-15,Operasional bisnis berjalan stabil tanpa anomali signifikan,Netral,1,True,46,Stable,Tier-2 Sector-Regional Proxy
ENR-00365-001,SME-2024-00365,2026-06-15,Perusahaan Pendidikan & Training menunjukkan tren stable berdasarkan aktivitas digital,Netral,3,True,58,Stable,Tier-1 Entity Lookup
ENR-00366-001,SME-2024-00366,2026-06-15,"Pertumbuhan digital moderat, tidak ada indikator risiko",Positif,2,False,41,Stable,Tier-1 Entity Lookup
ENR-00367-001,SME-2024-00367,2026-06-15,Perusahaan Kesehatan menunjukkan tren stable berdasarkan aktivitas digital,Netral,0,True,72,Stable,Tier-1 Entity Lookup
ENR-00368-001,SME-2024-00368,2026-06-15,Penambahan cabang dan peningkatan aktivitas digital terdeteksi,Negatif,3,True,63,Growing,Tier-1 Entity Lookup
ENR-00369-001,SME-2024-00369,2026-06-15,Kolaborasi strategis dengan ekosistem Telkom Group,Netral,0,False,84,Growing,Tier-1 Entity Lookup
ENR-00370-001,SME-2024-00370,2026-06-15,Operasional bisnis berjalan stabil tanpa anomali signifikan,Netral,1,True,62,Stable,Tier-2 Sector-Regional Proxy
ENR-00371-001,SME-2024-00371,2026-06-15,Konten negatif terkait keluhan pelanggan terdeteksi di kanal publik,Positif,0,True,22,Declining,Tier-2 Sector-Regional Proxy
ENR-00372-001,SME-2024-00372,2026-06-15,Konten negatif terkait keluhan pelanggan terdeteksi di kanal publik,Negatif,1,False,53,Declining,Tier-2 Sector-Regional Proxy
ENR-00373-001,SME-2024-00373,2026-06-15,"Pertumbuhan digital moderat, tidak ada indikator risiko",Netral,0,False,60,Stable,Tier-2 Sector-Regional Proxy
ENR-00374-001,SME-2024-00374,2026-06-15,Perusahaan Pertanian & Agribisnis menunjukkan tren stable berdasarkan aktivitas digital,Positif,1,True,20,Stable,Tier-2 Sector-Regional Proxy
ENR-00375-001,SME-2024-00375,2026-06-15,Kolaborasi strategis dengan ekosistem Telkom Group,Positif,1,False,64,Growing,Tier-1 Entity Lookup
ENR-00376-001,SME-2024-00376,2026-06-15,Ekspansi bisnis dan rekrutmen karyawan baru teramati di semester berjalan,Netral,0,False,51,Growing,Tier-2 Sector-Regional Proxy
ENR-00377-001,SME-2024-00377,2026-06-15,Operasional bisnis berjalan stabil tanpa anomali signifikan,Positif,1,False,76,Stable,Tier-2 Sector-Regional Proxy
ENR-00378-001,SME-2024-00378,2026-06-15,Penambahan cabang dan peningkatan aktivitas digital terdeteksi,Positif,2,False,47,Growing,Tier-1 Entity Lookup
ENR-00379-001,SME-2024-00379,2026-06-15,"Pertumbuhan digital moderat, tidak ada indikator risiko",Netral,0,True,67,Stable,Tier-1 Entity Lookup
ENR-00380-001,SME-2024-00380,2026-06-15,Kolaborasi strategis dengan ekosistem Telkom Group,Netral,0,False,60,Growing,Tier-2 Sector-Regional Proxy
ENR-00381-001,SME-2024-00381,2026-06-15,"Pertumbuhan digital moderat, tidak ada indikator risiko",Positif,0,False,85,Stable,Tier-1 Entity Lookup
ENR-00382-001,SME-2024-00382,2026-06-15,"Pertumbuhan digital moderat, tidak ada indikator risiko",Positif,2,True,70,Stable,Tier-2 Sector-Regional Proxy
ENR-00383-001,SME-2024-00383,2026-06-15,Ekspansi bisnis dan rekrutmen karyawan baru teramati di semester berjalan,Netral,1,False,50,Growing,Tier-1 Entity Lookup
ENR-00384-001,SME-2024-00384,2026-06-15,Konten negatif terkait keluhan pelanggan terdeteksi di kanal publik,Netral,1,True,54,Declining,Tier-2 Sector-Regional Proxy
ENR-00385-001,SME-2024-00385,2026-06-15,Menang tender proyek infrastruktur pemerintah,Positif,0,False,23,Growing,Tier-2 Sector-Regional Proxy
ENR-00386-001,SME-2024-00386,2026-06-15,Operasional bisnis berjalan stabil tanpa anomali signifikan,Positif,5,False,62,Stable,Tier-1 Entity Lookup
ENR-00387-001,SME-2024-00387,2026-06-15,Perusahaan Pertanian & Agribisnis menunjukkan tren stable berdasarkan aktivitas digital,Positif,1,False,38,Stable,Tier-2 Sector-Regional Proxy
ENR-00388-001,SME-2024-00388,2026-06-15,Operasional bisnis berjalan stabil tanpa anomali signifikan,Netral,0,False,40,Stable,Tier-2 Sector-Regional Proxy
ENR-00389-001,SME-2024-00389,2026-06-15,Penambahan cabang dan peningkatan aktivitas digital terdeteksi,Positif,0,False,49,Growing,Tier-2 Sector-Regional Proxy
ENR-00390-001,SME-2024-00390,2026-06-15,"Pertumbuhan digital moderat, tidak ada indikator risiko",Netral,1,False,45,Stable,Tier-2 Sector-Regional Proxy
ENR-00391-001,SME-2024-00391,2026-06-15,Operasional bisnis berjalan stabil tanpa anomali signifikan,Netral,1,True,62,Stable,Tier-2 Sector-Regional Proxy
ENR-00392-001,SME-2024-00392,2026-06-15,"Pertumbuhan digital moderat, tidak ada indikator risiko",Positif,0,True,56,Stable,Tier-2 Sector-Regional Proxy
ENR-00393-001,SME-2024-00393,2026-06-15,Menang tender proyek infrastruktur pemerintah,Positif,2,False,54,Growing,Tier-2 Sector-Regional Proxy
ENR-00394-001,SME-2024-00394,2026-06-15,Perusahaan Pertanian & Agribisnis menunjukkan tren stable berdasarkan aktivitas digital,Netral,1,False,49,Stable,Tier-2 Sector-Regional Proxy
ENR-00395-001,SME-2024-00395,2026-06-15,Penambahan cabang dan peningkatan aktivitas digital terdeteksi,Netral,1,False,57,Growing,Tier-2 Sector-Regional Proxy
ENR-00396-001,SME-2024-00396,2026-06-15,"Pertumbuhan digital moderat, tidak ada indikator risiko",Negatif,0,True,56,Stable,Tier-2 Sector-Regional Proxy
ENR-00397-001,SME-2024-00397,2026-06-15,Konten negatif terkait keluhan pelanggan terdeteksi di kanal publik,Netral,1,False,49,Declining,Tier-2 Sector-Regional Proxy
ENR-00398-001,SME-2024-00398,2026-06-15,"Pertumbuhan digital moderat, tidak ada indikator risiko",Netral,2,False,44,Stable,Tier-2 Sector-Regional Proxy
ENR-00399-001,SME-2024-00399,2026-06-15,Kolaborasi strategis dengan ekosistem Telkom Group,Netral,1,True,67,Growing,Tier-1 Entity Lookup
ENR-00400-001,SME-2024-00400,2026-06-15,"Pertumbuhan digital moderat, tidak ada indikator risiko",Positif,2,False,37,Stable,Tier-2 Sector-Regional Proxy
ENR-00401-001,SME-2024-00401,2026-06-15,Operasional bisnis berjalan stabil tanpa anomali signifikan,Positif,2,False,54,Stable,Tier-2 Sector-Regional Proxy
ENR-00402-001,SME-2024-00402,2026-06-15,Perusahaan Kuliner & F&B menunjukkan tren stable berdasarkan aktivitas digital,Negatif,2,True,72,Stable,Tier-1 Entity Lookup
ENR-00403-001,SME-2024-00403,2026-06-15,Penambahan cabang dan peningkatan aktivitas digital terdeteksi,Netral,0,False,56,Growing,Tier-2 Sector-Regional Proxy
ENR-00404-001,SME-2024-00404,2026-06-15,Operasional bisnis berjalan stabil tanpa anomali signifikan,Positif,2,False,54,Stable,Tier-2 Sector-Regional Proxy
ENR-00405-001,SME-2024-00405,2026-06-15,Operasional bisnis berjalan stabil tanpa anomali signifikan,Netral,0,False,40,Stable,Tier-2 Sector-Regional Proxy
ENR-00406-001,SME-2024-00406,2026-06-15,Kolaborasi strategis dengan ekosistem Telkom Group,Netral,1,True,64,Growing,Tier-2 Sector-Regional Proxy
ENR-00407-001,SME-2024-00407,2026-06-15,Perusahaan Properti & Real Estate menunjukkan tren stable berdasarkan aktivitas digital,Positif,0,False,36,Stable,Tier-2 Sector-Regional Proxy
ENR-00408-001,SME-2024-00408,2026-06-15,"Pertumbuhan digital moderat, tidak ada indikator risiko",Netral,2,True,48,Stable,Tier-2 Sector-Regional Proxy
ENR-00409-001,SME-2024-00409,2026-06-15,Operasional bisnis berjalan stabil tanpa anomali signifikan,Netral,2,False,66,Stable,Tier-1 Entity Lookup
ENR-00410-001,SME-2024-00410,2026-06-15,Ekspansi bisnis dan rekrutmen karyawan baru teramati di semester berjalan,Positif,1,False,39,Growing,Tier-2 Sector-Regional Proxy
ENR-00411-001,SME-2024-00411,2026-06-15,Perusahaan Konstruksi menunjukkan tren stable berdasarkan aktivitas digital,Netral,3,False,65,Stable,Tier-1 Entity Lookup
ENR-00412-001,SME-2024-00412,2026-06-15,Penurunan aktivitas digital dan eksposur publik teramati,Positif,2,False,59,Declining,Tier-2 Sector-Regional Proxy
ENR-00413-001,SME-2024-00413,2026-06-15,"Pertumbuhan digital moderat, tidak ada indikator risiko",Positif,3,True,60,Stable,Tier-2 Sector-Regional Proxy
ENR-00414-001,SME-2024-00414,2026-06-15,Ekspansi bisnis dan rekrutmen karyawan baru teramati di semester berjalan,Positif,1,False,67,Growing,Tier-2 Sector-Regional Proxy
ENR-00415-001,SME-2024-00415,2026-06-15,Perusahaan Jasa Keuangan menunjukkan tren stable berdasarkan aktivitas digital,Positif,1,False,60,Stable,Tier-1 Entity Lookup
ENR-00416-001,SME-2024-00416,2026-06-15,Operasional bisnis berjalan stabil tanpa anomali signifikan,Netral,2,False,45,Stable,Tier-2 Sector-Regional Proxy
ENR-00417-001,SME-2024-00417,2026-06-15,"Pertumbuhan digital moderat, tidak ada indikator risiko",Positif,1,False,56,Stable,Tier-2 Sector-Regional Proxy
ENR-00418-001,SME-2024-00418,2026-06-15,Operasional bisnis berjalan stabil tanpa anomali signifikan,Positif,0,False,83,Stable,Tier-1 Entity Lookup
ENR-00419-001,SME-2024-00419,2026-06-15,Perusahaan Jasa Keuangan menunjukkan tren stable berdasarkan aktivitas digital,Netral,0,False,50,Stable,Tier-2 Sector-Regional Proxy
ENR-00420-001,SME-2024-00420,2026-06-15,Penurunan aktivitas digital dan eksposur publik teramati,Positif,3,False,30,Declining,Tier-2 Sector-Regional Proxy
ENR-00421-001,SME-2024-00421,2026-06-15,Konten negatif terkait keluhan pelanggan terdeteksi di kanal publik,Netral,0,False,71,Declining,Tier-2 Sector-Regional Proxy
ENR-00422-001,SME-2024-00422,2026-06-15,Konten negatif terkait keluhan pelanggan terdeteksi di kanal publik,Positif,0,False,59,Declining,Tier-2 Sector-Regional Proxy
ENR-00423-001,SME-2024-00423,2026-06-15,Operasional bisnis berjalan stabil tanpa anomali signifikan,Positif,1,False,38,Stable,Tier-2 Sector-Regional Proxy
ENR-00424-001,SME-2024-00424,2026-06-15,"Pertumbuhan digital moderat, tidak ada indikator risiko",Negatif,1,True,79,Stable,Tier-1 Entity Lookup
ENR-00425-001,SME-2024-00425,2026-06-15,Operasional bisnis berjalan stabil tanpa anomali signifikan,Netral,1,True,46,Stable,Tier-2 Sector-Regional Proxy
ENR-00426-001,SME-2024-00426,2026-06-15,"Pertumbuhan digital moderat, tidak ada indikator risiko",Positif,0,True,67,Stable,Tier-2 Sector-Regional Proxy
ENR-00427-001,SME-2024-00427,2026-06-15,Perusahaan Media & Kreatif menunjukkan tren stable berdasarkan aktivitas digital,Netral,4,True,81,Stable,Tier-1 Entity Lookup
ENR-00428-001,SME-2024-00428,2026-06-15,Operasional bisnis berjalan stabil tanpa anomali signifikan,Netral,2,False,35,Stable,Tier-2 Sector-Regional Proxy
ENR-00429-001,SME-2024-00429,2026-06-15,Ekspansi bisnis dan rekrutmen karyawan baru teramati di semester berjalan,Netral,0,False,55,Growing,Tier-2 Sector-Regional Proxy
ENR-00430-001,SME-2024-00430,2026-06-15,Indikasi penundaan proyek dan pengurangan kapasitas operasional,Positif,1,False,33,Declining,Tier-2 Sector-Regional Proxy
ENR-00431-001,SME-2024-00431,2026-06-15,"Pertumbuhan digital moderat, tidak ada indikator risiko",Positif,0,False,57,Stable,Tier-2 Sector-Regional Proxy
ENR-00432-001,SME-2024-00432,2026-06-15,Penambahan cabang dan peningkatan aktivitas digital terdeteksi,Netral,1,True,56,Growing,Tier-2 Sector-Regional Proxy
ENR-00433-001,SME-2024-00433,2026-06-15,Operasional bisnis berjalan stabil tanpa anomali signifikan,Netral,0,False,72,Stable,Tier-2 Sector-Regional Proxy
ENR-00434-001,SME-2024-00434,2026-06-15,Perusahaan Teknologi Informasi menunjukkan tren stable berdasarkan aktivitas digital,Positif,0,False,66,Stable,Tier-2 Sector-Regional Proxy
ENR-00435-001,SME-2024-00435,2026-06-15,Penurunan aktivitas digital dan eksposur publik teramati,Negatif,0,True,43,Declining,Tier-2 Sector-Regional Proxy
ENR-00436-001,SME-2024-00436,2026-06-15,Menang tender proyek infrastruktur pemerintah,Positif,0,False,29,Growing,Tier-2 Sector-Regional Proxy
ENR-00437-001,SME-2024-00437,2026-06-15,Perusahaan Teknologi Informasi menunjukkan tren stable berdasarkan aktivitas digital,Positif,1,False,63,Stable,Tier-1 Entity Lookup
ENR-00438-001,SME-2024-00438,2026-06-15,Operasional bisnis berjalan stabil tanpa anomali signifikan,Positif,1,True,59,Stable,Tier-1 Entity Lookup
ENR-00439-001,SME-2024-00439,2026-06-15,Ekspansi bisnis dan rekrutmen karyawan baru teramati di semester berjalan,Positif,1,False,58,Growing,Tier-2 Sector-Regional Proxy
ENR-00440-001,SME-2024-00440,2026-06-15,"Pertumbuhan digital moderat, tidak ada indikator risiko",Positif,2,False,83,Stable,Tier-2 Sector-Regional Proxy
ENR-00441-001,SME-2024-00441,2026-06-15,Ekspansi bisnis dan rekrutmen karyawan baru teramati di semester berjalan,Positif,3,False,71,Growing,Tier-1 Entity Lookup
ENR-00442-001,SME-2024-00442,2026-06-15,"Pertumbuhan digital moderat, tidak ada indikator risiko",Positif,2,False,59,Stable,Tier-2 Sector-Regional Proxy
ENR-00443-001,SME-2024-00443,2026-06-15,Perusahaan Kuliner & F&B menunjukkan tren stable berdasarkan aktivitas digital,Netral,0,False,60,Stable,Tier-2 Sector-Regional Proxy
ENR-00444-001,SME-2024-00444,2026-06-15,Perusahaan Teknologi Informasi menunjukkan tren stable berdasarkan aktivitas digital,Positif,1,False,57,Stable,Tier-2 Sector-Regional Proxy
ENR-00445-001,SME-2024-00445,2026-06-15,Ekspansi bisnis dan rekrutmen karyawan baru teramati di semester berjalan,Positif,1,False,64,Growing,Tier-2 Sector-Regional Proxy
ENR-00446-001,SME-2024-00446,2026-06-15,Konten negatif terkait keluhan pelanggan terdeteksi di kanal publik,Negatif,1,False,48,Declining,Tier-2 Sector-Regional Proxy
ENR-00447-001,SME-2024-00447,2026-06-15,Operasional bisnis berjalan stabil tanpa anomali signifikan,Positif,1,True,71,Stable,Tier-2 Sector-Regional Proxy
ENR-00448-001,SME-2024-00448,2026-06-15,Penambahan cabang dan peningkatan aktivitas digital terdeteksi,Netral,0,False,40,Growing,Tier-2 Sector-Regional Proxy
ENR-00449-001,SME-2024-00449,2026-06-15,Perusahaan Pendidikan & Training menunjukkan tren stable berdasarkan aktivitas digital,Positif,2,False,64,Stable,Tier-2 Sector-Regional Proxy
ENR-00450-001,SME-2024-00450,2026-06-15,Kolaborasi strategis dengan ekosistem Telkom Group,Netral,0,False,37,Growing,Tier-2 Sector-Regional Proxy
ENR-00451-001,SME-2024-00451,2026-06-15,Operasional bisnis berjalan stabil tanpa anomali signifikan,Positif,1,True,66,Stable,Tier-2 Sector-Regional Proxy
ENR-00452-001,SME-2024-00452,2026-06-15,Menang tender proyek infrastruktur pemerintah,Positif,1,True,74,Growing,Tier-1 Entity Lookup
ENR-00453-001,SME-2024-00453,2026-06-15,Ekspansi bisnis dan rekrutmen karyawan baru teramati di semester berjalan,Positif,0,False,44,Growing,Tier-2 Sector-Regional Proxy
ENR-00454-001,SME-2024-00454,2026-06-15,Konten negatif terkait keluhan pelanggan terdeteksi di kanal publik,Netral,4,False,74,Declining,Tier-1 Entity Lookup
ENR-00455-001,SME-2024-00455,2026-06-15,Perusahaan Jasa Keuangan menunjukkan tren stable berdasarkan aktivitas digital,Negatif,0,False,71,Stable,Tier-2 Sector-Regional Proxy
ENR-00456-001,SME-2024-00456,2026-06-15,Operasional bisnis berjalan stabil tanpa anomali signifikan,Positif,1,False,52,Stable,Tier-2 Sector-Regional Proxy
ENR-00457-001,SME-2024-00457,2026-06-15,Operasional bisnis berjalan stabil tanpa anomali signifikan,Positif,0,False,52,Stable,Tier-2 Sector-Regional Proxy
ENR-00458-001,SME-2024-00458,2026-06-15,"Pertumbuhan digital moderat, tidak ada indikator risiko",Positif,0,False,34,Stable,Tier-2 Sector-Regional Proxy
ENR-00459-001,SME-2024-00459,2026-06-15,"Pertumbuhan digital moderat, tidak ada indikator risiko",Netral,2,False,60,Stable,Tier-2 Sector-Regional Proxy
ENR-00460-001,SME-2024-00460,2026-06-15,Perusahaan Media & Kreatif menunjukkan tren stable berdasarkan aktivitas digital,Positif,0,False,48,Stable,Tier-2 Sector-Regional Proxy
ENR-00461-001,SME-2024-00461,2026-06-15,Kolaborasi strategis dengan ekosistem Telkom Group,Netral,0,False,42,Growing,Tier-2 Sector-Regional Proxy
ENR-00462-001,SME-2024-00462,2026-06-15,Perusahaan Pendidikan & Training menunjukkan tren stable berdasarkan aktivitas digital,Positif,3,False,95,Stable,Tier-1 Entity Lookup
ENR-00463-001,SME-2024-00463,2026-06-15,Ekspansi bisnis dan rekrutmen karyawan baru teramati di semester berjalan,Negatif,3,True,69,Growing,Tier-1 Entity Lookup
ENR-00464-001,SME-2024-00464,2026-06-15,Penambahan cabang dan peningkatan aktivitas digital terdeteksi,Positif,1,False,73,Growing,Tier-1 Entity Lookup
ENR-00465-001,SME-2024-00465,2026-06-15,Penambahan cabang dan peningkatan aktivitas digital terdeteksi,Netral,1,True,52,Growing,Tier-2 Sector-Regional Proxy
ENR-00466-001,SME-2024-00466,2026-06-15,Penurunan aktivitas digital dan eksposur publik teramati,Netral,1,False,25,Declining,Tier-2 Sector-Regional Proxy
ENR-00467-001,SME-2024-00467,2026-06-15,Perusahaan Media & Kreatif menunjukkan tren stable berdasarkan aktivitas digital,Netral,0,False,63,Stable,Tier-2 Sector-Regional Proxy
ENR-00468-001,SME-2024-00468,2026-06-15,Kolaborasi strategis dengan ekosistem Telkom Group,Netral,1,False,25,Growing,Tier-2 Sector-Regional Proxy
ENR-00469-001,SME-2024-00469,2026-06-15,Operasional bisnis berjalan stabil tanpa anomali signifikan,Positif,3,True,79,Stable,Tier-1 Entity Lookup
ENR-00470-001,SME-2024-00470,2026-06-15,"Pertumbuhan digital moderat, tidak ada indikator risiko",Positif,0,False,57,Stable,Tier-1 Entity Lookup
ENR-00471-001,SME-2024-00471,2026-06-15,Perusahaan Kesehatan menunjukkan tren stable berdasarkan aktivitas digital,Negatif,2,False,73,Stable,Tier-1 Entity Lookup
ENR-00472-001,SME-2024-00472,2026-06-15,Perusahaan Kesehatan menunjukkan tren stable berdasarkan aktivitas digital,Netral,0,True,43,Stable,Tier-2 Sector-Regional Proxy
ENR-00473-001,SME-2024-00473,2026-06-15,"Pertumbuhan digital moderat, tidak ada indikator risiko",Netral,0,False,49,Stable,Tier-2 Sector-Regional Proxy
ENR-00474-001,SME-2024-00474,2026-06-15,Penambahan cabang dan peningkatan aktivitas digital terdeteksi,Netral,1,False,51,Growing,Tier-2 Sector-Regional Proxy
ENR-00475-001,SME-2024-00475,2026-06-15,Operasional bisnis berjalan stabil tanpa anomali signifikan,Negatif,2,False,80,Stable,Tier-2 Sector-Regional Proxy
ENR-00476-001,SME-2024-00476,2026-06-15,Menang tender proyek infrastruktur pemerintah,Positif,0,False,53,Growing,Tier-2 Sector-Regional Proxy
ENR-00477-001,SME-2024-00477,2026-06-15,"Pertumbuhan digital moderat, tidak ada indikator risiko",Negatif,0,True,66,Stable,Tier-2 Sector-Regional Proxy
ENR-00478-001,SME-2024-00478,2026-06-15,Penurunan aktivitas digital dan eksposur publik teramati,Netral,0,True,77,Declining,Tier-2 Sector-Regional Proxy
ENR-00479-001,SME-2024-00479,2026-06-15,"Pertumbuhan digital moderat, tidak ada indikator risiko",Netral,0,True,71,Stable,Tier-2 Sector-Regional Proxy
ENR-00480-001,SME-2024-00480,2026-06-15,Ekspansi bisnis dan rekrutmen karyawan baru teramati di semester berjalan,Netral,1,False,74,Growing,Tier-1 Entity Lookup
ENR-00481-001,SME-2024-00481,2026-06-15,Konten negatif terkait keluhan pelanggan terdeteksi di kanal publik,Positif,2,False,49,Declining,Tier-2 Sector-Regional Proxy
ENR-00482-001,SME-2024-00482,2026-06-15,Ekspansi bisnis dan rekrutmen karyawan baru teramati di semester berjalan,Negatif,0,True,48,Growing,Tier-2 Sector-Regional Proxy
ENR-00483-001,SME-2024-00483,2026-06-15,Menang tender proyek infrastruktur pemerintah,Positif,0,False,37,Growing,Tier-2 Sector-Regional Proxy
ENR-00484-001,SME-2024-00484,2026-06-15,Operasional bisnis berjalan stabil tanpa anomali signifikan,Positif,3,True,70,Stable,Tier-1 Entity Lookup
ENR-00485-001,SME-2024-00485,2026-06-15,Perusahaan Properti & Real Estate menunjukkan tren stable berdasarkan aktivitas digital,Positif,1,True,48,Stable,Tier-2 Sector-Regional Proxy
ENR-00486-001,SME-2024-00486,2026-06-15,Kolaborasi strategis dengan ekosistem Telkom Group,Positif,0,False,29,Growing,Tier-2 Sector-Regional Proxy
ENR-00487-001,SME-2024-00487,2026-06-15,Perusahaan Jasa Keuangan menunjukkan tren stable berdasarkan aktivitas digital,Netral,2,False,87,Stable,Tier-1 Entity Lookup
ENR-00488-001,SME-2024-00488,2026-06-15,Operasional bisnis berjalan stabil tanpa anomali signifikan,Positif,0,False,65,Stable,Tier-2 Sector-Regional Proxy
ENR-00489-001,SME-2024-00489,2026-06-15,Perusahaan Konstruksi menunjukkan tren stable berdasarkan aktivitas digital,Positif,5,False,79,Stable,Tier-1 Entity Lookup
ENR-00490-001,SME-2024-00490,2026-06-15,Operasional bisnis berjalan stabil tanpa anomali signifikan,Positif,0,False,39,Stable,Tier-2 Sector-Regional Proxy
ENR-00491-001,SME-2024-00491,2026-06-15,"Pertumbuhan digital moderat, tidak ada indikator risiko",Negatif,3,True,67,Stable,Tier-1 Entity Lookup
ENR-00492-001,SME-2024-00492,2026-06-15,"Pertumbuhan digital moderat, tidak ada indikator risiko",Negatif,2,False,25,Stable,Tier-2 Sector-Regional Proxy
ENR-00493-001,SME-2024-00493,2026-06-15,Perusahaan Pertanian & Agribisnis menunjukkan tren stable berdasarkan aktivitas digital,Positif,1,True,73,Stable,Tier-1 Entity Lookup
ENR-00494-001,SME-2024-00494,2026-06-15,Indikasi penundaan proyek dan pengurangan kapasitas operasional,Negatif,1,False,63,Declining,Tier-2 Sector-Regional Proxy
ENR-00495-001,SME-2024-00495,2026-06-15,Perusahaan Media & Kreatif menunjukkan tren stable berdasarkan aktivitas digital,Positif,1,True,74,Stable,Tier-2 Sector-Regional Proxy
ENR-00496-001,SME-2024-00496,2026-06-15,Perusahaan Pendidikan & Training menunjukkan tren stable berdasarkan aktivitas digital,Positif,1,False,64,Stable,Tier-2 Sector-Regional Proxy
ENR-00497-001,SME-2024-00497,2026-06-15,Perusahaan Transportasi & Logistik menunjukkan tren stable berdasarkan aktivitas digital,Netral,2,True,40,Stable,Tier-2 Sector-Regional Proxy
ENR-00498-001,SME-2024-00498,2026-06-15,Operasional bisnis berjalan stabil tanpa anomali signifikan,Netral,2,False,57,Stable,Tier-1 Entity Lookup
ENR-00499-001,SME-2024-00499,2026-06-15,Penambahan cabang dan peningkatan aktivitas digital terdeteksi,Netral,1,False,45,Growing,Tier-1 Entity Lookup
ENR-00500-001,SME-2024-00500,2026-06-15,"Pertumbuhan digital moderat, tidak ada indikator risiko",Positif,1,False,51,Stable,Tier-2 Sector-Regional Proxy
ENR-00501-001,SME-2024-00501,2026-06-15,Penurunan aktivitas digital dan eksposur publik teramati,Positif,1,True,44,Declining,Tier-2 Sector-Regional Proxy
ENR-00502-001,SME-2024-00502,2026-06-15,Ekspansi bisnis dan rekrutmen karyawan baru teramati di semester berjalan,Netral,0,True,31,Growing,Tier-2 Sector-Regional Proxy
ENR-00503-001,SME-2024-00503,2026-06-15,Konten negatif terkait keluhan pelanggan terdeteksi di kanal publik,Positif,0,False,28,Declining,Tier-2 Sector-Regional Proxy
ENR-00504-001,SME-2024-00504,2026-06-15,Penambahan cabang dan peningkatan aktivitas digital terdeteksi,Netral,0,False,58,Growing,Tier-1 Entity Lookup
ENR-00505-001,SME-2024-00505,2026-06-15,Penambahan cabang dan peningkatan aktivitas digital terdeteksi,Positif,2,False,68,Growing,Tier-1 Entity Lookup
ENR-00506-001,SME-2024-00506,2026-06-15,Perusahaan Konstruksi menunjukkan tren stable berdasarkan aktivitas digital,Netral,1,False,67,Stable,Tier-2 Sector-Regional Proxy
ENR-00507-001,SME-2024-00507,2026-06-15,Perusahaan Properti & Real Estate menunjukkan tren stable berdasarkan aktivitas digital,Netral,2,False,51,Stable,Tier-2 Sector-Regional Proxy
ENR-00508-001,SME-2024-00508,2026-06-15,"Pertumbuhan digital moderat, tidak ada indikator risiko",Netral,2,True,30,Stable,Tier-2 Sector-Regional Proxy
ENR-00509-001,SME-2024-00509,2026-06-15,Penurunan aktivitas digital dan eksposur publik teramati,Positif,4,True,79,Declining,Tier-1 Entity Lookup
ENR-00510-001,SME-2024-00510,2026-06-15,"Pertumbuhan digital moderat, tidak ada indikator risiko",Netral,2,False,40,Stable,Tier-2 Sector-Regional Proxy
ENR-00511-001,SME-2024-00511,2026-06-15,Operasional bisnis berjalan stabil tanpa anomali signifikan,Negatif,2,False,58,Stable,Tier-1 Entity Lookup
ENR-00512-001,SME-2024-00512,2026-06-15,Operasional bisnis berjalan stabil tanpa anomali signifikan,Netral,1,False,55,Stable,Tier-2 Sector-Regional Proxy
ENR-00513-001,SME-2024-00513,2026-06-15,"Pertumbuhan digital moderat, tidak ada indikator risiko",Netral,0,False,52,Stable,Tier-2 Sector-Regional Proxy
ENR-00514-001,SME-2024-00514,2026-06-15,Perusahaan Konstruksi menunjukkan tren stable berdasarkan aktivitas digital,Positif,1,False,40,Stable,Tier-2 Sector-Regional Proxy
ENR-00515-001,SME-2024-00515,2026-06-15,Perusahaan Transportasi & Logistik menunjukkan tren stable berdasarkan aktivitas digital,Netral,0,False,51,Stable,Tier-2 Sector-Regional Proxy
ENR-00516-001,SME-2024-00516,2026-06-15,Penambahan cabang dan peningkatan aktivitas digital terdeteksi,Positif,1,True,30,Growing,Tier-2 Sector-Regional Proxy
ENR-00517-001,SME-2024-00517,2026-06-15,Operasional bisnis berjalan stabil tanpa anomali signifikan,Netral,1,True,62,Stable,Tier-2 Sector-Regional Proxy
ENR-00518-001,SME-2024-00518,2026-06-15,Ekspansi bisnis dan rekrutmen karyawan baru teramati di semester berjalan,Netral,2,False,63,Growing,Tier-1 Entity Lookup
ENR-00519-001,SME-2024-00519,2026-06-15,Ekspansi bisnis dan rekrutmen karyawan baru teramati di semester berjalan,Netral,0,False,62,Growing,Tier-2 Sector-Regional Proxy
ENR-00520-001,SME-2024-00520,2026-06-15,Operasional bisnis berjalan stabil tanpa anomali signifikan,Positif,0,True,71,Stable,Tier-2 Sector-Regional Proxy
ENR-00521-001,SME-2024-00521,2026-06-15,Indikasi penundaan proyek dan pengurangan kapasitas operasional,Positif,1,True,69,Declining,Tier-1 Entity Lookup
ENR-00522-001,SME-2024-00522,2026-06-15,Perusahaan Pertanian & Agribisnis menunjukkan tren stable berdasarkan aktivitas digital,Positif,1,False,49,Stable,Tier-2 Sector-Regional Proxy
ENR-00523-001,SME-2024-00523,2026-06-15,Ekspansi bisnis dan rekrutmen karyawan baru teramati di semester berjalan,Positif,1,False,36,Growing,Tier-2 Sector-Regional Proxy
ENR-00524-001,SME-2024-00524,2026-06-15,"Pertumbuhan digital moderat, tidak ada indikator risiko",Positif,3,False,73,Stable,Tier-1 Entity Lookup
ENR-00525-001,SME-2024-00525,2026-06-15,"Pertumbuhan digital moderat, tidak ada indikator risiko",Positif,1,False,59,Stable,Tier-2 Sector-Regional Proxy
ENR-00526-001,SME-2024-00526,2026-06-15,"Pertumbuhan digital moderat, tidak ada indikator risiko",Positif,0,False,49,Stable,Tier-2 Sector-Regional Proxy
ENR-00527-001,SME-2024-00527,2026-06-15,Perusahaan Pertanian & Agribisnis menunjukkan tren stable berdasarkan aktivitas digital,Positif,0,True,46,Stable,Tier-2 Sector-Regional Proxy
ENR-00528-001,SME-2024-00528,2026-06-15,Perusahaan Perdagangan Eceran menunjukkan tren stable berdasarkan aktivitas digital,Negatif,3,False,55,Stable,Tier-2 Sector-Regional Proxy
ENR-00529-001,SME-2024-00529,2026-06-15,Perusahaan Transportasi & Logistik menunjukkan tren stable berdasarkan aktivitas digital,Netral,1,False,46,Stable,Tier-2 Sector-Regional Proxy
ENR-00530-001,SME-2024-00530,2026-06-15,Perusahaan Teknologi Informasi menunjukkan tren stable berdasarkan aktivitas digital,Netral,0,True,55,Stable,Tier-2 Sector-Regional Proxy
ENR-00531-001,SME-2024-00531,2026-06-15,Operasional bisnis berjalan stabil tanpa anomali signifikan,Netral,1,False,71,Stable,Tier-1 Entity Lookup
ENR-00532-001,SME-2024-00532,2026-06-15,Menang tender proyek infrastruktur pemerintah,Positif,1,False,46,Growing,Tier-2 Sector-Regional Proxy
ENR-00533-001,SME-2024-00533,2026-06-15,Operasional bisnis berjalan stabil tanpa anomali signifikan,Netral,1,True,64,Stable,Tier-1 Entity Lookup
ENR-00534-001,SME-2024-00534,2026-06-15,Kolaborasi strategis dengan ekosistem Telkom Group,Positif,0,True,71,Growing,Tier-1 Entity Lookup
ENR-00535-001,SME-2024-00535,2026-06-15,Operasional bisnis berjalan stabil tanpa anomali signifikan,Netral,0,True,35,Stable,Tier-2 Sector-Regional Proxy
ENR-00536-001,SME-2024-00536,2026-06-15,Penambahan cabang dan peningkatan aktivitas digital terdeteksi,Positif,1,True,60,Growing,Tier-1 Entity Lookup
ENR-00537-001,SME-2024-00537,2026-06-15,Perusahaan Pertanian & Agribisnis menunjukkan tren stable berdasarkan aktivitas digital,Netral,3,False,83,Stable,Tier-1 Entity Lookup
ENR-00538-001,SME-2024-00538,2026-06-15,Perusahaan Properti & Real Estate menunjukkan tren stable berdasarkan aktivitas digital,Netral,0,True,35,Stable,Tier-2 Sector-Regional Proxy
ENR-00539-001,SME-2024-00539,2026-06-15,Kolaborasi strategis dengan ekosistem Telkom Group,Positif,1,False,63,Growing,Tier-1 Entity Lookup
ENR-00540-001,SME-2024-00540,2026-06-15,Operasional bisnis berjalan stabil tanpa anomali signifikan,Positif,1,True,43,Stable,Tier-2 Sector-Regional Proxy
ENR-00541-001,SME-2024-00541,2026-06-15,Menang tender proyek infrastruktur pemerintah,Netral,0,False,41,Growing,Tier-2 Sector-Regional Proxy
ENR-00542-001,SME-2024-00542,2026-06-15,Perusahaan Transportasi & Logistik menunjukkan tren stable berdasarkan aktivitas digital,Positif,4,False,64,Stable,Tier-1 Entity Lookup
ENR-00543-001,SME-2024-00543,2026-06-15,Kolaborasi strategis dengan ekosistem Telkom Group,Negatif,0,False,67,Growing,Tier-2 Sector-Regional Proxy
ENR-00544-001,SME-2024-00544,2026-06-15,Perusahaan Pendidikan & Training menunjukkan tren stable berdasarkan aktivitas digital,Netral,0,True,43,Stable,Tier-2 Sector-Regional Proxy
ENR-00545-001,SME-2024-00545,2026-06-15,Operasional bisnis berjalan stabil tanpa anomali signifikan,Netral,0,False,40,Stable,Tier-2 Sector-Regional Proxy
ENR-00546-001,SME-2024-00546,2026-06-15,Ekspansi bisnis dan rekrutmen karyawan baru teramati di semester berjalan,Positif,1,True,62,Growing,Tier-2 Sector-Regional Proxy
ENR-00547-001,SME-2024-00547,2026-06-15,Operasional bisnis berjalan stabil tanpa anomali signifikan,Positif,1,False,56,Stable,Tier-2 Sector-Regional Proxy
ENR-00548-001,SME-2024-00548,2026-06-15,Ekspansi bisnis dan rekrutmen karyawan baru teramati di semester berjalan,Netral,2,False,31,Growing,Tier-2 Sector-Regional Proxy
ENR-00549-001,SME-2024-00549,2026-06-15,Operasional bisnis berjalan stabil tanpa anomali signifikan,Positif,2,False,43,Stable,Tier-2 Sector-Regional Proxy
ENR-00550-001,SME-2024-00550,2026-06-15,Penurunan aktivitas digital dan eksposur publik teramati,Negatif,2,False,77,Declining,Tier-1 Entity Lookup
ENR-00551-001,SME-2024-00551,2026-06-15,"Pertumbuhan digital moderat, tidak ada indikator risiko",Positif,0,False,61,Stable,Tier-2 Sector-Regional Proxy
ENR-00552-001,SME-2024-00552,2026-06-15,Ekspansi bisnis dan rekrutmen karyawan baru teramati di semester berjalan,Positif,0,False,55,Growing,Tier-2 Sector-Regional Proxy
ENR-00553-001,SME-2024-00553,2026-06-15,Perusahaan Jasa Keuangan menunjukkan tren stable berdasarkan aktivitas digital,Positif,2,False,59,Stable,Tier-2 Sector-Regional Proxy
ENR-00554-001,SME-2024-00554,2026-06-15,Perusahaan Konstruksi menunjukkan tren stable berdasarkan aktivitas digital,Positif,2,False,54,Stable,Tier-2 Sector-Regional Proxy
ENR-00555-001,SME-2024-00555,2026-06-15,Menang tender proyek infrastruktur pemerintah,Positif,0,False,21,Growing,Tier-2 Sector-Regional Proxy
ENR-00556-001,SME-2024-00556,2026-06-15,Operasional bisnis berjalan stabil tanpa anomali signifikan,Positif,0,False,85,Stable,Tier-2 Sector-Regional Proxy
ENR-00557-001,SME-2024-00557,2026-06-15,"Pertumbuhan digital moderat, tidak ada indikator risiko",Positif,1,False,23,Stable,Tier-2 Sector-Regional Proxy
ENR-00558-001,SME-2024-00558,2026-06-15,Operasional bisnis berjalan stabil tanpa anomali signifikan,Netral,1,False,46,Stable,Tier-2 Sector-Regional Proxy
ENR-00559-001,SME-2024-00559,2026-06-15,"Pertumbuhan digital moderat, tidak ada indikator risiko",Netral,2,True,83,Stable,Tier-1 Entity Lookup
ENR-00560-001,SME-2024-00560,2026-06-15,Operasional bisnis berjalan stabil tanpa anomali signifikan,Netral,1,False,67,Stable,Tier-1 Entity Lookup
ENR-00561-001,SME-2024-00561,2026-06-15,"Pertumbuhan digital moderat, tidak ada indikator risiko",Netral,1,False,62,Stable,Tier-2 Sector-Regional Proxy
ENR-00562-001,SME-2024-00562,2026-06-15,Operasional bisnis berjalan stabil tanpa anomali signifikan,Netral,1,False,50,Stable,Tier-2 Sector-Regional Proxy
ENR-00563-001,SME-2024-00563,2026-06-15,Perusahaan Pertanian & Agribisnis menunjukkan tren stable berdasarkan aktivitas digital,Positif,0,False,49,Stable,Tier-2 Sector-Regional Proxy
ENR-00564-001,SME-2024-00564,2026-06-15,Ekspansi bisnis dan rekrutmen karyawan baru teramati di semester berjalan,Positif,0,False,39,Growing,Tier-2 Sector-Regional Proxy
ENR-00565-001,SME-2024-00565,2026-06-15,"Pertumbuhan digital moderat, tidak ada indikator risiko",Positif,2,False,44,Stable,Tier-2 Sector-Regional Proxy
ENR-00566-001,SME-2024-00566,2026-06-15,Ekspansi bisnis dan rekrutmen karyawan baru teramati di semester berjalan,Positif,0,True,70,Growing,Tier-2 Sector-Regional Proxy
ENR-00567-001,SME-2024-00567,2026-06-15,Konten negatif terkait keluhan pelanggan terdeteksi di kanal publik,Netral,0,False,47,Declining,Tier-2 Sector-Regional Proxy
ENR-00568-001,SME-2024-00568,2026-06-15,Perusahaan Transportasi & Logistik menunjukkan tren stable berdasarkan aktivitas digital,Positif,4,False,52,Stable,Tier-1 Entity Lookup
ENR-00569-001,SME-2024-00569,2026-06-15,Operasional bisnis berjalan stabil tanpa anomali signifikan,Positif,2,False,42,Stable,Tier-2 Sector-Regional Proxy
ENR-00570-001,SME-2024-00570,2026-06-15,Perusahaan Transportasi & Logistik menunjukkan tren stable berdasarkan aktivitas digital,Netral,0,True,59,Stable,Tier-2 Sector-Regional Proxy
ENR-00571-001,SME-2024-00571,2026-06-15,"Pertumbuhan digital moderat, tidak ada indikator risiko",Positif,0,False,64,Stable,Tier-2 Sector-Regional Proxy
ENR-00572-001,SME-2024-00572,2026-06-15,Penurunan aktivitas digital dan eksposur publik teramati,Positif,1,True,66,Declining,Tier-2 Sector-Regional Proxy
ENR-00573-001,SME-2024-00573,2026-06-15,Operasional bisnis berjalan stabil tanpa anomali signifikan,Netral,1,True,49,Stable,Tier-2 Sector-Regional Proxy
ENR-00574-001,SME-2024-00574,2026-06-15,Operasional bisnis berjalan stabil tanpa anomali signifikan,Netral,0,True,60,Stable,Tier-2 Sector-Regional Proxy
ENR-00575-001,SME-2024-00575,2026-06-15,Kolaborasi strategis dengan ekosistem Telkom Group,Positif,1,True,44,Growing,Tier-1 Entity Lookup
ENR-00576-001,SME-2024-00576,2026-06-15,Perusahaan Media & Kreatif menunjukkan tren stable berdasarkan aktivitas digital,Positif,2,False,81,Stable,Tier-1 Entity Lookup
ENR-00577-001,SME-2024-00577,2026-06-15,Perusahaan Properti & Real Estate menunjukkan tren stable berdasarkan aktivitas digital,Netral,2,True,44,Stable,Tier-2 Sector-Regional Proxy
ENR-00578-001,SME-2024-00578,2026-06-15,Perusahaan Kesehatan menunjukkan tren stable berdasarkan aktivitas digital,Positif,0,True,20,Stable,Tier-2 Sector-Regional Proxy
ENR-00579-001,SME-2024-00579,2026-06-15,Penurunan aktivitas digital dan eksposur publik teramati,Positif,1,True,59,Declining,Tier-2 Sector-Regional Proxy
ENR-00580-001,SME-2024-00580,2026-06-15,"Pertumbuhan digital moderat, tidak ada indikator risiko",Netral,2,False,35,Stable,Tier-2 Sector-Regional Proxy
ENR-00581-001,SME-2024-00581,2026-06-15,Operasional bisnis berjalan stabil tanpa anomali signifikan,Netral,0,True,35,Stable,Tier-2 Sector-Regional Proxy
ENR-00582-001,SME-2024-00582,2026-06-15,Konten negatif terkait keluhan pelanggan terdeteksi di kanal publik,Netral,3,False,36,Declining,Tier-2 Sector-Regional Proxy
ENR-00583-001,SME-2024-00583,2026-06-15,Perusahaan Pertanian & Agribisnis menunjukkan tren stable berdasarkan aktivitas digital,Netral,4,False,46,Stable,Tier-2 Sector-Regional Proxy
ENR-00584-001,SME-2024-00584,2026-06-15,Penambahan cabang dan peningkatan aktivitas digital terdeteksi,Positif,2,True,81,Growing,Tier-1 Entity Lookup
ENR-00585-001,SME-2024-00585,2026-06-15,Operasional bisnis berjalan stabil tanpa anomali signifikan,Positif,2,True,65,Stable,Tier-1 Entity Lookup
ENR-00586-001,SME-2024-00586,2026-06-15,Operasional bisnis berjalan stabil tanpa anomali signifikan,Positif,2,True,60,Stable,Tier-2 Sector-Regional Proxy
ENR-00587-001,SME-2024-00587,2026-06-15,Operasional bisnis berjalan stabil tanpa anomali signifikan,Positif,0,True,52,Stable,Tier-2 Sector-Regional Proxy
ENR-00588-001,SME-2024-00588,2026-06-15,"Pertumbuhan digital moderat, tidak ada indikator risiko",Positif,3,False,91,Stable,Tier-1 Entity Lookup
ENR-00589-001,SME-2024-00589,2026-06-15,Operasional bisnis berjalan stabil tanpa anomali signifikan,Netral,1,False,28,Stable,Tier-2 Sector-Regional Proxy
ENR-00590-001,SME-2024-00590,2026-06-15,Konten negatif terkait keluhan pelanggan terdeteksi di kanal publik,Netral,1,True,52,Declining,Tier-2 Sector-Regional Proxy
ENR-00591-001,SME-2024-00591,2026-06-15,Menang tender proyek infrastruktur pemerintah,Netral,3,False,49,Growing,Tier-2 Sector-Regional Proxy
ENR-00592-001,SME-2024-00592,2026-06-15,Operasional bisnis berjalan stabil tanpa anomali signifikan,Netral,1,False,57,Stable,Tier-2 Sector-Regional Proxy
ENR-00593-001,SME-2024-00593,2026-06-15,"Pertumbuhan digital moderat, tidak ada indikator risiko",Netral,2,False,43,Stable,Tier-2 Sector-Regional Proxy
ENR-00594-001,SME-2024-00594,2026-06-15,Penambahan cabang dan peningkatan aktivitas digital terdeteksi,Netral,0,True,33,Growing,Tier-2 Sector-Regional Proxy
ENR-00595-001,SME-2024-00595,2026-06-15,Operasional bisnis berjalan stabil tanpa anomali signifikan,Positif,1,False,45,Stable,Tier-2 Sector-Regional Proxy
ENR-00596-001,SME-2024-00596,2026-06-15,Menang tender proyek infrastruktur pemerintah,Netral,3,False,52,Growing,Tier-2 Sector-Regional Proxy
ENR-00597-001,SME-2024-00597,2026-06-15,Perusahaan Kesehatan menunjukkan tren stable berdasarkan aktivitas digital,Negatif,0,False,43,Stable,Tier-2 Sector-Regional Proxy
ENR-00598-001,SME-2024-00598,2026-06-15,"Pertumbuhan digital moderat, tidak ada indikator risiko",Netral,1,True,57,Stable,Tier-2 Sector-Regional Proxy
ENR-00599-001,SME-2024-00599,2026-06-15,Perusahaan Media & Kreatif menunjukkan tren stable berdasarkan aktivitas digital,Netral,0,False,51,Stable,Tier-2 Sector-Regional Proxy
ENR-00600-001,SME-2024-00600,2026-06-15,Penurunan aktivitas digital dan eksposur publik teramati,Negatif,1,False,64,Declining,Tier-2 Sector-Regional Proxy
ENR-00601-001,SME-2024-00601,2026-06-15,Menang tender proyek infrastruktur pemerintah,Netral,1,False,49,Growing,Tier-2 Sector-Regional Proxy
ENR-00602-001,SME-2024-00602,2026-06-15,Perusahaan Pertanian & Agribisnis menunjukkan tren stable berdasarkan aktivitas digital,Netral,0,False,83,Stable,Tier-1 Entity Lookup
ENR-00603-001,SME-2024-00603,2026-06-15,Menang tender proyek infrastruktur pemerintah,Positif,2,False,67,Growing,Tier-1 Entity Lookup
ENR-00604-001,SME-2024-00604,2026-06-15,Konten negatif terkait keluhan pelanggan terdeteksi di kanal publik,Positif,0,False,46,Declining,Tier-2 Sector-Regional Proxy
ENR-00605-001,SME-2024-00605,2026-06-15,Kolaborasi strategis dengan ekosistem Telkom Group,Netral,0,True,36,Growing,Tier-2 Sector-Regional Proxy
ENR-00606-001,SME-2024-00606,2026-06-15,"Pertumbuhan digital moderat, tidak ada indikator risiko",Positif,3,False,94,Stable,Tier-1 Entity Lookup
ENR-00607-001,SME-2024-00607,2026-06-15,Penambahan cabang dan peningkatan aktivitas digital terdeteksi,Negatif,1,False,58,Growing,Tier-2 Sector-Regional Proxy
ENR-00608-001,SME-2024-00608,2026-06-15,Menang tender proyek infrastruktur pemerintah,Netral,3,False,55,Growing,Tier-1 Entity Lookup
ENR-00609-001,SME-2024-00609,2026-06-15,Menang tender proyek infrastruktur pemerintah,Positif,1,False,71,Growing,Tier-1 Entity Lookup
ENR-00610-001,SME-2024-00610,2026-06-15,Penambahan cabang dan peningkatan aktivitas digital terdeteksi,Positif,0,False,33,Growing,Tier-2 Sector-Regional Proxy
ENR-00611-001,SME-2024-00611,2026-06-15,Kolaborasi strategis dengan ekosistem Telkom Group,Positif,0,False,34,Growing,Tier-2 Sector-Regional Proxy
ENR-00612-001,SME-2024-00612,2026-06-15,Penurunan aktivitas digital dan eksposur publik teramati,Netral,0,False,39,Declining,Tier-2 Sector-Regional Proxy
ENR-00613-001,SME-2024-00613,2026-06-15,Menang tender proyek infrastruktur pemerintah,Positif,0,False,63,Growing,Tier-2 Sector-Regional Proxy
ENR-00614-001,SME-2024-00614,2026-06-15,Perusahaan Jasa Keuangan menunjukkan tren stable berdasarkan aktivitas digital,Positif,1,False,22,Stable,Tier-2 Sector-Regional Proxy
ENR-00615-001,SME-2024-00615,2026-06-15,Konten negatif terkait keluhan pelanggan terdeteksi di kanal publik,Positif,2,False,47,Declining,Tier-2 Sector-Regional Proxy
ENR-00616-001,SME-2024-00616,2026-06-15,Perusahaan Teknologi Informasi menunjukkan tren stable berdasarkan aktivitas digital,Netral,0,False,36,Stable,Tier-2 Sector-Regional Proxy
ENR-00617-001,SME-2024-00617,2026-06-15,Ekspansi bisnis dan rekrutmen karyawan baru teramati di semester berjalan,Netral,0,True,83,Growing,Tier-1 Entity Lookup
ENR-00618-001,SME-2024-00618,2026-06-15,"Pertumbuhan digital moderat, tidak ada indikator risiko",Netral,1,True,65,Stable,Tier-2 Sector-Regional Proxy
ENR-00619-001,SME-2024-00619,2026-06-15,Perusahaan Manufaktur menunjukkan tren stable berdasarkan aktivitas digital,Netral,0,False,61,Stable,Tier-1 Entity Lookup
ENR-00620-001,SME-2024-00620,2026-06-15,Penambahan cabang dan peningkatan aktivitas digital terdeteksi,Positif,0,False,42,Growing,Tier-2 Sector-Regional Proxy
ENR-00621-001,SME-2024-00621,2026-06-15,Menang tender proyek infrastruktur pemerintah,Positif,0,False,54,Growing,Tier-2 Sector-Regional Proxy
ENR-00622-001,SME-2024-00622,2026-06-15,"Pertumbuhan digital moderat, tidak ada indikator risiko",Netral,0,True,51,Stable,Tier-2 Sector-Regional Proxy
ENR-00623-001,SME-2024-00623,2026-06-15,Ekspansi bisnis dan rekrutmen karyawan baru teramati di semester berjalan,Positif,0,False,62,Growing,Tier-2 Sector-Regional Proxy
ENR-00624-001,SME-2024-00624,2026-06-15,"Pertumbuhan digital moderat, tidak ada indikator risiko",Netral,1,True,53,Stable,Tier-2 Sector-Regional Proxy
ENR-00625-001,SME-2024-00625,2026-06-15,Konten negatif terkait keluhan pelanggan terdeteksi di kanal publik,Netral,1,False,52,Declining,Tier-2 Sector-Regional Proxy
ENR-00626-001,SME-2024-00626,2026-06-15,Kolaborasi strategis dengan ekosistem Telkom Group,Negatif,0,False,49,Growing,Tier-2 Sector-Regional Proxy
ENR-00627-001,SME-2024-00627,2026-06-15,Kolaborasi strategis dengan ekosistem Telkom Group,Positif,2,False,76,Growing,Tier-2 Sector-Regional Proxy
ENR-00628-001,SME-2024-00628,2026-06-15,Konten negatif terkait keluhan pelanggan terdeteksi di kanal publik,Positif,1,True,81,Declining,Tier-1 Entity Lookup
ENR-00629-001,SME-2024-00629,2026-06-15,Penambahan cabang dan peningkatan aktivitas digital terdeteksi,Positif,0,False,48,Growing,Tier-2 Sector-Regional Proxy
ENR-00630-001,SME-2024-00630,2026-06-15,Penurunan aktivitas digital dan eksposur publik teramati,Netral,0,False,51,Declining,Tier-2 Sector-Regional Proxy
ENR-00631-001,SME-2024-00631,2026-06-15,Menang tender proyek infrastruktur pemerintah,Positif,4,False,88,Growing,Tier-1 Entity Lookup
ENR-00632-001,SME-2024-00632,2026-06-15,Kolaborasi strategis dengan ekosistem Telkom Group,Netral,2,True,57,Growing,Tier-2 Sector-Regional Proxy
ENR-00633-001,SME-2024-00633,2026-06-15,Penambahan cabang dan peningkatan aktivitas digital terdeteksi,Positif,0,False,43,Growing,Tier-2 Sector-Regional Proxy
ENR-00634-001,SME-2024-00634,2026-06-15,Penurunan aktivitas digital dan eksposur publik teramati,Positif,3,True,49,Declining,Tier-1 Entity Lookup
ENR-00635-001,SME-2024-00635,2026-06-15,Menang tender proyek infrastruktur pemerintah,Positif,1,False,55,Growing,Tier-2 Sector-Regional Proxy
ENR-00636-001,SME-2024-00636,2026-06-15,Penurunan aktivitas digital dan eksposur publik teramati,Netral,2,False,36,Declining,Tier-2 Sector-Regional Proxy
ENR-00637-001,SME-2024-00637,2026-06-15,Penurunan aktivitas digital dan eksposur publik teramati,Positif,2,False,48,Declining,Tier-2 Sector-Regional Proxy
ENR-00638-001,SME-2024-00638,2026-06-15,Penurunan aktivitas digital dan eksposur publik teramati,Positif,0,False,62,Declining,Tier-2 Sector-Regional Proxy
ENR-00639-001,SME-2024-00639,2026-06-15,Operasional bisnis berjalan stabil tanpa anomali signifikan,Negatif,2,False,78,Stable,Tier-1 Entity Lookup
ENR-00640-001,SME-2024-00640,2026-06-15,"Pertumbuhan digital moderat, tidak ada indikator risiko",Positif,0,True,67,Stable,Tier-1 Entity Lookup
ENR-00641-001,SME-2024-00641,2026-06-15,Menang tender proyek infrastruktur pemerintah,Netral,2,False,77,Growing,Tier-1 Entity Lookup
ENR-00642-001,SME-2024-00642,2026-06-15,Menang tender proyek infrastruktur pemerintah,Negatif,0,True,56,Growing,Tier-2 Sector-Regional Proxy
ENR-00643-001,SME-2024-00643,2026-06-15,Kolaborasi strategis dengan ekosistem Telkom Group,Negatif,1,False,67,Growing,Tier-1 Entity Lookup
ENR-00644-001,SME-2024-00644,2026-06-15,Penambahan cabang dan peningkatan aktivitas digital terdeteksi,Netral,0,False,68,Growing,Tier-1 Entity Lookup
ENR-00645-001,SME-2024-00645,2026-06-15,Indikasi penundaan proyek dan pengurangan kapasitas operasional,Netral,0,True,75,Declining,Tier-2 Sector-Regional Proxy
ENR-00646-001,SME-2024-00646,2026-06-15,Penurunan aktivitas digital dan eksposur publik teramati,Netral,1,False,39,Declining,Tier-2 Sector-Regional Proxy
ENR-00647-001,SME-2024-00647,2026-06-15,"Pertumbuhan digital moderat, tidak ada indikator risiko",Positif,1,True,86,Stable,Tier-1 Entity Lookup
ENR-00648-001,SME-2024-00648,2026-06-15,Kolaborasi strategis dengan ekosistem Telkom Group,Negatif,2,False,73,Growing,Tier-2 Sector-Regional Proxy
ENR-00649-001,SME-2024-00649,2026-06-15,Ekspansi bisnis dan rekrutmen karyawan baru teramati di semester berjalan,Negatif,5,False,63,Growing,Tier-1 Entity Lookup
ENR-00650-001,SME-2024-00650,2026-06-15,Operasional bisnis berjalan stabil tanpa anomali signifikan,Positif,0,False,54,Stable,Tier-2 Sector-Regional Proxy
ENR-00651-001,SME-2024-00651,2026-06-15,Ekspansi bisnis dan rekrutmen karyawan baru teramati di semester berjalan,Positif,3,False,87,Growing,Tier-1 Entity Lookup
ENR-00652-001,SME-2024-00652,2026-06-15,Ekspansi bisnis dan rekrutmen karyawan baru teramati di semester berjalan,Netral,0,False,31,Growing,Tier-2 Sector-Regional Proxy
ENR-00653-001,SME-2024-00653,2026-06-15,Ekspansi bisnis dan rekrutmen karyawan baru teramati di semester berjalan,Positif,0,False,45,Growing,Tier-2 Sector-Regional Proxy
ENR-00654-001,SME-2024-00654,2026-06-15,Indikasi penundaan proyek dan pengurangan kapasitas operasional,Netral,0,True,52,Declining,Tier-2 Sector-Regional Proxy
ENR-00655-001,SME-2024-00655,2026-06-15,Menang tender proyek infrastruktur pemerintah,Netral,0,False,52,Growing,Tier-2 Sector-Regional Proxy
ENR-00656-001,SME-2024-00656,2026-06-15,Menang tender proyek infrastruktur pemerintah,Positif,0,False,40,Growing,Tier-2 Sector-Regional Proxy
ENR-00657-001,SME-2024-00657,2026-06-15,"Pertumbuhan digital moderat, tidak ada indikator risiko",Positif,3,False,63,Stable,Tier-1 Entity Lookup
ENR-00658-001,SME-2024-00658,2026-06-15,Penambahan cabang dan peningkatan aktivitas digital terdeteksi,Positif,2,False,93,Growing,Tier-1 Entity Lookup
ENR-00659-001,SME-2024-00659,2026-06-15,Ekspansi bisnis dan rekrutmen karyawan baru teramati di semester berjalan,Netral,0,False,78,Growing,Tier-1 Entity Lookup
ENR-00660-001,SME-2024-00660,2026-06-15,Ekspansi bisnis dan rekrutmen karyawan baru teramati di semester berjalan,Netral,1,False,49,Growing,Tier-2 Sector-Regional Proxy
ENR-00661-001,SME-2024-00661,2026-06-15,Operasional bisnis berjalan stabil tanpa anomali signifikan,Positif,0,False,76,Stable,Tier-2 Sector-Regional Proxy
ENR-00662-001,SME-2024-00662,2026-06-15,Ekspansi bisnis dan rekrutmen karyawan baru teramati di semester berjalan,Netral,0,True,57,Growing,Tier-2 Sector-Regional Proxy
ENR-00663-001,SME-2024-00663,2026-06-15,Kolaborasi strategis dengan ekosistem Telkom Group,Positif,0,False,70,Growing,Tier-2 Sector-Regional Proxy
ENR-00664-001,SME-2024-00664,2026-06-15,Konten negatif terkait keluhan pelanggan terdeteksi di kanal publik,Positif,0,False,76,Declining,Tier-1 Entity Lookup
ENR-00665-001,SME-2024-00665,2026-06-15,Penambahan cabang dan peningkatan aktivitas digital terdeteksi,Negatif,1,False,33,Growing,Tier-2 Sector-Regional Proxy
ENR-00666-001,SME-2024-00666,2026-06-15,Operasional bisnis berjalan stabil tanpa anomali signifikan,Netral,1,False,54,Stable,Tier-2 Sector-Regional Proxy
ENR-00667-001,SME-2024-00667,2026-06-15,Perusahaan Pendidikan & Training menunjukkan tren stable berdasarkan aktivitas digital,Positif,1,True,53,Stable,Tier-2 Sector-Regional Proxy
ENR-00668-001,SME-2024-00668,2026-06-15,Menang tender proyek infrastruktur pemerintah,Netral,0,False,29,Growing,Tier-2 Sector-Regional Proxy
ENR-00669-001,SME-2024-00669,2026-06-15,Menang tender proyek infrastruktur pemerintah,Positif,1,True,20,Growing,Tier-2 Sector-Regional Proxy
ENR-00670-001,SME-2024-00670,2026-06-15,Kolaborasi strategis dengan ekosistem Telkom Group,Netral,0,False,44,Growing,Tier-1 Entity Lookup
ENR-00671-001,SME-2024-00671,2026-06-15,Menang tender proyek infrastruktur pemerintah,Positif,1,True,52,Growing,Tier-2 Sector-Regional Proxy
ENR-00672-001,SME-2024-00672,2026-06-15,Ekspansi bisnis dan rekrutmen karyawan baru teramati di semester berjalan,Positif,1,True,57,Growing,Tier-2 Sector-Regional Proxy
ENR-00673-001,SME-2024-00673,2026-06-15,Konten negatif terkait keluhan pelanggan terdeteksi di kanal publik,Positif,0,False,36,Declining,Tier-2 Sector-Regional Proxy
ENR-00674-001,SME-2024-00674,2026-06-15,Perusahaan Pertanian & Agribisnis menunjukkan tren stable berdasarkan aktivitas digital,Positif,1,True,43,Stable,Tier-2 Sector-Regional Proxy
ENR-00675-001,SME-2024-00675,2026-06-15,Penambahan cabang dan peningkatan aktivitas digital terdeteksi,Negatif,1,False,77,Growing,Tier-1 Entity Lookup
ENR-00676-001,SME-2024-00676,2026-06-15,"Pertumbuhan digital moderat, tidak ada indikator risiko",Negatif,1,True,48,Stable,Tier-2 Sector-Regional Proxy
ENR-00677-001,SME-2024-00677,2026-06-15,Konten negatif terkait keluhan pelanggan terdeteksi di kanal publik,Positif,1,False,39,Declining,Tier-2 Sector-Regional Proxy
ENR-00678-001,SME-2024-00678,2026-06-15,Ekspansi bisnis dan rekrutmen karyawan baru teramati di semester berjalan,Positif,0,False,31,Growing,Tier-2 Sector-Regional Proxy
ENR-00679-001,SME-2024-00679,2026-06-15,"Pertumbuhan digital moderat, tidak ada indikator risiko",Positif,3,True,67,Stable,Tier-2 Sector-Regional Proxy
ENR-00680-001,SME-2024-00680,2026-06-15,"Pertumbuhan digital moderat, tidak ada indikator risiko",Netral,0,False,37,Stable,Tier-2 Sector-Regional Proxy
ENR-00681-001,SME-2024-00681,2026-06-15,"Pertumbuhan digital moderat, tidak ada indikator risiko",Positif,0,False,49,Stable,Tier-2 Sector-Regional Proxy
ENR-00682-001,SME-2024-00682,2026-06-15,Menang tender proyek infrastruktur pemerintah,Netral,1,True,38,Growing,Tier-2 Sector-Regional Proxy
ENR-00683-001,SME-2024-00683,2026-06-15,Menang tender proyek infrastruktur pemerintah,Positif,0,True,63,Growing,Tier-2 Sector-Regional Proxy
ENR-00684-001,SME-2024-00684,2026-06-15,Menang tender proyek infrastruktur pemerintah,Negatif,0,False,65,Growing,Tier-2 Sector-Regional Proxy
ENR-00685-001,SME-2024-00685,2026-06-15,Ekspansi bisnis dan rekrutmen karyawan baru teramati di semester berjalan,Positif,0,False,37,Growing,Tier-2 Sector-Regional Proxy
ENR-00686-001,SME-2024-00686,2026-06-15,Kolaborasi strategis dengan ekosistem Telkom Group,Positif,3,False,83,Growing,Tier-1 Entity Lookup
ENR-00687-001,SME-2024-00687,2026-06-15,Penambahan cabang dan peningkatan aktivitas digital terdeteksi,Positif,0,True,31,Growing,Tier-2 Sector-Regional Proxy
ENR-00688-001,SME-2024-00688,2026-06-15,Menang tender proyek infrastruktur pemerintah,Positif,1,True,35,Growing,Tier-2 Sector-Regional Proxy
ENR-00689-001,SME-2024-00689,2026-06-15,Operasional bisnis berjalan stabil tanpa anomali signifikan,Positif,0,False,48,Stable,Tier-2 Sector-Regional Proxy
ENR-00690-001,SME-2024-00690,2026-06-15,Indikasi penundaan proyek dan pengurangan kapasitas operasional,Netral,1,False,47,Declining,Tier-2 Sector-Regional Proxy
ENR-00691-001,SME-2024-00691,2026-06-15,Ekspansi bisnis dan rekrutmen karyawan baru teramati di semester berjalan,Netral,1,False,45,Growing,Tier-2 Sector-Regional Proxy
ENR-00692-001,SME-2024-00692,2026-06-15,Konten negatif terkait keluhan pelanggan terdeteksi di kanal publik,Netral,1,False,80,Declining,Tier-1 Entity Lookup
ENR-00693-001,SME-2024-00693,2026-06-15,Operasional bisnis berjalan stabil tanpa anomali signifikan,Netral,2,False,86,Stable,Tier-1 Entity Lookup
ENR-00694-001,SME-2024-00694,2026-06-15,Penambahan cabang dan peningkatan aktivitas digital terdeteksi,Negatif,0,False,44,Growing,Tier-2 Sector-Regional Proxy
ENR-00695-001,SME-2024-00695,2026-06-15,Menang tender proyek infrastruktur pemerintah,Positif,4,True,47,Growing,Tier-1 Entity Lookup
ENR-00696-001,SME-2024-00696,2026-06-15,Penurunan aktivitas digital dan eksposur publik teramati,Netral,0,False,31,Declining,Tier-2 Sector-Regional Proxy
ENR-00697-001,SME-2024-00697,2026-06-15,Perusahaan Media & Kreatif menunjukkan tren stable berdasarkan aktivitas digital,Positif,1,False,47,Stable,Tier-2 Sector-Regional Proxy
ENR-00698-001,SME-2024-00698,2026-06-15,Ekspansi bisnis dan rekrutmen karyawan baru teramati di semester berjalan,Netral,1,False,47,Growing,Tier-2 Sector-Regional Proxy
ENR-00699-001,SME-2024-00699,2026-06-15,Perusahaan Kesehatan menunjukkan tren stable berdasarkan aktivitas digital,Positif,0,False,54,Stable,Tier-2 Sector-Regional Proxy
ENR-00700-001,SME-2024-00700,2026-06-15,Perusahaan Pertanian & Agribisnis menunjukkan tren stable berdasarkan aktivitas digital,Positif,0,True,60,Stable,Tier-2 Sector-Regional Proxy
ENR-00701-001,SME-2024-00701,2026-06-15,Menang tender proyek infrastruktur pemerintah,Positif,3,False,59,Growing,Tier-2 Sector-Regional Proxy
ENR-00702-001,SME-2024-00702,2026-06-15,Menang tender proyek infrastruktur pemerintah,Positif,1,False,68,Growing,Tier-2 Sector-Regional Proxy
ENR-00703-001,SME-2024-00703,2026-06-15,Operasional bisnis berjalan stabil tanpa anomali signifikan,Positif,1,False,61,Stable,Tier-2 Sector-Regional Proxy
ENR-00704-001,SME-2024-00704,2026-06-15,Operasional bisnis berjalan stabil tanpa anomali signifikan,Positif,0,False,35,Stable,Tier-2 Sector-Regional Proxy
ENR-00705-001,SME-2024-00705,2026-06-15,Konten negatif terkait keluhan pelanggan terdeteksi di kanal publik,Negatif,0,False,43,Declining,Tier-2 Sector-Regional Proxy
ENR-00706-001,SME-2024-00706,2026-06-15,Perusahaan Pendidikan & Training menunjukkan tren stable berdasarkan aktivitas digital,Netral,0,False,30,Stable,Tier-2 Sector-Regional Proxy
ENR-00707-001,SME-2024-00707,2026-06-15,Konten negatif terkait keluhan pelanggan terdeteksi di kanal publik,Positif,0,False,57,Declining,Tier-1 Entity Lookup
ENR-00708-001,SME-2024-00708,2026-06-15,Operasional bisnis berjalan stabil tanpa anomali signifikan,Positif,0,False,30,Stable,Tier-2 Sector-Regional Proxy
ENR-00709-001,SME-2024-00709,2026-06-15,Perusahaan Kuliner & F&B menunjukkan tren stable berdasarkan aktivitas digital,Positif,2,False,57,Stable,Tier-2 Sector-Regional Proxy
ENR-00710-001,SME-2024-00710,2026-06-15,Ekspansi bisnis dan rekrutmen karyawan baru teramati di semester berjalan,Netral,1,True,77,Growing,Tier-2 Sector-Regional Proxy
ENR-00711-001,SME-2024-00711,2026-06-15,Operasional bisnis berjalan stabil tanpa anomali signifikan,Negatif,1,True,51,Stable,Tier-2 Sector-Regional Proxy
ENR-00712-001,SME-2024-00712,2026-06-15,Penurunan aktivitas digital dan eksposur publik teramati,Netral,0,False,44,Declining,Tier-2 Sector-Regional Proxy
ENR-00713-001,SME-2024-00713,2026-06-15,Menang tender proyek infrastruktur pemerintah,Netral,0,True,52,Growing,Tier-2 Sector-Regional Proxy
ENR-00714-001,SME-2024-00714,2026-06-15,Menang tender proyek infrastruktur pemerintah,Positif,0,False,45,Growing,Tier-2 Sector-Regional Proxy
ENR-00715-001,SME-2024-00715,2026-06-15,Operasional bisnis berjalan stabil tanpa anomali signifikan,Netral,1,True,70,Stable,Tier-1 Entity Lookup
ENR-00716-001,SME-2024-00716,2026-06-15,"Pertumbuhan digital moderat, tidak ada indikator risiko",Netral,0,False,45,Stable,Tier-2 Sector-Regional Proxy
ENR-00717-001,SME-2024-00717,2026-06-15,Penurunan aktivitas digital dan eksposur publik teramati,Netral,0,False,60,Declining,Tier-2 Sector-Regional Proxy
ENR-00718-001,SME-2024-00718,2026-06-15,Indikasi penundaan proyek dan pengurangan kapasitas operasional,Negatif,0,False,45,Declining,Tier-2 Sector-Regional Proxy
ENR-00719-001,SME-2024-00719,2026-06-15,Operasional bisnis berjalan stabil tanpa anomali signifikan,Positif,2,False,74,Stable,Tier-1 Entity Lookup
ENR-00720-001,SME-2024-00720,2026-06-15,Operasional bisnis berjalan stabil tanpa anomali signifikan,Positif,1,True,85,Stable,Tier-2 Sector-Regional Proxy
ENR-00721-001,SME-2024-00721,2026-06-15,Indikasi penundaan proyek dan pengurangan kapasitas operasional,Positif,2,True,43,Declining,Tier-2 Sector-Regional Proxy
ENR-00722-001,SME-2024-00722,2026-06-15,Menang tender proyek infrastruktur pemerintah,Netral,1,True,62,Growing,Tier-1 Entity Lookup
ENR-00723-001,SME-2024-00723,2026-06-15,Kolaborasi strategis dengan ekosistem Telkom Group,Netral,2,False,35,Growing,Tier-2 Sector-Regional Proxy
ENR-00724-001,SME-2024-00724,2026-06-15,Ekspansi bisnis dan rekrutmen karyawan baru teramati di semester berjalan,Positif,0,True,69,Growing,Tier-2 Sector-Regional Proxy
ENR-00725-001,SME-2024-00725,2026-06-15,Indikasi penundaan proyek dan pengurangan kapasitas operasional,Positif,2,False,70,Declining,Tier-1 Entity Lookup
ENR-00726-001,SME-2024-00726,2026-06-15,Perusahaan Konstruksi menunjukkan tren stable berdasarkan aktivitas digital,Negatif,1,False,64,Stable,Tier-2 Sector-Regional Proxy
ENR-00727-001,SME-2024-00727,2026-06-15,Kolaborasi strategis dengan ekosistem Telkom Group,Netral,5,False,66,Growing,Tier-1 Entity Lookup
ENR-00728-001,SME-2024-00728,2026-06-15,Operasional bisnis berjalan stabil tanpa anomali signifikan,Netral,0,True,48,Stable,Tier-2 Sector-Regional Proxy
ENR-00729-001,SME-2024-00729,2026-06-15,"Pertumbuhan digital moderat, tidak ada indikator risiko",Negatif,0,False,45,Stable,Tier-2 Sector-Regional Proxy
ENR-00730-001,SME-2024-00730,2026-06-15,Perusahaan Pertanian & Agribisnis menunjukkan tren stable berdasarkan aktivitas digital,Positif,2,False,62,Stable,Tier-1 Entity Lookup
ENR-00731-001,SME-2024-00731,2026-06-15,Operasional bisnis berjalan stabil tanpa anomali signifikan,Netral,1,False,67,Stable,Tier-1 Entity Lookup
ENR-00732-001,SME-2024-00732,2026-06-15,"Pertumbuhan digital moderat, tidak ada indikator risiko",Negatif,0,True,44,Stable,Tier-2 Sector-Regional Proxy
ENR-00733-001,SME-2024-00733,2026-06-15,Ekspansi bisnis dan rekrutmen karyawan baru teramati di semester berjalan,Positif,1,False,52,Growing,Tier-2 Sector-Regional Proxy
ENR-00734-001,SME-2024-00734,2026-06-15,Operasional bisnis berjalan stabil tanpa anomali signifikan,Positif,1,True,80,Stable,Tier-2 Sector-Regional Proxy
ENR-00735-001,SME-2024-00735,2026-06-15,Ekspansi bisnis dan rekrutmen karyawan baru teramati di semester berjalan,Positif,0,False,29,Growing,Tier-2 Sector-Regional Proxy
ENR-00736-001,SME-2024-00736,2026-06-15,"Pertumbuhan digital moderat, tidak ada indikator risiko",Positif,2,False,76,Stable,Tier-2 Sector-Regional Proxy
ENR-00737-001,SME-2024-00737,2026-06-15,Perusahaan Kuliner & F&B menunjukkan tren stable berdasarkan aktivitas digital,Positif,1,False,48,Stable,Tier-2 Sector-Regional Proxy
ENR-00738-001,SME-2024-00738,2026-06-15,"Pertumbuhan digital moderat, tidak ada indikator risiko",Negatif,0,True,76,Stable,Tier-2 Sector-Regional Proxy
ENR-00739-001,SME-2024-00739,2026-06-15,Operasional bisnis berjalan stabil tanpa anomali signifikan,Positif,0,False,53,Stable,Tier-2 Sector-Regional Proxy
ENR-00740-001,SME-2024-00740,2026-06-15,"Pertumbuhan digital moderat, tidak ada indikator risiko",Positif,0,False,43,Stable,Tier-2 Sector-Regional Proxy
ENR-00741-001,SME-2024-00741,2026-06-15,Konten negatif terkait keluhan pelanggan terdeteksi di kanal publik,Positif,1,False,77,Declining,Tier-1 Entity Lookup
ENR-00742-001,SME-2024-00742,2026-06-15,Operasional bisnis berjalan stabil tanpa anomali signifikan,Positif,3,True,81,Stable,Tier-1 Entity Lookup
ENR-00743-001,SME-2024-00743,2026-06-15,Operasional bisnis berjalan stabil tanpa anomali signifikan,Netral,2,True,46,Stable,Tier-2 Sector-Regional Proxy
ENR-00744-001,SME-2024-00744,2026-06-15,Operasional bisnis berjalan stabil tanpa anomali signifikan,Positif,0,True,37,Stable,Tier-2 Sector-Regional Proxy
ENR-00745-001,SME-2024-00745,2026-06-15,Kolaborasi strategis dengan ekosistem Telkom Group,Netral,1,False,44,Growing,Tier-2 Sector-Regional Proxy
ENR-00746-001,SME-2024-00746,2026-06-15,"Pertumbuhan digital moderat, tidak ada indikator risiko",Positif,0,True,71,Stable,Tier-2 Sector-Regional Proxy
ENR-00747-001,SME-2024-00747,2026-06-15,Operasional bisnis berjalan stabil tanpa anomali signifikan,Negatif,1,False,59,Stable,Tier-2 Sector-Regional Proxy
ENR-00748-001,SME-2024-00748,2026-06-15,Perusahaan Kesehatan menunjukkan tren stable berdasarkan aktivitas digital,Netral,1,True,55,Stable,Tier-2 Sector-Regional Proxy
ENR-00749-001,SME-2024-00749,2026-06-15,Operasional bisnis berjalan stabil tanpa anomali signifikan,Positif,2,True,35,Stable,Tier-2 Sector-Regional Proxy
ENR-00750-001,SME-2024-00750,2026-06-15,Perusahaan Teknologi Informasi menunjukkan tren stable berdasarkan aktivitas digital,Positif,0,False,59,Stable,Tier-2 Sector-Regional Proxy
ENR-00751-001,SME-2024-00751,2026-06-15,Penambahan cabang dan peningkatan aktivitas digital terdeteksi,Positif,1,True,78,Growing,Tier-1 Entity Lookup
ENR-00752-001,SME-2024-00752,2026-06-15,"Pertumbuhan digital moderat, tidak ada indikator risiko",Positif,0,False,50,Stable,Tier-2 Sector-Regional Proxy
ENR-00753-001,SME-2024-00753,2026-06-15,Kolaborasi strategis dengan ekosistem Telkom Group,Positif,1,False,59,Growing,Tier-1 Entity Lookup
ENR-00754-001,SME-2024-00754,2026-06-15,Konten negatif terkait keluhan pelanggan terdeteksi di kanal publik,Netral,2,False,71,Declining,Tier-2 Sector-Regional Proxy
ENR-00755-001,SME-2024-00755,2026-06-15,Menang tender proyek infrastruktur pemerintah,Netral,1,False,69,Growing,Tier-2 Sector-Regional Proxy
ENR-00756-001,SME-2024-00756,2026-06-15,Indikasi penundaan proyek dan pengurangan kapasitas operasional,Positif,0,False,45,Declining,Tier-2 Sector-Regional Proxy
ENR-00757-001,SME-2024-00757,2026-06-15,Perusahaan Properti & Real Estate menunjukkan tren stable berdasarkan aktivitas digital,Netral,1,True,65,Stable,Tier-2 Sector-Regional Proxy
ENR-00758-001,SME-2024-00758,2026-06-15,Konten negatif terkait keluhan pelanggan terdeteksi di kanal publik,Positif,0,True,54,Declining,Tier-2 Sector-Regional Proxy
ENR-00759-001,SME-2024-00759,2026-06-15,Menang tender proyek infrastruktur pemerintah,Netral,1,True,39,Growing,Tier-2 Sector-Regional Proxy
ENR-00760-001,SME-2024-00760,2026-06-15,Menang tender proyek infrastruktur pemerintah,Positif,0,True,39,Growing,Tier-2 Sector-Regional Proxy
ENR-00761-001,SME-2024-00761,2026-06-15,Menang tender proyek infrastruktur pemerintah,Netral,1,False,32,Growing,Tier-2 Sector-Regional Proxy
ENR-00762-001,SME-2024-00762,2026-06-15,Ekspansi bisnis dan rekrutmen karyawan baru teramati di semester berjalan,Netral,2,True,95,Growing,Tier-1 Entity Lookup
ENR-00763-001,SME-2024-00763,2026-06-15,Penambahan cabang dan peningkatan aktivitas digital terdeteksi,Positif,1,False,62,Growing,Tier-1 Entity Lookup
ENR-00764-001,SME-2024-00764,2026-06-15,Operasional bisnis berjalan stabil tanpa anomali signifikan,Positif,2,False,50,Stable,Tier-2 Sector-Regional Proxy
ENR-00765-001,SME-2024-00765,2026-06-15,Menang tender proyek infrastruktur pemerintah,Netral,0,False,41,Growing,Tier-2 Sector-Regional Proxy
ENR-00766-001,SME-2024-00766,2026-06-15,Penambahan cabang dan peningkatan aktivitas digital terdeteksi,Netral,0,True,41,Growing,Tier-2 Sector-Regional Proxy
ENR-00767-001,SME-2024-00767,2026-06-15,Ekspansi bisnis dan rekrutmen karyawan baru teramati di semester berjalan,Netral,1,False,48,Growing,Tier-2 Sector-Regional Proxy
ENR-00768-001,SME-2024-00768,2026-06-15,Penambahan cabang dan peningkatan aktivitas digital terdeteksi,Positif,2,False,80,Growing,Tier-1 Entity Lookup
ENR-00769-001,SME-2024-00769,2026-06-15,Penambahan cabang dan peningkatan aktivitas digital terdeteksi,Positif,1,True,54,Growing,Tier-2 Sector-Regional Proxy
ENR-00770-001,SME-2024-00770,2026-06-15,Ekspansi bisnis dan rekrutmen karyawan baru teramati di semester berjalan,Positif,2,False,66,Growing,Tier-1 Entity Lookup
ENR-00771-001,SME-2024-00771,2026-06-15,Perusahaan Kuliner & F&B menunjukkan tren stable berdasarkan aktivitas digital,Positif,1,True,61,Stable,Tier-1 Entity Lookup
ENR-00772-001,SME-2024-00772,2026-06-15,Perusahaan Media & Kreatif menunjukkan tren stable berdasarkan aktivitas digital,Netral,0,False,47,Stable,Tier-2 Sector-Regional Proxy
ENR-00773-001,SME-2024-00773,2026-06-15,"Pertumbuhan digital moderat, tidak ada indikator risiko",Positif,2,False,36,Stable,Tier-2 Sector-Regional Proxy
ENR-00774-001,SME-2024-00774,2026-06-15,Ekspansi bisnis dan rekrutmen karyawan baru teramati di semester berjalan,Positif,1,False,62,Growing,Tier-1 Entity Lookup
ENR-00775-001,SME-2024-00775,2026-06-15,"Pertumbuhan digital moderat, tidak ada indikator risiko",Netral,1,False,29,Stable,Tier-2 Sector-Regional Proxy
ENR-00776-001,SME-2024-00776,2026-06-15,Perusahaan Media & Kreatif menunjukkan tren stable berdasarkan aktivitas digital,Netral,0,True,31,Stable,Tier-2 Sector-Regional Proxy
ENR-00777-001,SME-2024-00777,2026-06-15,Ekspansi bisnis dan rekrutmen karyawan baru teramati di semester berjalan,Positif,0,False,39,Growing,Tier-2 Sector-Regional Proxy
ENR-00778-001,SME-2024-00778,2026-06-15,Perusahaan Properti & Real Estate menunjukkan tren stable berdasarkan aktivitas digital,Netral,0,True,85,Stable,Tier-1 Entity Lookup
ENR-00779-001,SME-2024-00779,2026-06-15,Penambahan cabang dan peningkatan aktivitas digital terdeteksi,Netral,2,False,85,Growing,Tier-2 Sector-Regional Proxy
ENR-00780-001,SME-2024-00780,2026-06-15,Kolaborasi strategis dengan ekosistem Telkom Group,Positif,1,True,62,Growing,Tier-2 Sector-Regional Proxy
ENR-00781-001,SME-2024-00781,2026-06-15,Ekspansi bisnis dan rekrutmen karyawan baru teramati di semester berjalan,Positif,0,False,77,Growing,Tier-2 Sector-Regional Proxy
ENR-00782-001,SME-2024-00782,2026-06-15,Ekspansi bisnis dan rekrutmen karyawan baru teramati di semester berjalan,Positif,1,False,32,Growing,Tier-2 Sector-Regional Proxy
ENR-00783-001,SME-2024-00783,2026-06-15,Menang tender proyek infrastruktur pemerintah,Netral,1,True,40,Growing,Tier-2 Sector-Regional Proxy
ENR-00784-001,SME-2024-00784,2026-06-15,Ekspansi bisnis dan rekrutmen karyawan baru teramati di semester berjalan,Positif,0,False,26,Growing,Tier-2 Sector-Regional Proxy
ENR-00785-001,SME-2024-00785,2026-06-15,Penambahan cabang dan peningkatan aktivitas digital terdeteksi,Positif,0,False,56,Growing,Tier-2 Sector-Regional Proxy
ENR-00786-001,SME-2024-00786,2026-06-15,Penambahan cabang dan peningkatan aktivitas digital terdeteksi,Negatif,0,False,65,Growing,Tier-2 Sector-Regional Proxy
ENR-00787-001,SME-2024-00787,2026-06-15,Kolaborasi strategis dengan ekosistem Telkom Group,Positif,3,True,78,Growing,Tier-1 Entity Lookup
ENR-00788-001,SME-2024-00788,2026-06-15,Menang tender proyek infrastruktur pemerintah,Netral,1,False,25,Growing,Tier-2 Sector-Regional Proxy
ENR-00789-001,SME-2024-00789,2026-06-15,Menang tender proyek infrastruktur pemerintah,Positif,0,False,88,Growing,Tier-1 Entity Lookup
ENR-00790-001,SME-2024-00790,2026-06-15,Menang tender proyek infrastruktur pemerintah,Netral,0,True,79,Growing,Tier-2 Sector-Regional Proxy
ENR-00791-001,SME-2024-00791,2026-06-15,"Pertumbuhan digital moderat, tidak ada indikator risiko",Netral,0,True,24,Stable,Tier-2 Sector-Regional Proxy
ENR-00792-001,SME-2024-00792,2026-06-15,Operasional bisnis berjalan stabil tanpa anomali signifikan,Netral,0,False,52,Stable,Tier-2 Sector-Regional Proxy
ENR-00793-001,SME-2024-00793,2026-06-15,Ekspansi bisnis dan rekrutmen karyawan baru teramati di semester berjalan,Negatif,1,True,50,Growing,Tier-2 Sector-Regional Proxy
ENR-00794-001,SME-2024-00794,2026-06-15,Ekspansi bisnis dan rekrutmen karyawan baru teramati di semester berjalan,Negatif,1,False,43,Growing,Tier-2 Sector-Regional Proxy
ENR-00795-001,SME-2024-00795,2026-06-15,Konten negatif terkait keluhan pelanggan terdeteksi di kanal publik,Negatif,1,False,45,Declining,Tier-2 Sector-Regional Proxy
ENR-00796-001,SME-2024-00796,2026-06-15,Ekspansi bisnis dan rekrutmen karyawan baru teramati di semester berjalan,Positif,3,False,70,Growing,Tier-1 Entity Lookup
ENR-00797-001,SME-2024-00797,2026-06-15,Konten negatif terkait keluhan pelanggan terdeteksi di kanal publik,Netral,0,False,58,Declining,Tier-2 Sector-Regional Proxy
ENR-00798-001,SME-2024-00798,2026-06-15,Penambahan cabang dan peningkatan aktivitas digital terdeteksi,Netral,0,False,59,Growing,Tier-2 Sector-Regional Proxy
ENR-00799-001,SME-2024-00799,2026-06-15,Kolaborasi strategis dengan ekosistem Telkom Group,Positif,1,True,34,Growing,Tier-2 Sector-Regional Proxy
ENR-00800-001,SME-2024-00800,2026-06-15,Kolaborasi strategis dengan ekosistem Telkom Group,Positif,0,False,71,Growing,Tier-2 Sector-Regional Proxy
ENR-00801-001,SME-2024-00801,2026-06-15,Penambahan cabang dan peningkatan aktivitas digital terdeteksi,Positif,0,False,28,Growing,Tier-2 Sector-Regional Proxy
ENR-00802-001,SME-2024-00802,2026-06-15,Penambahan cabang dan peningkatan aktivitas digital terdeteksi,Positif,1,False,57,Growing,Tier-2 Sector-Regional Proxy
ENR-00803-001,SME-2024-00803,2026-06-15,Penambahan cabang dan peningkatan aktivitas digital terdeteksi,Netral,0,False,90,Growing,Tier-1 Entity Lookup
ENR-00804-001,SME-2024-00804,2026-06-15,Indikasi penundaan proyek dan pengurangan kapasitas operasional,Positif,0,False,53,Declining,Tier-2 Sector-Regional Proxy
ENR-00805-001,SME-2024-00805,2026-06-15,Menang tender proyek infrastruktur pemerintah,Positif,1,False,26,Growing,Tier-2 Sector-Regional Proxy
ENR-00806-001,SME-2024-00806,2026-06-15,Penambahan cabang dan peningkatan aktivitas digital terdeteksi,Positif,1,False,51,Growing,Tier-2 Sector-Regional Proxy
ENR-00807-001,SME-2024-00807,2026-06-15,Kolaborasi strategis dengan ekosistem Telkom Group,Positif,1,True,20,Growing,Tier-2 Sector-Regional Proxy
ENR-00808-001,SME-2024-00808,2026-06-15,Penurunan aktivitas digital dan eksposur publik teramati,Netral,3,False,66,Declining,Tier-1 Entity Lookup
ENR-00809-001,SME-2024-00809,2026-06-15,Perusahaan Pertanian & Agribisnis menunjukkan tren stable berdasarkan aktivitas digital,Positif,0,False,54,Stable,Tier-2 Sector-Regional Proxy
ENR-00810-001,SME-2024-00810,2026-06-15,Menang tender proyek infrastruktur pemerintah,Positif,0,False,53,Growing,Tier-2 Sector-Regional Proxy
ENR-00811-001,SME-2024-00811,2026-06-15,Penambahan cabang dan peningkatan aktivitas digital terdeteksi,Netral,0,False,31,Growing,Tier-2 Sector-Regional Proxy
ENR-00812-001,SME-2024-00812,2026-06-15,Konten negatif terkait keluhan pelanggan terdeteksi di kanal publik,Netral,0,False,65,Declining,Tier-2 Sector-Regional Proxy
ENR-00813-001,SME-2024-00813,2026-06-15,Penambahan cabang dan peningkatan aktivitas digital terdeteksi,Netral,1,True,72,Growing,Tier-2 Sector-Regional Proxy
ENR-00814-001,SME-2024-00814,2026-06-15,Kolaborasi strategis dengan ekosistem Telkom Group,Positif,0,False,32,Growing,Tier-2 Sector-Regional Proxy
ENR-00815-001,SME-2024-00815,2026-06-15,Kolaborasi strategis dengan ekosistem Telkom Group,Positif,1,False,34,Growing,Tier-2 Sector-Regional Proxy
ENR-00816-001,SME-2024-00816,2026-06-15,Perusahaan Transportasi & Logistik menunjukkan tren stable berdasarkan aktivitas digital,Negatif,1,False,67,Stable,Tier-2 Sector-Regional Proxy
ENR-00817-001,SME-2024-00817,2026-06-15,Kolaborasi strategis dengan ekosistem Telkom Group,Netral,0,False,70,Growing,Tier-2 Sector-Regional Proxy
ENR-00818-001,SME-2024-00818,2026-06-15,Kolaborasi strategis dengan ekosistem Telkom Group,Netral,1,False,62,Growing,Tier-2 Sector-Regional Proxy
ENR-00819-001,SME-2024-00819,2026-06-15,Menang tender proyek infrastruktur pemerintah,Positif,2,False,80,Growing,Tier-1 Entity Lookup
ENR-00820-001,SME-2024-00820,2026-06-15,Penambahan cabang dan peningkatan aktivitas digital terdeteksi,Netral,2,False,65,Growing,Tier-1 Entity Lookup
ENR-00821-001,SME-2024-00821,2026-06-15,Ekspansi bisnis dan rekrutmen karyawan baru teramati di semester berjalan,Netral,0,True,29,Growing,Tier-2 Sector-Regional Proxy
ENR-00822-001,SME-2024-00822,2026-06-15,Operasional bisnis berjalan stabil tanpa anomali signifikan,Positif,0,False,62,Stable,Tier-2 Sector-Regional Proxy
ENR-00823-001,SME-2024-00823,2026-06-15,Ekspansi bisnis dan rekrutmen karyawan baru teramati di semester berjalan,Netral,2,False,66,Growing,Tier-1 Entity Lookup
ENR-00824-001,SME-2024-00824,2026-06-15,Menang tender proyek infrastruktur pemerintah,Positif,0,False,63,Growing,Tier-2 Sector-Regional Proxy
ENR-00825-001,SME-2024-00825,2026-06-15,"Pertumbuhan digital moderat, tidak ada indikator risiko",Positif,2,False,42,Stable,Tier-2 Sector-Regional Proxy
ENR-00826-001,SME-2024-00826,2026-06-15,Konten negatif terkait keluhan pelanggan terdeteksi di kanal publik,Positif,0,False,44,Declining,Tier-2 Sector-Regional Proxy
ENR-00827-001,SME-2024-00827,2026-06-15,"Pertumbuhan digital moderat, tidak ada indikator risiko",Netral,0,False,51,Stable,Tier-2 Sector-Regional Proxy
ENR-00828-001,SME-2024-00828,2026-06-15,Perusahaan Manufaktur menunjukkan tren stable berdasarkan aktivitas digital,Netral,3,False,50,Stable,Tier-2 Sector-Regional Proxy
ENR-00829-001,SME-2024-00829,2026-06-15,"Pertumbuhan digital moderat, tidak ada indikator risiko",Netral,4,False,57,Stable,Tier-2 Sector-Regional Proxy
ENR-00830-001,SME-2024-00830,2026-06-15,Kolaborasi strategis dengan ekosistem Telkom Group,Netral,1,True,34,Growing,Tier-2 Sector-Regional Proxy
ENR-00831-001,SME-2024-00831,2026-06-15,Operasional bisnis berjalan stabil tanpa anomali signifikan,Positif,3,False,68,Stable,Tier-2 Sector-Regional Proxy
ENR-00832-001,SME-2024-00832,2026-06-15,Indikasi penundaan proyek dan pengurangan kapasitas operasional,Positif,0,False,55,Declining,Tier-2 Sector-Regional Proxy
ENR-00833-001,SME-2024-00833,2026-06-15,Ekspansi bisnis dan rekrutmen karyawan baru teramati di semester berjalan,Netral,0,False,61,Growing,Tier-1 Entity Lookup
ENR-00834-001,SME-2024-00834,2026-06-15,Penambahan cabang dan peningkatan aktivitas digital terdeteksi,Netral,4,False,69,Growing,Tier-1 Entity Lookup
ENR-00835-001,SME-2024-00835,2026-06-15,Operasional bisnis berjalan stabil tanpa anomali signifikan,Positif,0,False,44,Stable,Tier-2 Sector-Regional Proxy
ENR-00836-001,SME-2024-00836,2026-06-15,Operasional bisnis berjalan stabil tanpa anomali signifikan,Positif,1,False,57,Stable,Tier-2 Sector-Regional Proxy
ENR-00837-001,SME-2024-00837,2026-06-15,Menang tender proyek infrastruktur pemerintah,Positif,0,True,47,Growing,Tier-2 Sector-Regional Proxy
ENR-00838-001,SME-2024-00838,2026-06-15,Indikasi penundaan proyek dan pengurangan kapasitas operasional,Netral,2,False,52,Declining,Tier-1 Entity Lookup
ENR-00839-001,SME-2024-00839,2026-06-15,Penambahan cabang dan peningkatan aktivitas digital terdeteksi,Netral,2,True,45,Growing,Tier-2 Sector-Regional Proxy
ENR-00840-001,SME-2024-00840,2026-06-15,Penambahan cabang dan peningkatan aktivitas digital terdeteksi,Positif,1,False,52,Growing,Tier-2 Sector-Regional Proxy
ENR-00841-001,SME-2024-00841,2026-06-15,"Pertumbuhan digital moderat, tidak ada indikator risiko",Netral,0,False,51,Stable,Tier-2 Sector-Regional Proxy
ENR-00842-001,SME-2024-00842,2026-06-15,Menang tender proyek infrastruktur pemerintah,Positif,0,True,40,Growing,Tier-2 Sector-Regional Proxy
ENR-00843-001,SME-2024-00843,2026-06-15,Penurunan aktivitas digital dan eksposur publik teramati,Netral,2,False,52,Declining,Tier-2 Sector-Regional Proxy
ENR-00844-001,SME-2024-00844,2026-06-15,Perusahaan Pendidikan & Training menunjukkan tren stable berdasarkan aktivitas digital,Positif,2,False,43,Stable,Tier-2 Sector-Regional Proxy
ENR-00845-001,SME-2024-00845,2026-06-15,Perusahaan Jasa Keuangan menunjukkan tren stable berdasarkan aktivitas digital,Positif,2,True,55,Stable,Tier-1 Entity Lookup
ENR-00846-001,SME-2024-00846,2026-06-15,Ekspansi bisnis dan rekrutmen karyawan baru teramati di semester berjalan,Positif,1,False,30,Growing,Tier-2 Sector-Regional Proxy
ENR-00847-001,SME-2024-00847,2026-06-15,Menang tender proyek infrastruktur pemerintah,Positif,1,False,30,Growing,Tier-2 Sector-Regional Proxy
ENR-00848-001,SME-2024-00848,2026-06-15,"Pertumbuhan digital moderat, tidak ada indikator risiko",Netral,1,False,45,Stable,Tier-2 Sector-Regional Proxy
ENR-00849-001,SME-2024-00849,2026-06-15,Penurunan aktivitas digital dan eksposur publik teramati,Netral,1,False,42,Declining,Tier-2 Sector-Regional Proxy
ENR-00850-001,SME-2024-00850,2026-06-15,Perusahaan Kesehatan menunjukkan tren stable berdasarkan aktivitas digital,Netral,0,False,52,Stable,Tier-2 Sector-Regional Proxy
ENR-00851-001,SME-2024-00851,2026-06-15,Penurunan aktivitas digital dan eksposur publik teramati,Negatif,1,False,39,Declining,Tier-2 Sector-Regional Proxy
ENR-00852-001,SME-2024-00852,2026-06-15,Indikasi penundaan proyek dan pengurangan kapasitas operasional,Negatif,0,True,69,Declining,Tier-2 Sector-Regional Proxy
ENR-00853-001,SME-2024-00853,2026-06-15,Perusahaan Manufaktur menunjukkan tren stable berdasarkan aktivitas digital,Netral,1,False,66,Stable,Tier-1 Entity Lookup
ENR-00854-001,SME-2024-00854,2026-06-15,Perusahaan Perdagangan Eceran menunjukkan tren stable berdasarkan aktivitas digital,Negatif,1,True,72,Stable,Tier-2 Sector-Regional Proxy
ENR-00855-001,SME-2024-00855,2026-06-15,Indikasi penundaan proyek dan pengurangan kapasitas operasional,Negatif,3,False,71,Declining,Tier-1 Entity Lookup
ENR-00856-001,SME-2024-00856,2026-06-15,Perusahaan Manufaktur menunjukkan tren stable berdasarkan aktivitas digital,Negatif,5,False,66,Stable,Tier-1 Entity Lookup
ENR-00857-001,SME-2024-00857,2026-06-15,Indikasi penundaan proyek dan pengurangan kapasitas operasional,Positif,0,False,68,Declining,Tier-2 Sector-Regional Proxy
ENR-00858-001,SME-2024-00858,2026-06-15,"Pertumbuhan digital moderat, tidak ada indikator risiko",Negatif,2,False,33,Stable,Tier-2 Sector-Regional Proxy
ENR-00859-001,SME-2024-00859,2026-06-15,Konten negatif terkait keluhan pelanggan terdeteksi di kanal publik,Negatif,1,True,55,Declining,Tier-2 Sector-Regional Proxy
ENR-00860-001,SME-2024-00860,2026-06-15,Penambahan cabang dan peningkatan aktivitas digital terdeteksi,Positif,1,False,61,Growing,Tier-1 Entity Lookup
ENR-00861-001,SME-2024-00861,2026-06-15,Menang tender proyek infrastruktur pemerintah,Negatif,0,False,74,Growing,Tier-1 Entity Lookup
ENR-00862-001,SME-2024-00862,2026-06-15,Konten negatif terkait keluhan pelanggan terdeteksi di kanal publik,Positif,1,False,28,Declining,Tier-2 Sector-Regional Proxy
ENR-00863-001,SME-2024-00863,2026-06-15,Indikasi penundaan proyek dan pengurangan kapasitas operasional,Netral,0,False,36,Declining,Tier-2 Sector-Regional Proxy
ENR-00864-001,SME-2024-00864,2026-06-15,Indikasi penundaan proyek dan pengurangan kapasitas operasional,Netral,1,True,38,Declining,Tier-2 Sector-Regional Proxy
ENR-00865-001,SME-2024-00865,2026-06-15,Konten negatif terkait keluhan pelanggan terdeteksi di kanal publik,Netral,0,False,51,Declining,Tier-2 Sector-Regional Proxy
ENR-00866-001,SME-2024-00866,2026-06-15,Indikasi penundaan proyek dan pengurangan kapasitas operasional,Negatif,0,False,28,Declining,Tier-2 Sector-Regional Proxy
ENR-00867-001,SME-2024-00867,2026-06-15,Penurunan aktivitas digital dan eksposur publik teramati,Negatif,1,False,55,Declining,Tier-2 Sector-Regional Proxy
ENR-00868-001,SME-2024-00868,2026-06-15,Indikasi penundaan proyek dan pengurangan kapasitas operasional,Negatif,3,True,63,Declining,Tier-1 Entity Lookup
ENR-00869-001,SME-2024-00869,2026-06-15,Penambahan cabang dan peningkatan aktivitas digital terdeteksi,Netral,0,True,68,Growing,Tier-2 Sector-Regional Proxy
ENR-00870-001,SME-2024-00870,2026-06-15,Penurunan aktivitas digital dan eksposur publik teramati,Netral,1,False,67,Declining,Tier-2 Sector-Regional Proxy
ENR-00871-001,SME-2024-00871,2026-06-15,Konten negatif terkait keluhan pelanggan terdeteksi di kanal publik,Negatif,2,False,20,Declining,Tier-2 Sector-Regional Proxy
ENR-00872-001,SME-2024-00872,2026-06-15,Penambahan cabang dan peningkatan aktivitas digital terdeteksi,Negatif,1,False,38,Growing,Tier-2 Sector-Regional Proxy
ENR-00873-001,SME-2024-00873,2026-06-15,"Pertumbuhan digital moderat, tidak ada indikator risiko",Negatif,3,True,77,Stable,Tier-1 Entity Lookup
ENR-00874-001,SME-2024-00874,2026-06-15,Penurunan aktivitas digital dan eksposur publik teramati,Netral,2,True,20,Declining,Tier-2 Sector-Regional Proxy
ENR-00875-001,SME-2024-00875,2026-06-15,Perusahaan Teknologi Informasi menunjukkan tren stable berdasarkan aktivitas digital,Negatif,0,False,45,Stable,Tier-2 Sector-Regional Proxy
ENR-00876-001,SME-2024-00876,2026-06-15,Konten negatif terkait keluhan pelanggan terdeteksi di kanal publik,Negatif,2,False,85,Declining,Tier-2 Sector-Regional Proxy
ENR-00877-001,SME-2024-00877,2026-06-15,Konten negatif terkait keluhan pelanggan terdeteksi di kanal publik,Positif,0,False,50,Declining,Tier-2 Sector-Regional Proxy
ENR-00878-001,SME-2024-00878,2026-06-15,Konten negatif terkait keluhan pelanggan terdeteksi di kanal publik,Netral,3,False,53,Declining,Tier-2 Sector-Regional Proxy
ENR-00879-001,SME-2024-00879,2026-06-15,Konten negatif terkait keluhan pelanggan terdeteksi di kanal publik,Netral,0,False,59,Declining,Tier-2 Sector-Regional Proxy
ENR-00880-001,SME-2024-00880,2026-06-15,Indikasi penundaan proyek dan pengurangan kapasitas operasional,Positif,0,False,35,Declining,Tier-2 Sector-Regional Proxy
ENR-00881-001,SME-2024-00881,2026-06-15,Menang tender proyek infrastruktur pemerintah,Negatif,1,False,52,Growing,Tier-2 Sector-Regional Proxy
ENR-00882-001,SME-2024-00882,2026-06-15,Penurunan aktivitas digital dan eksposur publik teramati,Negatif,1,False,43,Declining,Tier-2 Sector-Regional Proxy
ENR-00883-001,SME-2024-00883,2026-06-15,Kolaborasi strategis dengan ekosistem Telkom Group,Negatif,1,False,59,Growing,Tier-2 Sector-Regional Proxy
ENR-00884-001,SME-2024-00884,2026-06-15,"Pertumbuhan digital moderat, tidak ada indikator risiko",Netral,6,False,93,Stable,Tier-1 Entity Lookup
ENR-00885-001,SME-2024-00885,2026-06-15,Ekspansi bisnis dan rekrutmen karyawan baru teramati di semester berjalan,Negatif,4,False,55,Growing,Tier-2 Sector-Regional Proxy
ENR-00886-001,SME-2024-00886,2026-06-15,Ekspansi bisnis dan rekrutmen karyawan baru teramati di semester berjalan,Negatif,1,False,59,Growing,Tier-2 Sector-Regional Proxy
ENR-00887-001,SME-2024-00887,2026-06-15,Menang tender proyek infrastruktur pemerintah,Positif,1,False,51,Growing,Tier-2 Sector-Regional Proxy
ENR-00888-001,SME-2024-00888,2026-06-15,Penurunan aktivitas digital dan eksposur publik teramati,Negatif,1,False,69,Declining,Tier-1 Entity Lookup
ENR-00889-001,SME-2024-00889,2026-06-15,Penambahan cabang dan peningkatan aktivitas digital terdeteksi,Negatif,0,False,65,Growing,Tier-2 Sector-Regional Proxy
ENR-00890-001,SME-2024-00890,2026-06-15,Penurunan aktivitas digital dan eksposur publik teramati,Negatif,1,False,48,Declining,Tier-2 Sector-Regional Proxy
ENR-00891-001,SME-2024-00891,2026-06-15,Perusahaan Kuliner & F&B menunjukkan tren stable berdasarkan aktivitas digital,Netral,0,False,46,Stable,Tier-2 Sector-Regional Proxy
ENR-00892-001,SME-2024-00892,2026-06-15,Ekspansi bisnis dan rekrutmen karyawan baru teramati di semester berjalan,Negatif,0,True,59,Growing,Tier-2 Sector-Regional Proxy
ENR-00893-001,SME-2024-00893,2026-06-15,Konten negatif terkait keluhan pelanggan terdeteksi di kanal publik,Negatif,1,False,32,Declining,Tier-2 Sector-Regional Proxy
ENR-00894-001,SME-2024-00894,2026-06-15,Konten negatif terkait keluhan pelanggan terdeteksi di kanal publik,Netral,0,False,41,Declining,Tier-2 Sector-Regional Proxy
ENR-00895-001,SME-2024-00895,2026-06-15,Ekspansi bisnis dan rekrutmen karyawan baru teramati di semester berjalan,Netral,4,True,80,Growing,Tier-1 Entity Lookup
ENR-00896-001,SME-2024-00896,2026-06-15,"Pertumbuhan digital moderat, tidak ada indikator risiko",Negatif,0,False,85,Stable,Tier-2 Sector-Regional Proxy
ENR-00897-001,SME-2024-00897,2026-06-15,Penurunan aktivitas digital dan eksposur publik teramati,Positif,0,True,36,Declining,Tier-2 Sector-Regional Proxy
ENR-00898-001,SME-2024-00898,2026-06-15,Penurunan aktivitas digital dan eksposur publik teramati,Netral,0,False,33,Declining,Tier-2 Sector-Regional Proxy
ENR-00899-001,SME-2024-00899,2026-06-15,Konten negatif terkait keluhan pelanggan terdeteksi di kanal publik,Netral,2,False,62,Declining,Tier-1 Entity Lookup
ENR-00900-001,SME-2024-00900,2026-06-15,Perusahaan Kesehatan menunjukkan tren stable berdasarkan aktivitas digital,Negatif,0,False,39,Stable,Tier-2 Sector-Regional Proxy
ENR-00901-001,SME-2024-00901,2026-06-15,Operasional bisnis berjalan stabil tanpa anomali signifikan,Negatif,1,False,44,Stable,Tier-2 Sector-Regional Proxy
ENR-00902-001,SME-2024-00902,2026-06-15,Indikasi penundaan proyek dan pengurangan kapasitas operasional,Netral,0,False,55,Declining,Tier-2 Sector-Regional Proxy
ENR-00903-001,SME-2024-00903,2026-06-15,"Pertumbuhan digital moderat, tidak ada indikator risiko",Negatif,2,True,74,Stable,Tier-1 Entity Lookup
ENR-00904-001,SME-2024-00904,2026-06-15,Operasional bisnis berjalan stabil tanpa anomali signifikan,Positif,0,False,31,Stable,Tier-2 Sector-Regional Proxy
ENR-00905-001,SME-2024-00905,2026-06-15,"Pertumbuhan digital moderat, tidak ada indikator risiko",Netral,1,False,71,Stable,Tier-1 Entity Lookup
ENR-00906-001,SME-2024-00906,2026-06-15,Penurunan aktivitas digital dan eksposur publik teramati,Netral,0,False,23,Declining,Tier-2 Sector-Regional Proxy
ENR-00907-001,SME-2024-00907,2026-06-15,"Pertumbuhan digital moderat, tidak ada indikator risiko",Negatif,2,True,74,Stable,Tier-1 Entity Lookup
ENR-00908-001,SME-2024-00908,2026-06-15,Penurunan aktivitas digital dan eksposur publik teramati,Positif,1,True,20,Declining,Tier-2 Sector-Regional Proxy
ENR-00909-001,SME-2024-00909,2026-06-15,Penurunan aktivitas digital dan eksposur publik teramati,Netral,1,False,71,Declining,Tier-1 Entity Lookup
ENR-00910-001,SME-2024-00910,2026-06-15,Indikasi penundaan proyek dan pengurangan kapasitas operasional,Positif,0,False,73,Declining,Tier-2 Sector-Regional Proxy
ENR-00911-001,SME-2024-00911,2026-06-15,"Pertumbuhan digital moderat, tidak ada indikator risiko",Netral,1,False,70,Stable,Tier-2 Sector-Regional Proxy
ENR-00912-001,SME-2024-00912,2026-06-15,Indikasi penundaan proyek dan pengurangan kapasitas operasional,Positif,1,False,53,Declining,Tier-2 Sector-Regional Proxy
ENR-00913-001,SME-2024-00913,2026-06-15,Penurunan aktivitas digital dan eksposur publik teramati,Negatif,1,False,65,Declining,Tier-2 Sector-Regional Proxy
ENR-00914-001,SME-2024-00914,2026-06-15,Ekspansi bisnis dan rekrutmen karyawan baru teramati di semester berjalan,Positif,1,False,81,Growing,Tier-2 Sector-Regional Proxy
ENR-00915-001,SME-2024-00915,2026-06-15,Penurunan aktivitas digital dan eksposur publik teramati,Negatif,0,False,55,Declining,Tier-2 Sector-Regional Proxy
ENR-00916-001,SME-2024-00916,2026-06-15,Operasional bisnis berjalan stabil tanpa anomali signifikan,Netral,1,True,74,Stable,Tier-1 Entity Lookup
ENR-00917-001,SME-2024-00917,2026-06-15,Penurunan aktivitas digital dan eksposur publik teramati,Negatif,4,False,76,Declining,Tier-1 Entity Lookup
ENR-00918-001,SME-2024-00918,2026-06-15,"Pertumbuhan digital moderat, tidak ada indikator risiko",Positif,0,True,23,Stable,Tier-2 Sector-Regional Proxy
ENR-00919-001,SME-2024-00919,2026-06-15,Penurunan aktivitas digital dan eksposur publik teramati,Netral,3,False,73,Declining,Tier-1 Entity Lookup
ENR-00920-001,SME-2024-00920,2026-06-15,Indikasi penundaan proyek dan pengurangan kapasitas operasional,Negatif,5,False,58,Declining,Tier-1 Entity Lookup
ENR-00921-001,SME-2024-00921,2026-06-15,"Pertumbuhan digital moderat, tidak ada indikator risiko",Negatif,0,False,37,Stable,Tier-2 Sector-Regional Proxy
ENR-00922-001,SME-2024-00922,2026-06-15,Indikasi penundaan proyek dan pengurangan kapasitas operasional,Negatif,0,True,45,Declining,Tier-2 Sector-Regional Proxy
ENR-00923-001,SME-2024-00923,2026-06-15,Konten negatif terkait keluhan pelanggan terdeteksi di kanal publik,Negatif,2,True,46,Declining,Tier-1 Entity Lookup
ENR-00924-001,SME-2024-00924,2026-06-15,Indikasi penundaan proyek dan pengurangan kapasitas operasional,Negatif,1,False,42,Declining,Tier-2 Sector-Regional Proxy
ENR-00925-001,SME-2024-00925,2026-06-15,Penurunan aktivitas digital dan eksposur publik teramati,Netral,1,False,73,Declining,Tier-1 Entity Lookup
ENR-00926-001,SME-2024-00926,2026-06-15,Penurunan aktivitas digital dan eksposur publik teramati,Negatif,3,False,29,Declining,Tier-2 Sector-Regional Proxy
ENR-00927-001,SME-2024-00927,2026-06-15,Konten negatif terkait keluhan pelanggan terdeteksi di kanal publik,Netral,2,True,41,Declining,Tier-2 Sector-Regional Proxy
ENR-00928-001,SME-2024-00928,2026-06-15,Ekspansi bisnis dan rekrutmen karyawan baru teramati di semester berjalan,Negatif,1,True,51,Growing,Tier-2 Sector-Regional Proxy
ENR-00929-001,SME-2024-00929,2026-06-15,Indikasi penundaan proyek dan pengurangan kapasitas operasional,Netral,4,False,32,Declining,Tier-2 Sector-Regional Proxy
ENR-00930-001,SME-2024-00930,2026-06-15,Menang tender proyek infrastruktur pemerintah,Negatif,1,False,55,Growing,Tier-2 Sector-Regional Proxy
ENR-00931-001,SME-2024-00931,2026-06-15,Konten negatif terkait keluhan pelanggan terdeteksi di kanal publik,Netral,0,True,44,Declining,Tier-2 Sector-Regional Proxy
ENR-00932-001,SME-2024-00932,2026-06-15,Indikasi penundaan proyek dan pengurangan kapasitas operasional,Negatif,1,True,63,Declining,Tier-2 Sector-Regional Proxy
ENR-00933-001,SME-2024-00933,2026-06-15,Penurunan aktivitas digital dan eksposur publik teramati,Negatif,1,False,47,Declining,Tier-1 Entity Lookup
ENR-00934-001,SME-2024-00934,2026-06-15,Penurunan aktivitas digital dan eksposur publik teramati,Netral,1,True,35,Declining,Tier-2 Sector-Regional Proxy
ENR-00935-001,SME-2024-00935,2026-06-15,Konten negatif terkait keluhan pelanggan terdeteksi di kanal publik,Netral,3,True,70,Declining,Tier-1 Entity Lookup
ENR-00936-001,SME-2024-00936,2026-06-15,Penurunan aktivitas digital dan eksposur publik teramati,Negatif,0,False,50,Declining,Tier-2 Sector-Regional Proxy
ENR-00937-001,SME-2024-00937,2026-06-15,Indikasi penundaan proyek dan pengurangan kapasitas operasional,Positif,0,False,47,Declining,Tier-2 Sector-Regional Proxy
ENR-00938-001,SME-2024-00938,2026-06-15,Konten negatif terkait keluhan pelanggan terdeteksi di kanal publik,Netral,0,True,54,Declining,Tier-2 Sector-Regional Proxy
ENR-00939-001,SME-2024-00939,2026-06-15,Konten negatif terkait keluhan pelanggan terdeteksi di kanal publik,Netral,1,False,71,Declining,Tier-1 Entity Lookup
ENR-00940-001,SME-2024-00940,2026-06-15,Operasional bisnis berjalan stabil tanpa anomali signifikan,Negatif,2,False,85,Stable,Tier-1 Entity Lookup
ENR-00941-001,SME-2024-00941,2026-06-15,Konten negatif terkait keluhan pelanggan terdeteksi di kanal publik,Netral,2,False,71,Declining,Tier-1 Entity Lookup
ENR-00942-001,SME-2024-00942,2026-06-15,"Pertumbuhan digital moderat, tidak ada indikator risiko",Positif,2,False,81,Stable,Tier-1 Entity Lookup
ENR-00943-001,SME-2024-00943,2026-06-15,Konten negatif terkait keluhan pelanggan terdeteksi di kanal publik,Negatif,0,False,55,Declining,Tier-2 Sector-Regional Proxy
ENR-00944-001,SME-2024-00944,2026-06-15,Indikasi penundaan proyek dan pengurangan kapasitas operasional,Negatif,1,True,48,Declining,Tier-2 Sector-Regional Proxy
ENR-00945-001,SME-2024-00945,2026-06-15,"Pertumbuhan digital moderat, tidak ada indikator risiko",Netral,0,True,45,Stable,Tier-2 Sector-Regional Proxy
ENR-00946-001,SME-2024-00946,2026-06-15,Indikasi penundaan proyek dan pengurangan kapasitas operasional,Negatif,1,False,25,Declining,Tier-2 Sector-Regional Proxy
ENR-00947-001,SME-2024-00947,2026-06-15,Menang tender proyek infrastruktur pemerintah,Negatif,0,False,60,Growing,Tier-2 Sector-Regional Proxy
ENR-00948-001,SME-2024-00948,2026-06-15,Penurunan aktivitas digital dan eksposur publik teramati,Negatif,1,False,47,Declining,Tier-2 Sector-Regional Proxy
ENR-00949-001,SME-2024-00949,2026-06-15,Konten negatif terkait keluhan pelanggan terdeteksi di kanal publik,Negatif,0,False,51,Declining,Tier-2 Sector-Regional Proxy
ENR-00950-001,SME-2024-00950,2026-06-15,Indikasi penundaan proyek dan pengurangan kapasitas operasional,Positif,0,False,56,Declining,Tier-2 Sector-Regional Proxy
ENR-00951-001,SME-2024-00951,2026-06-15,Operasional bisnis berjalan stabil tanpa anomali signifikan,Netral,0,False,69,Stable,Tier-2 Sector-Regional Proxy
ENR-00952-001,SME-2024-00952,2026-06-15,Penurunan aktivitas digital dan eksposur publik teramati,Netral,0,False,42,Declining,Tier-1 Entity Lookup
ENR-00953-001,SME-2024-00953,2026-06-15,Konten negatif terkait keluhan pelanggan terdeteksi di kanal publik,Negatif,0,False,54,Declining,Tier-2 Sector-Regional Proxy
ENR-00954-001,SME-2024-00954,2026-06-15,Konten negatif terkait keluhan pelanggan terdeteksi di kanal publik,Netral,0,False,62,Declining,Tier-2 Sector-Regional Proxy
ENR-00955-001,SME-2024-00955,2026-06-15,Konten negatif terkait keluhan pelanggan terdeteksi di kanal publik,Netral,3,False,63,Declining,Tier-1 Entity Lookup
ENR-00956-001,SME-2024-00956,2026-06-15,Perusahaan Kuliner & F&B menunjukkan tren stable berdasarkan aktivitas digital,Negatif,0,False,58,Stable,Tier-2 Sector-Regional Proxy
ENR-00957-001,SME-2024-00957,2026-06-15,Konten negatif terkait keluhan pelanggan terdeteksi di kanal publik,Negatif,0,False,39,Declining,Tier-2 Sector-Regional Proxy
ENR-00958-001,SME-2024-00958,2026-06-15,Penambahan cabang dan peningkatan aktivitas digital terdeteksi,Negatif,1,True,42,Growing,Tier-2 Sector-Regional Proxy
ENR-00959-001,SME-2024-00959,2026-06-15,"Pertumbuhan digital moderat, tidak ada indikator risiko",Netral,0,False,49,Stable,Tier-2 Sector-Regional Proxy
ENR-00960-001,SME-2024-00960,2026-06-15,Penurunan aktivitas digital dan eksposur publik teramati,Positif,0,True,30,Declining,Tier-2 Sector-Regional Proxy
ENR-00961-001,SME-2024-00961,2026-06-15,Konten negatif terkait keluhan pelanggan terdeteksi di kanal publik,Positif,0,True,56,Declining,Tier-2 Sector-Regional Proxy
ENR-00962-001,SME-2024-00962,2026-06-15,Menang tender proyek infrastruktur pemerintah,Negatif,0,True,63,Growing,Tier-2 Sector-Regional Proxy
ENR-00963-001,SME-2024-00963,2026-06-15,Operasional bisnis berjalan stabil tanpa anomali signifikan,Positif,1,False,54,Stable,Tier-1 Entity Lookup
ENR-00964-001,SME-2024-00964,2026-06-15,Konten negatif terkait keluhan pelanggan terdeteksi di kanal publik,Positif,2,False,69,Declining,Tier-1 Entity Lookup
ENR-00965-001,SME-2024-00965,2026-06-15,Penurunan aktivitas digital dan eksposur publik teramati,Positif,0,False,49,Declining,Tier-2 Sector-Regional Proxy
ENR-00966-001,SME-2024-00966,2026-06-15,Indikasi penundaan proyek dan pengurangan kapasitas operasional,Netral,1,True,61,Declining,Tier-2 Sector-Regional Proxy
ENR-00967-001,SME-2024-00967,2026-06-15,Konten negatif terkait keluhan pelanggan terdeteksi di kanal publik,Netral,1,True,63,Declining,Tier-2 Sector-Regional Proxy
ENR-00968-001,SME-2024-00968,2026-06-15,Menang tender proyek infrastruktur pemerintah,Netral,1,False,63,Growing,Tier-2 Sector-Regional Proxy
ENR-00969-001,SME-2024-00969,2026-06-15,Konten negatif terkait keluhan pelanggan terdeteksi di kanal publik,Positif,0,False,64,Declining,Tier-2 Sector-Regional Proxy
ENR-00970-001,SME-2024-00970,2026-06-15,Indikasi penundaan proyek dan pengurangan kapasitas operasional,Negatif,1,False,45,Declining,Tier-2 Sector-Regional Proxy
ENR-00971-001,SME-2024-00971,2026-06-15,Indikasi penundaan proyek dan pengurangan kapasitas operasional,Negatif,1,False,42,Declining,Tier-2 Sector-Regional Proxy
ENR-00972-001,SME-2024-00972,2026-06-15,Perusahaan Kuliner & F&B menunjukkan tren stable berdasarkan aktivitas digital,Negatif,0,False,73,Stable,Tier-1 Entity Lookup
ENR-00973-001,SME-2024-00973,2026-06-15,Indikasi penundaan proyek dan pengurangan kapasitas operasional,Negatif,1,False,59,Declining,Tier-2 Sector-Regional Proxy
ENR-00974-001,SME-2024-00974,2026-06-15,Indikasi penundaan proyek dan pengurangan kapasitas operasional,Negatif,5,False,64,Declining,Tier-1 Entity Lookup
ENR-00975-001,SME-2024-00975,2026-06-15,Penurunan aktivitas digital dan eksposur publik teramati,Negatif,1,True,43,Declining,Tier-2 Sector-Regional Proxy
ENR-00976-001,SME-2024-00976,2026-06-15,Indikasi penundaan proyek dan pengurangan kapasitas operasional,Negatif,1,True,46,Declining,Tier-2 Sector-Regional Proxy
ENR-00977-001,SME-2024-00977,2026-06-15,Menang tender proyek infrastruktur pemerintah,Positif,1,False,44,Growing,Tier-2 Sector-Regional Proxy
ENR-00978-001,SME-2024-00978,2026-06-15,Indikasi penundaan proyek dan pengurangan kapasitas operasional,Positif,0,False,47,Declining,Tier-2 Sector-Regional Proxy
ENR-00979-001,SME-2024-00979,2026-06-15,Indikasi penundaan proyek dan pengurangan kapasitas operasional,Negatif,1,False,45,Declining,Tier-2 Sector-Regional Proxy
ENR-00980-001,SME-2024-00980,2026-06-15,Penambahan cabang dan peningkatan aktivitas digital terdeteksi,Negatif,1,False,26,Growing,Tier-2 Sector-Regional Proxy
ENR-00981-001,SME-2024-00981,2026-06-15,"Pertumbuhan digital moderat, tidak ada indikator risiko",Negatif,0,False,52,Stable,Tier-2 Sector-Regional Proxy
ENR-00982-001,SME-2024-00982,2026-06-15,"Pertumbuhan digital moderat, tidak ada indikator risiko",Netral,0,False,70,Stable,Tier-2 Sector-Regional Proxy
ENR-00983-001,SME-2024-00983,2026-06-15,Penurunan aktivitas digital dan eksposur publik teramati,Negatif,2,True,53,Declining,Tier-2 Sector-Regional Proxy
ENR-00984-001,SME-2024-00984,2026-06-15,Operasional bisnis berjalan stabil tanpa anomali signifikan,Positif,1,False,30,Stable,Tier-2 Sector-Regional Proxy
ENR-00985-001,SME-2024-00985,2026-06-15,Indikasi penundaan proyek dan pengurangan kapasitas operasional,Negatif,1,True,85,Declining,Tier-1 Entity Lookup
ENR-00986-001,SME-2024-00986,2026-06-15,Penurunan aktivitas digital dan eksposur publik teramati,Negatif,1,False,48,Declining,Tier-2 Sector-Regional Proxy
ENR-00987-001,SME-2024-00987,2026-06-15,Perusahaan Kesehatan menunjukkan tren stable berdasarkan aktivitas digital,Netral,1,False,82,Stable,Tier-2 Sector-Regional Proxy
ENR-00988-001,SME-2024-00988,2026-06-15,Perusahaan Konstruksi menunjukkan tren stable berdasarkan aktivitas digital,Positif,0,False,60,Stable,Tier-2 Sector-Regional Proxy
ENR-00989-001,SME-2024-00989,2026-06-15,Indikasi penundaan proyek dan pengurangan kapasitas operasional,Negatif,3,True,55,Declining,Tier-1 Entity Lookup
ENR-00990-001,SME-2024-00990,2026-06-15,Penurunan aktivitas digital dan eksposur publik teramati,Netral,1,False,63,Declining,Tier-1 Entity Lookup
ENR-00991-001,SME-2024-00991,2026-06-15,Penurunan aktivitas digital dan eksposur publik teramati,Netral,0,False,62,Declining,Tier-2 Sector-Regional Proxy
ENR-00992-001,SME-2024-00992,2026-06-15,Penurunan aktivitas digital dan eksposur publik teramati,Positif,0,True,42,Declining,Tier-2 Sector-Regional Proxy
ENR-00993-001,SME-2024-00993,2026-06-15,Ekspansi bisnis dan rekrutmen karyawan baru teramati di semester berjalan,Negatif,3,False,71,Growing,Tier-2 Sector-Regional Proxy
ENR-00994-001,SME-2024-00994,2026-06-15,Indikasi penundaan proyek dan pengurangan kapasitas operasional,Netral,1,False,50,Declining,Tier-2 Sector-Regional Proxy
ENR-00995-001,SME-2024-00995,2026-06-15,Penambahan cabang dan peningkatan aktivitas digital terdeteksi,Negatif,4,False,92,Growing,Tier-1 Entity Lookup
ENR-00996-001,SME-2024-00996,2026-06-15,Indikasi penundaan proyek dan pengurangan kapasitas operasional,Negatif,1,True,54,Declining,Tier-2 Sector-Regional Proxy
ENR-00997-001,SME-2024-00997,2026-06-15,Operasional bisnis berjalan stabil tanpa anomali signifikan,Positif,1,False,55,Stable,Tier-2 Sector-Regional Proxy
ENR-00998-001,SME-2024-00998,2026-06-15,Perusahaan Konstruksi menunjukkan tren stable berdasarkan aktivitas digital,Positif,0,False,32,Stable,Tier-2 Sector-Regional Proxy
ENR-00999-001,SME-2024-00999,2026-06-15,Menang tender proyek infrastruktur pemerintah,Negatif,3,True,65,Growing,Tier-1 Entity Lookup
ENR-01000-001,SME-2024-01000,2026-06-15,Menang tender proyek infrastruktur pemerintah,Negatif,1,False,39,Growing,Tier-2 Sector-Regional Proxy
