intervention_id,customer_id,intervention_date,intervention_type,channel_used,outcome,cost_incurred,follow_up_date
IVN-00001-001,SME-2024-00001,2026-02-16,Service Upgrade Offer,Email,Accepted,500000,2026-03-10
IVN-00002-002,SME-2024-00002,2026-03-05,Loyalty Reward,Email,Accepted,250000,2026-03-15
IVN-00005-003,SME-2024-00005,2025-12-04,Executive Check-in,Visit,Accepted,250000,2025-12-23
IVN-00007-004,SME-2024-00007,2025-09-09,Retention Offer,Visit,Accepted,100000,2025-09-24
IVN-00007-005,SME-2024-00007,2025-07-04,Loyalty Reward,Email,Accepted,250000,2025-07-20
IVN-00008-006,SME-2024-00008,2025-11-13,Win-back Call,WhatsApp,Partial,250000,2025-12-05
IVN-00009-007,SME-2024-00009,2025-08-07,Loyalty Reward,Email,No Response,100000,2025-08-25
IVN-00010-008,SME-2024-00010,2025-10-01,Retention Offer,Phone Call,Accepted,100000,2025-10-16
IVN-00012-009,SME-2024-00012,2026-06-04,Retention Offer,Visit,Partial,100000,2026-06-28
IVN-00012-010,SME-2024-00012,2026-03-20,Discount Package,Phone Call,Declined,100000,2026-04-13
IVN-00012-011,SME-2024-00012,2026-01-11,Service Upgrade Offer,Phone Call,Declined,100000,2026-01-24
IVN-00012-012,SME-2024-00012,2026-06-06,Win-back Call,Phone Call,No Response,500000,2026-06-20
IVN-00014-013,SME-2024-00014,2026-01-16,Retention Offer,Phone Call,No Response,250000,2026-02-01
IVN-00014-014,SME-2024-00014,2026-02-09,Service Upgrade Offer,Visit,Declined,100000,2026-02-19
IVN-00014-015,SME-2024-00014,2026-01-20,Executive Check-in,Visit,Partial,500000,2026-02-19
IVN-00015-016,SME-2024-00015,2026-02-07,Win-back Call,Email,Accepted,500000,2026-03-01
IVN-00015-017,SME-2024-00015,2025-07-16,Executive Check-in,Email,Declined,250000,2025-08-10
IVN-00016-018,SME-2024-00016,2025-08-19,Retention Offer,WhatsApp,Accepted,100000,2025-08-31
IVN-00016-019,SME-2024-00016,2025-07-22,Service Upgrade Offer,WhatsApp,No Response,250000,2025-08-16
IVN-00018-020,SME-2024-00018,2026-03-18,Loyalty Reward,Email,Declined,100000,2026-04-15
IVN-00019-021,SME-2024-00019,2025-09-14,Loyalty Reward,Email,Accepted,250000,2025-09-28
IVN-00019-022,SME-2024-00019,2025-07-17,Service Upgrade Offer,Phone Call,Declined,100000,2025-07-30
IVN-00020-023,SME-2024-00020,2026-02-17,Service Upgrade Offer,Visit,Accepted,100000,2026-03-03
IVN-00021-024,SME-2024-00021,2025-11-13,Win-back Call,Email,Declined,100000,2025-11-24
IVN-00021-025,SME-2024-00021,2026-01-14,Loyalty Reward,Visit,Accepted,100000,2026-01-28
IVN-00022-026,SME-2024-00022,2026-06-01,Discount Package,Phone Call,Accepted,250000,2026-06-20
IVN-00022-027,SME-2024-00022,2025-08-19,Service Upgrade Offer,Visit,No Response,100000,2025-09-08
IVN-00024-028,SME-2024-00024,2026-02-11,Executive Check-in,Phone Call,No Response,250000,2026-02-28
IVN-00024-029,SME-2024-00024,2025-12-22,Win-back Call,Visit,No Response,250000,2025-12-29
IVN-00025-030,SME-2024-00025,2025-08-04,Retention Offer,Visit,Partial,250000,2025-08-27
IVN-00028-031,SME-2024-00028,2025-11-04,Retention Offer,Visit,Accepted,500000,2025-11-22
IVN-00031-032,SME-2024-00031,2025-10-10,Retention Offer,Visit,Accepted,250000,2025-11-01
IVN-00032-033,SME-2024-00032,2026-03-17,Win-back Call,Phone Call,Declined,100000,2026-04-14
IVN-00032-034,SME-2024-00032,2026-04-15,Service Upgrade Offer,Email,Accepted,100000,2026-04-23
IVN-00033-035,SME-2024-00033,2026-04-22,Win-back Call,Visit,Accepted,100000,2026-05-08
IVN-00035-036,SME-2024-00035,2026-04-16,Win-back Call,Phone Call,No Response,100000,2026-05-02
IVN-00035-037,SME-2024-00035,2026-02-12,Executive Check-in,WhatsApp,Accepted,250000,2026-03-08
IVN-00035-038,SME-2024-00035,2026-05-09,Win-back Call,Email,Accepted,500000,2026-05-23
IVN-00037-039,SME-2024-00037,2026-03-24,Retention Offer,Visit,Accepted,500000,2026-04-15
IVN-00037-040,SME-2024-00037,2025-08-13,Retention Offer,Visit,Accepted,250000,2025-08-24
IVN-00039-041,SME-2024-00039,2025-07-09,Win-back Call,Email,Accepted,500000,2025-08-04
IVN-00040-042,SME-2024-00040,2026-02-18,Win-back Call,WhatsApp,Accepted,100000,2026-03-01
IVN-00040-043,SME-2024-00040,2026-04-20,Discount Package,Phone Call,No Response,250000,2026-04-30
IVN-00040-044,SME-2024-00040,2025-09-17,Executive Check-in,Phone Call,No Response,100000,2025-10-08
IVN-00041-045,SME-2024-00041,2026-06-06,Discount Package,WhatsApp,Accepted,250000,2026-07-03
IVN-00042-046,SME-2024-00042,2026-05-19,Retention Offer,Phone Call,Accepted,100000,2026-06-03
IVN-00044-047,SME-2024-00044,2025-10-21,Discount Package,Visit,Accepted,500000,2025-11-19
IVN-00044-048,SME-2024-00044,2026-04-14,Win-back Call,Email,Accepted,500000,2026-04-25
IVN-00049-049,SME-2024-00049,2025-08-15,Win-back Call,Visit,Accepted,250000,2025-09-09
IVN-00051-050,SME-2024-00051,2025-10-11,Loyalty Reward,Visit,Partial,500000,2025-10-30
IVN-00052-051,SME-2024-00052,2025-12-21,Executive Check-in,Email,Accepted,500000,2026-01-09
IVN-00054-052,SME-2024-00054,2025-09-18,Service Upgrade Offer,WhatsApp,Partial,500000,2025-10-12
IVN-00056-053,SME-2024-00056,2026-06-22,Win-back Call,Phone Call,Accepted,100000,2026-07-07
IVN-00056-054,SME-2024-00056,2025-07-15,Service Upgrade Offer,Phone Call,Declined,500000,2025-08-14
IVN-00058-055,SME-2024-00058,2026-04-14,Discount Package,Email,No Response,100000,2026-04-26
IVN-00060-056,SME-2024-00060,2025-12-02,Win-back Call,Phone Call,Accepted,250000,2025-12-18
IVN-00061-057,SME-2024-00061,2026-03-12,Retention Offer,Email,Declined,250000,2026-04-08
IVN-00063-058,SME-2024-00063,2026-06-17,Win-back Call,Email,Partial,500000,2026-07-11
IVN-00063-059,SME-2024-00063,2026-03-04,Discount Package,Phone Call,Accepted,100000,2026-03-11
IVN-00066-060,SME-2024-00066,2026-04-04,Loyalty Reward,WhatsApp,Accepted,100000,2026-05-03
IVN-00066-061,SME-2024-00066,2026-05-18,Discount Package,WhatsApp,Accepted,100000,2026-06-13
IVN-00067-062,SME-2024-00067,2025-08-05,Retention Offer,Email,Partial,100000,2025-08-29
IVN-00067-063,SME-2024-00067,2025-07-12,Win-back Call,Visit,No Response,500000,2025-07-27
IVN-00067-064,SME-2024-00067,2025-12-03,Service Upgrade Offer,Visit,Accepted,250000,2025-12-12
IVN-00067-065,SME-2024-00067,2026-05-14,Loyalty Reward,Visit,Accepted,500000,2026-05-22
IVN-00068-066,SME-2024-00068,2025-10-24,Discount Package,Phone Call,Accepted,100000,2025-11-23
IVN-00068-067,SME-2024-00068,2026-01-18,Retention Offer,Visit,Accepted,250000,2026-02-03
IVN-00068-068,SME-2024-00068,2026-04-11,Loyalty Reward,Visit,Declined,250000,2026-05-08
IVN-00068-069,SME-2024-00068,2025-08-14,Service Upgrade Offer,WhatsApp,Accepted,100000,2025-08-23
IVN-00069-070,SME-2024-00069,2025-11-08,Executive Check-in,Visit,Accepted,500000,2025-12-02
IVN-00070-071,SME-2024-00070,2025-10-24,Win-back Call,Visit,Partial,500000,2025-11-02
IVN-00071-072,SME-2024-00071,2026-04-19,Discount Package,Email,Declined,100000,2026-04-26
IVN-00075-073,SME-2024-00075,2025-07-21,Service Upgrade Offer,Email,Partial,500000,2025-08-14
IVN-00075-074,SME-2024-00075,2026-02-20,Service Upgrade Offer,WhatsApp,Accepted,100000,2026-03-02
IVN-00075-075,SME-2024-00075,2026-02-17,Retention Offer,Visit,No Response,250000,2026-03-12
IVN-00076-076,SME-2024-00076,2026-04-22,Retention Offer,Visit,Partial,250000,2026-05-18
IVN-00076-077,SME-2024-00076,2026-02-13,Win-back Call,Email,Accepted,500000,2026-02-24
IVN-00077-078,SME-2024-00077,2025-09-07,Executive Check-in,Visit,Accepted,100000,2025-10-06
IVN-00077-079,SME-2024-00077,2026-05-15,Retention Offer,Visit,Accepted,100000,2026-06-08
IVN-00077-080,SME-2024-00077,2026-02-21,Discount Package,Email,Accepted,500000,2026-03-14
IVN-00078-081,SME-2024-00078,2025-10-18,Service Upgrade Offer,Phone Call,Accepted,100000,2025-11-04
IVN-00078-082,SME-2024-00078,2025-12-06,Executive Check-in,WhatsApp,Accepted,100000,2025-12-19
IVN-00080-083,SME-2024-00080,2025-11-05,Retention Offer,WhatsApp,Accepted,250000,2025-11-12
IVN-00083-084,SME-2024-00083,2025-12-22,Executive Check-in,WhatsApp,Accepted,500000,2026-01-17
IVN-00083-085,SME-2024-00083,2025-12-19,Loyalty Reward,Visit,Accepted,250000,2026-01-09
IVN-00083-086,SME-2024-00083,2025-08-19,Retention Offer,Email,Accepted,500000,2025-09-02
IVN-00085-087,SME-2024-00085,2026-02-04,Loyalty Reward,Phone Call,Accepted,250000,2026-02-14
IVN-00087-088,SME-2024-00087,2026-04-20,Win-back Call,Email,Accepted,250000,2026-05-07
IVN-00087-089,SME-2024-00087,2025-08-19,Discount Package,Visit,Accepted,500000,2025-09-12
IVN-00088-090,SME-2024-00088,2026-02-04,Service Upgrade Offer,Email,Accepted,250000,2026-02-24
IVN-00088-091,SME-2024-00088,2026-04-17,Service Upgrade Offer,WhatsApp,Declined,500000,2026-05-14
IVN-00088-092,SME-2024-00088,2025-07-24,Win-back Call,Visit,Declined,100000,2025-08-03
IVN-00089-093,SME-2024-00089,2026-03-20,Service Upgrade Offer,WhatsApp,Accepted,100000,2026-04-08
IVN-00092-094,SME-2024-00092,2026-03-16,Service Upgrade Offer,Email,Accepted,250000,2026-04-13
IVN-00093-095,SME-2024-00093,2026-06-15,Executive Check-in,Email,Partial,100000,2026-07-07
IVN-00093-096,SME-2024-00093,2025-07-01,Win-back Call,Email,Partial,500000,2025-07-19
IVN-00094-097,SME-2024-00094,2026-05-13,Win-back Call,Phone Call,Accepted,100000,2026-06-10
IVN-00095-098,SME-2024-00095,2026-05-21,Win-back Call,Visit,Accepted,250000,2026-06-18
IVN-00095-099,SME-2024-00095,2026-03-09,Executive Check-in,Email,Declined,500000,2026-03-19
IVN-00096-100,SME-2024-00096,2025-07-08,Discount Package,Email,No Response,100000,2025-07-24
IVN-00098-101,SME-2024-00098,2026-02-24,Retention Offer,Phone Call,Partial,250000,2026-03-24
IVN-00099-102,SME-2024-00099,2026-05-02,Discount Package,Email,No Response,500000,2026-05-09
IVN-00100-103,SME-2024-00100,2026-06-04,Loyalty Reward,Phone Call,Accepted,500000,2026-06-28
IVN-00101-104,SME-2024-00101,2025-08-22,Win-back Call,Visit,Accepted,250000,2025-09-17
IVN-00102-105,SME-2024-00102,2025-09-04,Win-back Call,WhatsApp,Accepted,250000,2025-09-29
IVN-00102-106,SME-2024-00102,2026-05-12,Discount Package,Visit,Declined,100000,2026-06-04
IVN-00103-107,SME-2024-00103,2026-02-09,Retention Offer,WhatsApp,Accepted,500000,2026-02-16
IVN-00103-108,SME-2024-00103,2026-06-19,Retention Offer,WhatsApp,No Response,500000,2026-06-29
IVN-00104-109,SME-2024-00104,2025-08-24,Executive Check-in,Visit,Accepted,500000,2025-09-09
IVN-00104-110,SME-2024-00104,2026-01-02,Win-back Call,WhatsApp,Accepted,250000,2026-01-16
IVN-00105-111,SME-2024-00105,2025-09-03,Win-back Call,Visit,Accepted,250000,2025-09-27
IVN-00106-112,SME-2024-00106,2026-06-18,Loyalty Reward,Visit,No Response,500000,2026-07-09
IVN-00108-113,SME-2024-00108,2025-11-23,Executive Check-in,Phone Call,Partial,250000,2025-12-20
IVN-00109-114,SME-2024-00109,2025-11-08,Executive Check-in,Phone Call,Accepted,100000,2025-11-22
IVN-00109-115,SME-2024-00109,2026-01-24,Service Upgrade Offer,Visit,Accepted,500000,2026-02-12
IVN-00109-116,SME-2024-00109,2026-06-15,Loyalty Reward,Visit,Accepted,250000,2026-06-22
IVN-00110-117,SME-2024-00110,2025-09-18,Executive Check-in,Visit,Partial,250000,2025-10-09
IVN-00111-118,SME-2024-00111,2025-08-10,Service Upgrade Offer,Visit,Accepted,100000,2025-09-03
IVN-00111-119,SME-2024-00111,2026-06-21,Service Upgrade Offer,Phone Call,Partial,100000,2026-06-30
IVN-00112-120,SME-2024-00112,2025-07-04,Loyalty Reward,WhatsApp,Accepted,100000,2025-07-20
IVN-00112-121,SME-2024-00112,2025-11-23,Loyalty Reward,WhatsApp,No Response,500000,2025-12-23
IVN-00114-122,SME-2024-00114,2025-08-12,Executive Check-in,Phone Call,No Response,500000,2025-08-24
IVN-00115-123,SME-2024-00115,2025-10-09,Loyalty Reward,Visit,Accepted,500000,2025-10-27
IVN-00115-124,SME-2024-00115,2025-09-19,Win-back Call,Visit,Accepted,100000,2025-10-13
IVN-00116-125,SME-2024-00116,2025-11-24,Discount Package,Visit,Accepted,500000,2025-12-21
IVN-00116-126,SME-2024-00116,2025-07-01,Loyalty Reward,Visit,Accepted,100000,2025-07-23
IVN-00117-127,SME-2024-00117,2026-04-06,Loyalty Reward,Email,Accepted,500000,2026-04-26
IVN-00118-128,SME-2024-00118,2026-06-02,Win-back Call,Visit,Accepted,500000,2026-06-10
IVN-00119-129,SME-2024-00119,2026-01-03,Win-back Call,Visit,Accepted,100000,2026-01-21
IVN-00119-130,SME-2024-00119,2025-08-08,Win-back Call,Email,Accepted,100000,2025-08-31
IVN-00121-131,SME-2024-00121,2026-03-15,Win-back Call,Email,Accepted,500000,2026-04-06
IVN-00121-132,SME-2024-00121,2026-04-06,Win-back Call,Visit,Accepted,250000,2026-05-05
IVN-00122-133,SME-2024-00122,2026-02-03,Loyalty Reward,Visit,Accepted,500000,2026-03-03
IVN-00122-134,SME-2024-00122,2025-11-23,Win-back Call,WhatsApp,Accepted,250000,2025-12-23
IVN-00123-135,SME-2024-00123,2026-04-19,Executive Check-in,Visit,Accepted,100000,2026-05-18
IVN-00124-136,SME-2024-00124,2026-03-07,Service Upgrade Offer,WhatsApp,Accepted,500000,2026-04-06
IVN-00124-137,SME-2024-00124,2025-09-09,Loyalty Reward,Email,Accepted,250000,2025-09-28
IVN-00126-138,SME-2024-00126,2025-07-07,Discount Package,Visit,Accepted,100000,2025-07-17
IVN-00127-139,SME-2024-00127,2026-03-18,Win-back Call,Phone Call,No Response,500000,2026-04-17
IVN-00128-140,SME-2024-00128,2026-03-06,Retention Offer,Email,Accepted,100000,2026-03-28
IVN-00128-141,SME-2024-00128,2026-02-13,Executive Check-in,Phone Call,Accepted,100000,2026-02-22
IVN-00128-142,SME-2024-00128,2025-07-17,Executive Check-in,Visit,Accepted,500000,2025-08-14
IVN-00130-143,SME-2024-00130,2025-08-16,Service Upgrade Offer,Visit,No Response,500000,2025-09-02
IVN-00131-144,SME-2024-00131,2026-06-19,Win-back Call,Email,Accepted,250000,2026-07-10
IVN-00132-145,SME-2024-00132,2025-12-07,Service Upgrade Offer,Phone Call,Declined,100000,2025-12-22
IVN-00132-146,SME-2024-00132,2026-02-03,Service Upgrade Offer,Visit,Accepted,250000,2026-03-01
IVN-00132-147,SME-2024-00132,2025-11-03,Service Upgrade Offer,Visit,Accepted,250000,2025-11-26
IVN-00134-148,SME-2024-00134,2026-05-14,Executive Check-in,Visit,Accepted,100000,2026-06-07
IVN-00135-149,SME-2024-00135,2025-09-17,Service Upgrade Offer,Email,Accepted,100000,2025-10-16
IVN-00136-150,SME-2024-00136,2026-03-01,Executive Check-in,Visit,Accepted,500000,2026-03-13
IVN-00141-151,SME-2024-00141,2025-07-10,Win-back Call,Visit,No Response,500000,2025-07-31
IVN-00142-152,SME-2024-00142,2026-03-17,Retention Offer,Email,Accepted,500000,2026-04-10
IVN-00143-153,SME-2024-00143,2026-06-04,Retention Offer,Visit,No Response,250000,2026-06-28
IVN-00146-154,SME-2024-00146,2026-02-02,Win-back Call,Email,Accepted,250000,2026-03-02
IVN-00147-155,SME-2024-00147,2026-04-02,Win-back Call,Email,No Response,250000,2026-04-21
IVN-00148-156,SME-2024-00148,2025-07-10,Loyalty Reward,WhatsApp,No Response,250000,2025-07-24
IVN-00148-157,SME-2024-00148,2025-12-03,Executive Check-in,Visit,Accepted,500000,2026-01-02
IVN-00148-158,SME-2024-00148,2026-05-11,Win-back Call,Visit,Declined,100000,2026-05-20
IVN-00149-159,SME-2024-00149,2026-06-19,Discount Package,WhatsApp,Accepted,100000,2026-07-02
IVN-00149-160,SME-2024-00149,2026-01-18,Retention Offer,WhatsApp,Accepted,100000,2026-02-07
IVN-00150-161,SME-2024-00150,2026-01-04,Loyalty Reward,Visit,Partial,250000,2026-01-25
IVN-00150-162,SME-2024-00150,2025-11-08,Service Upgrade Offer,Phone Call,Accepted,500000,2025-11-18
IVN-00151-163,SME-2024-00151,2026-05-12,Loyalty Reward,WhatsApp,Accepted,100000,2026-06-10
IVN-00154-164,SME-2024-00154,2026-04-01,Retention Offer,WhatsApp,No Response,250000,2026-04-12
IVN-00154-165,SME-2024-00154,2025-10-18,Retention Offer,Phone Call,No Response,250000,2025-11-09
IVN-00154-166,SME-2024-00154,2026-03-06,Service Upgrade Offer,Visit,Accepted,500000,2026-03-19
IVN-00155-167,SME-2024-00155,2025-11-11,Retention Offer,WhatsApp,Accepted,250000,2025-12-10
IVN-00155-168,SME-2024-00155,2026-06-24,Retention Offer,Email,Declined,250000,2026-07-03
IVN-00155-169,SME-2024-00155,2026-06-10,Executive Check-in,Email,Accepted,500000,2026-06-19
IVN-00156-170,SME-2024-00156,2026-02-22,Executive Check-in,Phone Call,No Response,500000,2026-03-02
IVN-00156-171,SME-2024-00156,2025-12-10,Loyalty Reward,Email,No Response,100000,2025-12-19
IVN-00158-172,SME-2024-00158,2026-04-23,Win-back Call,Phone Call,Partial,250000,2026-05-01
IVN-00159-173,SME-2024-00159,2025-09-20,Executive Check-in,Visit,Declined,500000,2025-10-13
IVN-00161-174,SME-2024-00161,2026-06-05,Win-back Call,WhatsApp,Accepted,100000,2026-06-15
IVN-00161-175,SME-2024-00161,2026-04-10,Discount Package,Email,Accepted,100000,2026-04-28
IVN-00164-176,SME-2024-00164,2026-04-15,Discount Package,Visit,Partial,500000,2026-05-06
IVN-00164-177,SME-2024-00164,2026-03-16,Loyalty Reward,Visit,No Response,500000,2026-04-07
IVN-00165-178,SME-2024-00165,2026-01-15,Discount Package,Email,Partial,500000,2026-01-31
IVN-00166-179,SME-2024-00166,2026-03-06,Retention Offer,Phone Call,Accepted,250000,2026-03-27
IVN-00166-180,SME-2024-00166,2026-04-02,Discount Package,Phone Call,Declined,250000,2026-04-13
IVN-00166-181,SME-2024-00166,2025-08-17,Service Upgrade Offer,Phone Call,Accepted,250000,2025-08-27
IVN-00171-182,SME-2024-00171,2026-01-19,Retention Offer,WhatsApp,Accepted,500000,2026-02-09
IVN-00172-183,SME-2024-00172,2025-09-14,Loyalty Reward,Email,Accepted,500000,2025-10-14
IVN-00175-184,SME-2024-00175,2026-05-19,Executive Check-in,WhatsApp,Partial,100000,2026-06-07
IVN-00176-185,SME-2024-00176,2026-02-20,Discount Package,Phone Call,Accepted,100000,2026-03-04
IVN-00178-186,SME-2024-00178,2025-12-01,Loyalty Reward,WhatsApp,Accepted,250000,2025-12-10
IVN-00178-187,SME-2024-00178,2026-05-12,Retention Offer,WhatsApp,Accepted,250000,2026-06-06
IVN-00179-188,SME-2024-00179,2025-12-17,Service Upgrade Offer,Email,Accepted,500000,2026-01-13
IVN-00179-189,SME-2024-00179,2025-10-21,Retention Offer,WhatsApp,No Response,250000,2025-11-06
IVN-00181-190,SME-2024-00181,2026-06-24,Win-back Call,Email,Accepted,100000,2026-07-10
IVN-00181-191,SME-2024-00181,2026-04-24,Loyalty Reward,Phone Call,Accepted,500000,2026-05-22
IVN-00182-192,SME-2024-00182,2026-05-14,Win-back Call,WhatsApp,Partial,250000,2026-06-12
IVN-00183-193,SME-2024-00183,2025-07-07,Executive Check-in,Email,No Response,500000,2025-07-25
IVN-00184-194,SME-2024-00184,2025-11-09,Executive Check-in,Phone Call,Accepted,100000,2025-11-17
IVN-00185-195,SME-2024-00185,2025-10-24,Discount Package,WhatsApp,No Response,500000,2025-11-19
IVN-00185-196,SME-2024-00185,2025-08-05,Loyalty Reward,Visit,No Response,100000,2025-08-13
IVN-00186-197,SME-2024-00186,2025-10-03,Executive Check-in,Email,No Response,250000,2025-10-31
IVN-00186-198,SME-2024-00186,2026-04-03,Retention Offer,Email,Accepted,100000,2026-04-22
IVN-00186-199,SME-2024-00186,2026-01-08,Executive Check-in,WhatsApp,Accepted,100000,2026-01-30
IVN-00187-200,SME-2024-00187,2026-01-15,Win-back Call,Email,Accepted,500000,2026-02-13
IVN-00187-201,SME-2024-00187,2025-09-13,Discount Package,WhatsApp,Accepted,250000,2025-10-02
IVN-00188-202,SME-2024-00188,2025-11-05,Executive Check-in,Phone Call,Accepted,250000,2025-12-04
IVN-00190-203,SME-2024-00190,2026-05-15,Win-back Call,Phone Call,No Response,100000,2026-06-12
IVN-00191-204,SME-2024-00191,2025-07-05,Executive Check-in,Visit,Accepted,500000,2025-08-01
IVN-00193-205,SME-2024-00193,2025-09-16,Executive Check-in,Visit,Accepted,100000,2025-10-06
IVN-00195-206,SME-2024-00195,2026-06-15,Retention Offer,WhatsApp,Declined,500000,2026-07-01
IVN-00195-207,SME-2024-00195,2026-04-10,Discount Package,Visit,Accepted,500000,2026-04-21
IVN-00195-208,SME-2024-00195,2025-07-02,Loyalty Reward,WhatsApp,Accepted,100000,2025-07-21
IVN-00195-209,SME-2024-00195,2025-11-18,Loyalty Reward,WhatsApp,Accepted,250000,2025-11-27
IVN-00197-210,SME-2024-00197,2025-08-10,Executive Check-in,WhatsApp,Accepted,500000,2025-09-09
IVN-00199-211,SME-2024-00199,2025-11-12,Service Upgrade Offer,Email,No Response,100000,2025-12-09
IVN-00201-212,SME-2024-00201,2025-07-24,Executive Check-in,Visit,Declined,250000,2025-08-04
IVN-00202-213,SME-2024-00202,2025-09-15,Retention Offer,Email,Declined,500000,2025-10-06
IVN-00203-214,SME-2024-00203,2026-02-19,Discount Package,Visit,Accepted,500000,2026-03-04
IVN-00204-215,SME-2024-00204,2026-03-16,Executive Check-in,Phone Call,Accepted,250000,2026-03-27
IVN-00204-216,SME-2024-00204,2025-09-04,Executive Check-in,Phone Call,Accepted,100000,2025-09-26
IVN-00205-217,SME-2024-00205,2025-07-06,Retention Offer,Visit,Partial,100000,2025-08-04
IVN-00205-218,SME-2024-00205,2026-04-20,Service Upgrade Offer,Email,Accepted,500000,2026-05-08
IVN-00208-219,SME-2024-00208,2026-05-16,Retention Offer,WhatsApp,No Response,500000,2026-05-29
IVN-00208-220,SME-2024-00208,2025-08-16,Service Upgrade Offer,Phone Call,No Response,250000,2025-08-30
IVN-00208-221,SME-2024-00208,2025-12-09,Executive Check-in,Visit,Declined,250000,2026-01-07
IVN-00209-222,SME-2024-00209,2026-06-04,Executive Check-in,Email,Accepted,100000,2026-06-25
IVN-00209-223,SME-2024-00209,2025-09-08,Win-back Call,Visit,Accepted,500000,2025-09-24
IVN-00209-224,SME-2024-00209,2026-03-09,Executive Check-in,Email,Accepted,500000,2026-04-01
IVN-00209-225,SME-2024-00209,2026-02-19,Win-back Call,WhatsApp,Accepted,250000,2026-03-06
IVN-00212-226,SME-2024-00212,2026-03-22,Retention Offer,Phone Call,Accepted,100000,2026-04-14
IVN-00212-227,SME-2024-00212,2025-12-09,Retention Offer,WhatsApp,Accepted,500000,2025-12-28
IVN-00212-228,SME-2024-00212,2025-08-02,Executive Check-in,WhatsApp,Accepted,100000,2025-08-28
IVN-00212-229,SME-2024-00212,2025-10-05,Loyalty Reward,Visit,No Response,100000,2025-10-23
IVN-00213-230,SME-2024-00213,2025-12-03,Executive Check-in,WhatsApp,Partial,250000,2025-12-28
IVN-00213-231,SME-2024-00213,2026-04-19,Loyalty Reward,Visit,No Response,250000,2026-05-10
IVN-00213-232,SME-2024-00213,2026-04-01,Loyalty Reward,Email,Accepted,100000,2026-04-19
IVN-00214-233,SME-2024-00214,2025-11-05,Service Upgrade Offer,Visit,Accepted,500000,2025-11-27
IVN-00214-234,SME-2024-00214,2025-11-16,Loyalty Reward,Visit,Accepted,500000,2025-12-06
IVN-00215-235,SME-2024-00215,2025-07-12,Loyalty Reward,Visit,Accepted,250000,2025-08-09
IVN-00216-236,SME-2024-00216,2025-12-16,Discount Package,Visit,Partial,100000,2026-01-13
IVN-00216-237,SME-2024-00216,2026-06-13,Service Upgrade Offer,Phone Call,Declined,250000,2026-06-24
IVN-00216-238,SME-2024-00216,2025-09-08,Retention Offer,WhatsApp,Accepted,100000,2025-09-30
IVN-00217-239,SME-2024-00217,2025-08-07,Service Upgrade Offer,Visit,No Response,100000,2025-09-05
IVN-00217-240,SME-2024-00217,2025-08-10,Loyalty Reward,WhatsApp,Declined,500000,2025-08-23
IVN-00218-241,SME-2024-00218,2025-12-17,Service Upgrade Offer,Phone Call,Accepted,250000,2026-01-06
IVN-00218-242,SME-2024-00218,2026-06-15,Service Upgrade Offer,Visit,Accepted,250000,2026-07-08
IVN-00220-243,SME-2024-00220,2026-01-19,Service Upgrade Offer,Email,Accepted,500000,2026-02-02
IVN-00221-244,SME-2024-00221,2025-10-24,Loyalty Reward,Phone Call,Accepted,250000,2025-11-14
IVN-00221-245,SME-2024-00221,2026-05-05,Discount Package,Visit,Accepted,500000,2026-05-26
IVN-00223-246,SME-2024-00223,2025-08-12,Executive Check-in,Phone Call,Accepted,250000,2025-08-31
IVN-00225-247,SME-2024-00225,2026-03-16,Discount Package,WhatsApp,Partial,500000,2026-04-02
IVN-00225-248,SME-2024-00225,2025-10-04,Service Upgrade Offer,Email,No Response,100000,2025-10-13
IVN-00227-249,SME-2024-00227,2025-12-05,Executive Check-in,WhatsApp,Accepted,100000,2026-01-02
IVN-00227-250,SME-2024-00227,2026-03-06,Retention Offer,WhatsApp,Accepted,100000,2026-03-14
IVN-00228-251,SME-2024-00228,2026-06-14,Retention Offer,Email,Accepted,250000,2026-07-04
IVN-00232-252,SME-2024-00232,2025-09-22,Executive Check-in,Phone Call,No Response,100000,2025-10-12
IVN-00233-253,SME-2024-00233,2025-11-06,Loyalty Reward,Phone Call,Accepted,100000,2025-11-23
IVN-00233-254,SME-2024-00233,2025-07-23,Service Upgrade Offer,WhatsApp,Accepted,250000,2025-08-22
IVN-00237-255,SME-2024-00237,2025-11-18,Executive Check-in,Email,Accepted,500000,2025-12-03
IVN-00239-256,SME-2024-00239,2026-02-19,Service Upgrade Offer,Email,Declined,100000,2026-03-05
IVN-00240-257,SME-2024-00240,2026-02-02,Win-back Call,Visit,Accepted,500000,2026-03-02
IVN-00241-258,SME-2024-00241,2026-06-04,Service Upgrade Offer,Phone Call,No Response,100000,2026-06-28
IVN-00241-259,SME-2024-00241,2025-10-12,Win-back Call,Email,Accepted,100000,2025-11-01
IVN-00242-260,SME-2024-00242,2026-06-04,Service Upgrade Offer,Visit,No Response,250000,2026-06-11
IVN-00244-261,SME-2024-00244,2025-11-02,Executive Check-in,Email,Partial,100000,2025-11-16
IVN-00245-262,SME-2024-00245,2025-07-05,Discount Package,WhatsApp,Declined,500000,2025-07-12
IVN-00246-263,SME-2024-00246,2026-06-17,Retention Offer,Phone Call,Accepted,500000,2026-06-25
IVN-00247-264,SME-2024-00247,2026-03-11,Discount Package,Phone Call,Declined,250000,2026-04-02
IVN-00247-265,SME-2024-00247,2026-04-03,Win-back Call,Email,Declined,500000,2026-04-25
IVN-00249-266,SME-2024-00249,2026-03-14,Retention Offer,WhatsApp,Partial,100000,2026-04-13
IVN-00249-267,SME-2024-00249,2026-01-14,Discount Package,Visit,Accepted,250000,2026-02-08
IVN-00249-268,SME-2024-00249,2026-02-05,Retention Offer,WhatsApp,No Response,250000,2026-03-06
IVN-00250-269,SME-2024-00250,2026-04-15,Loyalty Reward,Phone Call,No Response,500000,2026-05-12
IVN-00252-270,SME-2024-00252,2025-12-24,Loyalty Reward,WhatsApp,Accepted,100000,2026-01-09
IVN-00253-271,SME-2024-00253,2025-08-05,Retention Offer,WhatsApp,Declined,100000,2025-09-01
IVN-00254-272,SME-2024-00254,2026-02-17,Discount Package,Visit,Declined,500000,2026-02-27
IVN-00255-273,SME-2024-00255,2025-07-14,Retention Offer,Phone Call,Partial,100000,2025-08-02
IVN-00255-274,SME-2024-00255,2025-08-23,Executive Check-in,Visit,Accepted,250000,2025-09-17
IVN-00255-275,SME-2024-00255,2026-02-05,Retention Offer,WhatsApp,Partial,500000,2026-02-25
IVN-00256-276,SME-2024-00256,2026-03-19,Win-back Call,Visit,Accepted,500000,2026-04-04
IVN-00257-277,SME-2024-00257,2025-10-05,Discount Package,WhatsApp,Declined,250000,2025-10-19
IVN-00257-278,SME-2024-00257,2026-06-14,Executive Check-in,Phone Call,Declined,250000,2026-06-22
IVN-00258-279,SME-2024-00258,2026-04-23,Discount Package,Visit,No Response,250000,2026-05-13
IVN-00260-280,SME-2024-00260,2026-05-04,Win-back Call,Email,Declined,500000,2026-06-01
IVN-00262-281,SME-2024-00262,2026-01-17,Service Upgrade Offer,Visit,Accepted,100000,2026-02-01
IVN-00262-282,SME-2024-00262,2025-08-14,Retention Offer,Visit,Accepted,500000,2025-08-31
IVN-00263-283,SME-2024-00263,2026-06-16,Loyalty Reward,WhatsApp,Accepted,100000,2026-06-30
IVN-00263-284,SME-2024-00263,2026-04-03,Win-back Call,Email,Declined,500000,2026-04-11
IVN-00263-285,SME-2024-00263,2025-07-08,Executive Check-in,Visit,Accepted,100000,2025-07-21
IVN-00264-286,SME-2024-00264,2025-08-04,Retention Offer,Visit,No Response,500000,2025-08-25
IVN-00264-287,SME-2024-00264,2025-09-04,Discount Package,Visit,Declined,250000,2025-09-27
IVN-00264-288,SME-2024-00264,2025-11-06,Executive Check-in,Email,No Response,100000,2025-11-18
IVN-00266-289,SME-2024-00266,2025-12-07,Discount Package,Visit,Accepted,500000,2025-12-31
IVN-00267-290,SME-2024-00267,2025-08-20,Retention Offer,Visit,Partial,100000,2025-09-01
IVN-00267-291,SME-2024-00267,2025-09-13,Retention Offer,Visit,No Response,500000,2025-10-05
IVN-00268-292,SME-2024-00268,2026-05-23,Service Upgrade Offer,WhatsApp,Partial,250000,2026-06-08
IVN-00269-293,SME-2024-00269,2025-11-22,Win-back Call,Phone Call,Accepted,500000,2025-12-10
IVN-00269-294,SME-2024-00269,2026-06-10,Discount Package,WhatsApp,Declined,500000,2026-06-30
IVN-00270-295,SME-2024-00270,2026-06-09,Retention Offer,Phone Call,Accepted,250000,2026-06-16
IVN-00271-296,SME-2024-00271,2025-10-12,Service Upgrade Offer,Email,Partial,100000,2025-11-05
IVN-00271-297,SME-2024-00271,2026-05-14,Service Upgrade Offer,Visit,Partial,100000,2026-05-23
IVN-00272-298,SME-2024-00272,2026-06-21,Executive Check-in,Visit,Partial,500000,2026-07-11
IVN-00272-299,SME-2024-00272,2026-01-15,Service Upgrade Offer,WhatsApp,Accepted,250000,2026-02-02
IVN-00274-300,SME-2024-00274,2026-03-02,Service Upgrade Offer,Phone Call,Accepted,500000,2026-03-25
IVN-00275-301,SME-2024-00275,2026-05-04,Win-back Call,Email,Accepted,100000,2026-05-26
IVN-00277-302,SME-2024-00277,2025-09-23,Win-back Call,Phone Call,Accepted,500000,2025-10-18
IVN-00277-303,SME-2024-00277,2026-04-11,Loyalty Reward,Phone Call,Accepted,250000,2026-05-03
IVN-00278-304,SME-2024-00278,2025-10-21,Win-back Call,Visit,Accepted,250000,2025-11-14
IVN-00278-305,SME-2024-00278,2025-11-08,Executive Check-in,Email,Accepted,500000,2025-12-06
IVN-00281-306,SME-2024-00281,2025-08-10,Service Upgrade Offer,WhatsApp,No Response,250000,2025-08-31
IVN-00282-307,SME-2024-00282,2026-01-07,Discount Package,Phone Call,Accepted,500000,2026-01-21
IVN-00282-308,SME-2024-00282,2026-03-01,Win-back Call,Visit,Declined,500000,2026-03-12
IVN-00284-309,SME-2024-00284,2025-12-21,Discount Package,WhatsApp,Accepted,100000,2025-12-28
IVN-00284-310,SME-2024-00284,2026-03-03,Retention Offer,Visit,No Response,500000,2026-03-20
IVN-00285-311,SME-2024-00285,2026-01-02,Service Upgrade Offer,Email,Declined,500000,2026-01-17
IVN-00285-312,SME-2024-00285,2025-08-15,Retention Offer,WhatsApp,No Response,250000,2025-09-07
IVN-00286-313,SME-2024-00286,2025-10-11,Executive Check-in,WhatsApp,Accepted,250000,2025-10-31
IVN-00287-314,SME-2024-00287,2026-05-04,Service Upgrade Offer,WhatsApp,Accepted,500000,2026-05-23
IVN-00287-315,SME-2024-00287,2025-11-14,Service Upgrade Offer,Phone Call,Declined,100000,2025-11-23
IVN-00287-316,SME-2024-00287,2026-06-02,Loyalty Reward,Email,Accepted,250000,2026-07-02
IVN-00290-317,SME-2024-00290,2026-01-17,Executive Check-in,WhatsApp,Accepted,500000,2026-01-25
IVN-00290-318,SME-2024-00290,2026-01-01,Loyalty Reward,Visit,Partial,250000,2026-01-18
IVN-00291-319,SME-2024-00291,2026-06-19,Loyalty Reward,Visit,Accepted,500000,2026-07-01
IVN-00291-320,SME-2024-00291,2026-01-21,Loyalty Reward,Phone Call,No Response,100000,2026-02-17
IVN-00293-321,SME-2024-00293,2026-02-09,Service Upgrade Offer,Phone Call,Accepted,500000,2026-02-27
IVN-00294-322,SME-2024-00294,2026-02-22,Discount Package,WhatsApp,Accepted,250000,2026-03-20
IVN-00295-323,SME-2024-00295,2026-01-19,Loyalty Reward,WhatsApp,No Response,250000,2026-02-14
IVN-00296-324,SME-2024-00296,2026-06-15,Retention Offer,WhatsApp,Accepted,500000,2026-07-12
IVN-00297-325,SME-2024-00297,2025-09-01,Loyalty Reward,WhatsApp,Accepted,500000,2025-09-08
IVN-00298-326,SME-2024-00298,2025-08-10,Win-back Call,Phone Call,Accepted,100000,2025-09-02
IVN-00299-327,SME-2024-00299,2026-04-15,Win-back Call,Phone Call,No Response,500000,2026-05-03
IVN-00300-328,SME-2024-00300,2026-02-19,Executive Check-in,WhatsApp,Declined,500000,2026-03-14
IVN-00301-329,SME-2024-00301,2026-06-20,Discount Package,WhatsApp,Accepted,500000,2026-06-28
IVN-00301-330,SME-2024-00301,2026-04-12,Executive Check-in,Email,Accepted,250000,2026-04-25
IVN-00302-331,SME-2024-00302,2026-03-04,Retention Offer,Email,No Response,500000,2026-03-18
IVN-00302-332,SME-2024-00302,2026-04-14,Executive Check-in,WhatsApp,Declined,250000,2026-04-26
IVN-00304-333,SME-2024-00304,2025-07-04,Retention Offer,Visit,No Response,100000,2025-07-18
IVN-00304-334,SME-2024-00304,2025-07-09,Service Upgrade Offer,Email,Accepted,100000,2025-08-04
IVN-00304-335,SME-2024-00304,2026-01-20,Executive Check-in,Phone Call,Accepted,250000,2026-02-11
IVN-00305-336,SME-2024-00305,2026-03-23,Discount Package,WhatsApp,Partial,250000,2026-04-13
IVN-00307-337,SME-2024-00307,2025-07-16,Win-back Call,WhatsApp,Accepted,100000,2025-08-04
IVN-00308-338,SME-2024-00308,2025-09-03,Discount Package,Phone Call,Partial,500000,2025-09-28
IVN-00308-339,SME-2024-00308,2025-08-24,Executive Check-in,Email,Declined,250000,2025-09-09
IVN-00309-340,SME-2024-00309,2025-11-11,Win-back Call,Phone Call,Partial,500000,2025-12-09
IVN-00309-341,SME-2024-00309,2026-02-13,Retention Offer,WhatsApp,Partial,100000,2026-03-02
IVN-00310-342,SME-2024-00310,2025-11-03,Service Upgrade Offer,Phone Call,Accepted,250000,2025-11-24
IVN-00310-343,SME-2024-00310,2025-09-07,Retention Offer,Phone Call,No Response,250000,2025-09-20
IVN-00310-344,SME-2024-00310,2026-03-20,Discount Package,Visit,Partial,250000,2026-04-09
IVN-00311-345,SME-2024-00311,2025-10-21,Service Upgrade Offer,Visit,Accepted,250000,2025-11-03
IVN-00311-346,SME-2024-00311,2025-07-11,Service Upgrade Offer,WhatsApp,Partial,500000,2025-07-25
IVN-00311-347,SME-2024-00311,2025-07-08,Discount Package,Visit,No Response,100000,2025-07-17
IVN-00313-348,SME-2024-00313,2026-06-19,Executive Check-in,Email,Accepted,250000,2026-07-03
IVN-00317-349,SME-2024-00317,2025-09-20,Discount Package,Phone Call,Declined,500000,2025-09-27
IVN-00319-350,SME-2024-00319,2025-07-03,Loyalty Reward,Phone Call,Accepted,250000,2025-07-17
IVN-00319-351,SME-2024-00319,2025-10-22,Win-back Call,WhatsApp,Declined,100000,2025-11-17
IVN-00320-352,SME-2024-00320,2026-03-03,Retention Offer,WhatsApp,Partial,100000,2026-03-23
IVN-00324-353,SME-2024-00324,2026-05-05,Service Upgrade Offer,WhatsApp,Declined,500000,2026-05-25
IVN-00327-354,SME-2024-00327,2025-10-06,Service Upgrade Offer,Phone Call,Accepted,100000,2025-10-30
IVN-00329-355,SME-2024-00329,2025-10-18,Win-back Call,Visit,Accepted,100000,2025-10-28
IVN-00330-356,SME-2024-00330,2025-08-14,Executive Check-in,Email,No Response,100000,2025-09-04
IVN-00331-357,SME-2024-00331,2025-12-18,Executive Check-in,Email,Accepted,100000,2026-01-01
IVN-00334-358,SME-2024-00334,2026-03-04,Retention Offer,Phone Call,Accepted,250000,2026-03-14
IVN-00334-359,SME-2024-00334,2026-05-20,Loyalty Reward,Email,No Response,100000,2026-06-05
IVN-00335-360,SME-2024-00335,2025-11-22,Retention Offer,Phone Call,Accepted,100000,2025-12-17
IVN-00335-361,SME-2024-00335,2025-10-12,Win-back Call,WhatsApp,Partial,500000,2025-10-21
IVN-00337-362,SME-2024-00337,2025-10-21,Loyalty Reward,Visit,Declined,100000,2025-11-03
IVN-00337-363,SME-2024-00337,2026-05-05,Executive Check-in,Visit,Accepted,500000,2026-05-28
IVN-00338-364,SME-2024-00338,2025-11-18,Retention Offer,Phone Call,Declined,500000,2025-11-27
IVN-00338-365,SME-2024-00338,2026-06-20,Loyalty Reward,WhatsApp,Accepted,500000,2026-07-17
IVN-00338-366,SME-2024-00338,2025-10-12,Executive Check-in,Visit,No Response,250000,2025-10-26
IVN-00338-367,SME-2024-00338,2025-08-04,Retention Offer,Visit,Accepted,250000,2025-08-15
IVN-00339-368,SME-2024-00339,2025-10-03,Discount Package,WhatsApp,Accepted,100000,2025-11-01
IVN-00339-369,SME-2024-00339,2026-02-03,Service Upgrade Offer,Phone Call,Accepted,250000,2026-02-10
IVN-00340-370,SME-2024-00340,2025-11-09,Discount Package,Email,Accepted,100000,2025-12-02
IVN-00340-371,SME-2024-00340,2026-06-12,Executive Check-in,Email,Accepted,250000,2026-06-29
IVN-00340-372,SME-2024-00340,2025-09-03,Win-back Call,Email,Accepted,500000,2025-09-11
IVN-00341-373,SME-2024-00341,2025-08-03,Retention Offer,Phone Call,No Response,100000,2025-08-16
IVN-00342-374,SME-2024-00342,2025-10-20,Loyalty Reward,Visit,Accepted,250000,2025-11-11
IVN-00343-375,SME-2024-00343,2026-05-14,Service Upgrade Offer,Visit,No Response,250000,2026-05-28
IVN-00344-376,SME-2024-00344,2025-07-03,Win-back Call,Email,Partial,500000,2025-07-23
IVN-00346-377,SME-2024-00346,2025-09-15,Executive Check-in,Visit,Accepted,100000,2025-10-01
IVN-00347-378,SME-2024-00347,2025-10-19,Service Upgrade Offer,Email,Accepted,250000,2025-11-18
IVN-00347-379,SME-2024-00347,2025-09-09,Executive Check-in,Phone Call,Accepted,500000,2025-09-27
IVN-00347-380,SME-2024-00347,2025-11-22,Executive Check-in,Visit,Accepted,250000,2025-12-15
IVN-00348-381,SME-2024-00348,2026-02-08,Executive Check-in,WhatsApp,No Response,500000,2026-02-22
IVN-00351-382,SME-2024-00351,2025-11-13,Win-back Call,Visit,Accepted,500000,2025-11-28
IVN-00353-383,SME-2024-00353,2025-12-04,Executive Check-in,Phone Call,Accepted,100000,2025-12-27
IVN-00354-384,SME-2024-00354,2025-10-21,Executive Check-in,Visit,Partial,100000,2025-11-14
IVN-00354-385,SME-2024-00354,2025-08-24,Executive Check-in,Email,Accepted,100000,2025-09-15
IVN-00355-386,SME-2024-00355,2025-12-23,Executive Check-in,Email,Accepted,100000,2026-01-02
IVN-00355-387,SME-2024-00355,2026-05-11,Loyalty Reward,WhatsApp,Partial,100000,2026-05-19
IVN-00356-388,SME-2024-00356,2025-12-01,Executive Check-in,Visit,Declined,500000,2025-12-10
IVN-00357-389,SME-2024-00357,2025-09-11,Loyalty Reward,Email,Partial,500000,2025-10-08
IVN-00359-390,SME-2024-00359,2026-06-23,Discount Package,Visit,Partial,250000,2026-07-11
IVN-00360-391,SME-2024-00360,2025-11-19,Retention Offer,WhatsApp,Accepted,250000,2025-12-14
IVN-00361-392,SME-2024-00361,2026-04-19,Win-back Call,Visit,Partial,250000,2026-05-07
IVN-00361-393,SME-2024-00361,2025-12-13,Retention Offer,Email,Accepted,500000,2025-12-28
IVN-00361-394,SME-2024-00361,2026-06-18,Executive Check-in,Email,Accepted,500000,2026-07-11
IVN-00362-395,SME-2024-00362,2025-09-03,Retention Offer,WhatsApp,Accepted,100000,2025-09-21
IVN-00362-396,SME-2024-00362,2026-06-11,Retention Offer,Phone Call,Accepted,100000,2026-07-09
IVN-00364-397,SME-2024-00364,2025-09-24,Service Upgrade Offer,Visit,Declined,250000,2025-10-02
IVN-00365-398,SME-2024-00365,2025-11-19,Discount Package,WhatsApp,Declined,250000,2025-12-05
IVN-00365-399,SME-2024-00365,2025-10-07,Retention Offer,Email,Partial,100000,2025-11-06
IVN-00366-400,SME-2024-00366,2025-10-20,Win-back Call,WhatsApp,Accepted,500000,2025-11-01
IVN-00367-401,SME-2024-00367,2025-08-21,Service Upgrade Offer,WhatsApp,No Response,500000,2025-09-11
IVN-00368-402,SME-2024-00368,2026-02-03,Discount Package,Phone Call,Accepted,100000,2026-02-10
IVN-00369-403,SME-2024-00369,2026-01-11,Retention Offer,Phone Call,Accepted,100000,2026-02-01
IVN-00369-404,SME-2024-00369,2025-10-14,Retention Offer,Email,Accepted,250000,2025-11-11
IVN-00370-405,SME-2024-00370,2025-12-23,Executive Check-in,WhatsApp,No Response,500000,2026-01-07
IVN-00370-406,SME-2024-00370,2026-02-12,Executive Check-in,Email,No Response,250000,2026-03-01
IVN-00370-407,SME-2024-00370,2025-07-05,Service Upgrade Offer,Phone Call,Accepted,100000,2025-08-04
IVN-00373-408,SME-2024-00373,2025-09-21,Retention Offer,WhatsApp,Accepted,100000,2025-10-06
IVN-00376-409,SME-2024-00376,2025-09-12,Retention Offer,Visit,Partial,100000,2025-09-22
IVN-00376-410,SME-2024-00376,2025-07-01,Retention Offer,Email,Declined,250000,2025-07-09
IVN-00376-411,SME-2024-00376,2026-03-18,Win-back Call,Phone Call,Accepted,250000,2026-04-03
IVN-00376-412,SME-2024-00376,2026-04-18,Discount Package,WhatsApp,Partial,100000,2026-05-17
IVN-00377-413,SME-2024-00377,2026-04-08,Executive Check-in,WhatsApp,Accepted,250000,2026-05-08
IVN-00378-414,SME-2024-00378,2026-03-19,Executive Check-in,Email,Accepted,100000,2026-04-03
IVN-00378-415,SME-2024-00378,2025-12-15,Discount Package,WhatsApp,Partial,500000,2026-01-12
IVN-00379-416,SME-2024-00379,2025-11-15,Retention Offer,Visit,No Response,100000,2025-12-15
IVN-00380-417,SME-2024-00380,2026-01-21,Win-back Call,WhatsApp,Accepted,500000,2026-02-03
IVN-00381-418,SME-2024-00381,2026-01-24,Service Upgrade Offer,Email,No Response,100000,2026-02-18
IVN-00382-419,SME-2024-00382,2025-11-16,Executive Check-in,Phone Call,Accepted,250000,2025-12-05
IVN-00382-420,SME-2024-00382,2025-10-17,Executive Check-in,Visit,Accepted,500000,2025-10-26
IVN-00382-421,SME-2024-00382,2025-08-09,Win-back Call,Email,Accepted,500000,2025-09-06
IVN-00384-422,SME-2024-00384,2025-09-15,Retention Offer,Phone Call,No Response,250000,2025-10-10
IVN-00384-423,SME-2024-00384,2025-07-20,Win-back Call,Phone Call,Accepted,250000,2025-07-30
IVN-00386-424,SME-2024-00386,2025-09-14,Service Upgrade Offer,WhatsApp,Accepted,250000,2025-10-01
IVN-00386-425,SME-2024-00386,2025-12-13,Loyalty Reward,Phone Call,Accepted,100000,2026-01-06
IVN-00387-426,SME-2024-00387,2026-02-08,Win-back Call,Email,Accepted,250000,2026-03-01
IVN-00389-427,SME-2024-00389,2025-09-20,Service Upgrade Offer,Visit,Declined,100000,2025-10-13
IVN-00389-428,SME-2024-00389,2026-04-21,Discount Package,Phone Call,Accepted,100000,2026-05-21
IVN-00390-429,SME-2024-00390,2026-04-11,Win-back Call,WhatsApp,Partial,250000,2026-04-27
IVN-00392-430,SME-2024-00392,2026-02-09,Retention Offer,Phone Call,Accepted,500000,2026-02-21
IVN-00392-431,SME-2024-00392,2025-12-15,Loyalty Reward,Email,Accepted,500000,2026-01-13
IVN-00393-432,SME-2024-00393,2025-10-04,Service Upgrade Offer,Visit,Accepted,500000,2025-10-15
IVN-00393-433,SME-2024-00393,2025-09-23,Service Upgrade Offer,Email,Declined,500000,2025-09-30
IVN-00394-434,SME-2024-00394,2026-02-19,Executive Check-in,Visit,Declined,250000,2026-03-15
IVN-00394-435,SME-2024-00394,2026-06-17,Loyalty Reward,Visit,Accepted,500000,2026-07-15
IVN-00394-436,SME-2024-00394,2025-09-12,Service Upgrade Offer,Email,No Response,100000,2025-09-24
IVN-00395-437,SME-2024-00395,2025-07-06,Service Upgrade Offer,Visit,Accepted,500000,2025-07-27
IVN-00396-438,SME-2024-00396,2025-07-12,Win-back Call,Visit,Partial,500000,2025-07-22
IVN-00396-439,SME-2024-00396,2025-08-16,Win-back Call,Email,Accepted,500000,2025-08-24
IVN-00396-440,SME-2024-00396,2025-10-22,Retention Offer,WhatsApp,Accepted,100000,2025-10-29
IVN-00396-441,SME-2024-00396,2026-02-16,Win-back Call,Email,Declined,100000,2026-03-01
IVN-00396-442,SME-2024-00396,2025-11-02,Service Upgrade Offer,Email,Declined,500000,2025-11-28
IVN-00397-443,SME-2024-00397,2026-03-11,Retention Offer,Visit,Accepted,100000,2026-04-08
IVN-00398-444,SME-2024-00398,2026-03-20,Executive Check-in,Visit,Accepted,100000,2026-04-19
IVN-00399-445,SME-2024-00399,2026-01-04,Service Upgrade Offer,Email,No Response,500000,2026-01-30
IVN-00399-446,SME-2024-00399,2026-05-19,Discount Package,Visit,Partial,100000,2026-05-30
IVN-00399-447,SME-2024-00399,2025-11-15,Win-back Call,Phone Call,Accepted,500000,2025-11-24
IVN-00399-448,SME-2024-00399,2025-12-24,Executive Check-in,WhatsApp,Accepted,250000,2026-01-21
IVN-00399-449,SME-2024-00399,2026-01-18,Service Upgrade Offer,WhatsApp,Accepted,100000,2026-02-10
IVN-00399-450,SME-2024-00399,2025-08-19,Discount Package,WhatsApp,Accepted,100000,2025-08-29
IVN-00401-451,SME-2024-00401,2026-02-09,Executive Check-in,Phone Call,Accepted,500000,2026-02-24
IVN-00401-452,SME-2024-00401,2025-12-24,Discount Package,WhatsApp,No Response,100000,2026-01-23
IVN-00402-453,SME-2024-00402,2025-07-22,Service Upgrade Offer,WhatsApp,Accepted,250000,2025-08-15
IVN-00402-454,SME-2024-00402,2026-03-04,Executive Check-in,WhatsApp,Accepted,100000,2026-03-15
IVN-00403-455,SME-2024-00403,2025-11-14,Retention Offer,Phone Call,No Response,500000,2025-12-08
IVN-00405-456,SME-2024-00405,2026-05-08,Discount Package,Email,Accepted,500000,2026-05-27
IVN-00405-457,SME-2024-00405,2025-08-18,Retention Offer,Phone Call,Accepted,100000,2025-09-11
IVN-00406-458,SME-2024-00406,2026-03-07,Retention Offer,WhatsApp,Partial,100000,2026-04-01
IVN-00407-459,SME-2024-00407,2025-09-07,Service Upgrade Offer,Phone Call,Accepted,250000,2025-10-01
IVN-00407-460,SME-2024-00407,2026-03-02,Executive Check-in,WhatsApp,Accepted,250000,2026-03-15
IVN-00407-461,SME-2024-00407,2025-09-24,Discount Package,Email,Accepted,500000,2025-10-24
IVN-00409-462,SME-2024-00409,2026-03-20,Loyalty Reward,Email,Accepted,500000,2026-04-04
IVN-00411-463,SME-2024-00411,2026-02-14,Retention Offer,WhatsApp,Accepted,500000,2026-03-01
IVN-00411-464,SME-2024-00411,2026-05-13,Win-back Call,Phone Call,Declined,100000,2026-06-12
IVN-00411-465,SME-2024-00411,2025-09-02,Loyalty Reward,Phone Call,Accepted,500000,2025-09-29
IVN-00415-466,SME-2024-00415,2026-05-13,Service Upgrade Offer,Visit,Declined,100000,2026-06-08
IVN-00415-467,SME-2024-00415,2026-01-12,Loyalty Reward,WhatsApp,Accepted,500000,2026-01-22
IVN-00415-468,SME-2024-00415,2025-12-17,Win-back Call,WhatsApp,Accepted,500000,2025-12-31
IVN-00416-469,SME-2024-00416,2026-04-22,Executive Check-in,Phone Call,Accepted,500000,2026-05-16
IVN-00417-470,SME-2024-00417,2026-05-23,Service Upgrade Offer,Visit,Accepted,250000,2026-06-17
IVN-00418-471,SME-2024-00418,2025-12-13,Discount Package,Phone Call,Declined,500000,2025-12-23
IVN-00419-472,SME-2024-00419,2025-10-17,Loyalty Reward,Phone Call,Accepted,100000,2025-11-01
IVN-00419-473,SME-2024-00419,2026-01-01,Service Upgrade Offer,WhatsApp,Accepted,100000,2026-01-19
IVN-00419-474,SME-2024-00419,2025-12-24,Executive Check-in,WhatsApp,Partial,500000,2026-01-01
IVN-00421-475,SME-2024-00421,2026-05-06,Retention Offer,Visit,Accepted,100000,2026-05-31
IVN-00421-476,SME-2024-00421,2025-12-06,Retention Offer,Phone Call,Partial,100000,2026-01-04
IVN-00424-477,SME-2024-00424,2025-09-05,Executive Check-in,WhatsApp,Accepted,500000,2025-09-17
IVN-00425-478,SME-2024-00425,2026-03-02,Win-back Call,Visit,Declined,500000,2026-03-14
IVN-00427-479,SME-2024-00427,2025-09-22,Executive Check-in,WhatsApp,Accepted,250000,2025-09-30
IVN-00427-480,SME-2024-00427,2025-07-04,Discount Package,WhatsApp,Accepted,500000,2025-07-28
IVN-00427-481,SME-2024-00427,2026-02-11,Win-back Call,WhatsApp,Accepted,500000,2026-02-26
IVN-00430-482,SME-2024-00430,2025-08-18,Win-back Call,Email,No Response,500000,2025-08-29
IVN-00430-483,SME-2024-00430,2026-05-04,Discount Package,WhatsApp,Accepted,100000,2026-05-19
IVN-00432-484,SME-2024-00432,2026-04-04,Retention Offer,Phone Call,Accepted,100000,2026-04-19
IVN-00433-485,SME-2024-00433,2026-01-04,Executive Check-in,Visit,Accepted,100000,2026-01-20
IVN-00433-486,SME-2024-00433,2026-05-22,Discount Package,Visit,Accepted,100000,2026-06-16
IVN-00434-487,SME-2024-00434,2025-12-15,Service Upgrade Offer,Email,Accepted,250000,2026-01-01
IVN-00434-488,SME-2024-00434,2025-12-17,Executive Check-in,Email,Partial,500000,2026-01-13
IVN-00435-489,SME-2024-00435,2025-09-07,Win-back Call,Phone Call,Accepted,500000,2025-10-03
IVN-00435-490,SME-2024-00435,2026-06-04,Win-back Call,Visit,Declined,250000,2026-06-29
IVN-00435-491,SME-2024-00435,2026-02-22,Retention Offer,Visit,Accepted,250000,2026-03-13
IVN-00438-492,SME-2024-00438,2025-11-15,Discount Package,WhatsApp,No Response,250000,2025-11-24
IVN-00439-493,SME-2024-00439,2025-07-07,Retention Offer,Visit,Accepted,500000,2025-08-02
IVN-00440-494,SME-2024-00440,2025-12-20,Executive Check-in,Email,Declined,500000,2026-01-13
IVN-00440-495,SME-2024-00440,2026-03-22,Win-back Call,Visit,Accepted,500000,2026-04-05
IVN-00440-496,SME-2024-00440,2026-03-07,Discount Package,Phone Call,Declined,100000,2026-04-03
IVN-00442-497,SME-2024-00442,2026-02-09,Executive Check-in,WhatsApp,Accepted,500000,2026-02-23
IVN-00445-498,SME-2024-00445,2025-09-08,Discount Package,Phone Call,No Response,500000,2025-09-22
IVN-00446-499,SME-2024-00446,2025-09-01,Service Upgrade Offer,Visit,No Response,250000,2025-09-10
IVN-00448-500,SME-2024-00448,2026-03-14,Retention Offer,WhatsApp,Accepted,500000,2026-04-09
IVN-00448-501,SME-2024-00448,2025-11-18,Retention Offer,Visit,Accepted,250000,2025-12-02
IVN-00449-502,SME-2024-00449,2026-03-20,Loyalty Reward,Phone Call,Declined,500000,2026-04-07
IVN-00449-503,SME-2024-00449,2025-07-23,Discount Package,WhatsApp,Declined,500000,2025-08-02
IVN-00450-504,SME-2024-00450,2025-10-06,Service Upgrade Offer,Phone Call,Accepted,500000,2025-10-31
IVN-00451-505,SME-2024-00451,2025-09-02,Win-back Call,Phone Call,Accepted,100000,2025-09-30
IVN-00451-506,SME-2024-00451,2025-12-20,Retention Offer,Visit,No Response,500000,2026-01-02
IVN-00452-507,SME-2024-00452,2025-07-16,Win-back Call,Email,Accepted,500000,2025-07-30
IVN-00455-508,SME-2024-00455,2025-08-19,Retention Offer,Phone Call,Accepted,250000,2025-09-07
IVN-00456-509,SME-2024-00456,2025-11-12,Loyalty Reward,Email,Accepted,100000,2025-11-22
IVN-00456-510,SME-2024-00456,2025-07-17,Loyalty Reward,Phone Call,Accepted,100000,2025-08-10
IVN-00457-511,SME-2024-00457,2026-06-05,Executive Check-in,Email,Accepted,500000,2026-06-24
IVN-00458-512,SME-2024-00458,2025-07-16,Retention Offer,Email,Declined,100000,2025-08-03
IVN-00458-513,SME-2024-00458,2026-06-18,Service Upgrade Offer,WhatsApp,Accepted,500000,2026-07-15
IVN-00459-514,SME-2024-00459,2025-07-01,Discount Package,Visit,Declined,500000,2025-07-17
IVN-00459-515,SME-2024-00459,2026-02-17,Win-back Call,Email,Partial,100000,2026-03-11
IVN-00460-516,SME-2024-00460,2026-04-05,Discount Package,Email,Accepted,250000,2026-04-17
IVN-00460-517,SME-2024-00460,2026-06-06,Service Upgrade Offer,Phone Call,Partial,100000,2026-06-15
IVN-00460-518,SME-2024-00460,2026-06-04,Loyalty Reward,Visit,Declined,250000,2026-06-25
IVN-00461-519,SME-2024-00461,2026-04-05,Win-back Call,Email,Partial,250000,2026-04-30
IVN-00462-520,SME-2024-00462,2026-01-24,Loyalty Reward,Email,Partial,250000,2026-02-06
IVN-00462-521,SME-2024-00462,2026-04-12,Retention Offer,Phone Call,Partial,100000,2026-05-09
IVN-00463-522,SME-2024-00463,2026-01-05,Win-back Call,Email,Accepted,500000,2026-01-20
IVN-00463-523,SME-2024-00463,2026-01-04,Retention Offer,WhatsApp,Declined,100000,2026-01-20
IVN-00463-524,SME-2024-00463,2025-12-03,Loyalty Reward,Visit,Declined,100000,2025-12-11
IVN-00463-525,SME-2024-00463,2026-04-15,Loyalty Reward,Visit,No Response,250000,2026-04-24
IVN-00463-526,SME-2024-00463,2026-04-12,Loyalty Reward,WhatsApp,Accepted,100000,2026-05-02
IVN-00464-527,SME-2024-00464,2026-03-02,Executive Check-in,WhatsApp,Accepted,100000,2026-03-28
IVN-00466-528,SME-2024-00466,2025-07-22,Retention Offer,Phone Call,Accepted,100000,2025-07-29
IVN-00467-529,SME-2024-00467,2026-05-21,Discount Package,WhatsApp,No Response,250000,2026-06-16
IVN-00467-530,SME-2024-00467,2026-05-11,Discount Package,Email,Accepted,250000,2026-05-30
IVN-00467-531,SME-2024-00467,2026-04-05,Retention Offer,Visit,Accepted,250000,2026-04-20
IVN-00469-532,SME-2024-00469,2025-08-04,Retention Offer,Email,No Response,250000,2025-08-12
IVN-00469-533,SME-2024-00469,2025-09-06,Service Upgrade Offer,Phone Call,Accepted,250000,2025-10-02
IVN-00470-534,SME-2024-00470,2026-05-13,Win-back Call,Visit,Accepted,250000,2026-05-30
IVN-00470-535,SME-2024-00470,2025-12-24,Executive Check-in,WhatsApp,Accepted,250000,2026-01-21
IVN-00471-536,SME-2024-00471,2026-05-22,Loyalty Reward,Phone Call,Declined,100000,2026-05-29
IVN-00471-537,SME-2024-00471,2026-02-11,Executive Check-in,Phone Call,Accepted,100000,2026-02-24
IVN-00471-538,SME-2024-00471,2025-11-23,Win-back Call,Email,Accepted,100000,2025-12-13
IVN-00472-539,SME-2024-00472,2026-04-06,Executive Check-in,WhatsApp,Accepted,250000,2026-04-27
IVN-00472-540,SME-2024-00472,2026-06-12,Discount Package,WhatsApp,Accepted,250000,2026-07-06
IVN-00472-541,SME-2024-00472,2026-04-07,Executive Check-in,Visit,Accepted,100000,2026-04-15
IVN-00473-542,SME-2024-00473,2025-12-05,Discount Package,Phone Call,Accepted,100000,2025-12-20
IVN-00473-543,SME-2024-00473,2025-07-15,Executive Check-in,Phone Call,Accepted,250000,2025-07-25
IVN-00474-544,SME-2024-00474,2025-11-23,Loyalty Reward,Visit,Declined,500000,2025-12-23
IVN-00474-545,SME-2024-00474,2026-06-24,Loyalty Reward,Email,No Response,500000,2026-07-08
IVN-00476-546,SME-2024-00476,2025-07-07,Retention Offer,Email,Accepted,250000,2025-07-24
IVN-00477-547,SME-2024-00477,2026-02-02,Service Upgrade Offer,WhatsApp,Accepted,100000,2026-02-28
IVN-00478-548,SME-2024-00478,2026-04-06,Service Upgrade Offer,WhatsApp,No Response,250000,2026-04-29
IVN-00478-549,SME-2024-00478,2026-03-09,Retention Offer,Email,Accepted,100000,2026-04-02
IVN-00478-550,SME-2024-00478,2026-05-04,Discount Package,Visit,Accepted,100000,2026-05-30
IVN-00480-551,SME-2024-00480,2026-04-07,Executive Check-in,Email,Accepted,250000,2026-04-30
IVN-00481-552,SME-2024-00481,2026-02-07,Retention Offer,Visit,Accepted,500000,2026-02-18
IVN-00481-553,SME-2024-00481,2025-12-24,Retention Offer,Email,Accepted,500000,2026-01-22
IVN-00482-554,SME-2024-00482,2025-11-13,Retention Offer,Visit,Accepted,250000,2025-11-22
IVN-00482-555,SME-2024-00482,2025-07-05,Service Upgrade Offer,Phone Call,Accepted,250000,2025-07-28
IVN-00484-556,SME-2024-00484,2026-01-13,Win-back Call,WhatsApp,Declined,100000,2026-02-01
IVN-00486-557,SME-2024-00486,2026-04-17,Discount Package,WhatsApp,Accepted,500000,2026-05-09
IVN-00486-558,SME-2024-00486,2025-09-18,Executive Check-in,Visit,Accepted,250000,2025-09-29
IVN-00488-559,SME-2024-00488,2026-05-18,Loyalty Reward,WhatsApp,Accepted,500000,2026-06-11
IVN-00489-560,SME-2024-00489,2026-06-06,Retention Offer,Email,Accepted,100000,2026-07-06
IVN-00490-561,SME-2024-00490,2026-03-04,Service Upgrade Offer,Phone Call,Partial,500000,2026-03-15
IVN-00490-562,SME-2024-00490,2025-08-19,Retention Offer,Phone Call,Accepted,500000,2025-09-12
IVN-00491-563,SME-2024-00491,2025-12-09,Win-back Call,Phone Call,Accepted,500000,2025-12-26
IVN-00491-564,SME-2024-00491,2026-04-23,Loyalty Reward,Visit,Partial,250000,2026-05-20
IVN-00495-565,SME-2024-00495,2026-04-01,Executive Check-in,WhatsApp,Declined,100000,2026-05-01
IVN-00496-566,SME-2024-00496,2025-10-12,Win-back Call,Phone Call,Declined,500000,2025-10-23
IVN-00497-567,SME-2024-00497,2025-10-21,Loyalty Reward,Visit,Partial,250000,2025-11-19
IVN-00498-568,SME-2024-00498,2026-05-04,Loyalty Reward,Phone Call,Partial,500000,2026-05-30
IVN-00498-569,SME-2024-00498,2026-03-19,Loyalty Reward,Phone Call,Accepted,500000,2026-04-06
IVN-00498-570,SME-2024-00498,2026-01-15,Service Upgrade Offer,Visit,No Response,100000,2026-02-09
IVN-00498-571,SME-2024-00498,2026-05-09,Service Upgrade Offer,Phone Call,Accepted,100000,2026-05-18
IVN-00500-572,SME-2024-00500,2025-09-18,Loyalty Reward,WhatsApp,Declined,100000,2025-10-04
IVN-00500-573,SME-2024-00500,2025-08-08,Win-back Call,Visit,Accepted,100000,2025-08-15
IVN-00501-574,SME-2024-00501,2026-01-13,Service Upgrade Offer,Phone Call,Accepted,100000,2026-01-22
IVN-00501-575,SME-2024-00501,2026-01-17,Retention Offer,WhatsApp,Accepted,100000,2026-01-26
IVN-00501-576,SME-2024-00501,2026-05-12,Retention Offer,Email,Accepted,100000,2026-06-01
IVN-00502-577,SME-2024-00502,2025-09-09,Executive Check-in,Email,Partial,500000,2025-10-07
IVN-00504-578,SME-2024-00504,2026-06-17,Loyalty Reward,Visit,Accepted,500000,2026-07-17
IVN-00504-579,SME-2024-00504,2025-10-12,Executive Check-in,Phone Call,Partial,500000,2025-10-26
IVN-00506-580,SME-2024-00506,2026-02-14,Retention Offer,Phone Call,Accepted,500000,2026-03-01
IVN-00507-581,SME-2024-00507,2025-10-09,Retention Offer,Phone Call,Accepted,250000,2025-11-05
IVN-00507-582,SME-2024-00507,2026-05-11,Discount Package,Phone Call,No Response,500000,2026-06-06
IVN-00508-583,SME-2024-00508,2025-08-20,Discount Package,Email,Partial,100000,2025-09-16
IVN-00509-584,SME-2024-00509,2025-10-04,Executive Check-in,Phone Call,Accepted,100000,2025-10-23
IVN-00509-585,SME-2024-00509,2025-09-12,Loyalty Reward,Phone Call,No Response,100000,2025-09-29
IVN-00509-586,SME-2024-00509,2025-11-22,Discount Package,Phone Call,Accepted,500000,2025-12-08
IVN-00511-587,SME-2024-00511,2025-10-04,Loyalty Reward,Visit,Partial,250000,2025-10-26
IVN-00511-588,SME-2024-00511,2025-08-11,Retention Offer,Visit,Declined,100000,2025-08-19
IVN-00513-589,SME-2024-00513,2026-03-10,Loyalty Reward,Visit,Accepted,250000,2026-04-02
IVN-00515-590,SME-2024-00515,2026-01-02,Discount Package,WhatsApp,No Response,250000,2026-01-10
IVN-00519-591,SME-2024-00519,2025-07-24,Service Upgrade Offer,WhatsApp,Accepted,500000,2025-08-09
IVN-00522-592,SME-2024-00522,2025-07-07,Discount Package,Email,Accepted,250000,2025-07-15
IVN-00526-593,SME-2024-00526,2025-11-19,Win-back Call,Phone Call,Declined,250000,2025-12-06
IVN-00526-594,SME-2024-00526,2025-10-01,Win-back Call,WhatsApp,Accepted,250000,2025-10-13
IVN-00526-595,SME-2024-00526,2025-09-04,Executive Check-in,Phone Call,Accepted,250000,2025-09-26
IVN-00526-596,SME-2024-00526,2025-09-11,Retention Offer,Visit,Accepted,250000,2025-10-10
IVN-00529-597,SME-2024-00529,2025-08-06,Service Upgrade Offer,WhatsApp,Accepted,250000,2025-08-30
IVN-00529-598,SME-2024-00529,2026-05-14,Service Upgrade Offer,Visit,Partial,500000,2026-06-12
IVN-00530-599,SME-2024-00530,2025-11-07,Win-back Call,Phone Call,Declined,500000,2025-11-20
IVN-00530-600,SME-2024-00530,2025-11-11,Executive Check-in,WhatsApp,Declined,100000,2025-11-25
IVN-00534-601,SME-2024-00534,2026-06-18,Discount Package,Visit,No Response,100000,2026-07-17
IVN-00535-602,SME-2024-00535,2026-06-10,Retention Offer,Email,Accepted,250000,2026-06-27
IVN-00536-603,SME-2024-00536,2025-11-02,Executive Check-in,WhatsApp,Accepted,250000,2025-11-10
IVN-00537-604,SME-2024-00537,2025-12-20,Service Upgrade Offer,Phone Call,Partial,100000,2025-12-27
IVN-00537-605,SME-2024-00537,2025-07-06,Win-back Call,WhatsApp,Accepted,500000,2025-07-15
IVN-00538-606,SME-2024-00538,2026-05-18,Service Upgrade Offer,Email,Accepted,500000,2026-05-26
IVN-00538-607,SME-2024-00538,2026-04-13,Discount Package,WhatsApp,Accepted,250000,2026-04-27
IVN-00538-608,SME-2024-00538,2025-08-19,Service Upgrade Offer,Visit,Accepted,100000,2025-09-13
IVN-00540-609,SME-2024-00540,2025-07-21,Retention Offer,Visit,Accepted,250000,2025-08-04
IVN-00540-610,SME-2024-00540,2026-02-23,Win-back Call,Visit,Accepted,100000,2026-03-21
IVN-00540-611,SME-2024-00540,2026-06-23,Service Upgrade Offer,Visit,Accepted,250000,2026-07-23
IVN-00541-612,SME-2024-00541,2026-02-22,Loyalty Reward,Visit,Accepted,250000,2026-03-24
IVN-00542-613,SME-2024-00542,2026-04-17,Service Upgrade Offer,Email,No Response,500000,2026-05-03
IVN-00542-614,SME-2024-00542,2025-10-15,Executive Check-in,WhatsApp,Declined,100000,2025-10-26
IVN-00543-615,SME-2024-00543,2025-07-03,Win-back Call,Phone Call,Accepted,500000,2025-07-14
IVN-00543-616,SME-2024-00543,2026-02-01,Win-back Call,WhatsApp,Accepted,250000,2026-02-27
IVN-00544-617,SME-2024-00544,2025-09-07,Win-back Call,Phone Call,No Response,500000,2025-09-21
IVN-00547-618,SME-2024-00547,2026-03-13,Loyalty Reward,WhatsApp,Accepted,250000,2026-04-06
IVN-00547-619,SME-2024-00547,2026-04-12,Loyalty Reward,Phone Call,Accepted,250000,2026-05-09
IVN-00547-620,SME-2024-00547,2025-12-07,Loyalty Reward,Phone Call,No Response,100000,2025-12-25
IVN-00550-621,SME-2024-00550,2025-08-11,Win-back Call,Phone Call,No Response,100000,2025-08-22
IVN-00550-622,SME-2024-00550,2026-03-01,Retention Offer,Phone Call,Declined,250000,2026-03-10
IVN-00551-623,SME-2024-00551,2026-06-11,Executive Check-in,Email,Declined,100000,2026-06-28
IVN-00552-624,SME-2024-00552,2026-05-06,Discount Package,Email,Accepted,500000,2026-06-02
IVN-00553-625,SME-2024-00553,2026-03-14,Discount Package,WhatsApp,Accepted,500000,2026-03-25
IVN-00555-626,SME-2024-00555,2026-02-17,Discount Package,Phone Call,Accepted,250000,2026-02-26
IVN-00556-627,SME-2024-00556,2025-09-19,Executive Check-in,Visit,Declined,500000,2025-10-17
IVN-00559-628,SME-2024-00559,2026-03-13,Retention Offer,Email,Accepted,250000,2026-03-23
IVN-00560-629,SME-2024-00560,2025-07-22,Service Upgrade Offer,WhatsApp,No Response,250000,2025-08-08
IVN-00560-630,SME-2024-00560,2026-03-03,Loyalty Reward,Visit,Accepted,100000,2026-03-15
IVN-00560-631,SME-2024-00560,2025-08-21,Executive Check-in,WhatsApp,Declined,250000,2025-08-30
IVN-00560-632,SME-2024-00560,2025-08-19,Win-back Call,WhatsApp,Declined,100000,2025-09-10
IVN-00561-633,SME-2024-00561,2025-12-24,Win-back Call,Email,No Response,250000,2026-01-03
IVN-00562-634,SME-2024-00562,2025-07-07,Service Upgrade Offer,Phone Call,Declined,250000,2025-07-23
IVN-00563-635,SME-2024-00563,2025-12-14,Discount Package,Phone Call,Accepted,100000,2025-12-22
IVN-00563-636,SME-2024-00563,2026-04-21,Executive Check-in,Phone Call,Accepted,250000,2026-05-04
IVN-00564-637,SME-2024-00564,2025-09-10,Retention Offer,Email,Accepted,500000,2025-09-28
IVN-00564-638,SME-2024-00564,2025-08-04,Discount Package,Email,Accepted,100000,2025-08-19
IVN-00564-639,SME-2024-00564,2025-09-19,Service Upgrade Offer,Email,Declined,500000,2025-10-07
IVN-00565-640,SME-2024-00565,2025-09-05,Service Upgrade Offer,Email,Partial,100000,2025-10-02
IVN-00566-641,SME-2024-00566,2025-10-14,Win-back Call,Phone Call,Accepted,250000,2025-11-07
IVN-00568-642,SME-2024-00568,2026-06-22,Service Upgrade Offer,Phone Call,Partial,250000,2026-07-13
IVN-00568-643,SME-2024-00568,2026-06-16,Executive Check-in,Phone Call,Declined,500000,2026-07-04
IVN-00569-644,SME-2024-00569,2025-10-13,Retention Offer,Phone Call,Declined,500000,2025-11-10
IVN-00570-645,SME-2024-00570,2026-03-09,Win-back Call,Visit,Accepted,250000,2026-03-29
IVN-00571-646,SME-2024-00571,2026-06-24,Retention Offer,Visit,Accepted,250000,2026-07-15
IVN-00571-647,SME-2024-00571,2025-09-20,Executive Check-in,Visit,Accepted,500000,2025-10-06
IVN-00571-648,SME-2024-00571,2026-06-03,Win-back Call,WhatsApp,Declined,100000,2026-06-22
IVN-00573-649,SME-2024-00573,2026-04-13,Service Upgrade Offer,Phone Call,Accepted,100000,2026-05-06
IVN-00577-650,SME-2024-00577,2025-10-21,Retention Offer,Email,Accepted,250000,2025-11-10
IVN-00577-651,SME-2024-00577,2026-06-01,Win-back Call,Phone Call,Declined,250000,2026-06-22
IVN-00579-652,SME-2024-00579,2026-03-08,Service Upgrade Offer,Email,Accepted,500000,2026-03-25
IVN-00581-653,SME-2024-00581,2026-02-04,Service Upgrade Offer,WhatsApp,Accepted,100000,2026-02-24
IVN-00582-654,SME-2024-00582,2026-06-17,Service Upgrade Offer,WhatsApp,Accepted,500000,2026-07-17
IVN-00583-655,SME-2024-00583,2026-04-22,Win-back Call,Visit,No Response,250000,2026-05-21
IVN-00584-656,SME-2024-00584,2025-12-18,Service Upgrade Offer,Phone Call,Accepted,250000,2026-01-13
IVN-00586-657,SME-2024-00586,2026-02-05,Executive Check-in,Email,Accepted,500000,2026-03-05
IVN-00586-658,SME-2024-00586,2026-06-04,Executive Check-in,Phone Call,Accepted,100000,2026-06-14
IVN-00587-659,SME-2024-00587,2026-05-15,Loyalty Reward,Phone Call,No Response,100000,2026-05-29
IVN-00589-660,SME-2024-00589,2026-02-14,Loyalty Reward,Email,Accepted,100000,2026-03-01
IVN-00589-661,SME-2024-00589,2026-05-11,Retention Offer,Visit,Declined,500000,2026-05-29
IVN-00589-662,SME-2024-00589,2025-10-02,Retention Offer,Phone Call,Accepted,500000,2025-10-27
IVN-00590-663,SME-2024-00590,2025-10-07,Discount Package,WhatsApp,Accepted,250000,2025-10-19
IVN-00591-664,SME-2024-00591,2025-11-15,Retention Offer,WhatsApp,No Response,100000,2025-12-11
IVN-00591-665,SME-2024-00591,2025-10-09,Executive Check-in,Visit,Partial,500000,2025-11-08
IVN-00592-666,SME-2024-00592,2025-08-19,Service Upgrade Offer,WhatsApp,Accepted,500000,2025-08-26
IVN-00592-667,SME-2024-00592,2025-07-06,Service Upgrade Offer,WhatsApp,Declined,100000,2025-07-18
IVN-00593-668,SME-2024-00593,2025-07-08,Discount Package,WhatsApp,Accepted,250000,2025-07-23
IVN-00594-669,SME-2024-00594,2025-09-04,Service Upgrade Offer,Phone Call,Accepted,500000,2025-09-18
IVN-00594-670,SME-2024-00594,2025-09-01,Retention Offer,Email,Accepted,500000,2025-09-16
IVN-00594-671,SME-2024-00594,2026-04-03,Service Upgrade Offer,Phone Call,Accepted,500000,2026-04-30
IVN-00594-672,SME-2024-00594,2026-03-08,Win-back Call,Phone Call,Accepted,500000,2026-03-22
IVN-00594-673,SME-2024-00594,2025-11-09,Loyalty Reward,Email,Accepted,500000,2025-12-06
IVN-00596-674,SME-2024-00596,2026-02-22,Loyalty Reward,Email,Accepted,250000,2026-03-09
IVN-00597-675,SME-2024-00597,2025-11-05,Win-back Call,Phone Call,Accepted,500000,2025-11-22
IVN-00597-676,SME-2024-00597,2025-12-08,Service Upgrade Offer,WhatsApp,Accepted,500000,2025-12-21
IVN-00598-677,SME-2024-00598,2025-07-22,Retention Offer,Phone Call,Declined,250000,2025-08-03
IVN-00600-678,SME-2024-00600,2025-11-01,Loyalty Reward,Visit,Accepted,250000,2025-11-20
IVN-00600-679,SME-2024-00600,2025-08-15,Executive Check-in,WhatsApp,Accepted,500000,2025-08-24
IVN-00602-680,SME-2024-00602,2026-06-12,Loyalty Reward,Phone Call,Accepted,500000,2026-06-23
IVN-00603-681,SME-2024-00603,2026-06-01,Service Upgrade Offer,Phone Call,Accepted,500000,2026-06-25
IVN-00605-682,SME-2024-00605,2026-06-14,Discount Package,Phone Call,Declined,250000,2026-07-04
IVN-00606-683,SME-2024-00606,2026-05-05,Win-back Call,Phone Call,No Response,100000,2026-05-27
IVN-00607-684,SME-2024-00607,2026-06-16,Retention Offer,Email,Accepted,100000,2026-07-04
IVN-00610-685,SME-2024-00610,2026-06-09,Retention Offer,Email,No Response,500000,2026-07-08
IVN-00610-686,SME-2024-00610,2026-06-24,Loyalty Reward,Email,Declined,500000,2026-07-23
IVN-00610-687,SME-2024-00610,2026-05-23,Loyalty Reward,Email,Accepted,500000,2026-06-22
IVN-00613-688,SME-2024-00613,2026-05-01,Executive Check-in,Email,No Response,100000,2026-05-18
IVN-00614-689,SME-2024-00614,2026-06-13,Executive Check-in,Email,Partial,250000,2026-07-08
IVN-00617-690,SME-2024-00617,2026-05-03,Retention Offer,Phone Call,Accepted,250000,2026-05-23
IVN-00617-691,SME-2024-00617,2026-05-21,Service Upgrade Offer,Phone Call,Accepted,500000,2026-06-16
IVN-00618-692,SME-2024-00618,2026-04-06,Executive Check-in,Email,Declined,250000,2026-04-16
IVN-00619-693,SME-2024-00619,2026-06-09,Loyalty Reward,Email,Accepted,100000,2026-06-18
IVN-00620-694,SME-2024-00620,2026-06-19,Service Upgrade Offer,WhatsApp,Accepted,500000,2026-07-19
IVN-00620-695,SME-2024-00620,2026-05-22,Win-back Call,Email,Accepted,100000,2026-06-08
IVN-00621-696,SME-2024-00621,2026-06-16,Win-back Call,Visit,Accepted,250000,2026-07-12
IVN-00623-697,SME-2024-00623,2026-05-11,Service Upgrade Offer,Phone Call,Accepted,100000,2026-05-31
IVN-00623-698,SME-2024-00623,2026-06-06,Loyalty Reward,Email,Accepted,500000,2026-06-24
IVN-00624-699,SME-2024-00624,2026-06-19,Win-back Call,WhatsApp,Accepted,500000,2026-07-02
IVN-00624-700,SME-2024-00624,2026-06-22,Discount Package,Email,Partial,250000,2026-07-14
IVN-00624-701,SME-2024-00624,2026-06-04,Win-back Call,Phone Call,Declined,250000,2026-06-11
IVN-00625-702,SME-2024-00625,2026-05-17,Service Upgrade Offer,Phone Call,Accepted,500000,2026-06-06
IVN-00625-703,SME-2024-00625,2026-05-14,Executive Check-in,Phone Call,No Response,500000,2026-05-29
IVN-00626-704,SME-2024-00626,2026-05-16,Executive Check-in,Email,Accepted,100000,2026-05-25
IVN-00626-705,SME-2024-00626,2026-05-18,Discount Package,Email,Accepted,250000,2026-06-05
IVN-00626-706,SME-2024-00626,2026-06-08,Loyalty Reward,WhatsApp,Accepted,500000,2026-06-28
IVN-00626-707,SME-2024-00626,2026-05-05,Loyalty Reward,Phone Call,Declined,500000,2026-05-17
IVN-00628-708,SME-2024-00628,2026-03-14,Retention Offer,Email,Accepted,250000,2026-03-25
IVN-00630-709,SME-2024-00630,2026-02-24,Win-back Call,WhatsApp,Accepted,100000,2026-03-05
IVN-00630-710,SME-2024-00630,2026-05-07,Discount Package,Visit,Accepted,100000,2026-05-31
IVN-00631-711,SME-2024-00631,2026-04-15,Service Upgrade Offer,Email,Accepted,500000,2026-05-10
IVN-00632-712,SME-2024-00632,2026-03-21,Executive Check-in,Phone Call,No Response,500000,2026-04-01
IVN-00632-713,SME-2024-00632,2026-01-16,Win-back Call,Phone Call,Partial,250000,2026-02-02
IVN-00632-714,SME-2024-00632,2026-04-14,Executive Check-in,Phone Call,No Response,500000,2026-05-06
IVN-00632-715,SME-2024-00632,2026-01-09,Discount Package,Phone Call,Declined,100000,2026-02-01
IVN-00634-716,SME-2024-00634,2026-02-04,Service Upgrade Offer,Email,Declined,500000,2026-02-16
IVN-00634-717,SME-2024-00634,2026-06-23,Loyalty Reward,Visit,Declined,500000,2026-07-14
IVN-00635-718,SME-2024-00635,2026-04-15,Win-back Call,Email,Accepted,250000,2026-05-10
IVN-00636-719,SME-2024-00636,2026-05-03,Service Upgrade Offer,Email,No Response,100000,2026-05-20
IVN-00638-720,SME-2024-00638,2026-05-13,Win-back Call,WhatsApp,Accepted,250000,2026-05-29
IVN-00638-721,SME-2024-00638,2026-05-15,Loyalty Reward,Visit,Accepted,250000,2026-06-01
IVN-00638-722,SME-2024-00638,2026-05-17,Service Upgrade Offer,WhatsApp,Accepted,100000,2026-05-31
IVN-00638-723,SME-2024-00638,2026-06-05,Service Upgrade Offer,Email,Partial,100000,2026-06-29
IVN-00640-724,SME-2024-00640,2026-06-12,Win-back Call,WhatsApp,No Response,250000,2026-07-10
IVN-00642-725,SME-2024-00642,2026-06-15,Executive Check-in,WhatsApp,Accepted,250000,2026-07-04
IVN-00642-726,SME-2024-00642,2026-06-13,Retention Offer,Visit,Accepted,100000,2026-07-06
IVN-00643-727,SME-2024-00643,2026-06-03,Loyalty Reward,WhatsApp,No Response,500000,2026-06-20
IVN-00645-728,SME-2024-00645,2026-05-10,Win-back Call,Phone Call,Accepted,500000,2026-05-17
IVN-00648-729,SME-2024-00648,2026-05-05,Discount Package,WhatsApp,Partial,250000,2026-06-03
IVN-00649-730,SME-2024-00649,2026-05-22,Loyalty Reward,Phone Call,No Response,500000,2026-06-17
IVN-00650-731,SME-2024-00650,2026-06-13,Discount Package,WhatsApp,Partial,100000,2026-06-30
IVN-00650-732,SME-2024-00650,2026-05-09,Executive Check-in,Visit,No Response,500000,2026-06-07
IVN-00651-733,SME-2024-00651,2026-03-15,Retention Offer,Visit,No Response,500000,2026-04-14
IVN-00651-734,SME-2024-00651,2026-06-02,Retention Offer,Visit,Accepted,250000,2026-06-18
IVN-00653-735,SME-2024-00653,2026-02-10,Loyalty Reward,Phone Call,No Response,250000,2026-03-11
IVN-00658-736,SME-2024-00658,2026-02-01,Discount Package,WhatsApp,Accepted,100000,2026-03-02
IVN-00660-737,SME-2024-00660,2026-04-10,Service Upgrade Offer,WhatsApp,Accepted,100000,2026-04-18
IVN-00661-738,SME-2024-00661,2026-04-07,Retention Offer,WhatsApp,Partial,100000,2026-04-17
IVN-00662-739,SME-2024-00662,2026-06-03,Retention Offer,WhatsApp,Accepted,100000,2026-06-14
IVN-00663-740,SME-2024-00663,2026-05-14,Service Upgrade Offer,Visit,Accepted,500000,2026-06-06
IVN-00663-741,SME-2024-00663,2026-03-20,Win-back Call,WhatsApp,Declined,250000,2026-04-12
IVN-00666-742,SME-2024-00666,2026-01-14,Loyalty Reward,WhatsApp,Accepted,500000,2026-01-22
IVN-00671-743,SME-2024-00671,2026-05-18,Service Upgrade Offer,WhatsApp,Accepted,250000,2026-06-03
IVN-00674-744,SME-2024-00674,2026-06-03,Executive Check-in,Email,Accepted,500000,2026-06-27
IVN-00674-745,SME-2024-00674,2026-06-04,Retention Offer,Visit,Accepted,500000,2026-06-22
IVN-00675-746,SME-2024-00675,2026-01-23,Executive Check-in,Email,Declined,250000,2026-02-08
IVN-00677-747,SME-2024-00677,2026-05-11,Executive Check-in,Phone Call,Accepted,500000,2026-05-19
IVN-00677-748,SME-2024-00677,2026-01-06,Service Upgrade Offer,Visit,Accepted,100000,2026-01-29
IVN-00679-749,SME-2024-00679,2026-05-10,Retention Offer,Email,Declined,500000,2026-05-19
IVN-00680-750,SME-2024-00680,2026-06-11,Retention Offer,WhatsApp,Accepted,500000,2026-06-26
IVN-00680-751,SME-2024-00680,2026-04-18,Retention Offer,Email,Accepted,250000,2026-05-13
IVN-00682-752,SME-2024-00682,2026-02-12,Discount Package,WhatsApp,No Response,250000,2026-02-24
IVN-00682-753,SME-2024-00682,2026-03-17,Discount Package,Phone Call,Declined,500000,2026-04-01
IVN-00683-754,SME-2024-00683,2026-03-24,Loyalty Reward,WhatsApp,No Response,250000,2026-04-16
IVN-00683-755,SME-2024-00683,2026-04-20,Discount Package,Visit,Accepted,500000,2026-05-10
IVN-00684-756,SME-2024-00684,2026-03-01,Retention Offer,Visit,Accepted,250000,2026-03-11
IVN-00684-757,SME-2024-00684,2026-06-12,Loyalty Reward,WhatsApp,Accepted,500000,2026-07-10
IVN-00686-758,SME-2024-00686,2026-05-01,Loyalty Reward,Email,Declined,100000,2026-05-09
IVN-00686-759,SME-2024-00686,2026-05-13,Loyalty Reward,Visit,Accepted,100000,2026-05-24
IVN-00691-760,SME-2024-00691,2026-06-02,Win-back Call,Phone Call,Accepted,100000,2026-06-18
IVN-00691-761,SME-2024-00691,2026-01-03,Loyalty Reward,Visit,Accepted,100000,2026-01-26
IVN-00692-762,SME-2024-00692,2026-02-08,Win-back Call,WhatsApp,Accepted,100000,2026-02-22
IVN-00693-763,SME-2024-00693,2026-05-08,Win-back Call,WhatsApp,Declined,500000,2026-05-25
IVN-00693-764,SME-2024-00693,2026-04-03,Executive Check-in,Phone Call,No Response,100000,2026-04-13
IVN-00694-765,SME-2024-00694,2026-03-15,Loyalty Reward,WhatsApp,Accepted,100000,2026-04-04
IVN-00694-766,SME-2024-00694,2026-02-21,Loyalty Reward,Visit,Accepted,250000,2026-03-15
IVN-00694-767,SME-2024-00694,2026-05-02,Discount Package,Visit,Accepted,100000,2026-05-20
IVN-00694-768,SME-2024-00694,2026-02-01,Discount Package,Email,No Response,250000,2026-02-10
IVN-00697-769,SME-2024-00697,2026-03-08,Retention Offer,Phone Call,Declined,250000,2026-04-04
IVN-00698-770,SME-2024-00698,2026-06-22,Discount Package,Phone Call,Accepted,500000,2026-07-13
IVN-00700-771,SME-2024-00700,2026-06-01,Retention Offer,Visit,Accepted,100000,2026-06-24
IVN-00700-772,SME-2024-00700,2026-06-22,Service Upgrade Offer,Email,Declined,100000,2026-07-14
IVN-00703-773,SME-2024-00703,2026-06-04,Discount Package,WhatsApp,Accepted,500000,2026-07-03
IVN-00703-774,SME-2024-00703,2026-05-22,Service Upgrade Offer,Phone Call,Accepted,500000,2026-06-11
IVN-00704-775,SME-2024-00704,2026-04-12,Loyalty Reward,Phone Call,Declined,100000,2026-05-06
IVN-00704-776,SME-2024-00704,2026-05-24,Loyalty Reward,Email,Accepted,100000,2026-06-03
IVN-00706-777,SME-2024-00706,2026-04-12,Discount Package,Phone Call,Accepted,500000,2026-05-08
IVN-00706-778,SME-2024-00706,2026-04-17,Service Upgrade Offer,WhatsApp,Accepted,500000,2026-04-29
IVN-00707-779,SME-2024-00707,2026-06-21,Win-back Call,Email,No Response,250000,2026-07-15
IVN-00709-780,SME-2024-00709,2026-06-21,Loyalty Reward,Phone Call,Declined,100000,2026-07-12
IVN-00717-781,SME-2024-00717,2026-06-09,Win-back Call,Phone Call,Partial,100000,2026-07-05
IVN-00718-782,SME-2024-00718,2026-06-23,Win-back Call,Email,Accepted,250000,2026-07-09
IVN-00718-783,SME-2024-00718,2026-04-07,Loyalty Reward,Phone Call,Declined,100000,2026-05-07
IVN-00720-784,SME-2024-00720,2026-06-13,Discount Package,Visit,Accepted,100000,2026-07-11
IVN-00721-785,SME-2024-00721,2026-06-10,Executive Check-in,Visit,Accepted,100000,2026-06-26
IVN-00721-786,SME-2024-00721,2026-06-11,Retention Offer,Visit,No Response,250000,2026-06-23
IVN-00722-787,SME-2024-00722,2026-06-18,Win-back Call,WhatsApp,Accepted,500000,2026-06-28
IVN-00723-788,SME-2024-00723,2026-04-12,Retention Offer,Phone Call,Declined,100000,2026-05-12
IVN-00724-789,SME-2024-00724,2026-06-18,Loyalty Reward,Phone Call,Accepted,100000,2026-06-25
IVN-00725-790,SME-2024-00725,2026-06-22,Win-back Call,Visit,Accepted,250000,2026-07-02
IVN-00726-791,SME-2024-00726,2026-06-04,Retention Offer,Phone Call,Accepted,500000,2026-06-19
IVN-00727-792,SME-2024-00727,2026-04-17,Win-back Call,Visit,Accepted,500000,2026-04-27
IVN-00729-793,SME-2024-00729,2026-06-21,Win-back Call,WhatsApp,Accepted,250000,2026-07-07
IVN-00729-794,SME-2024-00729,2026-06-24,Service Upgrade Offer,WhatsApp,Accepted,500000,2026-07-21
IVN-00731-795,SME-2024-00731,2026-06-01,Executive Check-in,Phone Call,Accepted,250000,2026-06-13
IVN-00733-796,SME-2024-00733,2026-03-14,Loyalty Reward,Visit,Accepted,100000,2026-04-04
IVN-00733-797,SME-2024-00733,2026-04-05,Win-back Call,Phone Call,Accepted,250000,2026-04-25
IVN-00736-798,SME-2024-00736,2026-06-06,Discount Package,WhatsApp,Accepted,100000,2026-06-19
IVN-00737-799,SME-2024-00737,2026-06-17,Win-back Call,Visit,Declined,500000,2026-07-10
IVN-00739-800,SME-2024-00739,2026-06-14,Win-back Call,Phone Call,No Response,500000,2026-06-29
IVN-00740-801,SME-2024-00740,2026-04-02,Loyalty Reward,Email,Accepted,250000,2026-04-09
IVN-00740-802,SME-2024-00740,2026-05-23,Win-back Call,WhatsApp,Partial,250000,2026-06-22
IVN-00741-803,SME-2024-00741,2026-05-13,Retention Offer,Email,Accepted,100000,2026-06-03
IVN-00741-804,SME-2024-00741,2026-06-18,Win-back Call,Visit,Declined,500000,2026-06-25
IVN-00742-805,SME-2024-00742,2026-06-09,Service Upgrade Offer,Phone Call,Accepted,100000,2026-06-27
IVN-00742-806,SME-2024-00742,2026-05-22,Executive Check-in,WhatsApp,Partial,250000,2026-06-13
IVN-00744-807,SME-2024-00744,2026-06-22,Win-back Call,Phone Call,Accepted,100000,2026-07-18
IVN-00744-808,SME-2024-00744,2026-06-13,Retention Offer,Phone Call,No Response,500000,2026-06-30
IVN-00747-809,SME-2024-00747,2026-04-12,Loyalty Reward,Visit,Declined,100000,2026-05-12
IVN-00750-810,SME-2024-00750,2026-04-19,Win-back Call,Visit,Accepted,250000,2026-05-17
IVN-00752-811,SME-2024-00752,2026-06-02,Discount Package,WhatsApp,Accepted,100000,2026-06-27
IVN-00756-812,SME-2024-00756,2026-04-20,Retention Offer,Email,No Response,250000,2026-05-09
IVN-00757-813,SME-2024-00757,2026-05-19,Retention Offer,Visit,Accepted,250000,2026-06-09
IVN-00759-814,SME-2024-00759,2026-06-05,Loyalty Reward,Email,Accepted,500000,2026-06-26
IVN-00760-815,SME-2024-00760,2026-05-03,Service Upgrade Offer,Phone Call,Accepted,250000,2026-05-28
IVN-00761-816,SME-2024-00761,2026-01-23,Service Upgrade Offer,WhatsApp,Accepted,500000,2026-02-18
IVN-00765-817,SME-2024-00765,2026-05-13,Loyalty Reward,Phone Call,Accepted,100000,2026-06-06
IVN-00766-818,SME-2024-00766,2026-02-02,Executive Check-in,Email,Accepted,250000,2026-02-13
IVN-00769-819,SME-2024-00769,2026-06-15,Loyalty Reward,WhatsApp,Accepted,500000,2026-06-25
IVN-00769-820,SME-2024-00769,2026-05-03,Discount Package,Email,Accepted,250000,2026-06-01
IVN-00771-821,SME-2024-00771,2026-05-01,Retention Offer,Visit,Partial,500000,2026-05-14
IVN-00772-822,SME-2024-00772,2026-06-12,Win-back Call,Email,Accepted,500000,2026-07-03
IVN-00773-823,SME-2024-00773,2026-05-06,Service Upgrade Offer,Email,Declined,500000,2026-05-19
IVN-00775-824,SME-2024-00775,2026-06-17,Service Upgrade Offer,WhatsApp,Accepted,250000,2026-07-15
IVN-00776-825,SME-2024-00776,2026-05-10,Loyalty Reward,Email,Declined,100000,2026-06-07
IVN-00777-826,SME-2024-00777,2026-04-22,Discount Package,Visit,No Response,500000,2026-05-12
IVN-00777-827,SME-2024-00777,2026-04-13,Executive Check-in,Phone Call,Accepted,500000,2026-05-08
IVN-00778-828,SME-2024-00778,2026-05-13,Win-back Call,Phone Call,Accepted,500000,2026-05-30
IVN-00778-829,SME-2024-00778,2026-04-22,Executive Check-in,Phone Call,Partial,250000,2026-05-11
IVN-00778-830,SME-2024-00778,2026-06-23,Loyalty Reward,Email,Declined,500000,2026-07-17
IVN-00782-831,SME-2024-00782,2026-06-17,Executive Check-in,WhatsApp,Accepted,250000,2026-07-15
IVN-00785-832,SME-2024-00785,2026-04-15,Service Upgrade Offer,Visit,Accepted,100000,2026-04-26
IVN-00787-833,SME-2024-00787,2026-05-19,Loyalty Reward,Email,Accepted,500000,2026-05-29
IVN-00788-834,SME-2024-00788,2026-01-01,Loyalty Reward,WhatsApp,No Response,500000,2026-01-10
IVN-00790-835,SME-2024-00790,2026-05-16,Loyalty Reward,Email,Declined,250000,2026-06-02
IVN-00791-836,SME-2024-00791,2026-06-02,Discount Package,Visit,Accepted,500000,2026-06-29
IVN-00791-837,SME-2024-00791,2026-06-05,Loyalty Reward,Email,Accepted,500000,2026-06-18
IVN-00791-838,SME-2024-00791,2026-06-17,Executive Check-in,Email,Declined,250000,2026-06-26
IVN-00791-839,SME-2024-00791,2026-06-13,Loyalty Reward,Phone Call,Accepted,250000,2026-06-26
IVN-00792-840,SME-2024-00792,2026-06-08,Retention Offer,Phone Call,No Response,500000,2026-06-16
IVN-00798-841,SME-2024-00798,2026-05-15,Discount Package,Visit,Partial,250000,2026-05-25
IVN-00798-842,SME-2024-00798,2026-05-11,Loyalty Reward,Phone Call,Accepted,100000,2026-05-26
IVN-00799-843,SME-2024-00799,2026-06-15,Service Upgrade Offer,WhatsApp,Declined,500000,2026-07-13
IVN-00799-844,SME-2024-00799,2026-06-13,Win-back Call,Phone Call,Accepted,250000,2026-07-10
IVN-00799-845,SME-2024-00799,2026-06-21,Retention Offer,Phone Call,Accepted,100000,2026-07-11
IVN-00801-846,SME-2024-00801,2026-04-03,Retention Offer,Visit,Accepted,100000,2026-04-25
IVN-00801-847,SME-2024-00801,2026-05-23,Retention Offer,Email,Accepted,500000,2026-06-04
IVN-00802-848,SME-2024-00802,2026-05-22,Service Upgrade Offer,WhatsApp,Accepted,250000,2026-06-05
IVN-00802-849,SME-2024-00802,2026-05-10,Discount Package,Visit,Declined,500000,2026-06-05
IVN-00803-850,SME-2024-00803,2026-05-04,Service Upgrade Offer,Phone Call,Accepted,500000,2026-05-23
IVN-00803-851,SME-2024-00803,2026-03-04,Loyalty Reward,WhatsApp,No Response,100000,2026-03-11
IVN-00809-852,SME-2024-00809,2026-04-12,Executive Check-in,Phone Call,Accepted,100000,2026-04-19
IVN-00810-853,SME-2024-00810,2026-05-24,Retention Offer,WhatsApp,Declined,100000,2026-06-04
IVN-00811-854,SME-2024-00811,2026-05-21,Retention Offer,Phone Call,Declined,500000,2026-06-03
IVN-00812-855,SME-2024-00812,2026-06-03,Loyalty Reward,Email,Accepted,100000,2026-06-23
IVN-00813-856,SME-2024-00813,2026-06-02,Win-back Call,Visit,Partial,250000,2026-06-15
IVN-00813-857,SME-2024-00813,2026-05-22,Executive Check-in,Phone Call,Partial,250000,2026-06-09
IVN-00813-858,SME-2024-00813,2026-04-07,Discount Package,Phone Call,Partial,500000,2026-04-23
IVN-00814-859,SME-2024-00814,2026-05-11,Executive Check-in,Phone Call,Accepted,500000,2026-06-02
IVN-00815-860,SME-2024-00815,2026-04-10,Win-back Call,Phone Call,No Response,100000,2026-04-23
IVN-00815-861,SME-2024-00815,2026-06-12,Service Upgrade Offer,Visit,Accepted,100000,2026-07-02
IVN-00816-862,SME-2024-00816,2026-02-22,Executive Check-in,Phone Call,Declined,250000,2026-03-19
IVN-00818-863,SME-2024-00818,2026-04-14,Discount Package,Email,Accepted,100000,2026-04-24
IVN-00819-864,SME-2024-00819,2026-05-10,Discount Package,Visit,Accepted,500000,2026-06-08
IVN-00819-865,SME-2024-00819,2026-04-07,Retention Offer,Visit,Accepted,100000,2026-04-14
IVN-00821-866,SME-2024-00821,2026-06-06,Service Upgrade Offer,WhatsApp,Declined,250000,2026-06-28
IVN-00821-867,SME-2024-00821,2026-05-12,Executive Check-in,Phone Call,Accepted,250000,2026-06-08
IVN-00822-868,SME-2024-00822,2026-06-21,Win-back Call,Phone Call,Accepted,250000,2026-07-03
IVN-00824-869,SME-2024-00824,2026-06-08,Executive Check-in,Phone Call,Accepted,250000,2026-06-19
IVN-00824-870,SME-2024-00824,2026-02-21,Discount Package,Phone Call,Accepted,100000,2026-02-28
IVN-00825-871,SME-2024-00825,2026-06-18,Win-back Call,Email,Accepted,100000,2026-07-01
IVN-00825-872,SME-2024-00825,2026-05-14,Executive Check-in,Visit,Accepted,100000,2026-05-29
IVN-00826-873,SME-2024-00826,2026-06-16,Retention Offer,Email,Accepted,250000,2026-07-12
IVN-00826-874,SME-2024-00826,2026-05-22,Retention Offer,Visit,Declined,250000,2026-06-14
IVN-00826-875,SME-2024-00826,2026-06-16,Service Upgrade Offer,Phone Call,Partial,100000,2026-06-29
IVN-00827-876,SME-2024-00827,2026-05-14,Executive Check-in,Phone Call,Accepted,250000,2026-06-12
IVN-00827-877,SME-2024-00827,2026-06-01,Executive Check-in,Visit,No Response,100000,2026-06-22
IVN-00828-878,SME-2024-00828,2026-05-15,Loyalty Reward,WhatsApp,Accepted,500000,2026-05-31
IVN-00830-879,SME-2024-00830,2026-04-09,Service Upgrade Offer,WhatsApp,Accepted,500000,2026-04-25
IVN-00830-880,SME-2024-00830,2026-05-17,Win-back Call,WhatsApp,Accepted,500000,2026-06-07
IVN-00832-881,SME-2024-00832,2026-06-06,Retention Offer,Email,No Response,500000,2026-06-23
IVN-00834-882,SME-2024-00834,2026-03-08,Discount Package,Visit,Accepted,100000,2026-03-23
IVN-00834-883,SME-2024-00834,2026-04-10,Executive Check-in,Visit,No Response,250000,2026-04-18
IVN-00839-884,SME-2024-00839,2026-05-06,Win-back Call,Visit,No Response,250000,2026-06-04
IVN-00841-885,SME-2024-00841,2026-05-01,Executive Check-in,WhatsApp,Accepted,250000,2026-05-27
IVN-00841-886,SME-2024-00841,2026-06-16,Loyalty Reward,Visit,Declined,100000,2026-06-23
IVN-00842-887,SME-2024-00842,2026-06-21,Service Upgrade Offer,Visit,Declined,250000,2026-07-15
IVN-00843-888,SME-2024-00843,2026-05-23,Service Upgrade Offer,Email,Accepted,500000,2026-06-07
IVN-00844-889,SME-2024-00844,2026-05-12,Win-back Call,Visit,Accepted,500000,2026-05-23
IVN-00846-890,SME-2024-00846,2026-03-08,Discount Package,WhatsApp,Partial,100000,2026-04-03
IVN-00849-891,SME-2024-00849,2026-06-05,Loyalty Reward,Visit,Declined,250000,2026-06-24
IVN-00850-892,SME-2024-00850,2026-06-03,Executive Check-in,Email,Accepted,100000,2026-07-01
IVN-00851-893,SME-2024-00851,2025-09-04,Discount Package,Phone Call,Accepted,750000,2025-09-18
IVN-00852-894,SME-2024-00852,2026-01-19,Loyalty Reward,Visit,Declined,500000,2026-02-08
IVN-00853-895,SME-2024-00853,2026-03-22,Executive Check-in,Email,No Response,750000,2026-04-15
IVN-00853-896,SME-2024-00853,2025-08-11,Retention Offer,Email,Accepted,750000,2025-09-07
IVN-00853-897,SME-2024-00853,2026-03-03,Loyalty Reward,Visit,Declined,750000,2026-03-24
IVN-00853-898,SME-2024-00853,2025-09-23,Win-back Call,WhatsApp,Declined,1000000,2025-10-21
IVN-00854-899,SME-2024-00854,2026-04-12,Service Upgrade Offer,Visit,Declined,250000,2026-05-01
IVN-00854-900,SME-2024-00854,2025-11-13,Loyalty Reward,Email,Accepted,1000000,2025-11-26
IVN-00854-901,SME-2024-00854,2025-11-02,Win-back Call,WhatsApp,Declined,1000000,2025-11-24
IVN-00854-902,SME-2024-00854,2025-10-13,Service Upgrade Offer,Email,No Response,500000,2025-11-02
IVN-00855-903,SME-2024-00855,2025-10-23,Discount Package,WhatsApp,Accepted,500000,2025-11-16
IVN-00856-904,SME-2024-00856,2025-07-03,Executive Check-in,Phone Call,No Response,500000,2025-07-28
IVN-00856-905,SME-2024-00856,2025-11-11,Executive Check-in,Email,Declined,1000000,2025-11-24
IVN-00856-906,SME-2024-00856,2026-05-16,Executive Check-in,WhatsApp,Accepted,750000,2026-05-26
IVN-00856-907,SME-2024-00856,2026-05-23,Retention Offer,WhatsApp,Accepted,250000,2026-06-14
IVN-00857-908,SME-2024-00857,2026-06-19,Loyalty Reward,Visit,Declined,750000,2026-07-08
IVN-00858-909,SME-2024-00858,2026-02-05,Win-back Call,WhatsApp,Declined,1000000,2026-02-21
IVN-00859-910,SME-2024-00859,2026-04-17,Discount Package,Visit,No Response,500000,2026-04-27
IVN-00859-911,SME-2024-00859,2025-12-20,Service Upgrade Offer,WhatsApp,Partial,1000000,2025-12-27
IVN-00860-912,SME-2024-00860,2026-06-16,Service Upgrade Offer,Phone Call,Accepted,250000,2026-06-23
IVN-00860-913,SME-2024-00860,2026-05-07,Win-back Call,Phone Call,Partial,250000,2026-06-01
IVN-00861-914,SME-2024-00861,2026-03-10,Retention Offer,Email,No Response,1000000,2026-04-02
IVN-00861-915,SME-2024-00861,2026-03-19,Loyalty Reward,WhatsApp,Accepted,750000,2026-03-28
IVN-00862-916,SME-2024-00862,2026-01-18,Executive Check-in,Phone Call,Accepted,1000000,2026-01-30
IVN-00862-917,SME-2024-00862,2026-01-16,Discount Package,Email,Declined,1000000,2026-02-06
IVN-00863-918,SME-2024-00863,2026-06-17,Executive Check-in,WhatsApp,No Response,1000000,2026-06-26
IVN-00863-919,SME-2024-00863,2026-02-06,Executive Check-in,WhatsApp,Declined,1000000,2026-02-26
IVN-00864-920,SME-2024-00864,2025-11-01,Service Upgrade Offer,Phone Call,Declined,750000,2025-11-18
IVN-00864-921,SME-2024-00864,2025-11-08,Win-back Call,Email,Accepted,500000,2025-11-21
IVN-00864-922,SME-2024-00864,2026-06-03,Loyalty Reward,Phone Call,No Response,1000000,2026-06-25
IVN-00864-923,SME-2024-00864,2026-02-04,Executive Check-in,Phone Call,No Response,250000,2026-02-17
IVN-00864-924,SME-2024-00864,2025-07-13,Discount Package,Visit,Accepted,750000,2025-08-11
IVN-00864-925,SME-2024-00864,2025-08-16,Retention Offer,Phone Call,Partial,250000,2025-08-31
IVN-00865-926,SME-2024-00865,2025-10-20,Loyalty Reward,Visit,Declined,250000,2025-11-03
IVN-00865-927,SME-2024-00865,2026-02-14,Win-back Call,Email,Declined,1000000,2026-02-25
IVN-00866-928,SME-2024-00866,2025-11-19,Loyalty Reward,WhatsApp,Declined,1000000,2025-12-15
IVN-00866-929,SME-2024-00866,2025-08-09,Loyalty Reward,Visit,No Response,1000000,2025-08-22
IVN-00867-930,SME-2024-00867,2025-12-11,Win-back Call,Phone Call,Partial,1000000,2026-01-02
IVN-00867-931,SME-2024-00867,2026-02-23,Discount Package,Email,Accepted,500000,2026-03-17
IVN-00867-932,SME-2024-00867,2025-10-11,Service Upgrade Offer,Phone Call,Accepted,500000,2025-11-06
IVN-00867-933,SME-2024-00867,2025-12-01,Executive Check-in,Email,Declined,1000000,2025-12-11
IVN-00868-934,SME-2024-00868,2025-09-05,Discount Package,WhatsApp,Partial,250000,2025-09-29
IVN-00869-935,SME-2024-00869,2025-09-17,Loyalty Reward,WhatsApp,Accepted,1000000,2025-09-27
IVN-00869-936,SME-2024-00869,2026-05-08,Discount Package,Phone Call,Partial,500000,2026-05-24
IVN-00869-937,SME-2024-00869,2025-11-03,Executive Check-in,WhatsApp,Declined,750000,2025-11-24
IVN-00870-938,SME-2024-00870,2026-03-11,Retention Offer,WhatsApp,No Response,750000,2026-03-27
IVN-00872-939,SME-2024-00872,2025-12-01,Win-back Call,WhatsApp,Partial,500000,2025-12-28
IVN-00872-940,SME-2024-00872,2025-12-05,Service Upgrade Offer,Phone Call,Declined,1000000,2025-12-16
IVN-00873-941,SME-2024-00873,2025-07-17,Executive Check-in,Visit,No Response,500000,2025-08-14
IVN-00874-942,SME-2024-00874,2026-03-14,Win-back Call,WhatsApp,Partial,750000,2026-03-31
IVN-00875-943,SME-2024-00875,2025-08-03,Service Upgrade Offer,WhatsApp,No Response,750000,2025-08-24
IVN-00875-944,SME-2024-00875,2025-09-07,Loyalty Reward,WhatsApp,Accepted,250000,2025-09-22
IVN-00875-945,SME-2024-00875,2026-04-09,Discount Package,WhatsApp,No Response,500000,2026-05-03
IVN-00875-946,SME-2024-00875,2025-07-24,Retention Offer,Visit,Declined,750000,2025-08-15
IVN-00875-947,SME-2024-00875,2025-08-13,Discount Package,Visit,Declined,500000,2025-09-08
IVN-00876-948,SME-2024-00876,2025-09-18,Win-back Call,WhatsApp,Declined,1000000,2025-10-08
IVN-00877-949,SME-2024-00877,2025-12-17,Discount Package,Phone Call,No Response,750000,2026-01-06
IVN-00877-950,SME-2024-00877,2025-11-24,Retention Offer,Email,Partial,1000000,2025-12-24
IVN-00877-951,SME-2024-00877,2026-05-03,Discount Package,Visit,Accepted,250000,2026-05-18
IVN-00877-952,SME-2024-00877,2025-12-19,Win-back Call,WhatsApp,No Response,1000000,2026-01-11
IVN-00878-953,SME-2024-00878,2025-08-16,Discount Package,WhatsApp,Declined,750000,2025-08-24
IVN-00878-954,SME-2024-00878,2025-07-20,Retention Offer,Phone Call,Partial,1000000,2025-07-30
IVN-00879-955,SME-2024-00879,2026-06-07,Discount Package,Phone Call,Declined,500000,2026-06-15
IVN-00879-956,SME-2024-00879,2025-12-11,Loyalty Reward,Visit,No Response,750000,2026-01-02
IVN-00879-957,SME-2024-00879,2025-10-18,Retention Offer,WhatsApp,No Response,750000,2025-11-04
IVN-00879-958,SME-2024-00879,2026-05-06,Executive Check-in,Phone Call,Accepted,750000,2026-05-17
IVN-00880-959,SME-2024-00880,2025-09-23,Service Upgrade Offer,Visit,No Response,1000000,2025-10-22
IVN-00880-960,SME-2024-00880,2026-04-11,Executive Check-in,WhatsApp,Declined,500000,2026-04-24
IVN-00881-961,SME-2024-00881,2026-04-09,Win-back Call,Email,No Response,500000,2026-04-17
IVN-00881-962,SME-2024-00881,2026-04-08,Loyalty Reward,Email,Declined,750000,2026-05-05
IVN-00882-963,SME-2024-00882,2025-12-02,Win-back Call,WhatsApp,No Response,500000,2025-12-11
IVN-00882-964,SME-2024-00882,2026-04-20,Retention Offer,WhatsApp,No Response,1000000,2026-05-18
IVN-00883-965,SME-2024-00883,2026-02-17,Win-back Call,WhatsApp,No Response,250000,2026-03-18
IVN-00883-966,SME-2024-00883,2026-05-15,Retention Offer,WhatsApp,Partial,500000,2026-05-24
IVN-00883-967,SME-2024-00883,2026-02-21,Win-back Call,Visit,No Response,1000000,2026-03-14
IVN-00883-968,SME-2024-00883,2026-06-08,Loyalty Reward,WhatsApp,Declined,1000000,2026-07-07
IVN-00884-969,SME-2024-00884,2025-12-16,Service Upgrade Offer,Visit,Partial,750000,2026-01-04
IVN-00884-970,SME-2024-00884,2025-11-24,Service Upgrade Offer,Visit,No Response,750000,2025-12-15
IVN-00885-971,SME-2024-00885,2025-08-09,Retention Offer,Phone Call,No Response,750000,2025-09-08
IVN-00885-972,SME-2024-00885,2026-05-17,Executive Check-in,Phone Call,Accepted,1000000,2026-05-25
IVN-00886-973,SME-2024-00886,2026-01-07,Loyalty Reward,Phone Call,Declined,250000,2026-02-05
IVN-00887-974,SME-2024-00887,2026-04-09,Service Upgrade Offer,Email,No Response,500000,2026-04-29
IVN-00887-975,SME-2024-00887,2025-11-04,Executive Check-in,WhatsApp,Accepted,1000000,2025-11-14
IVN-00888-976,SME-2024-00888,2025-09-04,Retention Offer,WhatsApp,Accepted,750000,2025-09-22
IVN-00889-977,SME-2024-00889,2025-11-16,Win-back Call,Email,Accepted,250000,2025-12-14
IVN-00889-978,SME-2024-00889,2025-07-07,Retention Offer,WhatsApp,No Response,250000,2025-07-20
IVN-00890-979,SME-2024-00890,2025-11-13,Win-back Call,WhatsApp,Declined,1000000,2025-11-27
IVN-00890-980,SME-2024-00890,2025-07-20,Service Upgrade Offer,Visit,Partial,750000,2025-07-30
IVN-00891-981,SME-2024-00891,2026-02-16,Executive Check-in,WhatsApp,Accepted,250000,2026-03-18
IVN-00891-982,SME-2024-00891,2025-11-05,Win-back Call,Phone Call,Accepted,250000,2025-11-26
IVN-00891-983,SME-2024-00891,2025-10-12,Executive Check-in,Phone Call,No Response,500000,2025-11-03
IVN-00891-984,SME-2024-00891,2026-02-15,Loyalty Reward,Phone Call,Accepted,1000000,2026-03-03
IVN-00891-985,SME-2024-00891,2026-01-16,Win-back Call,Email,Declined,750000,2026-02-05
IVN-00892-986,SME-2024-00892,2026-02-24,Service Upgrade Offer,Phone Call,Accepted,750000,2026-03-24
IVN-00892-987,SME-2024-00892,2025-10-02,Service Upgrade Offer,Email,Accepted,500000,2025-10-13
IVN-00892-988,SME-2024-00892,2025-12-03,Loyalty Reward,Visit,Accepted,750000,2025-12-14
IVN-00893-989,SME-2024-00893,2025-11-02,Service Upgrade Offer,WhatsApp,Partial,1000000,2025-11-26
IVN-00893-990,SME-2024-00893,2025-07-11,Discount Package,Phone Call,Accepted,500000,2025-08-03
IVN-00894-991,SME-2024-00894,2026-05-14,Executive Check-in,WhatsApp,Declined,500000,2026-06-12
IVN-00894-992,SME-2024-00894,2025-12-10,Discount Package,Email,Accepted,250000,2025-12-24
IVN-00895-993,SME-2024-00895,2026-05-18,Service Upgrade Offer,Visit,Accepted,1000000,2026-06-17
IVN-00895-994,SME-2024-00895,2025-09-15,Executive Check-in,Phone Call,Accepted,500000,2025-10-02
IVN-00896-995,SME-2024-00896,2026-04-17,Executive Check-in,WhatsApp,Partial,500000,2026-04-26
IVN-00897-996,SME-2024-00897,2025-11-11,Win-back Call,Visit,Declined,1000000,2025-11-25
IVN-00897-997,SME-2024-00897,2025-11-06,Retention Offer,Visit,Declined,250000,2025-11-17
IVN-00897-998,SME-2024-00897,2025-10-14,Executive Check-in,Visit,Accepted,250000,2025-11-04
IVN-00897-999,SME-2024-00897,2026-02-24,Retention Offer,Visit,Declined,500000,2026-03-08
IVN-00897-1000,SME-2024-00897,2026-04-09,Retention Offer,Phone Call,No Response,250000,2026-05-05
IVN-00897-1001,SME-2024-00897,2025-11-03,Loyalty Reward,WhatsApp,Partial,500000,2025-11-13
IVN-00898-1002,SME-2024-00898,2025-11-19,Service Upgrade Offer,Visit,No Response,750000,2025-12-04
IVN-00898-1003,SME-2024-00898,2026-04-11,Loyalty Reward,Email,Partial,500000,2026-04-19
IVN-00900-1004,SME-2024-00900,2025-11-15,Win-back Call,Phone Call,Declined,750000,2025-12-10
IVN-00900-1005,SME-2024-00900,2025-08-01,Retention Offer,Visit,No Response,1000000,2025-08-18
IVN-00901-1006,SME-2024-00901,2026-01-17,Executive Check-in,WhatsApp,No Response,250000,2026-02-07
IVN-00902-1007,SME-2024-00902,2025-12-06,Executive Check-in,Visit,Accepted,750000,2026-01-04
IVN-00902-1008,SME-2024-00902,2025-08-21,Win-back Call,Phone Call,Accepted,750000,2025-09-15
IVN-00903-1009,SME-2024-00903,2025-08-23,Retention Offer,Email,Accepted,1000000,2025-09-22
IVN-00903-1010,SME-2024-00903,2025-10-03,Win-back Call,Phone Call,Partial,750000,2025-10-13
IVN-00903-1011,SME-2024-00903,2026-06-15,Loyalty Reward,WhatsApp,No Response,250000,2026-06-23
IVN-00903-1012,SME-2024-00903,2025-10-13,Service Upgrade Offer,Phone Call,Accepted,250000,2025-10-29
IVN-00904-1013,SME-2024-00904,2025-07-22,Service Upgrade Offer,Email,Declined,500000,2025-08-19
IVN-00905-1014,SME-2024-00905,2026-01-09,Win-back Call,Visit,Declined,250000,2026-01-28
IVN-00905-1015,SME-2024-00905,2026-02-21,Executive Check-in,Email,Declined,750000,2026-03-23
IVN-00905-1016,SME-2024-00905,2026-06-05,Win-back Call,WhatsApp,Partial,1000000,2026-06-27
IVN-00905-1017,SME-2024-00905,2025-08-24,Retention Offer,Email,No Response,1000000,2025-09-12
IVN-00905-1018,SME-2024-00905,2025-09-17,Retention Offer,Phone Call,Declined,1000000,2025-10-06
IVN-00906-1019,SME-2024-00906,2025-08-18,Executive Check-in,Email,No Response,250000,2025-09-09
IVN-00906-1020,SME-2024-00906,2025-08-03,Service Upgrade Offer,Visit,Declined,750000,2025-08-19
IVN-00906-1021,SME-2024-00906,2025-10-11,Service Upgrade Offer,Phone Call,Declined,750000,2025-10-25
IVN-00906-1022,SME-2024-00906,2026-05-23,Win-back Call,Visit,Declined,750000,2026-06-15
IVN-00906-1023,SME-2024-00906,2025-11-17,Service Upgrade Offer,WhatsApp,No Response,1000000,2025-11-29
IVN-00907-1024,SME-2024-00907,2026-01-12,Executive Check-in,WhatsApp,No Response,500000,2026-01-31
IVN-00908-1025,SME-2024-00908,2025-11-24,Win-back Call,Phone Call,Accepted,500000,2025-12-15
IVN-00908-1026,SME-2024-00908,2026-03-18,Retention Offer,Phone Call,Accepted,750000,2026-04-06
IVN-00909-1027,SME-2024-00909,2026-04-01,Service Upgrade Offer,Phone Call,Partial,1000000,2026-04-10
IVN-00909-1028,SME-2024-00909,2025-12-11,Discount Package,Phone Call,No Response,250000,2025-12-28
IVN-00910-1029,SME-2024-00910,2025-10-16,Win-back Call,Email,Accepted,1000000,2025-10-29
IVN-00910-1030,SME-2024-00910,2026-04-11,Service Upgrade Offer,Phone Call,Accepted,1000000,2026-05-02
IVN-00910-1031,SME-2024-00910,2026-02-06,Loyalty Reward,Email,Accepted,750000,2026-02-15
IVN-00911-1032,SME-2024-00911,2025-11-02,Executive Check-in,WhatsApp,Accepted,1000000,2025-11-13
IVN-00911-1033,SME-2024-00911,2025-10-02,Win-back Call,Phone Call,Declined,250000,2025-10-17
IVN-00912-1034,SME-2024-00912,2026-05-15,Service Upgrade Offer,Email,Accepted,500000,2026-06-06
IVN-00914-1035,SME-2024-00914,2026-01-19,Loyalty Reward,WhatsApp,No Response,250000,2026-01-26
IVN-00914-1036,SME-2024-00914,2026-06-14,Loyalty Reward,WhatsApp,Accepted,1000000,2026-07-13
IVN-00915-1037,SME-2024-00915,2026-01-17,Executive Check-in,Phone Call,Accepted,1000000,2026-02-05
IVN-00916-1038,SME-2024-00916,2025-10-22,Executive Check-in,Email,Accepted,750000,2025-11-17
IVN-00916-1039,SME-2024-00916,2025-08-01,Win-back Call,WhatsApp,Declined,750000,2025-08-19
IVN-00916-1040,SME-2024-00916,2025-12-07,Discount Package,WhatsApp,No Response,750000,2025-12-21
IVN-00916-1041,SME-2024-00916,2026-01-10,Discount Package,Visit,No Response,500000,2026-01-19
IVN-00916-1042,SME-2024-00916,2026-01-23,Loyalty Reward,Email,Partial,1000000,2026-01-31
IVN-00916-1043,SME-2024-00916,2026-05-05,Service Upgrade Offer,Visit,No Response,750000,2026-05-18
IVN-00917-1044,SME-2024-00917,2025-11-10,Discount Package,Visit,No Response,250000,2025-11-30
IVN-00918-1045,SME-2024-00918,2026-01-11,Service Upgrade Offer,WhatsApp,Declined,750000,2026-02-07
IVN-00918-1046,SME-2024-00918,2026-02-17,Retention Offer,Email,Accepted,750000,2026-03-04
IVN-00918-1047,SME-2024-00918,2025-10-15,Discount Package,Phone Call,No Response,500000,2025-11-08
IVN-00918-1048,SME-2024-00918,2026-05-02,Loyalty Reward,Visit,Accepted,1000000,2026-05-24
IVN-00919-1049,SME-2024-00919,2025-11-07,Win-back Call,Phone Call,Accepted,750000,2025-11-26
IVN-00919-1050,SME-2024-00919,2025-12-20,Loyalty Reward,Phone Call,Declined,750000,2026-01-05
IVN-00920-1051,SME-2024-00920,2026-01-09,Executive Check-in,Email,Declined,1000000,2026-02-03
IVN-00920-1052,SME-2024-00920,2025-07-01,Win-back Call,WhatsApp,No Response,750000,2025-07-16
IVN-00920-1053,SME-2024-00920,2026-06-10,Retention Offer,Visit,Declined,750000,2026-07-01
IVN-00922-1054,SME-2024-00922,2026-02-13,Loyalty Reward,Visit,Declined,750000,2026-02-28
IVN-00922-1055,SME-2024-00922,2026-04-18,Loyalty Reward,Email,No Response,500000,2026-05-06
IVN-00922-1056,SME-2024-00922,2025-07-03,Discount Package,Visit,Accepted,750000,2025-07-15
IVN-00923-1057,SME-2024-00923,2025-07-12,Loyalty Reward,Visit,No Response,500000,2025-07-23
IVN-00923-1058,SME-2024-00923,2025-09-01,Retention Offer,Visit,No Response,1000000,2025-09-11
IVN-00923-1059,SME-2024-00923,2025-11-21,Win-back Call,Phone Call,No Response,250000,2025-12-09
IVN-00924-1060,SME-2024-00924,2025-07-07,Win-back Call,Visit,Partial,250000,2025-08-02
IVN-00924-1061,SME-2024-00924,2025-11-18,Retention Offer,Email,Declined,500000,2025-12-08
IVN-00925-1062,SME-2024-00925,2025-12-14,Executive Check-in,Email,No Response,500000,2025-12-23
IVN-00925-1063,SME-2024-00925,2026-04-04,Loyalty Reward,Phone Call,Partial,250000,2026-04-24
IVN-00925-1064,SME-2024-00925,2025-12-07,Service Upgrade Offer,Visit,Partial,250000,2025-12-27
IVN-00927-1065,SME-2024-00927,2026-04-24,Loyalty Reward,WhatsApp,Declined,750000,2026-05-20
IVN-00927-1066,SME-2024-00927,2025-12-09,Discount Package,WhatsApp,No Response,750000,2025-12-23
IVN-00928-1067,SME-2024-00928,2025-10-14,Win-back Call,Visit,No Response,750000,2025-10-25
IVN-00928-1068,SME-2024-00928,2025-11-09,Executive Check-in,Phone Call,Partial,1000000,2025-11-17
IVN-00928-1069,SME-2024-00928,2026-06-02,Loyalty Reward,Email,Accepted,750000,2026-06-22
IVN-00928-1070,SME-2024-00928,2025-07-24,Retention Offer,Visit,Accepted,250000,2025-08-20
IVN-00929-1071,SME-2024-00929,2026-03-07,Discount Package,Visit,Declined,500000,2026-04-04
IVN-00929-1072,SME-2024-00929,2025-07-01,Discount Package,Email,No Response,750000,2025-07-30
IVN-00930-1073,SME-2024-00930,2026-01-06,Executive Check-in,Visit,Partial,1000000,2026-02-04
IVN-00930-1074,SME-2024-00930,2025-11-10,Win-back Call,Email,Declined,750000,2025-12-02
IVN-00931-1075,SME-2024-00931,2025-10-16,Win-back Call,Visit,Accepted,750000,2025-11-07
IVN-00931-1076,SME-2024-00931,2026-03-01,Loyalty Reward,Email,Accepted,1000000,2026-03-10
IVN-00931-1077,SME-2024-00931,2026-02-12,Loyalty Reward,Phone Call,No Response,750000,2026-02-28
IVN-00932-1078,SME-2024-00932,2026-05-24,Executive Check-in,Visit,Partial,750000,2026-06-11
IVN-00932-1079,SME-2024-00932,2026-06-15,Win-back Call,WhatsApp,Accepted,500000,2026-07-14
IVN-00933-1080,SME-2024-00933,2025-08-05,Service Upgrade Offer,Phone Call,Declined,500000,2025-08-22
IVN-00934-1081,SME-2024-00934,2026-01-04,Service Upgrade Offer,Visit,No Response,750000,2026-02-03
IVN-00935-1082,SME-2024-00935,2025-10-01,Discount Package,WhatsApp,Declined,1000000,2025-10-11
IVN-00936-1083,SME-2024-00936,2025-08-07,Discount Package,Visit,Accepted,1000000,2025-08-26
IVN-00937-1084,SME-2024-00937,2026-02-17,Win-back Call,Email,Declined,500000,2026-03-07
IVN-00937-1085,SME-2024-00937,2026-01-12,Discount Package,WhatsApp,No Response,1000000,2026-02-08
IVN-00937-1086,SME-2024-00937,2026-02-15,Retention Offer,Phone Call,Declined,750000,2026-03-13
IVN-00937-1087,SME-2024-00937,2026-05-18,Loyalty Reward,Email,No Response,1000000,2026-06-11
IVN-00938-1088,SME-2024-00938,2025-09-21,Win-back Call,Email,No Response,750000,2025-10-19
IVN-00939-1089,SME-2024-00939,2026-04-06,Service Upgrade Offer,Visit,Declined,1000000,2026-04-17
IVN-00939-1090,SME-2024-00939,2025-07-03,Executive Check-in,Visit,Declined,750000,2025-07-26
IVN-00940-1091,SME-2024-00940,2025-11-01,Executive Check-in,Phone Call,Accepted,500000,2025-11-28
IVN-00940-1092,SME-2024-00940,2025-07-17,Loyalty Reward,Visit,Accepted,750000,2025-08-07
IVN-00941-1093,SME-2024-00941,2026-03-13,Loyalty Reward,WhatsApp,Partial,250000,2026-04-04
IVN-00941-1094,SME-2024-00941,2026-06-21,Service Upgrade Offer,Email,Partial,250000,2026-07-16
IVN-00942-1095,SME-2024-00942,2026-02-23,Retention Offer,Phone Call,No Response,750000,2026-03-20
IVN-00942-1096,SME-2024-00942,2026-01-19,Retention Offer,Email,Partial,1000000,2026-02-07
IVN-00942-1097,SME-2024-00942,2026-05-23,Retention Offer,Email,Accepted,750000,2026-06-05
IVN-00943-1098,SME-2024-00943,2025-10-03,Retention Offer,Email,No Response,750000,2025-10-20
IVN-00943-1099,SME-2024-00943,2026-06-01,Win-back Call,Phone Call,Declined,750000,2026-06-20
IVN-00943-1100,SME-2024-00943,2025-07-02,Loyalty Reward,Visit,Declined,250000,2025-07-17
IVN-00943-1101,SME-2024-00943,2025-09-03,Executive Check-in,WhatsApp,No Response,750000,2025-09-30
IVN-00943-1102,SME-2024-00943,2025-12-02,Discount Package,Email,Declined,1000000,2026-01-01
IVN-00943-1103,SME-2024-00943,2026-04-24,Executive Check-in,WhatsApp,Declined,750000,2026-05-10
IVN-00945-1104,SME-2024-00945,2025-11-19,Win-back Call,WhatsApp,Accepted,500000,2025-12-08
IVN-00946-1105,SME-2024-00946,2025-07-08,Service Upgrade Offer,WhatsApp,No Response,1000000,2025-07-22
IVN-00946-1106,SME-2024-00946,2025-11-10,Win-back Call,Email,No Response,500000,2025-12-09
IVN-00946-1107,SME-2024-00946,2025-11-24,Win-back Call,Email,Accepted,500000,2025-12-09
IVN-00946-1108,SME-2024-00946,2025-07-15,Discount Package,Email,Declined,750000,2025-07-22
IVN-00946-1109,SME-2024-00946,2026-02-19,Loyalty Reward,Visit,No Response,250000,2026-03-12
IVN-00947-1110,SME-2024-00947,2026-03-21,Retention Offer,Email,Accepted,750000,2026-03-30
IVN-00947-1111,SME-2024-00947,2025-09-05,Discount Package,WhatsApp,Declined,250000,2025-09-16
IVN-00947-1112,SME-2024-00947,2025-07-12,Win-back Call,Email,No Response,250000,2025-08-03
IVN-00947-1113,SME-2024-00947,2025-09-13,Service Upgrade Offer,Email,Accepted,500000,2025-10-06
IVN-00948-1114,SME-2024-00948,2025-11-02,Win-back Call,Phone Call,Declined,250000,2025-11-16
IVN-00948-1115,SME-2024-00948,2025-10-17,Retention Offer,Phone Call,Declined,250000,2025-11-03
IVN-00948-1116,SME-2024-00948,2025-08-15,Win-back Call,Email,Declined,1000000,2025-09-07
IVN-00948-1117,SME-2024-00948,2025-12-13,Win-back Call,Visit,No Response,750000,2025-12-29
IVN-00948-1118,SME-2024-00948,2026-01-04,Win-back Call,Visit,Accepted,250000,2026-01-30
IVN-00948-1119,SME-2024-00948,2025-10-03,Discount Package,Visit,Accepted,1000000,2025-10-31
IVN-00950-1120,SME-2024-00950,2025-07-21,Executive Check-in,WhatsApp,Declined,750000,2025-08-13
IVN-00950-1121,SME-2024-00950,2026-05-08,Service Upgrade Offer,Email,Declined,1000000,2026-05-25
IVN-00950-1122,SME-2024-00950,2026-03-10,Executive Check-in,WhatsApp,Accepted,750000,2026-04-06
IVN-00950-1123,SME-2024-00950,2026-03-13,Loyalty Reward,Phone Call,Declined,750000,2026-04-01
IVN-00950-1124,SME-2024-00950,2025-08-16,Discount Package,Visit,No Response,500000,2025-09-09
IVN-00951-1125,SME-2024-00951,2025-11-01,Win-back Call,Email,Partial,1000000,2025-11-28
IVN-00951-1126,SME-2024-00951,2026-03-20,Loyalty Reward,Visit,No Response,750000,2026-04-11
IVN-00952-1127,SME-2024-00952,2026-03-24,Executive Check-in,WhatsApp,No Response,1000000,2026-04-10
IVN-00953-1128,SME-2024-00953,2026-02-23,Discount Package,Email,No Response,1000000,2026-03-03
IVN-00953-1129,SME-2024-00953,2026-05-19,Executive Check-in,WhatsApp,Declined,750000,2026-06-16
IVN-00953-1130,SME-2024-00953,2025-12-08,Win-back Call,Email,No Response,250000,2025-12-23
IVN-00954-1131,SME-2024-00954,2025-10-18,Loyalty Reward,Email,Partial,1000000,2025-11-05
IVN-00954-1132,SME-2024-00954,2025-08-08,Service Upgrade Offer,Visit,Partial,1000000,2025-08-20
IVN-00954-1133,SME-2024-00954,2025-11-18,Executive Check-in,WhatsApp,Accepted,750000,2025-11-25
IVN-00955-1134,SME-2024-00955,2026-03-23,Service Upgrade Offer,Visit,Declined,750000,2026-04-06
IVN-00956-1135,SME-2024-00956,2026-04-02,Retention Offer,Visit,Accepted,250000,2026-04-14
IVN-00956-1136,SME-2024-00956,2025-11-04,Service Upgrade Offer,Phone Call,Partial,500000,2025-12-03
IVN-00956-1137,SME-2024-00956,2026-05-03,Retention Offer,Email,Declined,1000000,2026-05-27
IVN-00958-1138,SME-2024-00958,2025-11-16,Win-back Call,Email,No Response,500000,2025-12-16
IVN-00958-1139,SME-2024-00958,2025-12-11,Executive Check-in,Phone Call,Accepted,1000000,2025-12-28
IVN-00958-1140,SME-2024-00958,2026-06-11,Executive Check-in,Visit,Declined,250000,2026-07-06
IVN-00958-1141,SME-2024-00958,2026-05-07,Service Upgrade Offer,WhatsApp,Accepted,250000,2026-06-03
IVN-00958-1142,SME-2024-00958,2025-10-06,Retention Offer,Phone Call,Declined,250000,2025-10-31
IVN-00959-1143,SME-2024-00959,2025-09-19,Service Upgrade Offer,Phone Call,No Response,250000,2025-10-12
IVN-00959-1144,SME-2024-00959,2025-07-05,Service Upgrade Offer,Email,No Response,1000000,2025-07-23
IVN-00961-1145,SME-2024-00961,2026-01-03,Executive Check-in,Visit,Declined,500000,2026-01-10
IVN-00961-1146,SME-2024-00961,2025-09-23,Win-back Call,Email,Accepted,250000,2025-10-18
IVN-00961-1147,SME-2024-00961,2025-08-06,Service Upgrade Offer,Visit,Accepted,1000000,2025-08-22
IVN-00961-1148,SME-2024-00961,2026-06-03,Loyalty Reward,Email,No Response,250000,2026-07-03
IVN-00961-1149,SME-2024-00961,2026-03-12,Discount Package,WhatsApp,No Response,1000000,2026-04-08
IVN-00962-1150,SME-2024-00962,2025-12-12,Executive Check-in,Email,Accepted,1000000,2026-01-02
IVN-00962-1151,SME-2024-00962,2025-12-22,Discount Package,Email,Declined,1000000,2026-01-13
IVN-00963-1152,SME-2024-00963,2025-11-23,Win-back Call,Email,Declined,750000,2025-12-18
IVN-00965-1153,SME-2024-00965,2025-08-10,Loyalty Reward,Phone Call,Accepted,500000,2025-09-02
IVN-00966-1154,SME-2024-00966,2025-08-20,Retention Offer,WhatsApp,No Response,500000,2025-09-06
IVN-00966-1155,SME-2024-00966,2026-04-10,Retention Offer,Phone Call,No Response,750000,2026-05-04
IVN-00967-1156,SME-2024-00967,2026-03-05,Win-back Call,Visit,Accepted,1000000,2026-03-18
IVN-00968-1157,SME-2024-00968,2025-12-10,Retention Offer,Phone Call,Accepted,750000,2025-12-18
IVN-00968-1158,SME-2024-00968,2026-03-13,Executive Check-in,Email,Accepted,1000000,2026-04-01
IVN-00968-1159,SME-2024-00968,2025-07-07,Executive Check-in,WhatsApp,Declined,500000,2025-08-03
IVN-00968-1160,SME-2024-00968,2025-08-11,Loyalty Reward,Visit,Declined,250000,2025-08-20
IVN-00968-1161,SME-2024-00968,2026-06-03,Loyalty Reward,Email,Declined,1000000,2026-06-10
IVN-00969-1162,SME-2024-00969,2026-03-15,Loyalty Reward,Phone Call,Declined,750000,2026-04-13
IVN-00969-1163,SME-2024-00969,2025-09-04,Discount Package,Email,Declined,750000,2025-09-13
IVN-00969-1164,SME-2024-00969,2025-10-11,Discount Package,Visit,Partial,1000000,2025-10-27
IVN-00970-1165,SME-2024-00970,2026-06-19,Executive Check-in,Email,Declined,750000,2026-06-26
IVN-00970-1166,SME-2024-00970,2025-09-21,Service Upgrade Offer,Visit,Accepted,500000,2025-10-12
IVN-00971-1167,SME-2024-00971,2025-11-13,Executive Check-in,Email,Declined,250000,2025-11-22
IVN-00972-1168,SME-2024-00972,2025-12-11,Retention Offer,Visit,Accepted,750000,2026-01-04
IVN-00973-1169,SME-2024-00973,2026-01-23,Service Upgrade Offer,Phone Call,Accepted,750000,2026-02-17
IVN-00973-1170,SME-2024-00973,2025-11-13,Service Upgrade Offer,Phone Call,Partial,250000,2025-12-01
IVN-00973-1171,SME-2024-00973,2025-08-15,Retention Offer,Visit,Declined,750000,2025-09-02
IVN-00973-1172,SME-2024-00973,2026-05-15,Win-back Call,WhatsApp,Declined,750000,2026-06-12
IVN-00974-1173,SME-2024-00974,2026-04-01,Executive Check-in,WhatsApp,Accepted,750000,2026-04-16
IVN-00974-1174,SME-2024-00974,2026-03-05,Discount Package,WhatsApp,Partial,1000000,2026-03-31
IVN-00974-1175,SME-2024-00974,2025-08-11,Loyalty Reward,Visit,No Response,500000,2025-08-28
IVN-00974-1176,SME-2024-00974,2025-07-02,Service Upgrade Offer,WhatsApp,No Response,250000,2025-07-15
IVN-00974-1177,SME-2024-00974,2025-08-18,Retention Offer,Email,Declined,750000,2025-09-17
IVN-00975-1178,SME-2024-00975,2026-01-05,Retention Offer,WhatsApp,Accepted,500000,2026-01-31
IVN-00975-1179,SME-2024-00975,2025-10-23,Win-back Call,Phone Call,Accepted,500000,2025-11-13
IVN-00975-1180,SME-2024-00975,2025-09-04,Loyalty Reward,Visit,Declined,750000,2025-09-11
IVN-00976-1181,SME-2024-00976,2026-03-05,Executive Check-in,Email,Declined,750000,2026-03-18
IVN-00977-1182,SME-2024-00977,2025-08-11,Discount Package,Visit,Declined,1000000,2025-08-18
IVN-00978-1183,SME-2024-00978,2025-10-23,Win-back Call,WhatsApp,Declined,250000,2025-11-12
IVN-00978-1184,SME-2024-00978,2026-02-19,Executive Check-in,Phone Call,Declined,250000,2026-03-20
IVN-00979-1185,SME-2024-00979,2025-12-02,Service Upgrade Offer,WhatsApp,Accepted,250000,2025-12-30
IVN-00979-1186,SME-2024-00979,2025-08-19,Loyalty Reward,Phone Call,Declined,750000,2025-08-31
IVN-00979-1187,SME-2024-00979,2025-08-12,Win-back Call,Visit,Declined,250000,2025-08-27
IVN-00981-1188,SME-2024-00981,2025-10-11,Win-back Call,Email,Declined,500000,2025-10-21
IVN-00982-1189,SME-2024-00982,2026-01-15,Service Upgrade Offer,WhatsApp,Partial,250000,2026-01-29
IVN-00982-1190,SME-2024-00982,2025-12-24,Discount Package,Email,Declined,750000,2026-01-07
IVN-00982-1191,SME-2024-00982,2025-08-24,Retention Offer,WhatsApp,No Response,750000,2025-09-20
IVN-00982-1192,SME-2024-00982,2026-01-05,Loyalty Reward,Phone Call,Accepted,250000,2026-01-30
IVN-00982-1193,SME-2024-00982,2025-11-08,Loyalty Reward,Visit,Accepted,750000,2025-12-06
IVN-00983-1194,SME-2024-00983,2026-02-11,Discount Package,Visit,Declined,250000,2026-02-25
IVN-00983-1195,SME-2024-00983,2025-12-22,Executive Check-in,Email,Declined,1000000,2026-01-06
IVN-00983-1196,SME-2024-00983,2025-12-01,Service Upgrade Offer,Email,Declined,250000,2025-12-18
IVN-00983-1197,SME-2024-00983,2026-06-07,Executive Check-in,WhatsApp,Declined,250000,2026-06-29
IVN-00983-1198,SME-2024-00983,2026-03-23,Win-back Call,Phone Call,Accepted,250000,2026-04-20
IVN-00984-1199,SME-2024-00984,2025-08-19,Service Upgrade Offer,Email,Partial,500000,2025-08-27
IVN-00984-1200,SME-2024-00984,2026-01-17,Service Upgrade Offer,Phone Call,Declined,750000,2026-02-15
IVN-00984-1201,SME-2024-00984,2025-09-16,Win-back Call,Phone Call,Declined,250000,2025-10-12
IVN-00984-1202,SME-2024-00984,2025-07-24,Loyalty Reward,WhatsApp,Declined,750000,2025-08-14
IVN-00985-1203,SME-2024-00985,2026-03-05,Service Upgrade Offer,Phone Call,No Response,750000,2026-04-01
IVN-00985-1204,SME-2024-00985,2025-11-11,Executive Check-in,Phone Call,Declined,750000,2025-12-09
IVN-00985-1205,SME-2024-00985,2026-03-21,Win-back Call,Email,Declined,250000,2026-04-06
IVN-00986-1206,SME-2024-00986,2026-03-05,Retention Offer,WhatsApp,Accepted,1000000,2026-03-16
IVN-00986-1207,SME-2024-00986,2025-07-18,Loyalty Reward,Email,No Response,1000000,2025-08-02
IVN-00986-1208,SME-2024-00986,2026-02-13,Executive Check-in,Email,Declined,500000,2026-03-11
IVN-00987-1209,SME-2024-00987,2025-10-08,Service Upgrade Offer,Email,Partial,1000000,2025-11-05
IVN-00987-1210,SME-2024-00987,2025-10-06,Executive Check-in,WhatsApp,Accepted,1000000,2025-10-24
IVN-00988-1211,SME-2024-00988,2026-02-13,Discount Package,Email,Declined,250000,2026-03-10
IVN-00988-1212,SME-2024-00988,2026-03-22,Service Upgrade Offer,Email,Partial,750000,2026-04-21
IVN-00989-1213,SME-2024-00989,2025-11-21,Service Upgrade Offer,Phone Call,Accepted,500000,2025-12-07
IVN-00989-1214,SME-2024-00989,2026-01-22,Retention Offer,Phone Call,Accepted,1000000,2026-02-08
IVN-00990-1215,SME-2024-00990,2026-04-08,Retention Offer,Visit,No Response,500000,2026-04-24
IVN-00990-1216,SME-2024-00990,2025-12-14,Service Upgrade Offer,WhatsApp,Accepted,250000,2026-01-05
IVN-00990-1217,SME-2024-00990,2025-10-01,Retention Offer,Phone Call,Accepted,500000,2025-10-17
IVN-00990-1218,SME-2024-00990,2026-01-24,Discount Package,Email,No Response,250000,2026-02-16
IVN-00992-1219,SME-2024-00992,2026-04-04,Service Upgrade Offer,WhatsApp,Accepted,250000,2026-04-25
IVN-00992-1220,SME-2024-00992,2026-06-20,Loyalty Reward,Visit,Accepted,500000,2026-07-14
IVN-00993-1221,SME-2024-00993,2026-04-04,Executive Check-in,Phone Call,Accepted,250000,2026-04-19
IVN-00993-1222,SME-2024-00993,2025-12-10,Discount Package,Phone Call,No Response,250000,2025-12-23
IVN-00994-1223,SME-2024-00994,2026-05-22,Win-back Call,Email,Declined,250000,2026-05-30
IVN-00994-1224,SME-2024-00994,2026-04-20,Executive Check-in,Phone Call,Declined,1000000,2026-04-30
IVN-00994-1225,SME-2024-00994,2026-05-05,Service Upgrade Offer,Phone Call,No Response,750000,2026-05-21
IVN-00996-1226,SME-2024-00996,2025-09-18,Executive Check-in,Phone Call,Declined,1000000,2025-10-15
IVN-00997-1227,SME-2024-00997,2025-10-16,Service Upgrade Offer,WhatsApp,Declined,750000,2025-11-03
IVN-00998-1228,SME-2024-00998,2025-07-24,Service Upgrade Offer,Phone Call,No Response,250000,2025-08-19
IVN-00998-1229,SME-2024-00998,2026-02-19,Service Upgrade Offer,WhatsApp,Accepted,750000,2026-03-04
IVN-00999-1230,SME-2024-00999,2026-01-17,Discount Package,Phone Call,No Response,750000,2026-01-31
