payment_id,customer_id,invoice_period,invoice_amount,payment_date,due_date,days_overdue,payment_method,partial_payment_flag
PAY-00001-202507,SME-2024-00001,2025-07,3926332,2025-07-15,2025-07-15,0,Virtual Account,False
PAY-00001-202508,SME-2024-00001,2025-08,3971601,2025-08-16,2025-08-15,1,Virtual Account,False
PAY-00001-202509,SME-2024-00001,2025-09,4105736,2025-09-17,2025-09-15,2,Bank Transfer,False
PAY-00001-202510,SME-2024-00001,2025-10,3995564,2025-10-15,2025-10-15,0,Virtual Account,False
PAY-00001-202511,SME-2024-00001,2025-11,4079700,2025-11-16,2025-11-15,1,Virtual Account,False
PAY-00001-202512,SME-2024-00001,2025-12,4097842,2025-12-15,2025-12-15,0,Bank Transfer,False
PAY-00001-202601,SME-2024-00001,2026-01,4124489,2026-01-16,2026-01-15,1,Bank Transfer,False
PAY-00001-202602,SME-2024-00001,2026-02,4008637,2026-02-16,2026-02-15,1,Cash,False
PAY-00001-202603,SME-2024-00001,2026-03,4073866,2026-03-18,2026-03-15,3,Auto-debit,False
PAY-00001-202604,SME-2024-00001,2026-04,4080162,2026-04-16,2026-04-15,1,Auto-debit,False
PAY-00001-202605,SME-2024-00001,2026-05,3998241,2026-05-17,2026-05-15,2,Virtual Account,False
PAY-00001-202606,SME-2024-00001,2026-06,4155230,2026-06-16,2026-06-15,1,Virtual Account,False
PAY-00002-202507,SME-2024-00002,2025-07,1961667,2025-07-15,2025-07-15,0,Cash,False
PAY-00002-202508,SME-2024-00002,2025-08,1869280,2025-08-15,2025-08-15,0,Bank Transfer,False
PAY-00002-202509,SME-2024-00002,2025-09,1948199,2025-09-16,2025-09-15,1,Cash,False
PAY-00002-202510,SME-2024-00002,2025-10,1894752,2025-10-16,2025-10-15,1,Virtual Account,False
PAY-00002-202511,SME-2024-00002,2025-11,1915333,2025-11-15,2025-11-15,0,Virtual Account,False
PAY-00002-202512,SME-2024-00002,2025-12,1924605,2025-12-15,2025-12-15,0,Cash,False
PAY-00002-202601,SME-2024-00002,2026-01,1959081,2026-01-18,2026-01-15,3,Virtual Account,False
PAY-00002-202602,SME-2024-00002,2026-02,1941572,2026-02-16,2026-02-15,1,Auto-debit,False
PAY-00002-202603,SME-2024-00002,2026-03,1884946,2026-03-15,2026-03-15,0,Virtual Account,False
PAY-00002-202604,SME-2024-00002,2026-04,1954668,2026-04-16,2026-04-15,1,Cash,False
PAY-00002-202605,SME-2024-00002,2026-05,1916532,2026-05-19,2026-05-15,4,Auto-debit,False
PAY-00002-202606,SME-2024-00002,2026-06,1927834,2026-06-15,2026-06-15,0,Virtual Account,False
PAY-00003-202507,SME-2024-00003,2025-07,1644754,2025-07-15,2025-07-15,0,Auto-debit,False
PAY-00003-202508,SME-2024-00003,2025-08,1599373,2025-08-15,2025-08-15,0,Cash,False
PAY-00003-202509,SME-2024-00003,2025-09,1690243,2025-09-15,2025-09-15,0,Virtual Account,False
PAY-00003-202510,SME-2024-00003,2025-10,1622556,2025-10-15,2025-10-15,0,Auto-debit,False
PAY-00003-202511,SME-2024-00003,2025-11,1617721,2025-11-15,2025-11-15,0,Auto-debit,True
PAY-00003-202512,SME-2024-00003,2025-12,1668957,2025-12-16,2025-12-15,1,Bank Transfer,False
PAY-00003-202601,SME-2024-00003,2026-01,1634024,2026-01-16,2026-01-15,1,Virtual Account,False
PAY-00003-202602,SME-2024-00003,2026-02,1624363,2026-02-16,2026-02-15,1,Bank Transfer,False
PAY-00003-202603,SME-2024-00003,2026-03,1602029,2026-03-17,2026-03-15,2,Auto-debit,False
PAY-00003-202604,SME-2024-00003,2026-04,1682570,2026-04-15,2026-04-15,0,Virtual Account,False
PAY-00003-202605,SME-2024-00003,2026-05,1685636,2026-05-16,2026-05-15,1,Virtual Account,False
PAY-00003-202606,SME-2024-00003,2026-06,1678435,2026-06-16,2026-06-15,1,Auto-debit,False
PAY-00004-202507,SME-2024-00004,2025-07,1574616,2025-07-16,2025-07-15,1,Virtual Account,False
PAY-00004-202508,SME-2024-00004,2025-08,1587616,2025-08-15,2025-08-15,0,Auto-debit,False
PAY-00004-202509,SME-2024-00004,2025-09,1594625,2025-09-16,2025-09-15,1,Bank Transfer,False
PAY-00004-202510,SME-2024-00004,2025-10,1544655,2025-10-15,2025-10-15,0,Bank Transfer,False
PAY-00004-202511,SME-2024-00004,2025-11,1600753,2025-11-17,2025-11-15,2,Cash,True
PAY-00004-202512,SME-2024-00004,2025-12,1586573,2025-12-16,2025-12-15,1,Bank Transfer,False
PAY-00004-202601,SME-2024-00004,2026-01,1589227,2026-01-15,2026-01-15,0,Virtual Account,False
PAY-00004-202602,SME-2024-00004,2026-02,1554740,2026-02-16,2026-02-15,1,Virtual Account,False
PAY-00004-202603,SME-2024-00004,2026-03,1588058,2026-03-16,2026-03-15,1,Auto-debit,False
PAY-00004-202604,SME-2024-00004,2026-04,1555160,2026-04-17,2026-04-15,2,Bank Transfer,False
PAY-00004-202605,SME-2024-00004,2026-05,1611619,2026-05-15,2026-05-15,0,Virtual Account,False
PAY-00004-202606,SME-2024-00004,2026-06,1575323,2026-06-15,2026-06-15,0,Bank Transfer,False
PAY-00005-202507,SME-2024-00005,2025-07,4272422,2025-07-15,2025-07-15,0,Bank Transfer,False
PAY-00005-202508,SME-2024-00005,2025-08,4192427,2025-08-16,2025-08-15,1,Virtual Account,False
PAY-00005-202509,SME-2024-00005,2025-09,4225656,2025-09-15,2025-09-15,0,Bank Transfer,False
PAY-00005-202510,SME-2024-00005,2025-10,4093128,2025-10-15,2025-10-15,0,Virtual Account,False
PAY-00005-202511,SME-2024-00005,2025-11,4132875,2025-11-16,2025-11-15,1,Auto-debit,False
PAY-00005-202512,SME-2024-00005,2025-12,4127245,2025-12-15,2025-12-15,0,Cash,False
PAY-00005-202601,SME-2024-00005,2026-01,4150973,2026-01-15,2026-01-15,0,Auto-debit,False
PAY-00005-202602,SME-2024-00005,2026-02,4128370,2026-02-16,2026-02-15,1,Virtual Account,False
PAY-00005-202603,SME-2024-00005,2026-03,4231635,2026-03-16,2026-03-15,1,Virtual Account,False
PAY-00005-202604,SME-2024-00005,2026-04,4137420,2026-04-15,2026-04-15,0,Virtual Account,False
PAY-00005-202605,SME-2024-00005,2026-05,4207271,2026-05-15,2026-05-15,0,Virtual Account,False
PAY-00005-202606,SME-2024-00005,2026-06,4058477,2026-06-16,2026-06-15,1,Auto-debit,False
PAY-00006-202507,SME-2024-00006,2025-07,1589926,2025-07-16,2025-07-15,1,Auto-debit,False
PAY-00006-202508,SME-2024-00006,2025-08,1566843,2025-08-18,2025-08-15,3,Virtual Account,False
PAY-00006-202509,SME-2024-00006,2025-09,1590373,2025-09-16,2025-09-15,1,Bank Transfer,False
PAY-00006-202510,SME-2024-00006,2025-10,1591460,2025-10-16,2025-10-15,1,Virtual Account,False
PAY-00006-202511,SME-2024-00006,2025-11,1606646,2025-11-18,2025-11-15,3,Virtual Account,False
PAY-00006-202512,SME-2024-00006,2025-12,1594767,2025-12-16,2025-12-15,1,Virtual Account,False
PAY-00006-202601,SME-2024-00006,2026-01,1591264,2026-01-15,2026-01-15,0,Virtual Account,False
PAY-00006-202602,SME-2024-00006,2026-02,1607067,2026-02-16,2026-02-15,1,Virtual Account,False
PAY-00006-202603,SME-2024-00006,2026-03,1603158,2026-03-15,2026-03-15,0,Bank Transfer,False
PAY-00006-202604,SME-2024-00006,2026-04,1624094,2026-04-16,2026-04-15,1,Bank Transfer,False
PAY-00006-202605,SME-2024-00006,2026-05,1595904,2026-05-16,2026-05-15,1,Bank Transfer,False
PAY-00006-202606,SME-2024-00006,2026-06,1558173,2026-06-15,2026-06-15,0,Auto-debit,False
PAY-00007-202507,SME-2024-00007,2025-07,4727185,2025-07-15,2025-07-15,0,Bank Transfer,False
PAY-00007-202508,SME-2024-00007,2025-08,4819543,2025-08-15,2025-08-15,0,Auto-debit,False
PAY-00007-202509,SME-2024-00007,2025-09,4852602,2025-09-16,2025-09-15,1,Auto-debit,False
PAY-00007-202510,SME-2024-00007,2025-10,4878435,2025-10-16,2025-10-15,1,Auto-debit,False
PAY-00007-202511,SME-2024-00007,2025-11,4670927,2025-11-17,2025-11-15,2,Bank Transfer,False
PAY-00007-202512,SME-2024-00007,2025-12,4898194,2025-12-15,2025-12-15,0,Virtual Account,False
PAY-00007-202601,SME-2024-00007,2026-01,4640752,2026-01-17,2026-01-15,2,Bank Transfer,False
PAY-00007-202602,SME-2024-00007,2026-02,4771801,2026-02-16,2026-02-15,1,Bank Transfer,False
PAY-00007-202603,SME-2024-00007,2026-03,4754784,2026-03-15,2026-03-15,0,Virtual Account,False
PAY-00007-202604,SME-2024-00007,2026-04,4687485,2026-04-16,2026-04-15,1,Auto-debit,False
PAY-00007-202605,SME-2024-00007,2026-05,4706375,2026-05-15,2026-05-15,0,Cash,False
PAY-00007-202606,SME-2024-00007,2026-06,4727849,2026-06-16,2026-06-15,1,Virtual Account,False
PAY-00008-202601,SME-2024-00008,2026-01,1015451,2026-01-16,2026-01-15,1,Virtual Account,False
PAY-00008-202602,SME-2024-00008,2026-02,1013952,2026-02-15,2026-02-15,0,Virtual Account,False
PAY-00008-202603,SME-2024-00008,2026-03,968087,2026-03-15,2026-03-15,0,Auto-debit,False
PAY-00008-202604,SME-2024-00008,2026-04,979722,2026-04-16,2026-04-15,1,Virtual Account,False
PAY-00008-202605,SME-2024-00008,2026-05,974279,2026-05-16,2026-05-15,1,Auto-debit,False
PAY-00008-202606,SME-2024-00008,2026-06,987029,2026-06-16,2026-06-15,1,Auto-debit,False
PAY-00009-202512,SME-2024-00009,2025-12,2657809,2025-12-15,2025-12-15,0,Virtual Account,False
PAY-00009-202601,SME-2024-00009,2026-01,2687206,2026-01-16,2026-01-15,1,Auto-debit,False
PAY-00009-202602,SME-2024-00009,2026-02,2723887,2026-02-16,2026-02-15,1,Bank Transfer,False
PAY-00009-202603,SME-2024-00009,2026-03,3802069,2026-03-15,2026-03-15,0,Virtual Account,False
PAY-00009-202604,SME-2024-00009,2026-04,3769923,2026-04-15,2026-04-15,0,Virtual Account,False
PAY-00009-202605,SME-2024-00009,2026-05,3768683,2026-05-16,2026-05-15,1,Virtual Account,False
PAY-00009-202606,SME-2024-00009,2026-06,3814084,2026-06-16,2026-06-15,1,Auto-debit,False
PAY-00010-202507,SME-2024-00010,2025-07,840740,2025-07-15,2025-07-15,0,Auto-debit,False
PAY-00010-202508,SME-2024-00010,2025-08,874234,2025-08-15,2025-08-15,0,Auto-debit,False
PAY-00010-202509,SME-2024-00010,2025-09,859367,2025-09-15,2025-09-15,0,Virtual Account,False
PAY-00010-202510,SME-2024-00010,2025-10,871079,2025-10-15,2025-10-15,0,Virtual Account,False
PAY-00010-202511,SME-2024-00010,2025-11,842336,2025-11-16,2025-11-15,1,Bank Transfer,False
PAY-00010-202512,SME-2024-00010,2025-12,856092,2025-12-16,2025-12-15,1,Auto-debit,False
PAY-00010-202601,SME-2024-00010,2026-01,837660,2026-01-15,2026-01-15,0,Bank Transfer,False
PAY-00010-202602,SME-2024-00010,2026-02,866647,2026-02-15,2026-02-15,0,Cash,False
PAY-00010-202603,SME-2024-00010,2026-03,846652,2026-03-17,2026-03-15,2,Bank Transfer,False
PAY-00010-202604,SME-2024-00010,2026-04,855921,2026-04-16,2026-04-15,1,Virtual Account,False
PAY-00010-202605,SME-2024-00010,2026-05,870790,2026-05-15,2026-05-15,0,Virtual Account,False
PAY-00010-202606,SME-2024-00010,2026-06,856035,2026-06-16,2026-06-15,1,Cash,False
PAY-00011-202507,SME-2024-00011,2025-07,903172,2025-07-16,2025-07-15,1,Bank Transfer,False
PAY-00011-202508,SME-2024-00011,2025-08,944866,2025-08-15,2025-08-15,0,Bank Transfer,False
PAY-00011-202509,SME-2024-00011,2025-09,919942,2025-09-16,2025-09-15,1,Virtual Account,False
PAY-00011-202510,SME-2024-00011,2025-10,901257,2025-10-15,2025-10-15,0,Virtual Account,False
PAY-00011-202511,SME-2024-00011,2025-11,897272,2025-11-15,2025-11-15,0,Virtual Account,False
PAY-00011-202512,SME-2024-00011,2025-12,935996,2025-12-16,2025-12-15,1,Auto-debit,False
PAY-00011-202601,SME-2024-00011,2026-01,945901,2026-01-18,2026-01-15,3,Virtual Account,False
PAY-00011-202602,SME-2024-00011,2026-02,905555,2026-02-15,2026-02-15,0,Virtual Account,False
PAY-00011-202603,SME-2024-00011,2026-03,922931,2026-03-16,2026-03-15,1,Auto-debit,False
PAY-00011-202604,SME-2024-00011,2026-04,923706,2026-04-17,2026-04-15,2,Bank Transfer,False
PAY-00011-202605,SME-2024-00011,2026-05,932525,2026-05-15,2026-05-15,0,Cash,False
PAY-00011-202606,SME-2024-00011,2026-06,918487,2026-06-16,2026-06-15,1,Auto-debit,True
PAY-00012-202510,SME-2024-00012,2025-10,2198598,2025-10-15,2025-10-15,0,Bank Transfer,False
PAY-00012-202511,SME-2024-00012,2025-11,2271441,2025-11-16,2025-11-15,1,Bank Transfer,False
PAY-00012-202512,SME-2024-00012,2025-12,2271034,2025-12-16,2025-12-15,1,Virtual Account,False
PAY-00012-202601,SME-2024-00012,2026-01,2215428,2026-01-15,2026-01-15,0,Virtual Account,False
PAY-00012-202602,SME-2024-00012,2026-02,2292390,2026-02-16,2026-02-15,1,Virtual Account,False
PAY-00012-202603,SME-2024-00012,2026-03,2303379,2026-03-16,2026-03-15,1,Bank Transfer,False
PAY-00012-202604,SME-2024-00012,2026-04,2227530,2026-04-17,2026-04-15,2,Bank Transfer,False
PAY-00012-202605,SME-2024-00012,2026-05,2263263,2026-05-18,2026-05-15,3,Virtual Account,False
PAY-00012-202606,SME-2024-00012,2026-06,2295394,2026-06-16,2026-06-15,1,Virtual Account,False
PAY-00013-202507,SME-2024-00013,2025-07,1154153,2025-07-15,2025-07-15,0,Virtual Account,False
PAY-00013-202508,SME-2024-00013,2025-08,1149152,2025-08-15,2025-08-15,0,Virtual Account,False
PAY-00013-202509,SME-2024-00013,2025-09,1104137,2025-09-15,2025-09-15,0,Virtual Account,False
PAY-00013-202510,SME-2024-00013,2025-10,1112065,2025-10-15,2025-10-15,0,Virtual Account,False
PAY-00013-202511,SME-2024-00013,2025-11,1119295,2025-11-15,2025-11-15,0,Bank Transfer,False
PAY-00013-202512,SME-2024-00013,2025-12,1145012,2025-12-16,2025-12-15,1,Virtual Account,True
PAY-00013-202601,SME-2024-00013,2026-01,1160285,2026-01-16,2026-01-15,1,Bank Transfer,False
PAY-00013-202602,SME-2024-00013,2026-02,1139971,2026-02-15,2026-02-15,0,Virtual Account,False
PAY-00013-202603,SME-2024-00013,2026-03,1107359,2026-03-15,2026-03-15,0,Bank Transfer,False
PAY-00013-202604,SME-2024-00013,2026-04,1158470,2026-04-15,2026-04-15,0,Cash,False
PAY-00013-202605,SME-2024-00013,2026-05,1116987,2026-05-17,2026-05-15,2,Cash,False
PAY-00013-202606,SME-2024-00013,2026-06,1135397,2026-06-15,2026-06-15,0,Bank Transfer,False
PAY-00014-202507,SME-2024-00014,2025-07,2223021,2025-07-15,2025-07-15,0,Virtual Account,False
PAY-00014-202508,SME-2024-00014,2025-08,2154314,2025-08-15,2025-08-15,0,Bank Transfer,False
PAY-00014-202509,SME-2024-00014,2025-09,2112879,2025-09-17,2025-09-15,2,Virtual Account,False
PAY-00014-202510,SME-2024-00014,2025-10,2165373,2025-10-16,2025-10-15,1,Cash,False
PAY-00014-202511,SME-2024-00014,2025-11,2185379,2025-11-17,2025-11-15,2,Virtual Account,False
PAY-00014-202512,SME-2024-00014,2025-12,2226146,2025-12-15,2025-12-15,0,Cash,False
PAY-00014-202601,SME-2024-00014,2026-01,2121808,2026-01-17,2026-01-15,2,Bank Transfer,False
PAY-00014-202602,SME-2024-00014,2026-02,2129807,2026-02-16,2026-02-15,1,Virtual Account,False
PAY-00014-202603,SME-2024-00014,2026-03,2152912,2026-03-15,2026-03-15,0,Virtual Account,False
PAY-00014-202604,SME-2024-00014,2026-04,2128654,2026-04-17,2026-04-15,2,Virtual Account,False
PAY-00014-202605,SME-2024-00014,2026-05,2162784,2026-05-15,2026-05-15,0,Virtual Account,False
PAY-00014-202606,SME-2024-00014,2026-06,10734831,2026-06-15,2026-06-15,0,Cash,False
PAY-00015-202507,SME-2024-00015,2025-07,8344003,2025-07-16,2025-07-15,1,Bank Transfer,False
PAY-00015-202508,SME-2024-00015,2025-08,8566409,2025-08-16,2025-08-15,1,Virtual Account,False
PAY-00015-202509,SME-2024-00015,2025-09,8476237,2025-09-15,2025-09-15,0,Virtual Account,False
PAY-00015-202510,SME-2024-00015,2025-10,8579685,2025-10-16,2025-10-15,1,Virtual Account,False
PAY-00015-202511,SME-2024-00015,2025-11,8647582,2025-11-15,2025-11-15,0,Virtual Account,False
PAY-00015-202512,SME-2024-00015,2025-12,8558628,2025-12-17,2025-12-15,2,Auto-debit,False
PAY-00015-202601,SME-2024-00015,2026-01,8413545,2026-01-16,2026-01-15,1,Bank Transfer,True
PAY-00015-202602,SME-2024-00015,2026-02,8555013,2026-02-15,2026-02-15,0,Bank Transfer,False
PAY-00015-202603,SME-2024-00015,2026-03,8493783,2026-03-16,2026-03-15,1,Auto-debit,False
PAY-00015-202604,SME-2024-00015,2026-04,8711643,2026-04-16,2026-04-15,1,Virtual Account,True
PAY-00015-202605,SME-2024-00015,2026-05,8348331,2026-05-16,2026-05-15,1,Virtual Account,False
PAY-00015-202606,SME-2024-00015,2026-06,8691860,2026-06-15,2026-06-15,0,Cash,False
PAY-00016-202507,SME-2024-00016,2025-07,2798242,2025-07-16,2025-07-15,1,Auto-debit,False
PAY-00016-202508,SME-2024-00016,2025-08,2804396,2025-08-16,2025-08-15,1,Auto-debit,False
PAY-00016-202509,SME-2024-00016,2025-09,2726164,2025-09-15,2025-09-15,0,Bank Transfer,False
PAY-00016-202510,SME-2024-00016,2025-10,2816412,2025-10-17,2025-10-15,2,Cash,False
PAY-00016-202511,SME-2024-00016,2025-11,2749849,2025-11-15,2025-11-15,0,Auto-debit,False
PAY-00016-202512,SME-2024-00016,2025-12,2843872,2025-12-15,2025-12-15,0,Cash,False
PAY-00016-202601,SME-2024-00016,2026-01,4228123,2026-01-15,2026-01-15,0,Bank Transfer,False
PAY-00016-202602,SME-2024-00016,2026-02,4114797,2026-02-18,2026-02-15,3,Auto-debit,False
PAY-00016-202603,SME-2024-00016,2026-03,4178474,2026-03-16,2026-03-15,1,Bank Transfer,False
PAY-00016-202604,SME-2024-00016,2026-04,4142283,2026-04-15,2026-04-15,0,Cash,False
PAY-00016-202605,SME-2024-00016,2026-05,4124086,2026-05-15,2026-05-15,0,Bank Transfer,False
PAY-00016-202606,SME-2024-00016,2026-06,4240787,2026-06-16,2026-06-15,1,Bank Transfer,False
PAY-00017-202507,SME-2024-00017,2025-07,1422032,2025-07-15,2025-07-15,0,Virtual Account,False
PAY-00017-202508,SME-2024-00017,2025-08,1396342,2025-08-15,2025-08-15,0,Cash,False
PAY-00017-202509,SME-2024-00017,2025-09,1427403,2025-09-16,2025-09-15,1,Virtual Account,False
PAY-00017-202510,SME-2024-00017,2025-10,1437675,2025-10-15,2025-10-15,0,Auto-debit,False
PAY-00017-202511,SME-2024-00017,2025-11,1430123,2025-11-17,2025-11-15,2,Virtual Account,False
PAY-00017-202512,SME-2024-00017,2025-12,1458954,2025-12-15,2025-12-15,0,Bank Transfer,True
PAY-00017-202601,SME-2024-00017,2026-01,1398810,2026-01-16,2026-01-15,1,Virtual Account,False
PAY-00017-202602,SME-2024-00017,2026-02,1442837,2026-02-16,2026-02-15,1,Auto-debit,False
PAY-00017-202603,SME-2024-00017,2026-03,1458923,2026-03-16,2026-03-15,1,Auto-debit,False
PAY-00017-202604,SME-2024-00017,2026-04,1463741,2026-04-17,2026-04-15,2,Bank Transfer,False
PAY-00017-202605,SME-2024-00017,2026-05,1461842,2026-05-17,2026-05-15,2,Bank Transfer,False
PAY-00017-202606,SME-2024-00017,2026-06,1460832,2026-06-15,2026-06-15,0,Virtual Account,False
PAY-00018-202507,SME-2024-00018,2025-07,1970721,2025-07-16,2025-07-15,1,Virtual Account,False
PAY-00018-202508,SME-2024-00018,2025-08,1902537,2025-08-16,2025-08-15,1,Bank Transfer,False
PAY-00018-202509,SME-2024-00018,2025-09,1936598,2025-09-15,2025-09-15,0,Auto-debit,False
PAY-00018-202510,SME-2024-00018,2025-10,1960032,2025-10-15,2025-10-15,0,Virtual Account,False
PAY-00018-202511,SME-2024-00018,2025-11,1903930,2025-11-17,2025-11-15,2,Cash,False
PAY-00018-202512,SME-2024-00018,2025-12,1921879,2025-12-15,2025-12-15,0,Bank Transfer,False
PAY-00018-202601,SME-2024-00018,2026-01,1979370,2026-01-15,2026-01-15,0,Auto-debit,False
PAY-00018-202602,SME-2024-00018,2026-02,1930899,2026-02-16,2026-02-15,1,Bank Transfer,False
PAY-00018-202603,SME-2024-00018,2026-03,1986368,2026-03-15,2026-03-15,0,Virtual Account,False
PAY-00018-202604,SME-2024-00018,2026-04,1880994,2026-04-15,2026-04-15,0,Bank Transfer,False
PAY-00018-202605,SME-2024-00018,2026-05,1934153,2026-05-15,2026-05-15,0,Virtual Account,False
PAY-00018-202606,SME-2024-00018,2026-06,1873120,2026-06-17,2026-06-15,2,Bank Transfer,False
PAY-00019-202507,SME-2024-00019,2025-07,2015552,2025-07-16,2025-07-15,1,Bank Transfer,False
PAY-00019-202508,SME-2024-00019,2025-08,1990304,2025-08-16,2025-08-15,1,Virtual Account,False
PAY-00019-202509,SME-2024-00019,2025-09,1939995,2025-09-15,2025-09-15,0,Auto-debit,False
PAY-00019-202510,SME-2024-00019,2025-10,2032294,2025-10-15,2025-10-15,0,Virtual Account,False
PAY-00019-202511,SME-2024-00019,2025-11,2044937,2025-11-15,2025-11-15,0,Bank Transfer,False
PAY-00019-202512,SME-2024-00019,2025-12,1967859,2025-12-17,2025-12-15,2,Bank Transfer,False
PAY-00019-202601,SME-2024-00019,2026-01,2003904,2026-01-19,2026-01-15,4,Virtual Account,False
PAY-00019-202602,SME-2024-00019,2026-02,1933690,2026-02-17,2026-02-15,2,Bank Transfer,False
PAY-00019-202603,SME-2024-00019,2026-03,2039101,2026-03-16,2026-03-15,1,Virtual Account,False
PAY-00019-202604,SME-2024-00019,2026-04,1966525,2026-04-15,2026-04-15,0,Bank Transfer,False
PAY-00019-202605,SME-2024-00019,2026-05,1957421,2026-05-15,2026-05-15,0,Auto-debit,False
PAY-00019-202606,SME-2024-00019,2026-06,1937921,2026-06-19,2026-06-15,4,Virtual Account,False
PAY-00020-202507,SME-2024-00020,2025-07,1224090,2025-07-16,2025-07-15,1,Virtual Account,False
PAY-00020-202508,SME-2024-00020,2025-08,1223811,2025-08-16,2025-08-15,1,Bank Transfer,False
PAY-00020-202509,SME-2024-00020,2025-09,1244905,2025-09-17,2025-09-15,2,Bank Transfer,False
PAY-00020-202510,SME-2024-00020,2025-10,1252936,2025-10-15,2025-10-15,0,Bank Transfer,False
PAY-00020-202511,SME-2024-00020,2025-11,1188584,2025-11-16,2025-11-15,1,Auto-debit,False
PAY-00020-202512,SME-2024-00020,2025-12,1215916,2025-12-16,2025-12-15,1,Virtual Account,False
PAY-00020-202601,SME-2024-00020,2026-01,1198024,2026-01-17,2026-01-15,2,Auto-debit,False
PAY-00020-202602,SME-2024-00020,2026-02,1254809,2026-02-16,2026-02-15,1,Virtual Account,False
PAY-00020-202603,SME-2024-00020,2026-03,1237328,2026-03-16,2026-03-15,1,Bank Transfer,False
PAY-00020-202604,SME-2024-00020,2026-04,1204559,2026-04-15,2026-04-15,0,Bank Transfer,False
PAY-00020-202605,SME-2024-00020,2026-05,1224000,2026-05-15,2026-05-15,0,Auto-debit,False
PAY-00020-202606,SME-2024-00020,2026-06,1245781,2026-06-15,2026-06-15,0,Virtual Account,False
PAY-00021-202511,SME-2024-00021,2025-11,831846,2025-11-17,2025-11-15,2,Virtual Account,False
PAY-00021-202512,SME-2024-00021,2025-12,849281,2025-12-15,2025-12-15,0,Virtual Account,False
PAY-00021-202601,SME-2024-00021,2026-01,823625,2026-01-15,2026-01-15,0,Virtual Account,False
PAY-00021-202602,SME-2024-00021,2026-02,6079091,2026-02-20,2026-02-15,5,Virtual Account,True
PAY-00021-202603,SME-2024-00021,2026-03,6139281,2026-03-15,2026-03-15,0,Bank Transfer,False
PAY-00021-202604,SME-2024-00021,2026-04,6017879,2026-04-15,2026-04-15,0,Auto-debit,False
PAY-00021-202605,SME-2024-00021,2026-05,6014329,2026-05-15,2026-05-15,0,Auto-debit,False
PAY-00021-202606,SME-2024-00021,2026-06,6294067,2026-06-16,2026-06-15,1,Bank Transfer,False
PAY-00022-202507,SME-2024-00022,2025-07,1446984,2025-07-15,2025-07-15,0,Bank Transfer,False
PAY-00022-202508,SME-2024-00022,2025-08,1425131,2025-08-16,2025-08-15,1,Virtual Account,False
PAY-00022-202509,SME-2024-00022,2025-09,1399366,2025-09-15,2025-09-15,0,Bank Transfer,False
PAY-00022-202510,SME-2024-00022,2025-10,1405138,2025-10-15,2025-10-15,0,Virtual Account,False
PAY-00022-202511,SME-2024-00022,2025-11,1421347,2025-11-16,2025-11-15,1,Cash,False
PAY-00022-202512,SME-2024-00022,2025-12,1400594,2025-12-15,2025-12-15,0,Virtual Account,False
PAY-00022-202601,SME-2024-00022,2026-01,1423849,2026-01-17,2026-01-15,2,Auto-debit,False
PAY-00022-202602,SME-2024-00022,2026-02,1392832,2026-02-17,2026-02-15,2,Virtual Account,False
PAY-00022-202603,SME-2024-00022,2026-03,1389349,2026-03-17,2026-03-15,2,Auto-debit,False
PAY-00022-202604,SME-2024-00022,2026-04,1449474,2026-04-16,2026-04-15,1,Virtual Account,False
PAY-00022-202605,SME-2024-00022,2026-05,1405687,2026-05-16,2026-05-15,1,Bank Transfer,False
PAY-00022-202606,SME-2024-00022,2026-06,1401245,2026-06-16,2026-06-15,1,Auto-debit,False
PAY-00023-202507,SME-2024-00023,2025-07,2419857,2025-07-15,2025-07-15,0,Virtual Account,False
PAY-00023-202508,SME-2024-00023,2025-08,2479435,2025-08-15,2025-08-15,0,Virtual Account,False
PAY-00023-202509,SME-2024-00023,2025-09,2518695,2025-09-15,2025-09-15,0,Auto-debit,False
PAY-00023-202510,SME-2024-00023,2025-10,2529655,2025-10-15,2025-10-15,0,Virtual Account,False
PAY-00023-202511,SME-2024-00023,2025-11,2475808,2025-11-16,2025-11-15,1,Bank Transfer,False
PAY-00023-202512,SME-2024-00023,2025-12,2435566,2025-12-16,2025-12-15,1,Bank Transfer,False
PAY-00023-202601,SME-2024-00023,2026-01,2455455,2026-01-16,2026-01-15,1,Virtual Account,False
PAY-00023-202602,SME-2024-00023,2026-02,2395702,2026-02-16,2026-02-15,1,Virtual Account,False
PAY-00023-202603,SME-2024-00023,2026-03,2383860,2026-03-16,2026-03-15,1,Cash,False
PAY-00023-202604,SME-2024-00023,2026-04,2487126,2026-04-17,2026-04-15,2,Virtual Account,False
PAY-00023-202605,SME-2024-00023,2026-05,2461774,2026-05-17,2026-05-15,2,Bank Transfer,False
PAY-00023-202606,SME-2024-00023,2026-06,2464913,2026-06-15,2026-06-15,0,Virtual Account,False
PAY-00024-202507,SME-2024-00024,2025-07,6661424,2025-07-16,2025-07-15,1,Cash,False
PAY-00024-202508,SME-2024-00024,2025-08,6423843,2025-08-15,2025-08-15,0,Auto-debit,False
PAY-00024-202509,SME-2024-00024,2025-09,6451886,2025-09-16,2025-09-15,1,Virtual Account,False
PAY-00024-202510,SME-2024-00024,2025-10,6467485,2025-10-18,2025-10-15,3,Virtual Account,False
PAY-00024-202511,SME-2024-00024,2025-11,6313278,2025-11-16,2025-11-15,1,Auto-debit,False
PAY-00024-202512,SME-2024-00024,2025-12,6328482,2025-12-16,2025-12-15,1,Auto-debit,False
PAY-00024-202601,SME-2024-00024,2026-01,6621896,2026-01-16,2026-01-15,1,Virtual Account,False
PAY-00024-202602,SME-2024-00024,2026-02,6481825,2026-02-15,2026-02-15,0,Bank Transfer,False
PAY-00024-202603,SME-2024-00024,2026-03,6380576,2026-03-16,2026-03-15,1,Auto-debit,False
PAY-00024-202604,SME-2024-00024,2026-04,6440210,2026-04-15,2026-04-15,0,Virtual Account,False
PAY-00024-202605,SME-2024-00024,2026-05,6623756,2026-05-16,2026-05-15,1,Cash,False
PAY-00024-202606,SME-2024-00024,2026-06,6547822,2026-06-15,2026-06-15,0,Cash,False
PAY-00025-202507,SME-2024-00025,2025-07,4307417,2025-07-15,2025-07-15,0,Virtual Account,True
PAY-00025-202508,SME-2024-00025,2025-08,4258648,2025-08-16,2025-08-15,1,Bank Transfer,False
PAY-00025-202509,SME-2024-00025,2025-09,4313239,2025-09-15,2025-09-15,0,Bank Transfer,False
PAY-00025-202510,SME-2024-00025,2025-10,4150486,2025-10-16,2025-10-15,1,Virtual Account,False
PAY-00025-202511,SME-2024-00025,2025-11,4283561,2025-11-18,2025-11-15,3,Cash,False
PAY-00025-202512,SME-2024-00025,2025-12,4241231,2025-12-15,2025-12-15,0,Bank Transfer,False
PAY-00025-202601,SME-2024-00025,2026-01,4243426,2026-01-17,2026-01-15,2,Virtual Account,False
PAY-00025-202602,SME-2024-00025,2026-02,4124075,2026-02-17,2026-02-15,2,Bank Transfer,False
PAY-00025-202603,SME-2024-00025,2026-03,4109444,2026-03-17,2026-03-15,2,Cash,False
PAY-00025-202604,SME-2024-00025,2026-04,4227758,2026-04-21,2026-04-15,6,Virtual Account,False
PAY-00025-202605,SME-2024-00025,2026-05,4277383,2026-05-17,2026-05-15,2,Virtual Account,False
PAY-00025-202606,SME-2024-00025,2026-06,4340786,2026-06-15,2026-06-15,0,Bank Transfer,False
PAY-00026-202604,SME-2024-00026,2026-04,4445959,2026-04-17,2026-04-15,2,Auto-debit,False
PAY-00026-202605,SME-2024-00026,2026-05,4335867,2026-05-16,2026-05-15,1,Virtual Account,False
PAY-00026-202606,SME-2024-00026,2026-06,4487519,2026-06-16,2026-06-15,1,Auto-debit,False
PAY-00027-202507,SME-2024-00027,2025-07,5195513,2025-07-18,2025-07-15,3,Cash,False
PAY-00027-202508,SME-2024-00027,2025-08,5312084,2025-08-16,2025-08-15,1,Bank Transfer,False
PAY-00027-202509,SME-2024-00027,2025-09,5138934,2025-09-15,2025-09-15,0,Auto-debit,False
PAY-00027-202510,SME-2024-00027,2025-10,5322826,2025-10-15,2025-10-15,0,Virtual Account,False
PAY-00027-202511,SME-2024-00027,2025-11,5067146,2025-11-16,2025-11-15,1,Bank Transfer,False
PAY-00027-202512,SME-2024-00027,2025-12,5137685,2025-12-15,2025-12-15,0,Bank Transfer,False
PAY-00027-202601,SME-2024-00027,2026-01,5234776,2026-01-16,2026-01-15,1,Auto-debit,False
PAY-00027-202602,SME-2024-00027,2026-02,5271892,2026-02-16,2026-02-15,1,Cash,False
PAY-00027-202603,SME-2024-00027,2026-03,5109519,2026-03-16,2026-03-15,1,Virtual Account,False
PAY-00027-202604,SME-2024-00027,2026-04,5201005,2026-04-16,2026-04-15,1,Bank Transfer,False
PAY-00027-202605,SME-2024-00027,2026-05,5186523,2026-05-15,2026-05-15,0,Auto-debit,False
PAY-00027-202606,SME-2024-00027,2026-06,5042901,2026-06-15,2026-06-15,0,Auto-debit,False
PAY-00028-202507,SME-2024-00028,2025-07,4460059,2025-07-15,2025-07-15,0,Virtual Account,False
PAY-00028-202508,SME-2024-00028,2025-08,4311110,2025-08-18,2025-08-15,3,Virtual Account,False
PAY-00028-202509,SME-2024-00028,2025-09,4310838,2025-09-15,2025-09-15,0,Virtual Account,False
PAY-00028-202510,SME-2024-00028,2025-10,4358633,2025-10-18,2025-10-15,3,Cash,False
PAY-00028-202511,SME-2024-00028,2025-11,4359164,2025-11-15,2025-11-15,0,Virtual Account,False
PAY-00028-202512,SME-2024-00028,2025-12,4360356,2025-12-16,2025-12-15,1,Bank Transfer,True
PAY-00028-202601,SME-2024-00028,2026-01,4377308,2026-01-17,2026-01-15,2,Bank Transfer,False
PAY-00028-202602,SME-2024-00028,2026-02,4297797,2026-02-16,2026-02-15,1,Bank Transfer,False
PAY-00028-202603,SME-2024-00028,2026-03,4485127,2026-03-15,2026-03-15,0,Virtual Account,False
PAY-00028-202604,SME-2024-00028,2026-04,4529494,2026-04-16,2026-04-15,1,Virtual Account,False
PAY-00028-202605,SME-2024-00028,2026-05,4323465,2026-05-16,2026-05-15,1,Auto-debit,False
PAY-00028-202606,SME-2024-00028,2026-06,4492303,2026-06-16,2026-06-15,1,Cash,False
PAY-00029-202507,SME-2024-00029,2025-07,1663821,2025-07-15,2025-07-15,0,Auto-debit,False
PAY-00029-202508,SME-2024-00029,2025-08,1583305,2025-08-15,2025-08-15,0,Auto-debit,False
PAY-00029-202509,SME-2024-00029,2025-09,1660466,2025-09-16,2025-09-15,1,Bank Transfer,False
PAY-00029-202510,SME-2024-00029,2025-10,1644069,2025-10-17,2025-10-15,2,Bank Transfer,False
PAY-00029-202511,SME-2024-00029,2025-11,1637178,2025-11-16,2025-11-15,1,Virtual Account,False
PAY-00029-202512,SME-2024-00029,2025-12,1621675,2025-12-16,2025-12-15,1,Cash,False
PAY-00029-202601,SME-2024-00029,2026-01,1636466,2026-01-15,2026-01-15,0,Bank Transfer,False
PAY-00029-202602,SME-2024-00029,2026-02,1670400,2026-02-15,2026-02-15,0,Virtual Account,False
PAY-00029-202603,SME-2024-00029,2026-03,1664801,2026-03-16,2026-03-15,1,Cash,False
PAY-00029-202604,SME-2024-00029,2026-04,1606133,2026-04-16,2026-04-15,1,Virtual Account,False
PAY-00029-202605,SME-2024-00029,2026-05,1618889,2026-05-16,2026-05-15,1,Virtual Account,False
PAY-00029-202606,SME-2024-00029,2026-06,1632823,2026-06-16,2026-06-15,1,Auto-debit,False
PAY-00030-202507,SME-2024-00030,2025-07,3833115,2025-07-15,2025-07-15,0,Virtual Account,False
PAY-00030-202508,SME-2024-00030,2025-08,3978561,2025-08-15,2025-08-15,0,Bank Transfer,False
PAY-00030-202509,SME-2024-00030,2025-09,3875987,2025-09-17,2025-09-15,2,Bank Transfer,False
PAY-00030-202510,SME-2024-00030,2025-10,3960617,2025-10-15,2025-10-15,0,Bank Transfer,False
PAY-00030-202511,SME-2024-00030,2025-11,3828666,2025-11-15,2025-11-15,0,Virtual Account,False
PAY-00030-202512,SME-2024-00030,2025-12,3870696,2025-12-16,2025-12-15,1,Bank Transfer,False
PAY-00030-202601,SME-2024-00030,2026-01,3994492,2026-01-18,2026-01-15,3,Virtual Account,False
PAY-00030-202602,SME-2024-00030,2026-02,3827515,2026-02-15,2026-02-15,0,Bank Transfer,False
PAY-00030-202603,SME-2024-00030,2026-03,3908734,2026-03-15,2026-03-15,0,Cash,False
PAY-00030-202604,SME-2024-00030,2026-04,5078442,2026-04-16,2026-04-15,1,Bank Transfer,False
PAY-00030-202605,SME-2024-00030,2026-05,5041794,2026-05-15,2026-05-15,0,Virtual Account,False
PAY-00030-202606,SME-2024-00030,2026-06,5061796,2026-06-17,2026-06-15,2,Virtual Account,False
PAY-00031-202507,SME-2024-00031,2025-07,4539918,2025-07-15,2025-07-15,0,Virtual Account,False
PAY-00031-202508,SME-2024-00031,2025-08,4606210,2025-08-16,2025-08-15,1,Auto-debit,False
PAY-00031-202509,SME-2024-00031,2025-09,4685365,2025-09-16,2025-09-15,1,Auto-debit,False
PAY-00031-202510,SME-2024-00031,2025-10,4573553,2025-10-17,2025-10-15,2,Virtual Account,False
PAY-00031-202511,SME-2024-00031,2025-11,4506025,2025-11-15,2025-11-15,0,Cash,False
PAY-00031-202512,SME-2024-00031,2025-12,4656117,2025-12-16,2025-12-15,1,Virtual Account,False
PAY-00031-202601,SME-2024-00031,2026-01,4690899,2026-01-16,2026-01-15,1,Virtual Account,False
PAY-00031-202602,SME-2024-00031,2026-02,4566918,2026-02-17,2026-02-15,2,Bank Transfer,False
PAY-00031-202603,SME-2024-00031,2026-03,4611297,2026-03-15,2026-03-15,0,Auto-debit,False
PAY-00031-202604,SME-2024-00031,2026-04,4545108,2026-04-16,2026-04-15,1,Virtual Account,False
PAY-00031-202605,SME-2024-00031,2026-05,4482911,2026-05-15,2026-05-15,0,Bank Transfer,False
PAY-00031-202606,SME-2024-00031,2026-06,4557517,2026-06-17,2026-06-15,2,Virtual Account,False
PAY-00032-202507,SME-2024-00032,2025-07,2331629,2025-07-15,2025-07-15,0,Virtual Account,False
PAY-00032-202508,SME-2024-00032,2025-08,2374026,2025-08-15,2025-08-15,0,Auto-debit,False
PAY-00032-202509,SME-2024-00032,2025-09,2375789,2025-09-15,2025-09-15,0,Bank Transfer,False
PAY-00032-202510,SME-2024-00032,2025-10,2332807,2025-10-16,2025-10-15,1,Virtual Account,False
PAY-00032-202511,SME-2024-00032,2025-11,2304615,2025-11-16,2025-11-15,1,Virtual Account,False
PAY-00032-202512,SME-2024-00032,2025-12,2396894,2025-12-16,2025-12-15,1,Cash,False
PAY-00032-202601,SME-2024-00032,2026-01,2369045,2026-01-16,2026-01-15,1,Virtual Account,False
PAY-00032-202602,SME-2024-00032,2026-02,2387188,2026-02-16,2026-02-15,1,Auto-debit,False
PAY-00032-202603,SME-2024-00032,2026-03,2286371,2026-03-15,2026-03-15,0,Auto-debit,False
PAY-00032-202604,SME-2024-00032,2026-04,2328855,2026-04-16,2026-04-15,1,Auto-debit,False
PAY-00032-202605,SME-2024-00032,2026-05,2393728,2026-05-17,2026-05-15,2,Auto-debit,False
PAY-00032-202606,SME-2024-00032,2026-06,2341112,2026-06-15,2026-06-15,0,Cash,False
PAY-00034-202507,SME-2024-00034,2025-07,8005838,2025-07-17,2025-07-15,2,Auto-debit,False
PAY-00034-202508,SME-2024-00034,2025-08,8685522,2025-08-15,2025-08-15,0,Virtual Account,False
PAY-00034-202509,SME-2024-00034,2025-09,15198636,2025-09-15,2025-09-15,0,Virtual Account,False
PAY-00034-202510,SME-2024-00034,2025-10,15885253,2025-10-15,2025-10-15,0,Bank Transfer,False
PAY-00034-202511,SME-2024-00034,2025-11,15790629,2025-11-15,2025-11-15,0,Virtual Account,False
PAY-00034-202512,SME-2024-00034,2025-12,15705658,2025-12-15,2025-12-15,0,Virtual Account,False
PAY-00034-202601,SME-2024-00034,2026-01,15061285,2026-01-16,2026-01-15,1,Virtual Account,False
PAY-00034-202602,SME-2024-00034,2026-02,15647365,2026-02-15,2026-02-15,0,Bank Transfer,False
PAY-00034-202603,SME-2024-00034,2026-03,15215392,2026-03-15,2026-03-15,0,Auto-debit,False
PAY-00034-202604,SME-2024-00034,2026-04,15052001,2026-04-15,2026-04-15,0,Virtual Account,False
PAY-00034-202605,SME-2024-00034,2026-05,15681724,2026-05-16,2026-05-15,1,Cash,False
PAY-00034-202606,SME-2024-00034,2026-06,15537418,2026-06-15,2026-06-15,0,Bank Transfer,False
PAY-00035-202507,SME-2024-00035,2025-07,494555,2025-07-16,2025-07-15,1,Bank Transfer,False
PAY-00035-202508,SME-2024-00035,2025-08,489796,2025-08-16,2025-08-15,1,Auto-debit,False
PAY-00035-202509,SME-2024-00035,2025-09,475193,2025-09-15,2025-09-15,0,Cash,False
PAY-00035-202510,SME-2024-00035,2025-10,481950,2025-10-15,2025-10-15,0,Bank Transfer,False
PAY-00035-202511,SME-2024-00035,2025-11,496071,2025-11-17,2025-11-15,2,Bank Transfer,False
PAY-00035-202512,SME-2024-00035,2025-12,475413,2025-12-16,2025-12-15,1,Bank Transfer,False
PAY-00035-202601,SME-2024-00035,2026-01,472429,2026-01-17,2026-01-15,2,Virtual Account,False
PAY-00035-202602,SME-2024-00035,2026-02,487332,2026-02-15,2026-02-15,0,Bank Transfer,False
PAY-00035-202603,SME-2024-00035,2026-03,494224,2026-03-15,2026-03-15,0,Bank Transfer,False
PAY-00035-202604,SME-2024-00035,2026-04,470110,2026-04-15,2026-04-15,0,Bank Transfer,False
PAY-00035-202605,SME-2024-00035,2026-05,488486,2026-05-15,2026-05-15,0,Cash,False
PAY-00035-202606,SME-2024-00035,2026-06,483832,2026-06-17,2026-06-15,2,Bank Transfer,False
PAY-00036-202604,SME-2024-00036,2026-04,1111839,2026-04-16,2026-04-15,1,Auto-debit,False
PAY-00036-202605,SME-2024-00036,2026-05,1107406,2026-05-15,2026-05-15,0,Virtual Account,False
PAY-00036-202606,SME-2024-00036,2026-06,1090087,2026-06-18,2026-06-15,3,Virtual Account,False
PAY-00037-202606,SME-2024-00037,2026-06,2855716,2026-06-15,2026-06-15,0,Bank Transfer,False
PAY-00038-202507,SME-2024-00038,2025-07,2173344,2025-07-15,2025-07-15,0,Cash,False
PAY-00038-202508,SME-2024-00038,2025-08,2163868,2025-08-15,2025-08-15,0,Auto-debit,False
PAY-00038-202509,SME-2024-00038,2025-09,2191098,2025-09-16,2025-09-15,1,Bank Transfer,False
PAY-00038-202510,SME-2024-00038,2025-10,2130619,2025-10-16,2025-10-15,1,Bank Transfer,False
PAY-00038-202511,SME-2024-00038,2025-11,2179546,2025-11-17,2025-11-15,2,Auto-debit,False
PAY-00038-202512,SME-2024-00038,2025-12,2128981,2025-12-16,2025-12-15,1,Bank Transfer,False
PAY-00038-202601,SME-2024-00038,2026-01,2119880,2026-01-17,2026-01-15,2,Cash,False
PAY-00038-202602,SME-2024-00038,2026-02,2109393,2026-02-15,2026-02-15,0,Virtual Account,False
PAY-00038-202603,SME-2024-00038,2026-03,2219135,2026-03-18,2026-03-15,3,Virtual Account,False
PAY-00038-202604,SME-2024-00038,2026-04,2131019,2026-04-17,2026-04-15,2,Virtual Account,False
PAY-00038-202605,SME-2024-00038,2026-05,10261227,2026-05-16,2026-05-15,1,Virtual Account,False
PAY-00038-202606,SME-2024-00038,2026-06,10410320,2026-06-15,2026-06-15,0,Bank Transfer,False
PAY-00039-202507,SME-2024-00039,2025-07,673087,2025-07-15,2025-07-15,0,Cash,False
PAY-00039-202508,SME-2024-00039,2025-08,706805,2025-08-15,2025-08-15,0,Auto-debit,False
PAY-00039-202509,SME-2024-00039,2025-09,684938,2025-09-17,2025-09-15,2,Cash,False
PAY-00039-202510,SME-2024-00039,2025-10,685805,2025-10-15,2025-10-15,0,Auto-debit,False
PAY-00039-202511,SME-2024-00039,2025-11,690643,2025-11-16,2025-11-15,1,Virtual Account,False
PAY-00039-202512,SME-2024-00039,2025-12,2052620,2025-12-15,2025-12-15,0,Virtual Account,False
PAY-00039-202601,SME-2024-00039,2026-01,4458781,2026-01-15,2026-01-15,0,Virtual Account,False
PAY-00039-202602,SME-2024-00039,2026-02,4452783,2026-02-16,2026-02-15,1,Virtual Account,False
PAY-00039-202603,SME-2024-00039,2026-03,4400424,2026-03-17,2026-03-15,2,Auto-debit,False
PAY-00039-202604,SME-2024-00039,2026-04,4346334,2026-04-15,2026-04-15,0,Cash,False
PAY-00039-202605,SME-2024-00039,2026-05,4489160,2026-05-16,2026-05-15,1,Cash,False
PAY-00039-202606,SME-2024-00039,2026-06,4352631,2026-06-15,2026-06-15,0,Virtual Account,False
PAY-00040-202507,SME-2024-00040,2025-07,7539776,2025-07-15,2025-07-15,0,Virtual Account,False
PAY-00040-202508,SME-2024-00040,2025-08,7405598,2025-08-15,2025-08-15,0,Cash,False
PAY-00040-202509,SME-2024-00040,2025-09,7530330,2025-09-16,2025-09-15,1,Virtual Account,False
PAY-00040-202510,SME-2024-00040,2025-10,7430397,2025-10-15,2025-10-15,0,Bank Transfer,False
PAY-00040-202511,SME-2024-00040,2025-11,7617659,2025-11-15,2025-11-15,0,Cash,False
PAY-00040-202512,SME-2024-00040,2025-12,7771967,2025-12-15,2025-12-15,0,Cash,False
PAY-00040-202601,SME-2024-00040,2026-01,7789315,2026-01-15,2026-01-15,0,Virtual Account,False
PAY-00040-202602,SME-2024-00040,2026-02,7455806,2026-02-15,2026-02-15,0,Bank Transfer,False
PAY-00040-202603,SME-2024-00040,2026-03,7445651,2026-03-16,2026-03-15,1,Cash,False
PAY-00040-202604,SME-2024-00040,2026-04,7543164,2026-04-17,2026-04-15,2,Bank Transfer,False
PAY-00040-202605,SME-2024-00040,2026-05,7675944,2026-05-15,2026-05-15,0,Virtual Account,False
PAY-00040-202606,SME-2024-00040,2026-06,7466045,2026-06-15,2026-06-15,0,Virtual Account,False
PAY-00041-202507,SME-2024-00041,2025-07,2494280,2025-07-16,2025-07-15,1,Bank Transfer,False
PAY-00041-202508,SME-2024-00041,2025-08,2609966,2025-08-15,2025-08-15,0,Virtual Account,False
PAY-00041-202509,SME-2024-00041,2025-09,2506271,2025-09-17,2025-09-15,2,Virtual Account,False
PAY-00041-202510,SME-2024-00041,2025-10,2502587,2025-10-16,2025-10-15,1,Virtual Account,False
PAY-00041-202511,SME-2024-00041,2025-11,2558824,2025-11-18,2025-11-15,3,Bank Transfer,False
PAY-00041-202512,SME-2024-00041,2025-12,2538971,2025-12-15,2025-12-15,0,Bank Transfer,False
PAY-00041-202601,SME-2024-00041,2026-01,2619010,2026-01-16,2026-01-15,1,Virtual Account,False
PAY-00041-202602,SME-2024-00041,2026-02,2622553,2026-02-18,2026-02-15,3,Virtual Account,False
PAY-00041-202603,SME-2024-00041,2026-03,2592519,2026-03-16,2026-03-15,1,Auto-debit,False
PAY-00041-202604,SME-2024-00041,2026-04,2530299,2026-04-16,2026-04-15,1,Virtual Account,False
PAY-00041-202605,SME-2024-00041,2026-05,2584273,2026-05-16,2026-05-15,1,Auto-debit,False
PAY-00041-202606,SME-2024-00041,2026-06,2572983,2026-06-17,2026-06-15,2,Cash,False
PAY-00042-202507,SME-2024-00042,2025-07,3974060,2025-07-15,2025-07-15,0,Bank Transfer,False
PAY-00042-202508,SME-2024-00042,2025-08,4048946,2025-08-15,2025-08-15,0,Auto-debit,False
PAY-00042-202509,SME-2024-00042,2025-09,4011249,2025-09-15,2025-09-15,0,Auto-debit,False
PAY-00042-202510,SME-2024-00042,2025-10,3940002,2025-10-15,2025-10-15,0,Virtual Account,False
PAY-00042-202511,SME-2024-00042,2025-11,4120281,2025-11-16,2025-11-15,1,Virtual Account,False
PAY-00042-202512,SME-2024-00042,2025-12,3937617,2025-12-16,2025-12-15,1,Auto-debit,False
PAY-00042-202601,SME-2024-00042,2026-01,4007581,2026-01-15,2026-01-15,0,Virtual Account,False
PAY-00042-202602,SME-2024-00042,2026-02,4082876,2026-02-17,2026-02-15,2,Virtual Account,False
PAY-00042-202603,SME-2024-00042,2026-03,4129853,2026-03-15,2026-03-15,0,Bank Transfer,True
PAY-00042-202604,SME-2024-00042,2026-04,4007403,2026-04-16,2026-04-15,1,Virtual Account,False
PAY-00042-202605,SME-2024-00042,2026-05,4037286,2026-05-15,2026-05-15,0,Auto-debit,False
PAY-00042-202606,SME-2024-00042,2026-06,3962133,2026-06-15,2026-06-15,0,Bank Transfer,False
PAY-00043-202507,SME-2024-00043,2025-07,6133055,2025-07-16,2025-07-15,1,Bank Transfer,False
PAY-00043-202508,SME-2024-00043,2025-08,6007378,2025-08-15,2025-08-15,0,Bank Transfer,False
PAY-00043-202509,SME-2024-00043,2025-09,6064046,2025-09-15,2025-09-15,0,Virtual Account,False
PAY-00043-202510,SME-2024-00043,2025-10,6030791,2025-10-15,2025-10-15,0,Virtual Account,False
PAY-00043-202511,SME-2024-00043,2025-11,6066453,2025-11-15,2025-11-15,0,Bank Transfer,False
PAY-00043-202512,SME-2024-00043,2025-12,5975579,2025-12-17,2025-12-15,2,Bank Transfer,False
PAY-00043-202601,SME-2024-00043,2026-01,6153840,2026-01-16,2026-01-15,1,Auto-debit,False
PAY-00043-202602,SME-2024-00043,2026-02,6030240,2026-02-15,2026-02-15,0,Virtual Account,False
PAY-00043-202603,SME-2024-00043,2026-03,6002950,2026-03-15,2026-03-15,0,Auto-debit,False
PAY-00043-202604,SME-2024-00043,2026-04,6037822,2026-04-16,2026-04-15,1,Virtual Account,False
PAY-00043-202605,SME-2024-00043,2026-05,6027827,2026-05-15,2026-05-15,0,Cash,False
PAY-00043-202606,SME-2024-00043,2026-06,6011734,2026-06-17,2026-06-15,2,Virtual Account,False
PAY-00044-202507,SME-2024-00044,2025-07,7361279,2025-07-15,2025-07-15,0,Virtual Account,False
PAY-00044-202508,SME-2024-00044,2025-08,7397715,2025-08-17,2025-08-15,2,Bank Transfer,False
PAY-00044-202509,SME-2024-00044,2025-09,7403671,2025-09-15,2025-09-15,0,Bank Transfer,False
PAY-00044-202510,SME-2024-00044,2025-10,7464161,2025-10-15,2025-10-15,0,Cash,False
PAY-00044-202511,SME-2024-00044,2025-11,7454810,2025-11-17,2025-11-15,2,Bank Transfer,False
PAY-00044-202512,SME-2024-00044,2025-12,7519504,2025-12-18,2025-12-15,3,Virtual Account,False
PAY-00044-202601,SME-2024-00044,2026-01,7370998,2026-01-17,2026-01-15,2,Auto-debit,False
PAY-00044-202602,SME-2024-00044,2026-02,7719866,2026-02-15,2026-02-15,0,Bank Transfer,False
PAY-00044-202603,SME-2024-00044,2026-03,7698216,2026-03-16,2026-03-15,1,Auto-debit,False
PAY-00044-202604,SME-2024-00044,2026-04,7399886,2026-04-16,2026-04-15,1,Bank Transfer,False
PAY-00044-202605,SME-2024-00044,2026-05,7322031,2026-05-18,2026-05-15,3,Auto-debit,False
PAY-00044-202606,SME-2024-00044,2026-06,7574045,2026-06-15,2026-06-15,0,Virtual Account,False
PAY-00045-202507,SME-2024-00045,2025-07,10346175,2025-07-15,2025-07-15,0,Cash,False
PAY-00045-202508,SME-2024-00045,2025-08,10401199,2025-08-16,2025-08-15,1,Bank Transfer,False
PAY-00045-202509,SME-2024-00045,2025-09,10197333,2025-09-17,2025-09-15,2,Virtual Account,False
PAY-00045-202510,SME-2024-00045,2025-10,10226088,2025-10-16,2025-10-15,1,Virtual Account,False
PAY-00045-202511,SME-2024-00045,2025-11,10334689,2025-11-16,2025-11-15,1,Bank Transfer,False
PAY-00045-202512,SME-2024-00045,2025-12,10730556,2025-12-17,2025-12-15,2,Cash,False
PAY-00045-202601,SME-2024-00045,2026-01,10692536,2026-01-15,2026-01-15,0,Virtual Account,False
PAY-00045-202602,SME-2024-00045,2026-02,10592684,2026-02-17,2026-02-15,2,Virtual Account,False
PAY-00045-202603,SME-2024-00045,2026-03,10479660,2026-03-16,2026-03-15,1,Bank Transfer,False
PAY-00045-202604,SME-2024-00045,2026-04,10514453,2026-04-15,2026-04-15,0,Auto-debit,False
PAY-00045-202605,SME-2024-00045,2026-05,10475873,2026-05-15,2026-05-15,0,Virtual Account,False
PAY-00045-202606,SME-2024-00045,2026-06,10633592,2026-06-15,2026-06-15,0,Auto-debit,False
PAY-00046-202507,SME-2024-00046,2025-07,5497156,2025-07-16,2025-07-15,1,Virtual Account,False
PAY-00046-202508,SME-2024-00046,2025-08,5457827,2025-08-15,2025-08-15,0,Bank Transfer,False
PAY-00046-202509,SME-2024-00046,2025-09,5308815,2025-09-15,2025-09-15,0,Cash,False
PAY-00046-202510,SME-2024-00046,2025-10,5454848,2025-10-17,2025-10-15,2,Cash,False
PAY-00046-202511,SME-2024-00046,2025-11,5463652,2025-11-15,2025-11-15,0,Bank Transfer,False
PAY-00046-202512,SME-2024-00046,2025-12,5239512,2025-12-16,2025-12-15,1,Bank Transfer,False
PAY-00046-202601,SME-2024-00046,2026-01,5456307,2026-01-15,2026-01-15,0,Auto-debit,False
PAY-00046-202602,SME-2024-00046,2026-02,5422490,2026-02-15,2026-02-15,0,Auto-debit,False
PAY-00046-202603,SME-2024-00046,2026-03,5321871,2026-03-15,2026-03-15,0,Bank Transfer,False
PAY-00046-202604,SME-2024-00046,2026-04,5355811,2026-04-16,2026-04-15,1,Auto-debit,False
PAY-00046-202605,SME-2024-00046,2026-05,5357647,2026-05-16,2026-05-15,1,Cash,False
PAY-00046-202606,SME-2024-00046,2026-06,5307679,2026-06-17,2026-06-15,2,Virtual Account,False
PAY-00047-202507,SME-2024-00047,2025-07,3039138,2025-07-15,2025-07-15,0,Auto-debit,False
PAY-00047-202508,SME-2024-00047,2025-08,3036616,2025-08-18,2025-08-15,3,Cash,False
PAY-00047-202509,SME-2024-00047,2025-09,2959915,2025-09-16,2025-09-15,1,Bank Transfer,False
PAY-00047-202510,SME-2024-00047,2025-10,3015301,2025-10-15,2025-10-15,0,Virtual Account,False
PAY-00047-202511,SME-2024-00047,2025-11,2931395,2025-11-17,2025-11-15,2,Bank Transfer,False
PAY-00047-202512,SME-2024-00047,2025-12,2922753,2025-12-16,2025-12-15,1,Bank Transfer,False
PAY-00047-202601,SME-2024-00047,2026-01,2914987,2026-01-15,2026-01-15,0,Cash,False
PAY-00047-202602,SME-2024-00047,2026-02,2913889,2026-02-15,2026-02-15,0,Virtual Account,False
PAY-00047-202603,SME-2024-00047,2026-03,2956054,2026-03-16,2026-03-15,1,Bank Transfer,False
PAY-00047-202604,SME-2024-00047,2026-04,3025874,2026-04-18,2026-04-15,3,Bank Transfer,False
PAY-00047-202605,SME-2024-00047,2026-05,3002019,2026-05-17,2026-05-15,2,Auto-debit,True
PAY-00047-202606,SME-2024-00047,2026-06,3039369,2026-06-16,2026-06-15,1,Virtual Account,False
PAY-00048-202507,SME-2024-00048,2025-07,4885520,2025-07-15,2025-07-15,0,Virtual Account,False
PAY-00048-202508,SME-2024-00048,2025-08,4836969,2025-08-15,2025-08-15,0,Bank Transfer,False
PAY-00048-202509,SME-2024-00048,2025-09,4957619,2025-09-18,2025-09-15,3,Virtual Account,False
PAY-00048-202510,SME-2024-00048,2025-10,4797520,2025-10-15,2025-10-15,0,Virtual Account,False
PAY-00048-202511,SME-2024-00048,2025-11,4793856,2025-11-15,2025-11-15,0,Auto-debit,False
PAY-00048-202512,SME-2024-00048,2025-12,4820954,2025-12-16,2025-12-15,1,Bank Transfer,False
PAY-00048-202601,SME-2024-00048,2026-01,4887974,2026-01-15,2026-01-15,0,Bank Transfer,False
PAY-00048-202602,SME-2024-00048,2026-02,4894638,2026-02-18,2026-02-15,3,Auto-debit,False
PAY-00048-202603,SME-2024-00048,2026-03,4953535,2026-03-19,2026-03-15,4,Bank Transfer,False
PAY-00048-202604,SME-2024-00048,2026-04,4776121,2026-04-17,2026-04-15,2,Virtual Account,False
PAY-00048-202605,SME-2024-00048,2026-05,4782268,2026-05-15,2026-05-15,0,Bank Transfer,False
PAY-00048-202606,SME-2024-00048,2026-06,4877814,2026-06-16,2026-06-15,1,Virtual Account,False
PAY-00049-202507,SME-2024-00049,2025-07,10283920,2025-07-15,2025-07-15,0,Virtual Account,False
PAY-00049-202508,SME-2024-00049,2025-08,10387421,2025-08-15,2025-08-15,0,Bank Transfer,False
PAY-00049-202509,SME-2024-00049,2025-09,10039623,2025-09-15,2025-09-15,0,Virtual Account,False
PAY-00049-202510,SME-2024-00049,2025-10,10422333,2025-10-15,2025-10-15,0,Auto-debit,False
PAY-00049-202511,SME-2024-00049,2025-11,9979542,2025-11-15,2025-11-15,0,Virtual Account,False
PAY-00049-202512,SME-2024-00049,2025-12,10108930,2025-12-16,2025-12-15,1,Auto-debit,False
PAY-00049-202601,SME-2024-00049,2026-01,10422202,2026-01-16,2026-01-15,1,Virtual Account,False
PAY-00049-202602,SME-2024-00049,2026-02,10305288,2026-02-15,2026-02-15,0,Auto-debit,False
PAY-00049-202603,SME-2024-00049,2026-03,10082848,2026-03-15,2026-03-15,0,Auto-debit,False
PAY-00049-202604,SME-2024-00049,2026-04,10398590,2026-04-16,2026-04-15,1,Auto-debit,False
PAY-00049-202605,SME-2024-00049,2026-05,10221576,2026-05-17,2026-05-15,2,Bank Transfer,False
PAY-00049-202606,SME-2024-00049,2026-06,10000912,2026-06-16,2026-06-15,1,Bank Transfer,False
PAY-00050-202507,SME-2024-00050,2025-07,945416,2025-07-15,2025-07-15,0,Virtual Account,False
PAY-00050-202508,SME-2024-00050,2025-08,907266,2025-08-15,2025-08-15,0,Virtual Account,False
PAY-00050-202509,SME-2024-00050,2025-09,931500,2025-09-15,2025-09-15,0,Auto-debit,False
PAY-00050-202510,SME-2024-00050,2025-10,933768,2025-10-17,2025-10-15,2,Virtual Account,False
PAY-00050-202511,SME-2024-00050,2025-11,907598,2025-11-15,2025-11-15,0,Bank Transfer,False
PAY-00050-202512,SME-2024-00050,2025-12,927958,2025-12-15,2025-12-15,0,Bank Transfer,False
PAY-00050-202601,SME-2024-00050,2026-01,922220,2026-01-16,2026-01-15,1,Auto-debit,False
PAY-00050-202602,SME-2024-00050,2026-02,928394,2026-02-15,2026-02-15,0,Virtual Account,False
PAY-00050-202603,SME-2024-00050,2026-03,927687,2026-03-17,2026-03-15,2,Virtual Account,False
PAY-00050-202604,SME-2024-00050,2026-04,953039,2026-04-15,2026-04-15,0,Virtual Account,False
PAY-00050-202605,SME-2024-00050,2026-05,899244,2026-05-16,2026-05-15,1,Auto-debit,False
PAY-00050-202606,SME-2024-00050,2026-06,906381,2026-06-15,2026-06-15,0,Auto-debit,False
PAY-00051-202507,SME-2024-00051,2025-07,3905042,2025-07-15,2025-07-15,0,Virtual Account,False
PAY-00051-202508,SME-2024-00051,2025-08,3833636,2025-08-15,2025-08-15,0,Bank Transfer,False
PAY-00051-202509,SME-2024-00051,2025-09,3946516,2025-09-16,2025-09-15,1,Cash,False
PAY-00051-202510,SME-2024-00051,2025-10,3842312,2025-10-15,2025-10-15,0,Virtual Account,False
PAY-00051-202511,SME-2024-00051,2025-11,3972523,2025-11-16,2025-11-15,1,Auto-debit,True
PAY-00051-202512,SME-2024-00051,2025-12,3979109,2025-12-16,2025-12-15,1,Auto-debit,False
PAY-00051-202601,SME-2024-00051,2026-01,3825355,2026-01-15,2026-01-15,0,Virtual Account,False
PAY-00051-202602,SME-2024-00051,2026-02,3781806,2026-02-16,2026-02-15,1,Cash,False
PAY-00051-202603,SME-2024-00051,2026-03,3949902,2026-03-15,2026-03-15,0,Auto-debit,False
PAY-00051-202604,SME-2024-00051,2026-04,3988566,2026-04-15,2026-04-15,0,Virtual Account,False
PAY-00051-202605,SME-2024-00051,2026-05,3776391,2026-05-16,2026-05-15,1,Virtual Account,False
PAY-00051-202606,SME-2024-00051,2026-06,3811670,2026-06-18,2026-06-15,3,Virtual Account,False
PAY-00052-202507,SME-2024-00052,2025-07,2994544,2025-07-17,2025-07-15,2,Bank Transfer,False
PAY-00052-202508,SME-2024-00052,2025-08,2907777,2025-08-15,2025-08-15,0,Auto-debit,False
PAY-00052-202509,SME-2024-00052,2025-09,2950436,2025-09-16,2025-09-15,1,Bank Transfer,False
PAY-00052-202510,SME-2024-00052,2025-10,2874983,2025-10-15,2025-10-15,0,Virtual Account,False
PAY-00052-202511,SME-2024-00052,2025-11,2897351,2025-11-15,2025-11-15,0,Cash,False
PAY-00052-202512,SME-2024-00052,2025-12,2922859,2025-12-16,2025-12-15,1,Bank Transfer,False
PAY-00052-202601,SME-2024-00052,2026-01,2887478,2026-01-15,2026-01-15,0,Bank Transfer,False
PAY-00052-202602,SME-2024-00052,2026-02,2946022,2026-02-16,2026-02-15,1,Cash,False
PAY-00052-202603,SME-2024-00052,2026-03,2992132,2026-03-15,2026-03-15,0,Bank Transfer,False
PAY-00052-202604,SME-2024-00052,2026-04,3020239,2026-04-16,2026-04-15,1,Cash,False
PAY-00052-202605,SME-2024-00052,2026-05,3017046,2026-05-15,2026-05-15,0,Virtual Account,False
PAY-00052-202606,SME-2024-00052,2026-06,3008777,2026-06-16,2026-06-15,1,Bank Transfer,False
PAY-00053-202507,SME-2024-00053,2025-07,1397545,2025-07-16,2025-07-15,1,Auto-debit,False
PAY-00053-202508,SME-2024-00053,2025-08,1418750,2025-08-16,2025-08-15,1,Virtual Account,False
PAY-00053-202509,SME-2024-00053,2025-09,1467515,2025-09-15,2025-09-15,0,Virtual Account,False
PAY-00053-202510,SME-2024-00053,2025-10,1455068,2025-10-16,2025-10-15,1,Auto-debit,False
PAY-00053-202511,SME-2024-00053,2025-11,1414583,2025-11-15,2025-11-15,0,Virtual Account,False
PAY-00053-202512,SME-2024-00053,2025-12,1427670,2025-12-16,2025-12-15,1,Virtual Account,False
PAY-00053-202601,SME-2024-00053,2026-01,1411613,2026-01-15,2026-01-15,0,Virtual Account,False
PAY-00053-202602,SME-2024-00053,2026-02,1466579,2026-02-15,2026-02-15,0,Auto-debit,False
PAY-00053-202603,SME-2024-00053,2026-03,1404651,2026-03-17,2026-03-15,2,Auto-debit,False
PAY-00053-202604,SME-2024-00053,2026-04,1392409,2026-04-15,2026-04-15,0,Auto-debit,False
PAY-00053-202605,SME-2024-00053,2026-05,1431154,2026-05-17,2026-05-15,2,Bank Transfer,False
PAY-00053-202606,SME-2024-00053,2026-06,1456179,2026-06-17,2026-06-15,2,Bank Transfer,False
PAY-00054-202507,SME-2024-00054,2025-07,1477350,2025-07-17,2025-07-15,2,Bank Transfer,False
PAY-00054-202508,SME-2024-00054,2025-08,1563637,2025-08-15,2025-08-15,0,Bank Transfer,False
PAY-00054-202509,SME-2024-00054,2025-09,1506850,2025-09-15,2025-09-15,0,Virtual Account,False
PAY-00054-202510,SME-2024-00054,2025-10,1488290,2025-10-15,2025-10-15,0,Bank Transfer,False
PAY-00054-202511,SME-2024-00054,2025-11,1510975,2025-11-15,2025-11-15,0,Bank Transfer,False
PAY-00054-202512,SME-2024-00054,2025-12,1545850,2025-12-15,2025-12-15,0,Auto-debit,False
PAY-00054-202601,SME-2024-00054,2026-01,1481971,2026-01-17,2026-01-15,2,Virtual Account,False
PAY-00054-202602,SME-2024-00054,2026-02,1525959,2026-02-15,2026-02-15,0,Bank Transfer,False
PAY-00054-202603,SME-2024-00054,2026-03,1513179,2026-03-16,2026-03-15,1,Virtual Account,False
PAY-00054-202604,SME-2024-00054,2026-04,1475082,2026-04-15,2026-04-15,0,Bank Transfer,False
PAY-00054-202605,SME-2024-00054,2026-05,1546358,2026-05-18,2026-05-15,3,Bank Transfer,False
PAY-00054-202606,SME-2024-00054,2026-06,1547655,2026-06-17,2026-06-15,2,Virtual Account,False
PAY-00055-202507,SME-2024-00055,2025-07,2392490,2025-07-15,2025-07-15,0,Bank Transfer,False
PAY-00055-202508,SME-2024-00055,2025-08,2325793,2025-08-16,2025-08-15,1,Virtual Account,True
PAY-00055-202509,SME-2024-00055,2025-09,2408150,2025-09-16,2025-09-15,1,Auto-debit,False
PAY-00055-202510,SME-2024-00055,2025-10,2362215,2025-10-15,2025-10-15,0,Virtual Account,False
PAY-00055-202511,SME-2024-00055,2025-11,2395131,2025-11-17,2025-11-15,2,Cash,False
PAY-00055-202512,SME-2024-00055,2025-12,2331853,2025-12-17,2025-12-15,2,Auto-debit,False
PAY-00055-202601,SME-2024-00055,2026-01,2301490,2026-01-15,2026-01-15,0,Bank Transfer,False
PAY-00055-202602,SME-2024-00055,2026-02,2340426,2026-02-16,2026-02-15,1,Auto-debit,False
PAY-00055-202603,SME-2024-00055,2026-03,2318636,2026-03-15,2026-03-15,0,Bank Transfer,False
PAY-00055-202604,SME-2024-00055,2026-04,2311268,2026-04-15,2026-04-15,0,Virtual Account,False
PAY-00055-202605,SME-2024-00055,2026-05,2330154,2026-05-17,2026-05-15,2,Virtual Account,True
PAY-00055-202606,SME-2024-00055,2026-06,2309175,2026-06-15,2026-06-15,0,Cash,False
PAY-00056-202507,SME-2024-00056,2025-07,7848691,2025-07-16,2025-07-15,1,Bank Transfer,False
PAY-00056-202508,SME-2024-00056,2025-08,8019279,2025-08-15,2025-08-15,0,Virtual Account,False
PAY-00056-202509,SME-2024-00056,2025-09,8265629,2025-09-15,2025-09-15,0,Auto-debit,False
PAY-00056-202510,SME-2024-00056,2025-10,8058745,2025-10-16,2025-10-15,1,Virtual Account,False
PAY-00056-202511,SME-2024-00056,2025-11,8128410,2025-11-17,2025-11-15,2,Virtual Account,False
PAY-00056-202512,SME-2024-00056,2025-12,8194304,2025-12-15,2025-12-15,0,Virtual Account,False
PAY-00056-202601,SME-2024-00056,2026-01,8268690,2026-01-15,2026-01-15,0,Virtual Account,False
PAY-00056-202602,SME-2024-00056,2026-02,8076008,2026-02-16,2026-02-15,1,Bank Transfer,False
PAY-00056-202603,SME-2024-00056,2026-03,7833861,2026-03-18,2026-03-15,3,Virtual Account,False
PAY-00056-202604,SME-2024-00056,2026-04,8193746,2026-04-16,2026-04-15,1,Bank Transfer,False
PAY-00056-202605,SME-2024-00056,2026-05,8080160,2026-05-18,2026-05-15,3,Virtual Account,True
PAY-00056-202606,SME-2024-00056,2026-06,7996677,2026-06-16,2026-06-15,1,Cash,False
PAY-00057-202507,SME-2024-00057,2025-07,1997125,2025-07-15,2025-07-15,0,Bank Transfer,False
PAY-00057-202508,SME-2024-00057,2025-08,2052036,2025-08-16,2025-08-15,1,Auto-debit,False
PAY-00057-202509,SME-2024-00057,2025-09,1974790,2025-09-15,2025-09-15,0,Auto-debit,False
PAY-00057-202510,SME-2024-00057,2025-10,1964278,2025-10-15,2025-10-15,0,Cash,False
PAY-00057-202511,SME-2024-00057,2025-11,2074427,2025-11-16,2025-11-15,1,Virtual Account,False
PAY-00057-202512,SME-2024-00057,2025-12,2036111,2025-12-16,2025-12-15,1,Auto-debit,False
PAY-00057-202601,SME-2024-00057,2026-01,2037011,2026-01-15,2026-01-15,0,Auto-debit,False
PAY-00057-202602,SME-2024-00057,2026-02,2039821,2026-02-15,2026-02-15,0,Cash,False
PAY-00057-202603,SME-2024-00057,2026-03,1986893,2026-03-16,2026-03-15,1,Bank Transfer,False
PAY-00057-202604,SME-2024-00057,2026-04,1966182,2026-04-15,2026-04-15,0,Bank Transfer,False
PAY-00057-202605,SME-2024-00057,2026-05,6818870,2026-05-17,2026-05-15,2,Auto-debit,False
PAY-00057-202606,SME-2024-00057,2026-06,6669136,2026-06-16,2026-06-15,1,Bank Transfer,False
PAY-00058-202507,SME-2024-00058,2025-07,5588512,2025-07-15,2025-07-15,0,Bank Transfer,False
PAY-00058-202508,SME-2024-00058,2025-08,5338362,2025-08-15,2025-08-15,0,Virtual Account,False
PAY-00058-202509,SME-2024-00058,2025-09,5552359,2025-09-17,2025-09-15,2,Virtual Account,False
PAY-00058-202510,SME-2024-00058,2025-10,5432769,2025-10-15,2025-10-15,0,Cash,False
PAY-00058-202511,SME-2024-00058,2025-11,5594729,2025-11-16,2025-11-15,1,Bank Transfer,False
PAY-00058-202512,SME-2024-00058,2025-12,5488391,2025-12-15,2025-12-15,0,Virtual Account,False
PAY-00058-202601,SME-2024-00058,2026-01,5344235,2026-01-17,2026-01-15,2,Bank Transfer,False
PAY-00058-202602,SME-2024-00058,2026-02,5314927,2026-02-15,2026-02-15,0,Virtual Account,False
PAY-00058-202603,SME-2024-00058,2026-03,5290904,2026-03-17,2026-03-15,2,Bank Transfer,False
PAY-00058-202604,SME-2024-00058,2026-04,5275505,2026-04-15,2026-04-15,0,Bank Transfer,False
PAY-00058-202605,SME-2024-00058,2026-05,5381881,2026-05-15,2026-05-15,0,Virtual Account,False
PAY-00058-202606,SME-2024-00058,2026-06,5318522,2026-06-17,2026-06-15,2,Virtual Account,False
PAY-00059-202507,SME-2024-00059,2025-07,2373108,2025-07-16,2025-07-15,1,Cash,False
PAY-00059-202508,SME-2024-00059,2025-08,2285668,2025-08-15,2025-08-15,0,Bank Transfer,False
PAY-00059-202509,SME-2024-00059,2025-09,2273372,2025-09-16,2025-09-15,1,Virtual Account,True
PAY-00059-202510,SME-2024-00059,2025-10,2278913,2025-10-16,2025-10-15,1,Bank Transfer,False
PAY-00059-202511,SME-2024-00059,2025-11,2330981,2025-11-15,2025-11-15,0,Bank Transfer,False
PAY-00059-202512,SME-2024-00059,2025-12,2339915,2025-12-15,2025-12-15,0,Bank Transfer,False
PAY-00059-202601,SME-2024-00059,2026-01,2295379,2026-01-16,2026-01-15,1,Bank Transfer,False
PAY-00059-202602,SME-2024-00059,2026-02,2277322,2026-02-16,2026-02-15,1,Auto-debit,False
PAY-00059-202603,SME-2024-00059,2026-03,2251012,2026-03-17,2026-03-15,2,Virtual Account,False
PAY-00059-202604,SME-2024-00059,2026-04,2340724,2026-04-17,2026-04-15,2,Cash,False
PAY-00059-202605,SME-2024-00059,2026-05,2250626,2026-05-15,2026-05-15,0,Virtual Account,False
PAY-00059-202606,SME-2024-00059,2026-06,2312818,2026-06-15,2026-06-15,0,Virtual Account,False
PAY-00060-202507,SME-2024-00060,2025-07,6798186,2025-07-16,2025-07-15,1,Cash,False
PAY-00060-202508,SME-2024-00060,2025-08,6984780,2025-08-16,2025-08-15,1,Bank Transfer,False
PAY-00060-202509,SME-2024-00060,2025-09,6847297,2025-09-16,2025-09-15,1,Auto-debit,False
PAY-00060-202510,SME-2024-00060,2025-10,7036975,2025-10-15,2025-10-15,0,Virtual Account,False
PAY-00060-202511,SME-2024-00060,2025-11,6782956,2025-11-17,2025-11-15,2,Auto-debit,False
PAY-00060-202512,SME-2024-00060,2025-12,7080425,2025-12-17,2025-12-15,2,Bank Transfer,False
PAY-00060-202601,SME-2024-00060,2026-01,6909833,2026-01-20,2026-01-15,5,Virtual Account,False
PAY-00060-202602,SME-2024-00060,2026-02,7062844,2026-02-17,2026-02-15,2,Auto-debit,False
PAY-00060-202603,SME-2024-00060,2026-03,6889709,2026-03-15,2026-03-15,0,Virtual Account,False
PAY-00060-202604,SME-2024-00060,2026-04,6699560,2026-04-17,2026-04-15,2,Cash,False
PAY-00060-202605,SME-2024-00060,2026-05,7033325,2026-05-16,2026-05-15,1,Virtual Account,False
PAY-00060-202606,SME-2024-00060,2026-06,6878187,2026-06-15,2026-06-15,0,Virtual Account,False
PAY-00061-202507,SME-2024-00061,2025-07,895130,2025-07-16,2025-07-15,1,Cash,False
PAY-00061-202508,SME-2024-00061,2025-08,910933,2025-08-15,2025-08-15,0,Virtual Account,False
PAY-00061-202509,SME-2024-00061,2025-09,876382,2025-09-16,2025-09-15,1,Bank Transfer,False
PAY-00061-202510,SME-2024-00061,2025-10,914944,2025-10-15,2025-10-15,0,Bank Transfer,False
PAY-00061-202511,SME-2024-00061,2025-11,919854,2025-11-17,2025-11-15,2,Bank Transfer,False
PAY-00061-202512,SME-2024-00061,2025-12,915072,2025-12-15,2025-12-15,0,Virtual Account,False
PAY-00061-202601,SME-2024-00061,2026-01,909947,2026-01-15,2026-01-15,0,Virtual Account,False
PAY-00061-202602,SME-2024-00061,2026-02,892990,2026-02-17,2026-02-15,2,Bank Transfer,False
PAY-00061-202603,SME-2024-00061,2026-03,926738,2026-03-15,2026-03-15,0,Virtual Account,False
PAY-00061-202604,SME-2024-00061,2026-04,889227,2026-04-17,2026-04-15,2,Virtual Account,False
PAY-00061-202605,SME-2024-00061,2026-05,918667,2026-05-15,2026-05-15,0,Bank Transfer,False
PAY-00061-202606,SME-2024-00061,2026-06,909948,2026-06-15,2026-06-15,0,Virtual Account,False
PAY-00062-202507,SME-2024-00062,2025-07,5217677,2025-07-16,2025-07-15,1,Virtual Account,False
PAY-00062-202508,SME-2024-00062,2025-08,5267823,2025-08-15,2025-08-15,0,Bank Transfer,False
PAY-00062-202509,SME-2024-00062,2025-09,5354170,2025-09-15,2025-09-15,0,Virtual Account,False
PAY-00062-202510,SME-2024-00062,2025-10,5191063,2025-10-16,2025-10-15,1,Cash,False
PAY-00062-202511,SME-2024-00062,2025-11,5270489,2025-11-15,2025-11-15,0,Bank Transfer,False
PAY-00062-202512,SME-2024-00062,2025-12,5299494,2025-12-15,2025-12-15,0,Bank Transfer,False
PAY-00062-202601,SME-2024-00062,2026-01,5198139,2026-01-17,2026-01-15,2,Virtual Account,False
PAY-00062-202602,SME-2024-00062,2026-02,5205532,2026-02-15,2026-02-15,0,Bank Transfer,False
PAY-00062-202603,SME-2024-00062,2026-03,5370175,2026-03-16,2026-03-15,1,Cash,False
PAY-00062-202604,SME-2024-00062,2026-04,5245334,2026-04-15,2026-04-15,0,Virtual Account,False
PAY-00062-202605,SME-2024-00062,2026-05,5332786,2026-05-17,2026-05-15,2,Auto-debit,False
PAY-00062-202606,SME-2024-00062,2026-06,5216322,2026-06-17,2026-06-15,2,Auto-debit,False
PAY-00063-202507,SME-2024-00063,2025-07,4909736,2025-07-15,2025-07-15,0,Auto-debit,False
PAY-00063-202508,SME-2024-00063,2025-08,4762928,2025-08-16,2025-08-15,1,Auto-debit,False
PAY-00063-202509,SME-2024-00063,2025-09,4861634,2025-09-16,2025-09-15,1,Virtual Account,False
PAY-00063-202510,SME-2024-00063,2025-10,4841518,2025-10-16,2025-10-15,1,Bank Transfer,False
PAY-00063-202511,SME-2024-00063,2025-11,10836220,2025-11-16,2025-11-15,1,Cash,False
PAY-00063-202512,SME-2024-00063,2025-12,11342392,2025-12-15,2025-12-15,0,Virtual Account,False
PAY-00063-202601,SME-2024-00063,2026-01,11240955,2026-01-15,2026-01-15,0,Auto-debit,False
PAY-00063-202602,SME-2024-00063,2026-02,11220839,2026-02-16,2026-02-15,1,Bank Transfer,False
PAY-00063-202603,SME-2024-00063,2026-03,10825065,2026-03-15,2026-03-15,0,Virtual Account,False
PAY-00063-202604,SME-2024-00063,2026-04,11021635,2026-04-15,2026-04-15,0,Virtual Account,False
PAY-00063-202605,SME-2024-00063,2026-05,10917490,2026-05-16,2026-05-15,1,Virtual Account,False
PAY-00063-202606,SME-2024-00063,2026-06,11193342,2026-06-15,2026-06-15,0,Virtual Account,False
PAY-00064-202507,SME-2024-00064,2025-07,8237729,2025-07-16,2025-07-15,1,Virtual Account,False
PAY-00064-202508,SME-2024-00064,2025-08,8182575,2025-08-15,2025-08-15,0,Virtual Account,False
PAY-00064-202509,SME-2024-00064,2025-09,8462886,2025-09-16,2025-09-15,1,Virtual Account,False
PAY-00064-202510,SME-2024-00064,2025-10,8180679,2025-10-16,2025-10-15,1,Cash,False
PAY-00064-202511,SME-2024-00064,2025-11,8089624,2025-11-15,2025-11-15,0,Virtual Account,False
PAY-00064-202512,SME-2024-00064,2025-12,8291338,2025-12-16,2025-12-15,1,Virtual Account,False
PAY-00064-202601,SME-2024-00064,2026-01,8410317,2026-01-17,2026-01-15,2,Bank Transfer,False
PAY-00064-202602,SME-2024-00064,2026-02,8459017,2026-02-17,2026-02-15,2,Virtual Account,False
PAY-00064-202603,SME-2024-00064,2026-03,8083412,2026-03-15,2026-03-15,0,Cash,False
PAY-00064-202604,SME-2024-00064,2026-04,8391607,2026-04-16,2026-04-15,1,Bank Transfer,False
PAY-00064-202605,SME-2024-00064,2026-05,8236147,2026-05-15,2026-05-15,0,Virtual Account,False
PAY-00064-202606,SME-2024-00064,2026-06,8334875,2026-06-16,2026-06-15,1,Auto-debit,False
PAY-00065-202507,SME-2024-00065,2025-07,3014414,2025-07-15,2025-07-15,0,Auto-debit,False
PAY-00065-202508,SME-2024-00065,2025-08,3057438,2025-08-17,2025-08-15,2,Virtual Account,False
PAY-00065-202509,SME-2024-00065,2025-09,3128221,2025-09-15,2025-09-15,0,Virtual Account,False
PAY-00065-202510,SME-2024-00065,2025-10,3046747,2025-10-16,2025-10-15,1,Virtual Account,False
PAY-00065-202511,SME-2024-00065,2025-11,3148920,2025-11-15,2025-11-15,0,Bank Transfer,False
PAY-00065-202512,SME-2024-00065,2025-12,3077926,2025-12-17,2025-12-15,2,Virtual Account,True
PAY-00065-202601,SME-2024-00065,2026-01,3115304,2026-01-16,2026-01-15,1,Virtual Account,False
PAY-00065-202602,SME-2024-00065,2026-02,3076859,2026-02-15,2026-02-15,0,Bank Transfer,False
PAY-00065-202603,SME-2024-00065,2026-03,3143312,2026-03-15,2026-03-15,0,Auto-debit,False
PAY-00065-202604,SME-2024-00065,2026-04,3066575,2026-04-17,2026-04-15,2,Bank Transfer,False
PAY-00065-202605,SME-2024-00065,2026-05,2993255,2026-05-15,2026-05-15,0,Virtual Account,False
PAY-00065-202606,SME-2024-00065,2026-06,3043576,2026-06-17,2026-06-15,2,Virtual Account,False
PAY-00066-202601,SME-2024-00066,2026-01,1641971,2026-01-16,2026-01-15,1,Bank Transfer,False
PAY-00066-202602,SME-2024-00066,2026-02,1609674,2026-02-15,2026-02-15,0,Virtual Account,False
PAY-00066-202603,SME-2024-00066,2026-03,1598046,2026-03-17,2026-03-15,2,Bank Transfer,False
PAY-00066-202604,SME-2024-00066,2026-04,1670151,2026-04-17,2026-04-15,2,Virtual Account,False
PAY-00066-202605,SME-2024-00066,2026-05,1604950,2026-05-15,2026-05-15,0,Bank Transfer,False
PAY-00066-202606,SME-2024-00066,2026-06,1606930,2026-06-16,2026-06-15,1,Bank Transfer,False
PAY-00067-202507,SME-2024-00067,2025-07,5813153,2025-07-15,2025-07-15,0,Bank Transfer,False
PAY-00067-202508,SME-2024-00067,2025-08,5981232,2025-08-17,2025-08-15,2,Bank Transfer,False
PAY-00067-202509,SME-2024-00067,2025-09,5714770,2025-09-16,2025-09-15,1,Virtual Account,False
PAY-00067-202510,SME-2024-00067,2025-10,5878174,2025-10-15,2025-10-15,0,Auto-debit,False
PAY-00067-202511,SME-2024-00067,2025-11,5788811,2025-11-18,2025-11-15,3,Cash,False
PAY-00067-202512,SME-2024-00067,2025-12,5808845,2025-12-15,2025-12-15,0,Virtual Account,False
PAY-00067-202601,SME-2024-00067,2026-01,5797498,2026-01-15,2026-01-15,0,Virtual Account,False
PAY-00067-202602,SME-2024-00067,2026-02,5866605,2026-02-16,2026-02-15,1,Cash,False
PAY-00067-202603,SME-2024-00067,2026-03,5905909,2026-03-15,2026-03-15,0,Virtual Account,False
PAY-00067-202604,SME-2024-00067,2026-04,5740632,2026-04-18,2026-04-15,3,Virtual Account,False
PAY-00067-202605,SME-2024-00067,2026-05,5694772,2026-05-15,2026-05-15,0,Virtual Account,False
PAY-00067-202606,SME-2024-00067,2026-06,6005187,2026-06-16,2026-06-15,1,Virtual Account,False
PAY-00068-202507,SME-2024-00068,2025-07,7851815,2025-07-16,2025-07-15,1,Virtual Account,False
PAY-00068-202508,SME-2024-00068,2025-08,7623768,2025-08-15,2025-08-15,0,Bank Transfer,False
PAY-00068-202509,SME-2024-00068,2025-09,7482925,2025-09-15,2025-09-15,0,Cash,False
PAY-00068-202510,SME-2024-00068,2025-10,7498408,2025-10-16,2025-10-15,1,Bank Transfer,False
PAY-00068-202511,SME-2024-00068,2025-11,7737490,2025-11-15,2025-11-15,0,Bank Transfer,False
PAY-00068-202512,SME-2024-00068,2025-12,7591070,2025-12-15,2025-12-15,0,Auto-debit,False
PAY-00068-202601,SME-2024-00068,2026-01,7499388,2026-01-16,2026-01-15,1,Auto-debit,False
PAY-00068-202602,SME-2024-00068,2026-02,7891563,2026-02-16,2026-02-15,1,Virtual Account,False
PAY-00068-202603,SME-2024-00068,2026-03,7664757,2026-03-16,2026-03-15,1,Auto-debit,False
PAY-00068-202604,SME-2024-00068,2026-04,7538488,2026-04-15,2026-04-15,0,Virtual Account,False
PAY-00068-202605,SME-2024-00068,2026-05,7615235,2026-05-18,2026-05-15,3,Cash,False
PAY-00068-202606,SME-2024-00068,2026-06,7493171,2026-06-16,2026-06-15,1,Auto-debit,False
PAY-00069-202606,SME-2024-00069,2026-06,6042840,2026-06-18,2026-06-15,3,Bank Transfer,False
PAY-00070-202507,SME-2024-00070,2025-07,9488447,2025-07-16,2025-07-15,1,Virtual Account,False
PAY-00070-202508,SME-2024-00070,2025-08,9638558,2025-08-15,2025-08-15,0,Cash,False
PAY-00070-202509,SME-2024-00070,2025-09,9491606,2025-09-17,2025-09-15,2,Virtual Account,False
PAY-00070-202510,SME-2024-00070,2025-10,9233209,2025-10-16,2025-10-15,1,Virtual Account,False
PAY-00070-202511,SME-2024-00070,2025-11,9304353,2025-11-15,2025-11-15,0,Bank Transfer,False
PAY-00070-202512,SME-2024-00070,2025-12,9413490,2025-12-15,2025-12-15,0,Bank Transfer,False
PAY-00070-202601,SME-2024-00070,2026-01,9690169,2026-01-15,2026-01-15,0,Bank Transfer,False
PAY-00070-202602,SME-2024-00070,2026-02,9656374,2026-02-18,2026-02-15,3,Virtual Account,False
PAY-00070-202603,SME-2024-00070,2026-03,9681388,2026-03-15,2026-03-15,0,Bank Transfer,False
PAY-00070-202604,SME-2024-00070,2026-04,9425358,2026-04-15,2026-04-15,0,Auto-debit,False
PAY-00070-202605,SME-2024-00070,2026-05,9760691,2026-05-16,2026-05-15,1,Cash,False
PAY-00070-202606,SME-2024-00070,2026-06,9254071,2026-06-15,2026-06-15,0,Virtual Account,False
PAY-00071-202507,SME-2024-00071,2025-07,827809,2025-07-15,2025-07-15,0,Bank Transfer,False
PAY-00071-202508,SME-2024-00071,2025-08,826981,2025-08-15,2025-08-15,0,Virtual Account,False
PAY-00071-202509,SME-2024-00071,2025-09,838488,2025-09-15,2025-09-15,0,Cash,False
PAY-00071-202510,SME-2024-00071,2025-10,824574,2025-10-15,2025-10-15,0,Bank Transfer,False
PAY-00071-202511,SME-2024-00071,2025-11,835291,2025-11-18,2025-11-15,3,Cash,False
PAY-00071-202512,SME-2024-00071,2025-12,836265,2025-12-16,2025-12-15,1,Virtual Account,False
PAY-00071-202601,SME-2024-00071,2026-01,847853,2026-01-15,2026-01-15,0,Cash,False
PAY-00071-202602,SME-2024-00071,2026-02,841338,2026-02-15,2026-02-15,0,Virtual Account,False
PAY-00071-202603,SME-2024-00071,2026-03,850182,2026-03-17,2026-03-15,2,Bank Transfer,False
PAY-00071-202604,SME-2024-00071,2026-04,833253,2026-04-16,2026-04-15,1,Auto-debit,False
PAY-00071-202605,SME-2024-00071,2026-05,857724,2026-05-16,2026-05-15,1,Bank Transfer,False
PAY-00071-202606,SME-2024-00071,2026-06,837850,2026-06-15,2026-06-15,0,Virtual Account,False
PAY-00072-202507,SME-2024-00072,2025-07,6517844,2025-07-15,2025-07-15,0,Virtual Account,False
PAY-00072-202508,SME-2024-00072,2025-08,6285401,2025-08-16,2025-08-15,1,Virtual Account,False
PAY-00072-202509,SME-2024-00072,2025-09,6435749,2025-09-15,2025-09-15,0,Virtual Account,False
PAY-00072-202510,SME-2024-00072,2025-10,6447670,2025-10-15,2025-10-15,0,Virtual Account,False
PAY-00072-202511,SME-2024-00072,2025-11,6241780,2025-11-15,2025-11-15,0,Virtual Account,False
PAY-00072-202512,SME-2024-00072,2025-12,6340285,2025-12-15,2025-12-15,0,Bank Transfer,False
PAY-00072-202601,SME-2024-00072,2026-01,6171696,2026-01-17,2026-01-15,2,Bank Transfer,False
PAY-00072-202602,SME-2024-00072,2026-02,6498799,2026-02-18,2026-02-15,3,Virtual Account,False
PAY-00072-202603,SME-2024-00072,2026-03,6304028,2026-03-15,2026-03-15,0,Cash,False
PAY-00072-202604,SME-2024-00072,2026-04,6203245,2026-04-15,2026-04-15,0,Auto-debit,False
PAY-00072-202605,SME-2024-00072,2026-05,6421283,2026-05-16,2026-05-15,1,Auto-debit,True
PAY-00072-202606,SME-2024-00072,2026-06,6362160,2026-06-18,2026-06-15,3,Auto-debit,False
PAY-00073-202508,SME-2024-00073,2025-08,3427060,2025-08-15,2025-08-15,0,Bank Transfer,False
PAY-00073-202509,SME-2024-00073,2025-09,3521402,2025-09-15,2025-09-15,0,Bank Transfer,False
PAY-00073-202510,SME-2024-00073,2025-10,3596603,2025-10-16,2025-10-15,1,Cash,False
PAY-00073-202511,SME-2024-00073,2025-11,3544418,2025-11-18,2025-11-15,3,Auto-debit,False
PAY-00073-202512,SME-2024-00073,2025-12,3509382,2025-12-16,2025-12-15,1,Auto-debit,False
PAY-00073-202601,SME-2024-00073,2026-01,3606072,2026-01-15,2026-01-15,0,Virtual Account,False
PAY-00073-202602,SME-2024-00073,2026-02,3587354,2026-02-15,2026-02-15,0,Auto-debit,False
PAY-00073-202603,SME-2024-00073,2026-03,3494214,2026-03-16,2026-03-15,1,Bank Transfer,False
PAY-00073-202604,SME-2024-00073,2026-04,3543023,2026-04-16,2026-04-15,1,Virtual Account,False
PAY-00073-202605,SME-2024-00073,2026-05,3537990,2026-05-16,2026-05-15,1,Auto-debit,False
PAY-00073-202606,SME-2024-00073,2026-06,3492332,2026-06-16,2026-06-15,1,Auto-debit,True
PAY-00074-202604,SME-2024-00074,2026-04,4739773,2026-04-15,2026-04-15,0,Bank Transfer,False
PAY-00074-202605,SME-2024-00074,2026-05,4884280,2026-05-18,2026-05-15,3,Auto-debit,False
PAY-00074-202606,SME-2024-00074,2026-06,4713868,2026-06-15,2026-06-15,0,Auto-debit,False
PAY-00075-202507,SME-2024-00075,2025-07,3073315,2025-07-15,2025-07-15,0,Auto-debit,False
PAY-00075-202508,SME-2024-00075,2025-08,3000945,2025-08-15,2025-08-15,0,Cash,False
PAY-00075-202509,SME-2024-00075,2025-09,2943906,2025-09-15,2025-09-15,0,Virtual Account,False
PAY-00075-202510,SME-2024-00075,2025-10,3008224,2025-10-15,2025-10-15,0,Bank Transfer,False
PAY-00075-202511,SME-2024-00075,2025-11,3024534,2025-11-16,2025-11-15,1,Auto-debit,False
PAY-00075-202512,SME-2024-00075,2025-12,3050124,2025-12-16,2025-12-15,1,Cash,False
PAY-00075-202601,SME-2024-00075,2026-01,2936844,2026-01-17,2026-01-15,2,Bank Transfer,False
PAY-00075-202602,SME-2024-00075,2026-02,2915339,2026-02-16,2026-02-15,1,Cash,False
PAY-00075-202603,SME-2024-00075,2026-03,2953228,2026-03-17,2026-03-15,2,Virtual Account,False
PAY-00075-202604,SME-2024-00075,2026-04,2992589,2026-04-15,2026-04-15,0,Cash,False
PAY-00075-202605,SME-2024-00075,2026-05,3039086,2026-05-15,2026-05-15,0,Virtual Account,False
PAY-00075-202606,SME-2024-00075,2026-06,3038186,2026-06-16,2026-06-15,1,Virtual Account,False
PAY-00076-202507,SME-2024-00076,2025-07,7498315,2025-07-15,2025-07-15,0,Auto-debit,False
PAY-00076-202508,SME-2024-00076,2025-08,7252977,2025-08-15,2025-08-15,0,Virtual Account,False
PAY-00076-202509,SME-2024-00076,2025-09,7269070,2025-09-15,2025-09-15,0,Bank Transfer,False
PAY-00076-202510,SME-2024-00076,2025-10,7347611,2025-10-15,2025-10-15,0,Virtual Account,True
PAY-00076-202511,SME-2024-00076,2025-11,7192940,2025-11-16,2025-11-15,1,Virtual Account,False
PAY-00076-202512,SME-2024-00076,2025-12,7298220,2025-12-18,2025-12-15,3,Bank Transfer,False
PAY-00076-202601,SME-2024-00076,2026-01,7502937,2026-01-16,2026-01-15,1,Bank Transfer,False
PAY-00076-202602,SME-2024-00076,2026-02,7511712,2026-02-21,2026-02-15,6,Virtual Account,False
PAY-00076-202603,SME-2024-00076,2026-03,7174328,2026-03-15,2026-03-15,0,Bank Transfer,False
PAY-00076-202604,SME-2024-00076,2026-04,7382188,2026-04-17,2026-04-15,2,Auto-debit,False
PAY-00076-202605,SME-2024-00076,2026-05,7490396,2026-05-15,2026-05-15,0,Auto-debit,False
PAY-00076-202606,SME-2024-00076,2026-06,7496905,2026-06-16,2026-06-15,1,Bank Transfer,False
PAY-00077-202507,SME-2024-00077,2025-07,3165709,2025-07-16,2025-07-15,1,Virtual Account,False
PAY-00077-202508,SME-2024-00077,2025-08,3116487,2025-08-15,2025-08-15,0,Auto-debit,False
PAY-00077-202509,SME-2024-00077,2025-09,3183078,2025-09-15,2025-09-15,0,Cash,False
PAY-00077-202510,SME-2024-00077,2025-10,3173036,2025-10-15,2025-10-15,0,Virtual Account,False
PAY-00077-202511,SME-2024-00077,2025-11,3055605,2025-11-16,2025-11-15,1,Cash,True
PAY-00077-202512,SME-2024-00077,2025-12,3074241,2025-12-15,2025-12-15,0,Virtual Account,False
PAY-00077-202601,SME-2024-00077,2026-01,3170541,2026-01-17,2026-01-15,2,Virtual Account,False
PAY-00077-202602,SME-2024-00077,2026-02,3135433,2026-02-16,2026-02-15,1,Bank Transfer,False
PAY-00077-202603,SME-2024-00077,2026-03,3219367,2026-03-16,2026-03-15,1,Auto-debit,False
PAY-00077-202604,SME-2024-00077,2026-04,3162961,2026-04-17,2026-04-15,2,Auto-debit,False
PAY-00077-202605,SME-2024-00077,2026-05,3230891,2026-05-16,2026-05-15,1,Virtual Account,False
PAY-00077-202606,SME-2024-00077,2026-06,3129322,2026-06-16,2026-06-15,1,Bank Transfer,False
PAY-00078-202507,SME-2024-00078,2025-07,7112149,2025-07-15,2025-07-15,0,Virtual Account,False
PAY-00078-202508,SME-2024-00078,2025-08,6998015,2025-08-16,2025-08-15,1,Auto-debit,False
PAY-00078-202509,SME-2024-00078,2025-09,6916093,2025-09-15,2025-09-15,0,Virtual Account,False
PAY-00078-202510,SME-2024-00078,2025-10,6855792,2025-10-16,2025-10-15,1,Virtual Account,False
PAY-00078-202511,SME-2024-00078,2025-11,6900600,2025-11-18,2025-11-15,3,Bank Transfer,False
PAY-00078-202512,SME-2024-00078,2025-12,6795814,2025-12-15,2025-12-15,0,Virtual Account,False
PAY-00078-202601,SME-2024-00078,2026-01,7045186,2026-01-16,2026-01-15,1,Virtual Account,False
PAY-00078-202602,SME-2024-00078,2026-02,6964568,2026-02-16,2026-02-15,1,Virtual Account,False
PAY-00078-202603,SME-2024-00078,2026-03,6957856,2026-03-15,2026-03-15,0,Bank Transfer,False
PAY-00078-202604,SME-2024-00078,2026-04,7107281,2026-04-16,2026-04-15,1,Bank Transfer,False
PAY-00078-202605,SME-2024-00078,2026-05,6766591,2026-05-16,2026-05-15,1,Auto-debit,False
PAY-00078-202606,SME-2024-00078,2026-06,7149698,2026-06-18,2026-06-15,3,Virtual Account,False
PAY-00079-202602,SME-2024-00079,2026-02,1243802,2026-02-15,2026-02-15,0,Virtual Account,False
PAY-00079-202603,SME-2024-00079,2026-03,1249678,2026-03-15,2026-03-15,0,Bank Transfer,True
PAY-00079-202604,SME-2024-00079,2026-04,1290198,2026-04-15,2026-04-15,0,Virtual Account,False
PAY-00079-202605,SME-2024-00079,2026-05,1313436,2026-05-15,2026-05-15,0,Bank Transfer,False
PAY-00079-202606,SME-2024-00079,2026-06,1300532,2026-06-16,2026-06-15,1,Auto-debit,False
PAY-00080-202507,SME-2024-00080,2025-07,2154704,2025-07-15,2025-07-15,0,Virtual Account,False
PAY-00080-202508,SME-2024-00080,2025-08,2125961,2025-08-16,2025-08-15,1,Bank Transfer,False
PAY-00080-202509,SME-2024-00080,2025-09,2198130,2025-09-16,2025-09-15,1,Virtual Account,False
PAY-00080-202510,SME-2024-00080,2025-10,2138524,2025-10-15,2025-10-15,0,Auto-debit,False
PAY-00080-202511,SME-2024-00080,2025-11,2176163,2025-11-16,2025-11-15,1,Auto-debit,False
PAY-00080-202512,SME-2024-00080,2025-12,2184849,2025-12-16,2025-12-15,1,Virtual Account,False
PAY-00080-202601,SME-2024-00080,2026-01,2195456,2026-01-16,2026-01-15,1,Virtual Account,False
PAY-00080-202602,SME-2024-00080,2026-02,2168107,2026-02-16,2026-02-15,1,Virtual Account,False
PAY-00080-202603,SME-2024-00080,2026-03,2130328,2026-03-15,2026-03-15,0,Virtual Account,False
PAY-00080-202604,SME-2024-00080,2026-04,2149799,2026-04-18,2026-04-15,3,Bank Transfer,False
PAY-00080-202605,SME-2024-00080,2026-05,2127280,2026-05-16,2026-05-15,1,Virtual Account,False
PAY-00080-202606,SME-2024-00080,2026-06,2187999,2026-06-15,2026-06-15,0,Virtual Account,False
PAY-00081-202509,SME-2024-00081,2025-09,5677050,2025-09-17,2025-09-15,2,Bank Transfer,False
PAY-00081-202510,SME-2024-00081,2025-10,5434195,2025-10-15,2025-10-15,0,Virtual Account,False
PAY-00081-202511,SME-2024-00081,2025-11,5671127,2025-11-15,2025-11-15,0,Bank Transfer,False
PAY-00081-202512,SME-2024-00081,2025-12,5422933,2025-12-17,2025-12-15,2,Auto-debit,False
PAY-00081-202601,SME-2024-00081,2026-01,5647509,2026-01-15,2026-01-15,0,Virtual Account,False
PAY-00081-202602,SME-2024-00081,2026-02,5684218,2026-02-15,2026-02-15,0,Auto-debit,False
PAY-00081-202603,SME-2024-00081,2026-03,5598896,2026-03-15,2026-03-15,0,Bank Transfer,False
PAY-00081-202604,SME-2024-00081,2026-04,5590185,2026-04-18,2026-04-15,3,Virtual Account,False
PAY-00081-202605,SME-2024-00081,2026-05,5669881,2026-05-16,2026-05-15,1,Bank Transfer,False
PAY-00081-202606,SME-2024-00081,2026-06,5557007,2026-06-16,2026-06-15,1,Virtual Account,False
PAY-00082-202507,SME-2024-00082,2025-07,1222444,2025-07-16,2025-07-15,1,Virtual Account,False
PAY-00082-202508,SME-2024-00082,2025-08,1287232,2025-08-15,2025-08-15,0,Auto-debit,False
PAY-00082-202509,SME-2024-00082,2025-09,1242386,2025-09-15,2025-09-15,0,Virtual Account,False
PAY-00082-202510,SME-2024-00082,2025-10,1233179,2025-10-16,2025-10-15,1,Auto-debit,False
PAY-00082-202511,SME-2024-00082,2025-11,1264887,2025-11-16,2025-11-15,1,Virtual Account,False
PAY-00082-202512,SME-2024-00082,2025-12,1252912,2025-12-16,2025-12-15,1,Bank Transfer,True
PAY-00082-202601,SME-2024-00082,2026-01,1262045,2026-01-16,2026-01-15,1,Virtual Account,False
PAY-00082-202602,SME-2024-00082,2026-02,1268550,2026-02-15,2026-02-15,0,Auto-debit,False
PAY-00082-202603,SME-2024-00082,2026-03,1279797,2026-03-16,2026-03-15,1,Virtual Account,False
PAY-00082-202604,SME-2024-00082,2026-04,1233147,2026-04-16,2026-04-15,1,Virtual Account,False
PAY-00082-202605,SME-2024-00082,2026-05,1243180,2026-05-15,2026-05-15,0,Virtual Account,False
PAY-00082-202606,SME-2024-00082,2026-06,1273158,2026-06-16,2026-06-15,1,Auto-debit,False
PAY-00083-202512,SME-2024-00083,2025-12,970860,2025-12-15,2025-12-15,0,Virtual Account,False
PAY-00083-202601,SME-2024-00083,2026-01,985772,2026-01-16,2026-01-15,1,Bank Transfer,False
PAY-00083-202602,SME-2024-00083,2026-02,1003018,2026-02-16,2026-02-15,1,Virtual Account,False
PAY-00083-202603,SME-2024-00083,2026-03,1009700,2026-03-17,2026-03-15,2,Virtual Account,False
PAY-00083-202604,SME-2024-00083,2026-04,970410,2026-04-15,2026-04-15,0,Bank Transfer,False
PAY-00083-202605,SME-2024-00083,2026-05,951062,2026-05-16,2026-05-15,1,Virtual Account,False
PAY-00083-202606,SME-2024-00083,2026-06,1004648,2026-06-16,2026-06-15,1,Bank Transfer,False
PAY-00084-202507,SME-2024-00084,2025-07,3902075,2025-07-16,2025-07-15,1,Virtual Account,False
PAY-00084-202508,SME-2024-00084,2025-08,3863830,2025-08-15,2025-08-15,0,Bank Transfer,False
PAY-00084-202509,SME-2024-00084,2025-09,4760196,2025-09-15,2025-09-15,0,Auto-debit,False
PAY-00084-202510,SME-2024-00084,2025-10,4890269,2025-10-16,2025-10-15,1,Bank Transfer,False
PAY-00084-202511,SME-2024-00084,2025-11,4972035,2025-11-16,2025-11-15,1,Virtual Account,False
PAY-00084-202512,SME-2024-00084,2025-12,4882799,2025-12-17,2025-12-15,2,Auto-debit,False
PAY-00084-202601,SME-2024-00084,2026-01,4896247,2026-01-15,2026-01-15,0,Bank Transfer,False
PAY-00084-202602,SME-2024-00084,2026-02,4843877,2026-02-15,2026-02-15,0,Virtual Account,False
PAY-00084-202603,SME-2024-00084,2026-03,4789212,2026-03-17,2026-03-15,2,Auto-debit,False
PAY-00084-202604,SME-2024-00084,2026-04,4743824,2026-04-15,2026-04-15,0,Virtual Account,False
PAY-00084-202605,SME-2024-00084,2026-05,4821499,2026-05-15,2026-05-15,0,Auto-debit,False
PAY-00084-202606,SME-2024-00084,2026-06,4967654,2026-06-15,2026-06-15,0,Virtual Account,False
PAY-00086-202604,SME-2024-00086,2026-04,6429550,2026-04-15,2026-04-15,0,Virtual Account,False
PAY-00086-202605,SME-2024-00086,2026-05,6491629,2026-05-16,2026-05-15,1,Bank Transfer,False
PAY-00086-202606,SME-2024-00086,2026-06,6442410,2026-06-15,2026-06-15,0,Virtual Account,False
PAY-00087-202507,SME-2024-00087,2025-07,2023030,2025-07-16,2025-07-15,1,Bank Transfer,False
PAY-00087-202508,SME-2024-00087,2025-08,2003605,2025-08-17,2025-08-15,2,Virtual Account,False
PAY-00087-202509,SME-2024-00087,2025-09,1941397,2025-09-16,2025-09-15,1,Bank Transfer,False
PAY-00087-202510,SME-2024-00087,2025-10,2022169,2025-10-15,2025-10-15,0,Bank Transfer,False
PAY-00087-202511,SME-2024-00087,2025-11,1950622,2025-11-15,2025-11-15,0,Bank Transfer,False
PAY-00087-202512,SME-2024-00087,2025-12,1972421,2025-12-15,2025-12-15,0,Virtual Account,False
PAY-00087-202601,SME-2024-00087,2026-01,1964381,2026-01-16,2026-01-15,1,Virtual Account,False
PAY-00087-202602,SME-2024-00087,2026-02,3823406,2026-02-15,2026-02-15,0,Virtual Account,False
PAY-00087-202603,SME-2024-00087,2026-03,4006039,2026-03-16,2026-03-15,1,Auto-debit,False
PAY-00087-202604,SME-2024-00087,2026-04,3882277,2026-04-15,2026-04-15,0,Virtual Account,False
PAY-00087-202605,SME-2024-00087,2026-05,3778036,2026-05-16,2026-05-15,1,Virtual Account,True
PAY-00087-202606,SME-2024-00087,2026-06,3889587,2026-06-15,2026-06-15,0,Virtual Account,False
PAY-00088-202507,SME-2024-00088,2025-07,1332318,2025-07-15,2025-07-15,0,Bank Transfer,False
PAY-00088-202508,SME-2024-00088,2025-08,1312975,2025-08-16,2025-08-15,1,Bank Transfer,False
PAY-00088-202509,SME-2024-00088,2025-09,1355984,2025-09-15,2025-09-15,0,Auto-debit,False
PAY-00088-202510,SME-2024-00088,2025-10,1316429,2025-10-16,2025-10-15,1,Auto-debit,False
PAY-00088-202511,SME-2024-00088,2025-11,1321690,2025-11-16,2025-11-15,1,Cash,False
PAY-00088-202512,SME-2024-00088,2025-12,1387912,2025-12-16,2025-12-15,1,Auto-debit,False
PAY-00088-202601,SME-2024-00088,2026-01,1341188,2026-01-16,2026-01-15,1,Bank Transfer,False
PAY-00088-202602,SME-2024-00088,2026-02,1337356,2026-02-16,2026-02-15,1,Virtual Account,False
PAY-00088-202603,SME-2024-00088,2026-03,1344141,2026-03-16,2026-03-15,1,Virtual Account,False
PAY-00088-202604,SME-2024-00088,2026-04,1383813,2026-04-18,2026-04-15,3,Cash,False
PAY-00088-202605,SME-2024-00088,2026-05,1360971,2026-05-15,2026-05-15,0,Bank Transfer,True
PAY-00088-202606,SME-2024-00088,2026-06,1319208,2026-06-19,2026-06-15,4,Bank Transfer,False
PAY-00089-202507,SME-2024-00089,2025-07,3855039,2025-07-17,2025-07-15,2,Auto-debit,False
PAY-00089-202508,SME-2024-00089,2025-08,3974128,2025-08-16,2025-08-15,1,Auto-debit,False
PAY-00089-202509,SME-2024-00089,2025-09,3861555,2025-09-16,2025-09-15,1,Virtual Account,True
PAY-00089-202510,SME-2024-00089,2025-10,4020731,2025-10-15,2025-10-15,0,Cash,False
PAY-00089-202511,SME-2024-00089,2025-11,3920293,2025-11-15,2025-11-15,0,Auto-debit,False
PAY-00089-202512,SME-2024-00089,2025-12,3986232,2025-12-15,2025-12-15,0,Auto-debit,False
PAY-00089-202601,SME-2024-00089,2026-01,3950923,2026-01-15,2026-01-15,0,Bank Transfer,True
PAY-00089-202602,SME-2024-00089,2026-02,4070029,2026-02-16,2026-02-15,1,Cash,False
PAY-00089-202603,SME-2024-00089,2026-03,3842578,2026-03-16,2026-03-15,1,Auto-debit,False
PAY-00089-202604,SME-2024-00089,2026-04,3863180,2026-04-15,2026-04-15,0,Bank Transfer,False
PAY-00089-202605,SME-2024-00089,2026-05,3934039,2026-05-17,2026-05-15,2,Virtual Account,False
PAY-00089-202606,SME-2024-00089,2026-06,3856507,2026-06-15,2026-06-15,0,Auto-debit,False
PAY-00090-202507,SME-2024-00090,2025-07,2976508,2025-07-15,2025-07-15,0,Cash,False
PAY-00090-202508,SME-2024-00090,2025-08,3009183,2025-08-15,2025-08-15,0,Virtual Account,False
PAY-00090-202509,SME-2024-00090,2025-09,2981327,2025-09-16,2025-09-15,1,Auto-debit,False
PAY-00090-202510,SME-2024-00090,2025-10,2863427,2025-10-17,2025-10-15,2,Virtual Account,False
PAY-00090-202511,SME-2024-00090,2025-11,2989928,2025-11-15,2025-11-15,0,Cash,False
PAY-00090-202512,SME-2024-00090,2025-12,2926325,2025-12-17,2025-12-15,2,Auto-debit,False
PAY-00090-202601,SME-2024-00090,2026-01,2843198,2026-01-17,2026-01-15,2,Virtual Account,False
PAY-00090-202602,SME-2024-00090,2026-02,2979958,2026-02-18,2026-02-15,3,Virtual Account,False
PAY-00090-202603,SME-2024-00090,2026-03,2909288,2026-03-15,2026-03-15,0,Cash,False
PAY-00090-202604,SME-2024-00090,2026-04,2839283,2026-04-17,2026-04-15,2,Virtual Account,False
PAY-00090-202605,SME-2024-00090,2026-05,2885153,2026-05-15,2026-05-15,0,Virtual Account,False
PAY-00090-202606,SME-2024-00090,2026-06,2992027,2026-06-16,2026-06-15,1,Auto-debit,False
PAY-00091-202507,SME-2024-00091,2025-07,3212087,2025-07-15,2025-07-15,0,Cash,False
PAY-00091-202508,SME-2024-00091,2025-08,4263434,2025-08-16,2025-08-15,1,Virtual Account,False
PAY-00091-202509,SME-2024-00091,2025-09,4124979,2025-09-16,2025-09-15,1,Virtual Account,False
PAY-00091-202510,SME-2024-00091,2025-10,4112294,2025-10-15,2025-10-15,0,Auto-debit,False
PAY-00091-202511,SME-2024-00091,2025-11,6766282,2025-11-15,2025-11-15,0,Virtual Account,False
PAY-00091-202512,SME-2024-00091,2025-12,6793739,2025-12-16,2025-12-15,1,Cash,False
PAY-00091-202601,SME-2024-00091,2026-01,6701175,2026-01-15,2026-01-15,0,Bank Transfer,False
PAY-00091-202602,SME-2024-00091,2026-02,7017010,2026-02-16,2026-02-15,1,Bank Transfer,False
PAY-00091-202603,SME-2024-00091,2026-03,6654729,2026-03-16,2026-03-15,1,Auto-debit,False
PAY-00091-202604,SME-2024-00091,2026-04,6912142,2026-04-15,2026-04-15,0,Virtual Account,False
PAY-00091-202605,SME-2024-00091,2026-05,6834390,2026-05-17,2026-05-15,2,Bank Transfer,False
PAY-00091-202606,SME-2024-00091,2026-06,6692583,2026-06-16,2026-06-15,1,Bank Transfer,False
PAY-00092-202507,SME-2024-00092,2025-07,1558297,2025-07-15,2025-07-15,0,Bank Transfer,False
PAY-00092-202508,SME-2024-00092,2025-08,1514978,2025-08-16,2025-08-15,1,Auto-debit,False
PAY-00092-202509,SME-2024-00092,2025-09,1497638,2025-09-15,2025-09-15,0,Virtual Account,False
PAY-00092-202510,SME-2024-00092,2025-10,1523930,2025-10-16,2025-10-15,1,Bank Transfer,False
PAY-00092-202511,SME-2024-00092,2025-11,1533390,2025-11-17,2025-11-15,2,Virtual Account,False
PAY-00092-202512,SME-2024-00092,2025-12,1491864,2025-12-15,2025-12-15,0,Auto-debit,False
PAY-00092-202601,SME-2024-00092,2026-01,1565394,2026-01-15,2026-01-15,0,Auto-debit,False
PAY-00092-202602,SME-2024-00092,2026-02,1521658,2026-02-15,2026-02-15,0,Auto-debit,False
PAY-00092-202603,SME-2024-00092,2026-03,1529637,2026-03-15,2026-03-15,0,Bank Transfer,False
PAY-00092-202604,SME-2024-00092,2026-04,1533387,2026-04-16,2026-04-15,1,Bank Transfer,False
PAY-00092-202605,SME-2024-00092,2026-05,1511982,2026-05-15,2026-05-15,0,Virtual Account,False
PAY-00092-202606,SME-2024-00092,2026-06,1527115,2026-06-15,2026-06-15,0,Bank Transfer,False
PAY-00093-202507,SME-2024-00093,2025-07,712677,2025-07-15,2025-07-15,0,Virtual Account,False
PAY-00093-202508,SME-2024-00093,2025-08,704724,2025-08-16,2025-08-15,1,Virtual Account,False
PAY-00093-202509,SME-2024-00093,2025-09,689343,2025-09-18,2025-09-15,3,Bank Transfer,False
PAY-00093-202510,SME-2024-00093,2025-10,707629,2025-10-15,2025-10-15,0,Bank Transfer,False
PAY-00093-202511,SME-2024-00093,2025-11,718452,2025-11-16,2025-11-15,1,Virtual Account,False
PAY-00093-202512,SME-2024-00093,2025-12,689424,2025-12-17,2025-12-15,2,Bank Transfer,False
PAY-00093-202601,SME-2024-00093,2026-01,712290,2026-01-15,2026-01-15,0,Bank Transfer,True
PAY-00093-202602,SME-2024-00093,2026-02,710112,2026-02-16,2026-02-15,1,Auto-debit,False
PAY-00093-202603,SME-2024-00093,2026-03,683159,2026-03-17,2026-03-15,2,Auto-debit,False
PAY-00093-202604,SME-2024-00093,2026-04,698159,2026-04-17,2026-04-15,2,Auto-debit,False
PAY-00093-202605,SME-2024-00093,2026-05,699961,2026-05-15,2026-05-15,0,Auto-debit,False
PAY-00093-202606,SME-2024-00093,2026-06,708042,2026-06-16,2026-06-15,1,Auto-debit,False
PAY-00095-202606,SME-2024-00095,2026-06,879701,2026-06-15,2026-06-15,0,Bank Transfer,False
PAY-00096-202507,SME-2024-00096,2025-07,6180768,2025-07-16,2025-07-15,1,Auto-debit,False
PAY-00096-202508,SME-2024-00096,2025-08,6286754,2025-08-17,2025-08-15,2,Virtual Account,False
PAY-00096-202509,SME-2024-00096,2025-09,6132148,2025-09-16,2025-09-15,1,Auto-debit,False
PAY-00096-202510,SME-2024-00096,2025-10,6148495,2025-10-15,2025-10-15,0,Virtual Account,False
PAY-00096-202511,SME-2024-00096,2025-11,6272099,2025-11-15,2025-11-15,0,Bank Transfer,False
PAY-00096-202512,SME-2024-00096,2025-12,6167511,2025-12-16,2025-12-15,1,Auto-debit,False
PAY-00096-202601,SME-2024-00096,2026-01,6194856,2026-01-15,2026-01-15,0,Virtual Account,False
PAY-00096-202602,SME-2024-00096,2026-02,5989226,2026-02-17,2026-02-15,2,Bank Transfer,False
PAY-00096-202603,SME-2024-00096,2026-03,6228128,2026-03-15,2026-03-15,0,Auto-debit,False
PAY-00096-202604,SME-2024-00096,2026-04,5993752,2026-04-15,2026-04-15,0,Bank Transfer,False
PAY-00096-202605,SME-2024-00096,2026-05,5933512,2026-05-15,2026-05-15,0,Auto-debit,False
PAY-00096-202606,SME-2024-00096,2026-06,6069124,2026-06-16,2026-06-15,1,Virtual Account,False
PAY-00097-202507,SME-2024-00097,2025-07,10480390,2025-07-16,2025-07-15,1,Bank Transfer,False
PAY-00097-202508,SME-2024-00097,2025-08,10506835,2025-08-15,2025-08-15,0,Auto-debit,False
PAY-00097-202509,SME-2024-00097,2025-09,10355352,2025-09-17,2025-09-15,2,Virtual Account,False
PAY-00097-202510,SME-2024-00097,2025-10,10594099,2025-10-17,2025-10-15,2,Auto-debit,False
PAY-00097-202511,SME-2024-00097,2025-11,10728817,2025-11-15,2025-11-15,0,Auto-debit,False
PAY-00097-202512,SME-2024-00097,2025-12,10442923,2025-12-15,2025-12-15,0,Virtual Account,False
PAY-00097-202601,SME-2024-00097,2026-01,10835819,2026-01-15,2026-01-15,0,Auto-debit,False
PAY-00097-202602,SME-2024-00097,2026-02,10599167,2026-02-17,2026-02-15,2,Virtual Account,False
PAY-00097-202603,SME-2024-00097,2026-03,10478327,2026-03-15,2026-03-15,0,Bank Transfer,False
PAY-00097-202604,SME-2024-00097,2026-04,10443695,2026-04-16,2026-04-15,1,Auto-debit,False
PAY-00097-202605,SME-2024-00097,2026-05,10782359,2026-05-16,2026-05-15,1,Virtual Account,False
PAY-00097-202606,SME-2024-00097,2026-06,10820305,2026-06-15,2026-06-15,0,Bank Transfer,True
PAY-00098-202604,SME-2024-00098,2026-04,1367200,2026-04-18,2026-04-15,3,Cash,False
PAY-00098-202605,SME-2024-00098,2026-05,1424863,2026-05-15,2026-05-15,0,Virtual Account,False
PAY-00098-202606,SME-2024-00098,2026-06,1405502,2026-06-15,2026-06-15,0,Virtual Account,False
PAY-00099-202507,SME-2024-00099,2025-07,1029064,2025-07-17,2025-07-15,2,Auto-debit,False
PAY-00099-202508,SME-2024-00099,2025-08,1000940,2025-08-15,2025-08-15,0,Bank Transfer,False
PAY-00099-202509,SME-2024-00099,2025-09,992678,2025-09-15,2025-09-15,0,Bank Transfer,False
PAY-00099-202510,SME-2024-00099,2025-10,1034615,2025-10-15,2025-10-15,0,Bank Transfer,False
PAY-00099-202511,SME-2024-00099,2025-11,996754,2025-11-15,2025-11-15,0,Cash,False
PAY-00099-202512,SME-2024-00099,2025-12,1037502,2025-12-16,2025-12-15,1,Auto-debit,False
PAY-00099-202601,SME-2024-00099,2026-01,1032855,2026-01-15,2026-01-15,0,Auto-debit,False
PAY-00099-202602,SME-2024-00099,2026-02,983305,2026-02-15,2026-02-15,0,Bank Transfer,True
PAY-00099-202603,SME-2024-00099,2026-03,993026,2026-03-16,2026-03-15,1,Bank Transfer,False
PAY-00099-202604,SME-2024-00099,2026-04,996691,2026-04-15,2026-04-15,0,Virtual Account,False
PAY-00099-202605,SME-2024-00099,2026-05,995167,2026-05-16,2026-05-15,1,Auto-debit,False
PAY-00099-202606,SME-2024-00099,2026-06,998857,2026-06-15,2026-06-15,0,Virtual Account,False
PAY-00100-202507,SME-2024-00100,2025-07,4000050,2025-07-16,2025-07-15,1,Bank Transfer,False
PAY-00100-202508,SME-2024-00100,2025-08,3817481,2025-08-15,2025-08-15,0,Virtual Account,False
PAY-00100-202509,SME-2024-00100,2025-09,3946322,2025-09-15,2025-09-15,0,Cash,False
PAY-00100-202510,SME-2024-00100,2025-10,3868677,2025-10-15,2025-10-15,0,Virtual Account,False
PAY-00100-202511,SME-2024-00100,2025-11,3970875,2025-11-15,2025-11-15,0,Virtual Account,False
PAY-00100-202512,SME-2024-00100,2025-12,3989517,2025-12-15,2025-12-15,0,Virtual Account,False
PAY-00100-202601,SME-2024-00100,2026-01,3865339,2026-01-16,2026-01-15,1,Bank Transfer,False
PAY-00100-202602,SME-2024-00100,2026-02,3883714,2026-02-16,2026-02-15,1,Virtual Account,True
PAY-00100-202603,SME-2024-00100,2026-03,4013122,2026-03-16,2026-03-15,1,Bank Transfer,False
PAY-00100-202604,SME-2024-00100,2026-04,3866403,2026-04-16,2026-04-15,1,Virtual Account,False
PAY-00100-202605,SME-2024-00100,2026-05,3883213,2026-05-16,2026-05-15,1,Auto-debit,False
PAY-00100-202606,SME-2024-00100,2026-06,4001836,2026-06-15,2026-06-15,0,Bank Transfer,False
PAY-00101-202507,SME-2024-00101,2025-07,3062225,2025-07-15,2025-07-15,0,Bank Transfer,False
PAY-00101-202508,SME-2024-00101,2025-08,3163414,2025-08-15,2025-08-15,0,Virtual Account,False
PAY-00101-202509,SME-2024-00101,2025-09,3093472,2025-09-15,2025-09-15,0,Bank Transfer,False
PAY-00101-202510,SME-2024-00101,2025-10,3139549,2025-10-17,2025-10-15,2,Bank Transfer,False
PAY-00101-202511,SME-2024-00101,2025-11,3244164,2025-11-15,2025-11-15,0,Bank Transfer,False
PAY-00101-202512,SME-2024-00101,2025-12,3119857,2025-12-17,2025-12-15,2,Bank Transfer,False
PAY-00101-202601,SME-2024-00101,2026-01,3180175,2026-01-16,2026-01-15,1,Virtual Account,False
PAY-00101-202602,SME-2024-00101,2026-02,3126710,2026-02-16,2026-02-15,1,Cash,False
PAY-00101-202603,SME-2024-00101,2026-03,3215090,2026-03-15,2026-03-15,0,Bank Transfer,False
PAY-00101-202604,SME-2024-00101,2026-04,3101181,2026-04-16,2026-04-15,1,Bank Transfer,False
PAY-00101-202605,SME-2024-00101,2026-05,3112727,2026-05-15,2026-05-15,0,Cash,False
PAY-00101-202606,SME-2024-00101,2026-06,3193491,2026-06-16,2026-06-15,1,Auto-debit,False
PAY-00102-202603,SME-2024-00102,2026-03,3038726,2026-03-16,2026-03-15,1,Virtual Account,False
PAY-00102-202604,SME-2024-00102,2026-04,3108555,2026-04-16,2026-04-15,1,Auto-debit,True
PAY-00102-202605,SME-2024-00102,2026-05,3033240,2026-05-17,2026-05-15,2,Bank Transfer,False
PAY-00102-202606,SME-2024-00102,2026-06,2976496,2026-06-18,2026-06-15,3,Bank Transfer,False
PAY-00103-202507,SME-2024-00103,2025-07,2443240,2025-07-15,2025-07-15,0,Virtual Account,False
PAY-00103-202508,SME-2024-00103,2025-08,2463943,2025-08-16,2025-08-15,1,Cash,False
PAY-00103-202509,SME-2024-00103,2025-09,2459633,2025-09-16,2025-09-15,1,Auto-debit,False
PAY-00103-202510,SME-2024-00103,2025-10,2563176,2025-10-15,2025-10-15,0,Cash,False
PAY-00103-202511,SME-2024-00103,2025-11,2498319,2025-11-15,2025-11-15,0,Auto-debit,False
PAY-00103-202512,SME-2024-00103,2025-12,2570479,2025-12-15,2025-12-15,0,Bank Transfer,True
PAY-00103-202601,SME-2024-00103,2026-01,2512845,2026-01-15,2026-01-15,0,Cash,False
PAY-00103-202602,SME-2024-00103,2026-02,2472034,2026-02-15,2026-02-15,0,Auto-debit,False
PAY-00103-202603,SME-2024-00103,2026-03,2483535,2026-03-15,2026-03-15,0,Virtual Account,False
PAY-00103-202604,SME-2024-00103,2026-04,2564643,2026-04-15,2026-04-15,0,Auto-debit,False
PAY-00103-202605,SME-2024-00103,2026-05,2447217,2026-05-17,2026-05-15,2,Cash,False
PAY-00103-202606,SME-2024-00103,2026-06,2461771,2026-06-16,2026-06-15,1,Bank Transfer,False
PAY-00104-202507,SME-2024-00104,2025-07,2526688,2025-07-15,2025-07-15,0,Bank Transfer,False
PAY-00104-202508,SME-2024-00104,2025-08,2523205,2025-08-15,2025-08-15,0,Auto-debit,False
PAY-00104-202509,SME-2024-00104,2025-09,2468235,2025-09-16,2025-09-15,1,Virtual Account,False
PAY-00104-202510,SME-2024-00104,2025-10,2462528,2025-10-15,2025-10-15,0,Bank Transfer,False
PAY-00104-202511,SME-2024-00104,2025-11,2539962,2025-11-17,2025-11-15,2,Auto-debit,False
PAY-00104-202512,SME-2024-00104,2025-12,2416766,2025-12-16,2025-12-15,1,Virtual Account,False
PAY-00104-202601,SME-2024-00104,2026-01,2523407,2026-01-16,2026-01-15,1,Bank Transfer,False
PAY-00104-202602,SME-2024-00104,2026-02,2429568,2026-02-15,2026-02-15,0,Bank Transfer,False
PAY-00104-202603,SME-2024-00104,2026-03,2452759,2026-03-16,2026-03-15,1,Bank Transfer,False
PAY-00104-202604,SME-2024-00104,2026-04,2400285,2026-04-15,2026-04-15,0,Bank Transfer,False
PAY-00104-202605,SME-2024-00104,2026-05,2410421,2026-05-16,2026-05-15,1,Auto-debit,False
PAY-00104-202606,SME-2024-00104,2026-06,2398521,2026-06-17,2026-06-15,2,Bank Transfer,False
PAY-00105-202507,SME-2024-00105,2025-07,4439971,2025-07-15,2025-07-15,0,Cash,False
PAY-00105-202508,SME-2024-00105,2025-08,4576081,2025-08-15,2025-08-15,0,Virtual Account,False
PAY-00105-202509,SME-2024-00105,2025-09,4464372,2025-09-16,2025-09-15,1,Virtual Account,False
PAY-00105-202510,SME-2024-00105,2025-10,4506574,2025-10-16,2025-10-15,1,Virtual Account,False
PAY-00105-202511,SME-2024-00105,2025-11,4575079,2025-11-15,2025-11-15,0,Auto-debit,False
PAY-00105-202512,SME-2024-00105,2025-12,4472936,2025-12-17,2025-12-15,2,Virtual Account,False
PAY-00105-202601,SME-2024-00105,2026-01,4569109,2026-01-16,2026-01-15,1,Virtual Account,False
PAY-00105-202602,SME-2024-00105,2026-02,4447590,2026-02-17,2026-02-15,2,Bank Transfer,False
PAY-00105-202603,SME-2024-00105,2026-03,4359475,2026-03-15,2026-03-15,0,Virtual Account,False
PAY-00105-202604,SME-2024-00105,2026-04,4498499,2026-04-15,2026-04-15,0,Bank Transfer,False
PAY-00105-202605,SME-2024-00105,2026-05,4566739,2026-05-18,2026-05-15,3,Virtual Account,False
PAY-00105-202606,SME-2024-00105,2026-06,4446446,2026-06-17,2026-06-15,2,Cash,False
PAY-00106-202603,SME-2024-00106,2026-03,10120171,2026-03-15,2026-03-15,0,Virtual Account,False
PAY-00106-202604,SME-2024-00106,2026-04,10234907,2026-04-19,2026-04-15,4,Bank Transfer,False
PAY-00106-202605,SME-2024-00106,2026-05,13209903,2026-05-17,2026-05-15,2,Auto-debit,False
PAY-00106-202606,SME-2024-00106,2026-06,13094221,2026-06-15,2026-06-15,0,Virtual Account,False
PAY-00107-202509,SME-2024-00107,2025-09,2047934,2025-09-15,2025-09-15,0,Virtual Account,False
PAY-00107-202510,SME-2024-00107,2025-10,2068348,2025-10-18,2025-10-15,3,Virtual Account,False
PAY-00107-202511,SME-2024-00107,2025-11,2120514,2025-11-15,2025-11-15,0,Bank Transfer,False
PAY-00107-202512,SME-2024-00107,2025-12,2105026,2025-12-16,2025-12-15,1,Virtual Account,False
PAY-00107-202601,SME-2024-00107,2026-01,2079721,2026-01-17,2026-01-15,2,Bank Transfer,False
PAY-00107-202602,SME-2024-00107,2026-02,2040912,2026-02-16,2026-02-15,1,Auto-debit,False
PAY-00107-202603,SME-2024-00107,2026-03,2078430,2026-03-15,2026-03-15,0,Bank Transfer,False
PAY-00107-202604,SME-2024-00107,2026-04,2064682,2026-04-16,2026-04-15,1,Bank Transfer,False
PAY-00107-202605,SME-2024-00107,2026-05,2060670,2026-05-16,2026-05-15,1,Auto-debit,False
PAY-00107-202606,SME-2024-00107,2026-06,2065331,2026-06-16,2026-06-15,1,Cash,False
PAY-00109-202507,SME-2024-00109,2025-07,1295847,2025-07-15,2025-07-15,0,Virtual Account,False
PAY-00109-202508,SME-2024-00109,2025-08,1293573,2025-08-17,2025-08-15,2,Cash,False
PAY-00109-202509,SME-2024-00109,2025-09,1268039,2025-09-15,2025-09-15,0,Auto-debit,False
PAY-00109-202510,SME-2024-00109,2025-10,1292234,2025-10-17,2025-10-15,2,Bank Transfer,False
PAY-00109-202511,SME-2024-00109,2025-11,1229530,2025-11-16,2025-11-15,1,Virtual Account,False
PAY-00109-202512,SME-2024-00109,2025-12,1239765,2025-12-15,2025-12-15,0,Bank Transfer,False
PAY-00109-202601,SME-2024-00109,2026-01,1229665,2026-01-16,2026-01-15,1,Virtual Account,False
PAY-00109-202602,SME-2024-00109,2026-02,1269460,2026-02-15,2026-02-15,0,Virtual Account,False
PAY-00109-202603,SME-2024-00109,2026-03,1231932,2026-03-15,2026-03-15,0,Virtual Account,False
PAY-00109-202604,SME-2024-00109,2026-04,1286940,2026-04-16,2026-04-15,1,Auto-debit,False
PAY-00109-202605,SME-2024-00109,2026-05,1282138,2026-05-17,2026-05-15,2,Virtual Account,False
PAY-00109-202606,SME-2024-00109,2026-06,1297669,2026-06-15,2026-06-15,0,Bank Transfer,False
PAY-00110-202507,SME-2024-00110,2025-07,3680556,2025-07-15,2025-07-15,0,Virtual Account,False
PAY-00110-202508,SME-2024-00110,2025-08,3658599,2025-08-16,2025-08-15,1,Virtual Account,False
PAY-00110-202509,SME-2024-00110,2025-09,3623670,2025-09-15,2025-09-15,0,Bank Transfer,False
PAY-00110-202510,SME-2024-00110,2025-10,3521328,2025-10-16,2025-10-15,1,Auto-debit,False
PAY-00110-202511,SME-2024-00110,2025-11,3689521,2025-11-17,2025-11-15,2,Auto-debit,False
PAY-00110-202512,SME-2024-00110,2025-12,3644123,2025-12-16,2025-12-15,1,Auto-debit,False
PAY-00110-202601,SME-2024-00110,2026-01,3565336,2026-01-15,2026-01-15,0,Bank Transfer,False
PAY-00110-202602,SME-2024-00110,2026-02,3727091,2026-02-17,2026-02-15,2,Auto-debit,False
PAY-00110-202603,SME-2024-00110,2026-03,3589513,2026-03-17,2026-03-15,2,Bank Transfer,False
PAY-00110-202604,SME-2024-00110,2026-04,3634534,2026-04-17,2026-04-15,2,Auto-debit,False
PAY-00110-202605,SME-2024-00110,2026-05,3513803,2026-05-15,2026-05-15,0,Virtual Account,False
PAY-00110-202606,SME-2024-00110,2026-06,3625001,2026-06-17,2026-06-15,2,Cash,False
PAY-00111-202507,SME-2024-00111,2025-07,2212471,2025-07-15,2025-07-15,0,Bank Transfer,False
PAY-00111-202508,SME-2024-00111,2025-08,2149669,2025-08-16,2025-08-15,1,Bank Transfer,False
PAY-00111-202509,SME-2024-00111,2025-09,2190976,2025-09-16,2025-09-15,1,Bank Transfer,False
PAY-00111-202510,SME-2024-00111,2025-10,2101041,2025-10-15,2025-10-15,0,Virtual Account,False
PAY-00111-202511,SME-2024-00111,2025-11,2198533,2025-11-15,2025-11-15,0,Cash,False
PAY-00111-202512,SME-2024-00111,2025-12,2130640,2025-12-16,2025-12-15,1,Virtual Account,False
PAY-00111-202601,SME-2024-00111,2026-01,2129966,2026-01-16,2026-01-15,1,Auto-debit,False
PAY-00111-202602,SME-2024-00111,2026-02,2101187,2026-02-15,2026-02-15,0,Cash,False
PAY-00111-202603,SME-2024-00111,2026-03,2139771,2026-03-17,2026-03-15,2,Bank Transfer,False
PAY-00111-202604,SME-2024-00111,2026-04,2201790,2026-04-15,2026-04-15,0,Virtual Account,False
PAY-00111-202605,SME-2024-00111,2026-05,2169816,2026-05-15,2026-05-15,0,Bank Transfer,False
PAY-00111-202606,SME-2024-00111,2026-06,2154607,2026-06-15,2026-06-15,0,Auto-debit,False
PAY-00112-202507,SME-2024-00112,2025-07,2515024,2025-07-15,2025-07-15,0,Virtual Account,True
PAY-00112-202508,SME-2024-00112,2025-08,2608698,2025-08-15,2025-08-15,0,Cash,False
PAY-00112-202509,SME-2024-00112,2025-09,2536596,2025-09-15,2025-09-15,0,Virtual Account,False
PAY-00112-202510,SME-2024-00112,2025-10,2624266,2025-10-15,2025-10-15,0,Auto-debit,False
PAY-00112-202511,SME-2024-00112,2025-11,2564937,2025-11-15,2025-11-15,0,Cash,False
PAY-00112-202512,SME-2024-00112,2025-12,2522553,2025-12-16,2025-12-15,1,Virtual Account,False
PAY-00112-202601,SME-2024-00112,2026-01,2648665,2026-01-15,2026-01-15,0,Auto-debit,False
PAY-00112-202602,SME-2024-00112,2026-02,2653181,2026-02-16,2026-02-15,1,Auto-debit,False
PAY-00112-202603,SME-2024-00112,2026-03,2526646,2026-03-15,2026-03-15,0,Virtual Account,False
PAY-00112-202604,SME-2024-00112,2026-04,2615438,2026-04-15,2026-04-15,0,Bank Transfer,True
PAY-00112-202605,SME-2024-00112,2026-05,2537404,2026-05-19,2026-05-15,4,Auto-debit,False
PAY-00112-202606,SME-2024-00112,2026-06,2627304,2026-06-16,2026-06-15,1,Bank Transfer,False
PAY-00113-202602,SME-2024-00113,2026-02,1993119,2026-02-15,2026-02-15,0,Auto-debit,False
PAY-00113-202603,SME-2024-00113,2026-03,1998988,2026-03-17,2026-03-15,2,Virtual Account,False
PAY-00113-202604,SME-2024-00113,2026-04,2065725,2026-04-16,2026-04-15,1,Virtual Account,True
PAY-00113-202605,SME-2024-00113,2026-05,2007958,2026-05-15,2026-05-15,0,Bank Transfer,False
PAY-00113-202606,SME-2024-00113,2026-06,1957585,2026-06-15,2026-06-15,0,Virtual Account,False
PAY-00114-202507,SME-2024-00114,2025-07,11243929,2025-07-15,2025-07-15,0,Bank Transfer,False
PAY-00114-202508,SME-2024-00114,2025-08,11472647,2025-08-16,2025-08-15,1,Virtual Account,False
PAY-00114-202509,SME-2024-00114,2025-09,11484033,2025-09-15,2025-09-15,0,Virtual Account,False
PAY-00114-202510,SME-2024-00114,2025-10,11471131,2025-10-15,2025-10-15,0,Cash,False
PAY-00114-202511,SME-2024-00114,2025-11,11034635,2025-11-16,2025-11-15,1,Cash,False
PAY-00114-202512,SME-2024-00114,2025-12,11445996,2025-12-15,2025-12-15,0,Cash,False
PAY-00114-202601,SME-2024-00114,2026-01,11548618,2026-01-16,2026-01-15,1,Bank Transfer,False
PAY-00114-202602,SME-2024-00114,2026-02,11031603,2026-02-15,2026-02-15,0,Bank Transfer,False
PAY-00114-202603,SME-2024-00114,2026-03,11454354,2026-03-15,2026-03-15,0,Cash,False
PAY-00114-202604,SME-2024-00114,2026-04,11311579,2026-04-16,2026-04-15,1,Bank Transfer,False
PAY-00114-202605,SME-2024-00114,2026-05,11324104,2026-05-17,2026-05-15,2,Auto-debit,False
PAY-00114-202606,SME-2024-00114,2026-06,13450722,2026-06-15,2026-06-15,0,Auto-debit,False
PAY-00116-202605,SME-2024-00116,2026-05,2919556,2026-05-16,2026-05-15,1,Cash,False
PAY-00116-202606,SME-2024-00116,2026-06,2962791,2026-06-16,2026-06-15,1,Cash,False
PAY-00117-202507,SME-2024-00117,2025-07,2883263,2025-07-15,2025-07-15,0,Virtual Account,False
PAY-00117-202508,SME-2024-00117,2025-08,2943838,2025-08-15,2025-08-15,0,Bank Transfer,False
PAY-00117-202509,SME-2024-00117,2025-09,2886304,2025-09-15,2025-09-15,0,Virtual Account,False
PAY-00117-202510,SME-2024-00117,2025-10,2885135,2025-10-15,2025-10-15,0,Auto-debit,False
PAY-00117-202511,SME-2024-00117,2025-11,2835988,2025-11-15,2025-11-15,0,Virtual Account,False
PAY-00117-202512,SME-2024-00117,2025-12,2966102,2025-12-15,2025-12-15,0,Virtual Account,False
PAY-00117-202601,SME-2024-00117,2026-01,2877232,2026-01-15,2026-01-15,0,Bank Transfer,False
PAY-00117-202602,SME-2024-00117,2026-02,2856635,2026-02-17,2026-02-15,2,Bank Transfer,False
PAY-00117-202603,SME-2024-00117,2026-03,2820843,2026-03-16,2026-03-15,1,Cash,False
PAY-00117-202604,SME-2024-00117,2026-04,2882454,2026-04-17,2026-04-15,2,Virtual Account,False
PAY-00117-202605,SME-2024-00117,2026-05,2827724,2026-05-17,2026-05-15,2,Bank Transfer,False
PAY-00117-202606,SME-2024-00117,2026-06,2919261,2026-06-18,2026-06-15,3,Bank Transfer,False
PAY-00118-202507,SME-2024-00118,2025-07,2381904,2025-07-15,2025-07-15,0,Virtual Account,False
PAY-00118-202508,SME-2024-00118,2025-08,2398845,2025-08-16,2025-08-15,1,Cash,False
PAY-00118-202509,SME-2024-00118,2025-09,2321498,2025-09-15,2025-09-15,0,Virtual Account,False
PAY-00118-202510,SME-2024-00118,2025-10,2388446,2025-10-16,2025-10-15,1,Bank Transfer,False
PAY-00118-202511,SME-2024-00118,2025-11,2307135,2025-11-16,2025-11-15,1,Cash,False
PAY-00118-202512,SME-2024-00118,2025-12,2328162,2025-12-15,2025-12-15,0,Virtual Account,False
PAY-00118-202601,SME-2024-00118,2026-01,2356540,2026-01-16,2026-01-15,1,Virtual Account,False
PAY-00118-202602,SME-2024-00118,2026-02,2262145,2026-02-15,2026-02-15,0,Virtual Account,False
PAY-00118-202603,SME-2024-00118,2026-03,2390353,2026-03-16,2026-03-15,1,Auto-debit,False
PAY-00118-202604,SME-2024-00118,2026-04,2393128,2026-04-15,2026-04-15,0,Bank Transfer,False
PAY-00118-202605,SME-2024-00118,2026-05,2353116,2026-05-16,2026-05-15,1,Auto-debit,False
PAY-00118-202606,SME-2024-00118,2026-06,2267591,2026-06-18,2026-06-15,3,Auto-debit,False
PAY-00119-202605,SME-2024-00119,2026-05,2236637,2026-05-15,2026-05-15,0,Virtual Account,False
PAY-00119-202606,SME-2024-00119,2026-06,2236819,2026-06-15,2026-06-15,0,Virtual Account,False
PAY-00120-202507,SME-2024-00120,2025-07,2606196,2025-07-15,2025-07-15,0,Auto-debit,False
PAY-00120-202508,SME-2024-00120,2025-08,2516622,2025-08-17,2025-08-15,2,Auto-debit,False
PAY-00120-202509,SME-2024-00120,2025-09,2636883,2025-09-15,2025-09-15,0,Auto-debit,False
PAY-00120-202510,SME-2024-00120,2025-10,2557024,2025-10-15,2025-10-15,0,Auto-debit,False
PAY-00120-202511,SME-2024-00120,2025-11,2563689,2025-11-15,2025-11-15,0,Virtual Account,False
PAY-00120-202512,SME-2024-00120,2025-12,2640070,2025-12-15,2025-12-15,0,Bank Transfer,False
PAY-00120-202601,SME-2024-00120,2026-01,2537178,2026-01-19,2026-01-15,4,Cash,False
PAY-00120-202602,SME-2024-00120,2026-02,2522690,2026-02-16,2026-02-15,1,Bank Transfer,False
PAY-00120-202603,SME-2024-00120,2026-03,2633729,2026-03-15,2026-03-15,0,Virtual Account,False
PAY-00120-202604,SME-2024-00120,2026-04,2496976,2026-04-16,2026-04-15,1,Auto-debit,False
PAY-00120-202605,SME-2024-00120,2026-05,2575101,2026-05-15,2026-05-15,0,Bank Transfer,False
PAY-00120-202606,SME-2024-00120,2026-06,2630605,2026-06-15,2026-06-15,0,Virtual Account,False
PAY-00121-202508,SME-2024-00121,2025-08,1357657,2025-08-15,2025-08-15,0,Virtual Account,True
PAY-00121-202509,SME-2024-00121,2025-09,1369149,2025-09-17,2025-09-15,2,Bank Transfer,False
PAY-00121-202510,SME-2024-00121,2025-10,1345426,2025-10-15,2025-10-15,0,Virtual Account,False
PAY-00121-202511,SME-2024-00121,2025-11,1372962,2025-11-15,2025-11-15,0,Bank Transfer,False
PAY-00121-202512,SME-2024-00121,2025-12,1319615,2025-12-17,2025-12-15,2,Virtual Account,False
PAY-00121-202601,SME-2024-00121,2026-01,1361913,2026-01-18,2026-01-15,3,Virtual Account,False
PAY-00121-202602,SME-2024-00121,2026-02,1367983,2026-02-17,2026-02-15,2,Bank Transfer,False
PAY-00121-202603,SME-2024-00121,2026-03,1371363,2026-03-16,2026-03-15,1,Bank Transfer,False
PAY-00121-202604,SME-2024-00121,2026-04,1335417,2026-04-15,2026-04-15,0,Virtual Account,False
PAY-00121-202605,SME-2024-00121,2026-05,1318217,2026-05-15,2026-05-15,0,Bank Transfer,False
PAY-00121-202606,SME-2024-00121,2026-06,1394833,2026-06-16,2026-06-15,1,Bank Transfer,False
PAY-00122-202509,SME-2024-00122,2025-09,2440049,2025-09-15,2025-09-15,0,Bank Transfer,False
PAY-00122-202510,SME-2024-00122,2025-10,2406346,2025-10-15,2025-10-15,0,Virtual Account,True
PAY-00122-202511,SME-2024-00122,2025-11,2413655,2025-11-15,2025-11-15,0,Virtual Account,False
PAY-00122-202512,SME-2024-00122,2025-12,2306345,2025-12-15,2025-12-15,0,Virtual Account,False
PAY-00122-202601,SME-2024-00122,2026-01,2374930,2026-01-16,2026-01-15,1,Auto-debit,False
PAY-00122-202602,SME-2024-00122,2026-02,2376102,2026-02-16,2026-02-15,1,Bank Transfer,False
PAY-00122-202603,SME-2024-00122,2026-03,2442771,2026-03-15,2026-03-15,0,Cash,False
PAY-00122-202604,SME-2024-00122,2026-04,2434731,2026-04-17,2026-04-15,2,Bank Transfer,False
PAY-00122-202605,SME-2024-00122,2026-05,2321395,2026-05-17,2026-05-15,2,Auto-debit,False
PAY-00122-202606,SME-2024-00122,2026-06,2304280,2026-06-16,2026-06-15,1,Virtual Account,False
PAY-00123-202507,SME-2024-00123,2025-07,5246224,2025-07-15,2025-07-15,0,Cash,False
PAY-00123-202508,SME-2024-00123,2025-08,5214282,2025-08-15,2025-08-15,0,Virtual Account,False
PAY-00123-202509,SME-2024-00123,2025-09,5009573,2025-09-16,2025-09-15,1,Auto-debit,False
PAY-00124-202507,SME-2024-00124,2025-07,2232431,2025-07-15,2025-07-15,0,Cash,False
PAY-00124-202508,SME-2024-00124,2025-08,2218413,2025-08-15,2025-08-15,0,Virtual Account,False
PAY-00124-202509,SME-2024-00124,2025-09,2206499,2025-09-15,2025-09-15,0,Virtual Account,False
PAY-00124-202510,SME-2024-00124,2025-10,2232967,2025-10-15,2025-10-15,0,Virtual Account,True
PAY-00124-202511,SME-2024-00124,2025-11,2319613,2025-11-15,2025-11-15,0,Virtual Account,False
PAY-00124-202512,SME-2024-00124,2025-12,2232154,2025-12-15,2025-12-15,0,Cash,False
PAY-00124-202601,SME-2024-00124,2026-01,2229836,2026-01-19,2026-01-15,4,Bank Transfer,False
PAY-00124-202602,SME-2024-00124,2026-02,2216323,2026-02-15,2026-02-15,0,Virtual Account,False
PAY-00124-202603,SME-2024-00124,2026-03,2241787,2026-03-15,2026-03-15,0,Bank Transfer,False
PAY-00124-202604,SME-2024-00124,2026-04,2275074,2026-04-16,2026-04-15,1,Cash,False
PAY-00124-202605,SME-2024-00124,2026-05,3400354,2026-05-17,2026-05-15,2,Bank Transfer,False
PAY-00124-202606,SME-2024-00124,2026-06,3398638,2026-06-16,2026-06-15,1,Virtual Account,False
PAY-00125-202507,SME-2024-00125,2025-07,2041389,2025-07-16,2025-07-15,1,Cash,False
PAY-00125-202508,SME-2024-00125,2025-08,2074050,2025-08-16,2025-08-15,1,Virtual Account,False
PAY-00125-202509,SME-2024-00125,2025-09,2035489,2025-09-15,2025-09-15,0,Virtual Account,False
PAY-00125-202510,SME-2024-00125,2025-10,2116988,2025-10-15,2025-10-15,0,Auto-debit,False
PAY-00125-202511,SME-2024-00125,2025-11,2066075,2025-11-15,2025-11-15,0,Auto-debit,False
PAY-00125-202512,SME-2024-00125,2025-12,2112925,2025-12-15,2025-12-15,0,Bank Transfer,False
PAY-00125-202601,SME-2024-00125,2026-01,2144673,2026-01-15,2026-01-15,0,Auto-debit,False
PAY-00125-202602,SME-2024-00125,2026-02,2109599,2026-02-15,2026-02-15,0,Virtual Account,False
PAY-00125-202603,SME-2024-00125,2026-03,2142012,2026-03-16,2026-03-15,1,Cash,False
PAY-00125-202604,SME-2024-00125,2026-04,2072065,2026-04-16,2026-04-15,1,Virtual Account,False
PAY-00125-202605,SME-2024-00125,2026-05,2151625,2026-05-16,2026-05-15,1,Bank Transfer,False
PAY-00125-202606,SME-2024-00125,2026-06,2120269,2026-06-15,2026-06-15,0,Virtual Account,False
PAY-00126-202606,SME-2024-00126,2026-06,1176406,2026-06-16,2026-06-15,1,Virtual Account,False
PAY-00127-202512,SME-2024-00127,2025-12,2000915,2025-12-15,2025-12-15,0,Auto-debit,False
PAY-00127-202601,SME-2024-00127,2026-01,2038455,2026-01-15,2026-01-15,0,Cash,False
PAY-00127-202602,SME-2024-00127,2026-02,2065341,2026-02-15,2026-02-15,0,Auto-debit,False
PAY-00127-202603,SME-2024-00127,2026-03,2026444,2026-03-15,2026-03-15,0,Cash,False
PAY-00127-202604,SME-2024-00127,2026-04,1972797,2026-04-16,2026-04-15,1,Virtual Account,False
PAY-00127-202605,SME-2024-00127,2026-05,2039889,2026-05-15,2026-05-15,0,Bank Transfer,False
PAY-00127-202606,SME-2024-00127,2026-06,1978314,2026-06-15,2026-06-15,0,Auto-debit,False
PAY-00129-202507,SME-2024-00129,2025-07,7734383,2025-07-15,2025-07-15,0,Virtual Account,False
PAY-00129-202508,SME-2024-00129,2025-08,7910896,2025-08-17,2025-08-15,2,Cash,False
PAY-00129-202509,SME-2024-00129,2025-09,7818346,2025-09-15,2025-09-15,0,Virtual Account,False
PAY-00129-202510,SME-2024-00129,2025-10,7782829,2025-10-15,2025-10-15,0,Virtual Account,False
PAY-00129-202511,SME-2024-00129,2025-11,7569075,2025-11-15,2025-11-15,0,Bank Transfer,False
PAY-00129-202512,SME-2024-00129,2025-12,7849776,2025-12-17,2025-12-15,2,Virtual Account,False
PAY-00129-202601,SME-2024-00129,2026-01,7883767,2026-01-16,2026-01-15,1,Virtual Account,False
PAY-00129-202602,SME-2024-00129,2026-02,7670893,2026-02-16,2026-02-15,1,Auto-debit,False
PAY-00129-202603,SME-2024-00129,2026-03,7906592,2026-03-17,2026-03-15,2,Auto-debit,False
PAY-00129-202604,SME-2024-00129,2026-04,7978933,2026-04-17,2026-04-15,2,Virtual Account,False
PAY-00129-202605,SME-2024-00129,2026-05,7697739,2026-05-15,2026-05-15,0,Bank Transfer,False
PAY-00129-202606,SME-2024-00129,2026-06,7726480,2026-06-16,2026-06-15,1,Bank Transfer,False
PAY-00130-202507,SME-2024-00130,2025-07,1752037,2025-07-16,2025-07-15,1,Virtual Account,False
PAY-00130-202508,SME-2024-00130,2025-08,1728824,2025-08-16,2025-08-15,1,Bank Transfer,False
PAY-00130-202509,SME-2024-00130,2025-09,1741102,2025-09-15,2025-09-15,0,Auto-debit,False
PAY-00130-202510,SME-2024-00130,2025-10,1716095,2025-10-15,2025-10-15,0,Virtual Account,False
PAY-00130-202511,SME-2024-00130,2025-11,1743466,2025-11-15,2025-11-15,0,Virtual Account,True
PAY-00130-202512,SME-2024-00130,2025-12,1665349,2025-12-16,2025-12-15,1,Virtual Account,True
PAY-00130-202601,SME-2024-00130,2026-01,1757158,2026-01-17,2026-01-15,2,Virtual Account,False
PAY-00130-202602,SME-2024-00130,2026-02,1717130,2026-02-15,2026-02-15,0,Bank Transfer,False
PAY-00130-202603,SME-2024-00130,2026-03,1722435,2026-03-17,2026-03-15,2,Virtual Account,False
PAY-00130-202604,SME-2024-00130,2026-04,1760368,2026-04-15,2026-04-15,0,Virtual Account,False
PAY-00130-202605,SME-2024-00130,2026-05,1745875,2026-05-16,2026-05-15,1,Auto-debit,False
PAY-00130-202606,SME-2024-00130,2026-06,1729255,2026-06-16,2026-06-15,1,Auto-debit,False
PAY-00131-202507,SME-2024-00131,2025-07,2517385,2025-07-16,2025-07-15,1,Auto-debit,True
PAY-00131-202508,SME-2024-00131,2025-08,2506906,2025-08-16,2025-08-15,1,Virtual Account,False
PAY-00131-202509,SME-2024-00131,2025-09,2547736,2025-09-16,2025-09-15,1,Bank Transfer,False
PAY-00131-202510,SME-2024-00131,2025-10,2545543,2025-10-16,2025-10-15,1,Bank Transfer,False
PAY-00131-202511,SME-2024-00131,2025-11,2492418,2025-11-15,2025-11-15,0,Virtual Account,False
PAY-00131-202512,SME-2024-00131,2025-12,2429657,2025-12-16,2025-12-15,1,Virtual Account,False
PAY-00131-202601,SME-2024-00131,2026-01,2436877,2026-01-15,2026-01-15,0,Virtual Account,False
PAY-00131-202602,SME-2024-00131,2026-02,2449025,2026-02-15,2026-02-15,0,Cash,False
PAY-00131-202603,SME-2024-00131,2026-03,2498307,2026-03-15,2026-03-15,0,Auto-debit,False
PAY-00131-202604,SME-2024-00131,2026-04,2500402,2026-04-17,2026-04-15,2,Bank Transfer,False
PAY-00131-202605,SME-2024-00131,2026-05,2457308,2026-05-16,2026-05-15,1,Bank Transfer,False
PAY-00131-202606,SME-2024-00131,2026-06,2435112,2026-06-16,2026-06-15,1,Virtual Account,False
PAY-00132-202507,SME-2024-00132,2025-07,5764901,2025-07-15,2025-07-15,0,Virtual Account,False
PAY-00132-202508,SME-2024-00132,2025-08,5608659,2025-08-15,2025-08-15,0,Cash,False
PAY-00132-202509,SME-2024-00132,2025-09,5611046,2025-09-15,2025-09-15,0,Virtual Account,False
PAY-00132-202510,SME-2024-00132,2025-10,5634817,2025-10-16,2025-10-15,1,Virtual Account,False
PAY-00132-202511,SME-2024-00132,2025-11,5801286,2025-11-16,2025-11-15,1,Auto-debit,False
PAY-00132-202512,SME-2024-00132,2025-12,5875896,2025-12-16,2025-12-15,1,Bank Transfer,False
PAY-00132-202601,SME-2024-00132,2026-01,5653806,2026-01-16,2026-01-15,1,Bank Transfer,False
PAY-00132-202602,SME-2024-00132,2026-02,5844832,2026-02-16,2026-02-15,1,Virtual Account,False
PAY-00132-202603,SME-2024-00132,2026-03,5841950,2026-03-18,2026-03-15,3,Virtual Account,False
PAY-00132-202604,SME-2024-00132,2026-04,7824260,2026-04-16,2026-04-15,1,Virtual Account,False
PAY-00132-202605,SME-2024-00132,2026-05,7806543,2026-05-16,2026-05-15,1,Virtual Account,False
PAY-00132-202606,SME-2024-00132,2026-06,7814289,2026-06-15,2026-06-15,0,Virtual Account,False
PAY-00133-202507,SME-2024-00133,2025-07,2761270,2025-07-16,2025-07-15,1,Bank Transfer,False
PAY-00133-202508,SME-2024-00133,2025-08,2624062,2025-08-15,2025-08-15,0,Cash,False
PAY-00133-202509,SME-2024-00133,2025-09,2723548,2025-09-15,2025-09-15,0,Virtual Account,False
PAY-00133-202510,SME-2024-00133,2025-10,2654591,2025-10-15,2025-10-15,0,Cash,False
PAY-00133-202511,SME-2024-00133,2025-11,2719358,2025-11-16,2025-11-15,1,Bank Transfer,False
PAY-00133-202512,SME-2024-00133,2025-12,2733243,2025-12-16,2025-12-15,1,Bank Transfer,False
PAY-00133-202601,SME-2024-00133,2026-01,2617968,2026-01-15,2026-01-15,0,Virtual Account,False
PAY-00133-202602,SME-2024-00133,2026-02,2674888,2026-02-16,2026-02-15,1,Bank Transfer,False
PAY-00133-202603,SME-2024-00133,2026-03,2699311,2026-03-17,2026-03-15,2,Auto-debit,False
PAY-00133-202604,SME-2024-00133,2026-04,2728315,2026-04-18,2026-04-15,3,Virtual Account,False
PAY-00133-202605,SME-2024-00133,2026-05,2624448,2026-05-16,2026-05-15,1,Virtual Account,False
PAY-00133-202606,SME-2024-00133,2026-06,2611951,2026-06-16,2026-06-15,1,Virtual Account,False
PAY-00134-202507,SME-2024-00134,2025-07,3929207,2025-07-15,2025-07-15,0,Virtual Account,False
PAY-00134-202508,SME-2024-00134,2025-08,4060472,2025-08-15,2025-08-15,0,Virtual Account,False
PAY-00134-202509,SME-2024-00134,2025-09,3840074,2025-09-16,2025-09-15,1,Bank Transfer,False
PAY-00134-202510,SME-2024-00134,2025-10,3963270,2025-10-15,2025-10-15,0,Virtual Account,False
PAY-00134-202511,SME-2024-00134,2025-11,3850377,2025-11-15,2025-11-15,0,Bank Transfer,False
PAY-00134-202512,SME-2024-00134,2025-12,4053426,2025-12-16,2025-12-15,1,Auto-debit,False
PAY-00134-202601,SME-2024-00134,2026-01,3884941,2026-01-16,2026-01-15,1,Auto-debit,False
PAY-00134-202602,SME-2024-00134,2026-02,3916173,2026-02-15,2026-02-15,0,Virtual Account,False
PAY-00134-202603,SME-2024-00134,2026-03,3874627,2026-03-15,2026-03-15,0,Bank Transfer,False
PAY-00134-202604,SME-2024-00134,2026-04,4023044,2026-04-15,2026-04-15,0,Cash,True
PAY-00134-202605,SME-2024-00134,2026-05,3977113,2026-05-15,2026-05-15,0,Auto-debit,False
PAY-00134-202606,SME-2024-00134,2026-06,4003058,2026-06-15,2026-06-15,0,Virtual Account,False
PAY-00135-202605,SME-2024-00135,2026-05,3317977,2026-05-15,2026-05-15,0,Cash,False
PAY-00135-202606,SME-2024-00135,2026-06,3216826,2026-06-16,2026-06-15,1,Virtual Account,False
PAY-00136-202507,SME-2024-00136,2025-07,1521526,2025-07-15,2025-07-15,0,Auto-debit,False
PAY-00136-202508,SME-2024-00136,2025-08,1473619,2025-08-15,2025-08-15,0,Cash,True
PAY-00136-202509,SME-2024-00136,2025-09,4794438,2025-09-15,2025-09-15,0,Bank Transfer,False
PAY-00136-202510,SME-2024-00136,2025-10,4868838,2025-10-15,2025-10-15,0,Virtual Account,False
PAY-00136-202511,SME-2024-00136,2025-11,4716378,2025-11-17,2025-11-15,2,Cash,False
PAY-00136-202512,SME-2024-00136,2025-12,4769679,2025-12-15,2025-12-15,0,Auto-debit,False
PAY-00136-202601,SME-2024-00136,2026-01,4746502,2026-01-18,2026-01-15,3,Virtual Account,False
PAY-00136-202602,SME-2024-00136,2026-02,4600839,2026-02-16,2026-02-15,1,Bank Transfer,False
PAY-00136-202603,SME-2024-00136,2026-03,4667994,2026-03-15,2026-03-15,0,Bank Transfer,False
PAY-00136-202604,SME-2024-00136,2026-04,4663926,2026-04-17,2026-04-15,2,Auto-debit,False
PAY-00136-202605,SME-2024-00136,2026-05,4870861,2026-05-15,2026-05-15,0,Bank Transfer,False
PAY-00136-202606,SME-2024-00136,2026-06,5558570,2026-06-16,2026-06-15,1,Bank Transfer,False
PAY-00137-202507,SME-2024-00137,2025-07,904768,2025-07-15,2025-07-15,0,Auto-debit,False
PAY-00137-202508,SME-2024-00137,2025-08,938379,2025-08-15,2025-08-15,0,Virtual Account,False
PAY-00137-202509,SME-2024-00137,2025-09,955862,2025-09-16,2025-09-15,1,Virtual Account,False
PAY-00137-202510,SME-2024-00137,2025-10,923543,2025-10-15,2025-10-15,0,Cash,False
PAY-00137-202511,SME-2024-00137,2025-11,921310,2025-11-16,2025-11-15,1,Virtual Account,False
PAY-00137-202512,SME-2024-00137,2025-12,952912,2025-12-17,2025-12-15,2,Auto-debit,False
PAY-00137-202601,SME-2024-00137,2026-01,919687,2026-01-15,2026-01-15,0,Bank Transfer,False
PAY-00137-202602,SME-2024-00137,2026-02,916380,2026-02-17,2026-02-15,2,Virtual Account,False
PAY-00137-202603,SME-2024-00137,2026-03,944704,2026-03-15,2026-03-15,0,Virtual Account,False
PAY-00137-202604,SME-2024-00137,2026-04,950990,2026-04-15,2026-04-15,0,Virtual Account,False
PAY-00137-202605,SME-2024-00137,2026-05,929118,2026-05-16,2026-05-15,1,Cash,False
PAY-00137-202606,SME-2024-00137,2026-06,931442,2026-06-17,2026-06-15,2,Auto-debit,False
PAY-00138-202507,SME-2024-00138,2025-07,5358288,2025-07-16,2025-07-15,1,Virtual Account,False
PAY-00138-202508,SME-2024-00138,2025-08,5517058,2025-08-18,2025-08-15,3,Bank Transfer,False
PAY-00138-202509,SME-2024-00138,2025-09,5483890,2025-09-15,2025-09-15,0,Bank Transfer,False
PAY-00138-202510,SME-2024-00138,2025-10,5501433,2025-10-15,2025-10-15,0,Auto-debit,False
PAY-00138-202511,SME-2024-00138,2025-11,5672096,2025-11-16,2025-11-15,1,Auto-debit,False
PAY-00138-202512,SME-2024-00138,2025-12,5429239,2025-12-15,2025-12-15,0,Bank Transfer,False
PAY-00138-202601,SME-2024-00138,2026-01,5413778,2026-01-15,2026-01-15,0,Virtual Account,False
PAY-00138-202602,SME-2024-00138,2026-02,5684691,2026-02-16,2026-02-15,1,Bank Transfer,False
PAY-00138-202603,SME-2024-00138,2026-03,5604847,2026-03-15,2026-03-15,0,Bank Transfer,False
PAY-00138-202604,SME-2024-00138,2026-04,5485913,2026-04-16,2026-04-15,1,Virtual Account,False
PAY-00138-202605,SME-2024-00138,2026-05,5514407,2026-05-16,2026-05-15,1,Virtual Account,False
PAY-00138-202606,SME-2024-00138,2026-06,5500136,2026-06-16,2026-06-15,1,Bank Transfer,False
PAY-00139-202507,SME-2024-00139,2025-07,3844515,2025-07-15,2025-07-15,0,Auto-debit,False
PAY-00139-202508,SME-2024-00139,2025-08,3988895,2025-08-15,2025-08-15,0,Virtual Account,False
PAY-00139-202509,SME-2024-00139,2025-09,3826032,2025-09-16,2025-09-15,1,Virtual Account,True
PAY-00139-202510,SME-2024-00139,2025-10,3894300,2025-10-15,2025-10-15,0,Bank Transfer,True
PAY-00139-202511,SME-2024-00139,2025-11,3960974,2025-11-15,2025-11-15,0,Bank Transfer,False
PAY-00139-202512,SME-2024-00139,2025-12,3992332,2025-12-16,2025-12-15,1,Virtual Account,False
PAY-00139-202601,SME-2024-00139,2026-01,3908000,2026-01-15,2026-01-15,0,Virtual Account,False
PAY-00139-202602,SME-2024-00139,2026-02,3928147,2026-02-16,2026-02-15,1,Virtual Account,False
PAY-00139-202603,SME-2024-00139,2026-03,3934745,2026-03-15,2026-03-15,0,Bank Transfer,False
PAY-00139-202604,SME-2024-00139,2026-04,3809998,2026-04-16,2026-04-15,1,Auto-debit,False
PAY-00139-202605,SME-2024-00139,2026-05,3878930,2026-05-16,2026-05-15,1,Auto-debit,False
PAY-00139-202606,SME-2024-00139,2026-06,3923866,2026-06-16,2026-06-15,1,Virtual Account,False
PAY-00140-202507,SME-2024-00140,2025-07,2948533,2025-07-15,2025-07-15,0,Bank Transfer,False
PAY-00140-202508,SME-2024-00140,2025-08,2907705,2025-08-15,2025-08-15,0,Virtual Account,False
PAY-00140-202509,SME-2024-00140,2025-09,2946014,2025-09-16,2025-09-15,1,Virtual Account,False
PAY-00140-202510,SME-2024-00140,2025-10,2863651,2025-10-17,2025-10-15,2,Virtual Account,False
PAY-00140-202511,SME-2024-00140,2025-11,2856192,2025-11-15,2025-11-15,0,Auto-debit,False
PAY-00140-202512,SME-2024-00140,2025-12,2876263,2025-12-15,2025-12-15,0,Virtual Account,False
PAY-00140-202601,SME-2024-00140,2026-01,2978788,2026-01-15,2026-01-15,0,Auto-debit,False
PAY-00140-202602,SME-2024-00140,2026-02,2879941,2026-02-15,2026-02-15,0,Auto-debit,False
PAY-00140-202603,SME-2024-00140,2026-03,2965498,2026-03-15,2026-03-15,0,Virtual Account,False
PAY-00140-202604,SME-2024-00140,2026-04,3772564,2026-04-16,2026-04-15,1,Bank Transfer,False
PAY-00140-202605,SME-2024-00140,2026-05,3762733,2026-05-15,2026-05-15,0,Virtual Account,False
PAY-00140-202606,SME-2024-00140,2026-06,3697544,2026-06-16,2026-06-15,1,Auto-debit,False
PAY-00141-202507,SME-2024-00141,2025-07,651702,2025-07-17,2025-07-15,2,Virtual Account,False
PAY-00141-202508,SME-2024-00141,2025-08,630978,2025-08-15,2025-08-15,0,Bank Transfer,False
PAY-00141-202509,SME-2024-00141,2025-09,631990,2025-09-15,2025-09-15,0,Virtual Account,False
PAY-00141-202510,SME-2024-00141,2025-10,643065,2025-10-18,2025-10-15,3,Cash,False
PAY-00141-202511,SME-2024-00141,2025-11,640130,2025-11-16,2025-11-15,1,Auto-debit,False
PAY-00141-202512,SME-2024-00141,2025-12,647675,2025-12-16,2025-12-15,1,Cash,False
PAY-00141-202601,SME-2024-00141,2026-01,651117,2026-01-17,2026-01-15,2,Bank Transfer,False
PAY-00141-202602,SME-2024-00141,2026-02,640269,2026-02-15,2026-02-15,0,Bank Transfer,False
PAY-00141-202603,SME-2024-00141,2026-03,638410,2026-03-15,2026-03-15,0,Virtual Account,True
PAY-00141-202604,SME-2024-00141,2026-04,644971,2026-04-17,2026-04-15,2,Bank Transfer,False
PAY-00141-202605,SME-2024-00141,2026-05,649256,2026-05-15,2026-05-15,0,Auto-debit,False
PAY-00141-202606,SME-2024-00141,2026-06,642426,2026-06-15,2026-06-15,0,Bank Transfer,False
PAY-00142-202507,SME-2024-00142,2025-07,2087222,2025-07-16,2025-07-15,1,Bank Transfer,False
PAY-00142-202508,SME-2024-00142,2025-08,2052776,2025-08-17,2025-08-15,2,Cash,False
PAY-00142-202509,SME-2024-00142,2025-09,2150660,2025-09-16,2025-09-15,1,Virtual Account,False
PAY-00142-202510,SME-2024-00142,2025-10,2052524,2025-10-15,2025-10-15,0,Cash,False
PAY-00142-202511,SME-2024-00142,2025-11,2063865,2025-11-16,2025-11-15,1,Bank Transfer,False
PAY-00142-202512,SME-2024-00142,2025-12,2087521,2025-12-15,2025-12-15,0,Virtual Account,False
PAY-00142-202601,SME-2024-00142,2026-01,2123369,2026-01-15,2026-01-15,0,Virtual Account,False
PAY-00142-202602,SME-2024-00142,2026-02,2093199,2026-02-16,2026-02-15,1,Auto-debit,False
PAY-00142-202603,SME-2024-00142,2026-03,2138129,2026-03-16,2026-03-15,1,Auto-debit,False
PAY-00142-202604,SME-2024-00142,2026-04,2062205,2026-04-16,2026-04-15,1,Virtual Account,False
PAY-00142-202605,SME-2024-00142,2026-05,2155997,2026-05-15,2026-05-15,0,Bank Transfer,False
PAY-00142-202606,SME-2024-00142,2026-06,2119292,2026-06-15,2026-06-15,0,Bank Transfer,False
PAY-00143-202510,SME-2024-00143,2025-10,1060831,2025-10-16,2025-10-15,1,Virtual Account,False
PAY-00143-202511,SME-2024-00143,2025-11,1084370,2025-11-16,2025-11-15,1,Virtual Account,False
PAY-00143-202512,SME-2024-00143,2025-12,1068940,2025-12-15,2025-12-15,0,Auto-debit,False
PAY-00143-202601,SME-2024-00143,2026-01,1055671,2026-01-15,2026-01-15,0,Virtual Account,False
PAY-00143-202602,SME-2024-00143,2026-02,1074157,2026-02-15,2026-02-15,0,Auto-debit,False
PAY-00143-202603,SME-2024-00143,2026-03,1097699,2026-03-15,2026-03-15,0,Cash,False
PAY-00143-202604,SME-2024-00143,2026-04,1077048,2026-04-16,2026-04-15,1,Bank Transfer,False
PAY-00143-202605,SME-2024-00143,2026-05,1067804,2026-05-16,2026-05-15,1,Auto-debit,False
PAY-00143-202606,SME-2024-00143,2026-06,1043582,2026-06-15,2026-06-15,0,Bank Transfer,False
PAY-00144-202507,SME-2024-00144,2025-07,1330180,2025-07-15,2025-07-15,0,Virtual Account,False
PAY-00144-202508,SME-2024-00144,2025-08,1342951,2025-08-15,2025-08-15,0,Cash,False
PAY-00144-202509,SME-2024-00144,2025-09,1356575,2025-09-15,2025-09-15,0,Virtual Account,False
PAY-00144-202510,SME-2024-00144,2025-10,1335735,2025-10-15,2025-10-15,0,Bank Transfer,False
PAY-00144-202511,SME-2024-00144,2025-11,1330202,2025-11-16,2025-11-15,1,Auto-debit,False
PAY-00144-202512,SME-2024-00144,2025-12,1334287,2025-12-16,2025-12-15,1,Cash,False
PAY-00144-202601,SME-2024-00144,2026-01,1393706,2026-01-15,2026-01-15,0,Cash,False
PAY-00144-202602,SME-2024-00144,2026-02,3244530,2026-02-15,2026-02-15,0,Virtual Account,False
PAY-00144-202603,SME-2024-00144,2026-03,3254803,2026-03-15,2026-03-15,0,Auto-debit,False
PAY-00144-202604,SME-2024-00144,2026-04,3373335,2026-04-16,2026-04-15,1,Bank Transfer,False
PAY-00144-202605,SME-2024-00144,2026-05,3294096,2026-05-17,2026-05-15,2,Bank Transfer,True
PAY-00144-202606,SME-2024-00144,2026-06,3367287,2026-06-15,2026-06-15,0,Virtual Account,False
PAY-00145-202507,SME-2024-00145,2025-07,2764623,2025-07-15,2025-07-15,0,Auto-debit,False
PAY-00145-202508,SME-2024-00145,2025-08,2916912,2025-08-15,2025-08-15,0,Cash,False
PAY-00145-202509,SME-2024-00145,2025-09,2925791,2025-09-15,2025-09-15,0,Bank Transfer,False
PAY-00145-202510,SME-2024-00145,2025-10,2805464,2025-10-16,2025-10-15,1,Cash,False
PAY-00145-202511,SME-2024-00145,2025-11,2880624,2025-11-15,2025-11-15,0,Auto-debit,False
PAY-00145-202512,SME-2024-00145,2025-12,2852212,2025-12-17,2025-12-15,2,Virtual Account,True
PAY-00145-202601,SME-2024-00145,2026-01,2827020,2026-01-18,2026-01-15,3,Virtual Account,False
PAY-00145-202602,SME-2024-00145,2026-02,2880048,2026-02-15,2026-02-15,0,Cash,True
PAY-00145-202603,SME-2024-00145,2026-03,2768123,2026-03-15,2026-03-15,0,Virtual Account,False
PAY-00145-202604,SME-2024-00145,2026-04,2825150,2026-04-15,2026-04-15,0,Virtual Account,False
PAY-00145-202605,SME-2024-00145,2026-05,2927803,2026-05-15,2026-05-15,0,Bank Transfer,False
PAY-00145-202606,SME-2024-00145,2026-06,2831321,2026-06-16,2026-06-15,1,Auto-debit,False
PAY-00146-202507,SME-2024-00146,2025-07,4418345,2025-07-15,2025-07-15,0,Cash,False
PAY-00146-202508,SME-2024-00146,2025-08,4480448,2025-08-15,2025-08-15,0,Virtual Account,False
PAY-00146-202509,SME-2024-00146,2025-09,4587344,2025-09-16,2025-09-15,1,Cash,False
PAY-00146-202510,SME-2024-00146,2025-10,4400960,2025-10-15,2025-10-15,0,Bank Transfer,False
PAY-00146-202511,SME-2024-00146,2025-11,4411607,2025-11-17,2025-11-15,2,Auto-debit,False
PAY-00146-202512,SME-2024-00146,2025-12,4522077,2025-12-15,2025-12-15,0,Bank Transfer,False
PAY-00146-202601,SME-2024-00146,2026-01,4449067,2026-01-17,2026-01-15,2,Auto-debit,False
PAY-00146-202602,SME-2024-00146,2026-02,4501517,2026-02-15,2026-02-15,0,Bank Transfer,False
PAY-00146-202603,SME-2024-00146,2026-03,4412026,2026-03-15,2026-03-15,0,Bank Transfer,False
PAY-00146-202604,SME-2024-00146,2026-04,4517290,2026-04-16,2026-04-15,1,Bank Transfer,False
PAY-00146-202605,SME-2024-00146,2026-05,4567052,2026-05-18,2026-05-15,3,Virtual Account,False
PAY-00146-202606,SME-2024-00146,2026-06,4500264,2026-06-17,2026-06-15,2,Virtual Account,False
PAY-00147-202507,SME-2024-00147,2025-07,13710266,2025-07-16,2025-07-15,1,Cash,False
PAY-00147-202508,SME-2024-00147,2025-08,13589758,2025-08-15,2025-08-15,0,Bank Transfer,False
PAY-00147-202509,SME-2024-00147,2025-09,13590887,2025-09-16,2025-09-15,1,Auto-debit,False
PAY-00147-202510,SME-2024-00147,2025-10,13691179,2025-10-15,2025-10-15,0,Virtual Account,False
PAY-00147-202511,SME-2024-00147,2025-11,13311932,2025-11-15,2025-11-15,0,Virtual Account,False
PAY-00147-202512,SME-2024-00147,2025-12,13696196,2025-12-17,2025-12-15,2,Virtual Account,False
PAY-00147-202601,SME-2024-00147,2026-01,13816549,2026-01-15,2026-01-15,0,Virtual Account,False
PAY-00147-202602,SME-2024-00147,2026-02,13868206,2026-02-15,2026-02-15,0,Bank Transfer,False
PAY-00147-202603,SME-2024-00147,2026-03,13790378,2026-03-16,2026-03-15,1,Virtual Account,False
PAY-00147-202604,SME-2024-00147,2026-04,13561515,2026-04-15,2026-04-15,0,Bank Transfer,False
PAY-00147-202605,SME-2024-00147,2026-05,13751381,2026-05-15,2026-05-15,0,Virtual Account,False
PAY-00147-202606,SME-2024-00147,2026-06,13422650,2026-06-18,2026-06-15,3,Auto-debit,False
PAY-00148-202507,SME-2024-00148,2025-07,1939418,2025-07-16,2025-07-15,1,Virtual Account,False
PAY-00148-202508,SME-2024-00148,2025-08,2027780,2025-08-16,2025-08-15,1,Bank Transfer,False
PAY-00148-202509,SME-2024-00148,2025-09,1954260,2025-09-16,2025-09-15,1,Virtual Account,False
PAY-00148-202510,SME-2024-00148,2025-10,1994911,2025-10-15,2025-10-15,0,Auto-debit,False
PAY-00148-202511,SME-2024-00148,2025-11,2043330,2025-11-15,2025-11-15,0,Bank Transfer,False
PAY-00148-202512,SME-2024-00148,2025-12,2018918,2025-12-16,2025-12-15,1,Virtual Account,False
PAY-00148-202601,SME-2024-00148,2026-01,1991566,2026-01-15,2026-01-15,0,Cash,False
PAY-00148-202602,SME-2024-00148,2026-02,1992604,2026-02-16,2026-02-15,1,Virtual Account,False
PAY-00148-202603,SME-2024-00148,2026-03,1981522,2026-03-16,2026-03-15,1,Cash,False
PAY-00148-202604,SME-2024-00148,2026-04,2023730,2026-04-16,2026-04-15,1,Virtual Account,False
PAY-00148-202605,SME-2024-00148,2026-05,2017602,2026-05-17,2026-05-15,2,Bank Transfer,False
PAY-00148-202606,SME-2024-00148,2026-06,1973983,2026-06-15,2026-06-15,0,Virtual Account,False
PAY-00149-202602,SME-2024-00149,2026-02,1851763,2026-02-15,2026-02-15,0,Bank Transfer,False
PAY-00149-202603,SME-2024-00149,2026-03,1873557,2026-03-16,2026-03-15,1,Virtual Account,False
PAY-00149-202604,SME-2024-00149,2026-04,1838174,2026-04-16,2026-04-15,1,Virtual Account,False
PAY-00149-202605,SME-2024-00149,2026-05,1843969,2026-05-18,2026-05-15,3,Virtual Account,False
PAY-00149-202606,SME-2024-00149,2026-06,1866498,2026-06-16,2026-06-15,1,Virtual Account,False
PAY-00150-202507,SME-2024-00150,2025-07,1932072,2025-07-17,2025-07-15,2,Auto-debit,False
PAY-00150-202508,SME-2024-00150,2025-08,1855108,2025-08-15,2025-08-15,0,Virtual Account,False
PAY-00150-202509,SME-2024-00150,2025-09,1858814,2025-09-15,2025-09-15,0,Virtual Account,False
PAY-00150-202510,SME-2024-00150,2025-10,1831301,2025-10-17,2025-10-15,2,Virtual Account,False
PAY-00150-202511,SME-2024-00150,2025-11,1905309,2025-11-16,2025-11-15,1,Virtual Account,False
PAY-00150-202512,SME-2024-00150,2025-12,1858179,2025-12-17,2025-12-15,2,Bank Transfer,False
PAY-00150-202601,SME-2024-00150,2026-01,1835379,2026-01-15,2026-01-15,0,Bank Transfer,False
PAY-00150-202602,SME-2024-00150,2026-02,1937410,2026-02-16,2026-02-15,1,Virtual Account,False
PAY-00150-202603,SME-2024-00150,2026-03,1886073,2026-03-15,2026-03-15,0,Cash,False
PAY-00150-202604,SME-2024-00150,2026-04,1857790,2026-04-16,2026-04-15,1,Virtual Account,False
PAY-00150-202605,SME-2024-00150,2026-05,1933278,2026-05-15,2026-05-15,0,Bank Transfer,False
PAY-00150-202606,SME-2024-00150,2026-06,1935301,2026-06-16,2026-06-15,1,Auto-debit,False
PAY-00151-202507,SME-2024-00151,2025-07,5830217,2025-07-15,2025-07-15,0,Virtual Account,False
PAY-00151-202508,SME-2024-00151,2025-08,6158812,2025-08-15,2025-08-15,0,Bank Transfer,False
PAY-00151-202509,SME-2024-00151,2025-09,5966626,2025-09-15,2025-09-15,0,Cash,False
PAY-00151-202510,SME-2024-00151,2025-10,5974118,2025-10-16,2025-10-15,1,Auto-debit,False
PAY-00151-202511,SME-2024-00151,2025-11,6159084,2025-11-15,2025-11-15,0,Virtual Account,False
PAY-00151-202512,SME-2024-00151,2025-12,5985456,2025-12-15,2025-12-15,0,Virtual Account,True
PAY-00151-202601,SME-2024-00151,2026-01,5857657,2026-01-15,2026-01-15,0,Auto-debit,False
PAY-00151-202602,SME-2024-00151,2026-02,6155648,2026-02-18,2026-02-15,3,Auto-debit,False
PAY-00151-202603,SME-2024-00151,2026-03,5869549,2026-03-17,2026-03-15,2,Virtual Account,False
PAY-00151-202604,SME-2024-00151,2026-04,6143059,2026-04-15,2026-04-15,0,Auto-debit,False
PAY-00151-202605,SME-2024-00151,2026-05,6154584,2026-05-17,2026-05-15,2,Bank Transfer,False
PAY-00151-202606,SME-2024-00151,2026-06,6010394,2026-06-17,2026-06-15,2,Virtual Account,False
PAY-00152-202507,SME-2024-00152,2025-07,2159178,2025-07-15,2025-07-15,0,Auto-debit,False
PAY-00152-202508,SME-2024-00152,2025-08,2236596,2025-08-15,2025-08-15,0,Bank Transfer,False
PAY-00152-202509,SME-2024-00152,2025-09,2279614,2025-09-15,2025-09-15,0,Virtual Account,False
PAY-00152-202510,SME-2024-00152,2025-10,2221736,2025-10-16,2025-10-15,1,Auto-debit,False
PAY-00152-202511,SME-2024-00152,2025-11,2208070,2025-11-15,2025-11-15,0,Virtual Account,False
PAY-00152-202512,SME-2024-00152,2025-12,2159220,2025-12-15,2025-12-15,0,Bank Transfer,True
PAY-00152-202601,SME-2024-00152,2026-01,2190094,2026-01-15,2026-01-15,0,Bank Transfer,False
PAY-00152-202602,SME-2024-00152,2026-02,2155663,2026-02-16,2026-02-15,1,Bank Transfer,False
PAY-00152-202603,SME-2024-00152,2026-03,2182405,2026-03-15,2026-03-15,0,Auto-debit,False
PAY-00152-202604,SME-2024-00152,2026-04,2172357,2026-04-15,2026-04-15,0,Auto-debit,False
PAY-00152-202605,SME-2024-00152,2026-05,2191139,2026-05-16,2026-05-15,1,Virtual Account,False
PAY-00152-202606,SME-2024-00152,2026-06,2241075,2026-06-16,2026-06-15,1,Auto-debit,False
PAY-00153-202508,SME-2024-00153,2025-08,5429340,2025-08-15,2025-08-15,0,Auto-debit,False
PAY-00153-202509,SME-2024-00153,2025-09,5406647,2025-09-16,2025-09-15,1,Bank Transfer,False
PAY-00153-202510,SME-2024-00153,2025-10,5241259,2025-10-16,2025-10-15,1,Bank Transfer,False
PAY-00153-202511,SME-2024-00153,2025-11,5492518,2025-11-16,2025-11-15,1,Auto-debit,False
PAY-00153-202512,SME-2024-00153,2025-12,5199455,2025-12-16,2025-12-15,1,Virtual Account,False
PAY-00153-202601,SME-2024-00153,2026-01,5503720,2026-01-16,2026-01-15,1,Bank Transfer,False
PAY-00153-202602,SME-2024-00153,2026-02,5497373,2026-02-15,2026-02-15,0,Cash,False
PAY-00153-202603,SME-2024-00153,2026-03,5293894,2026-03-15,2026-03-15,0,Bank Transfer,False
PAY-00153-202604,SME-2024-00153,2026-04,5298645,2026-04-16,2026-04-15,1,Bank Transfer,False
PAY-00153-202605,SME-2024-00153,2026-05,5409568,2026-05-17,2026-05-15,2,Virtual Account,False
PAY-00153-202606,SME-2024-00153,2026-06,5208732,2026-06-15,2026-06-15,0,Virtual Account,False
PAY-00154-202507,SME-2024-00154,2025-07,4333618,2025-07-16,2025-07-15,1,Virtual Account,False
PAY-00154-202508,SME-2024-00154,2025-08,4174428,2025-08-15,2025-08-15,0,Bank Transfer,False
PAY-00154-202509,SME-2024-00154,2025-09,4266581,2025-09-15,2025-09-15,0,Bank Transfer,False
PAY-00154-202510,SME-2024-00154,2025-10,4112703,2025-10-15,2025-10-15,0,Cash,False
PAY-00154-202511,SME-2024-00154,2025-11,4101593,2025-11-17,2025-11-15,2,Bank Transfer,False
PAY-00154-202512,SME-2024-00154,2025-12,4243229,2025-12-16,2025-12-15,1,Virtual Account,False
PAY-00154-202601,SME-2024-00154,2026-01,4319045,2026-01-15,2026-01-15,0,Virtual Account,False
PAY-00154-202602,SME-2024-00154,2026-02,4152812,2026-02-16,2026-02-15,1,Auto-debit,False
PAY-00154-202603,SME-2024-00154,2026-03,4300927,2026-03-15,2026-03-15,0,Bank Transfer,False
PAY-00154-202604,SME-2024-00154,2026-04,4344210,2026-04-16,2026-04-15,1,Virtual Account,False
PAY-00154-202605,SME-2024-00154,2026-05,4336996,2026-05-16,2026-05-15,1,Virtual Account,True
PAY-00154-202606,SME-2024-00154,2026-06,4130525,2026-06-15,2026-06-15,0,Virtual Account,False
PAY-00155-202507,SME-2024-00155,2025-07,3241285,2025-07-15,2025-07-15,0,Bank Transfer,False
PAY-00155-202508,SME-2024-00155,2025-08,3298752,2025-08-16,2025-08-15,1,Bank Transfer,False
PAY-00155-202509,SME-2024-00155,2025-09,3292632,2025-09-15,2025-09-15,0,Virtual Account,False
PAY-00155-202510,SME-2024-00155,2025-10,3410034,2025-10-17,2025-10-15,2,Virtual Account,False
PAY-00155-202511,SME-2024-00155,2025-11,3360526,2025-11-15,2025-11-15,0,Virtual Account,False
PAY-00155-202512,SME-2024-00155,2025-12,3425730,2025-12-16,2025-12-15,1,Bank Transfer,False
PAY-00155-202601,SME-2024-00155,2026-01,3430962,2026-01-16,2026-01-15,1,Virtual Account,False
PAY-00155-202602,SME-2024-00155,2026-02,3390973,2026-02-16,2026-02-15,1,Virtual Account,False
PAY-00155-202603,SME-2024-00155,2026-03,3421622,2026-03-16,2026-03-15,1,Virtual Account,False
PAY-00155-202604,SME-2024-00155,2026-04,3271225,2026-04-15,2026-04-15,0,Bank Transfer,False
PAY-00155-202605,SME-2024-00155,2026-05,3427225,2026-05-15,2026-05-15,0,Bank Transfer,False
PAY-00155-202606,SME-2024-00155,2026-06,5987632,2026-06-15,2026-06-15,0,Bank Transfer,False
PAY-00156-202507,SME-2024-00156,2025-07,2121932,2025-07-18,2025-07-15,3,Bank Transfer,False
PAY-00156-202508,SME-2024-00156,2025-08,2021679,2025-08-17,2025-08-15,2,Virtual Account,False
PAY-00156-202509,SME-2024-00156,2025-09,2133883,2025-09-15,2025-09-15,0,Virtual Account,False
PAY-00156-202510,SME-2024-00156,2025-10,2089672,2025-10-15,2025-10-15,0,Virtual Account,False
PAY-00156-202511,SME-2024-00156,2025-11,2129052,2025-11-15,2025-11-15,0,Virtual Account,False
PAY-00156-202512,SME-2024-00156,2025-12,2089053,2025-12-16,2025-12-15,1,Cash,False
PAY-00156-202601,SME-2024-00156,2026-01,2083048,2026-01-15,2026-01-15,0,Auto-debit,False
PAY-00156-202602,SME-2024-00156,2026-02,2045563,2026-02-18,2026-02-15,3,Virtual Account,False
PAY-00156-202603,SME-2024-00156,2026-03,2056890,2026-03-15,2026-03-15,0,Bank Transfer,False
PAY-00156-202604,SME-2024-00156,2026-04,2120819,2026-04-15,2026-04-15,0,Virtual Account,False
PAY-00156-202605,SME-2024-00156,2026-05,2119315,2026-05-15,2026-05-15,0,Auto-debit,False
PAY-00156-202606,SME-2024-00156,2026-06,2050680,2026-06-17,2026-06-15,2,Virtual Account,False
PAY-00157-202507,SME-2024-00157,2025-07,4388029,2025-07-15,2025-07-15,0,Auto-debit,False
PAY-00157-202508,SME-2024-00157,2025-08,4374738,2025-08-15,2025-08-15,0,Bank Transfer,False
PAY-00157-202509,SME-2024-00157,2025-09,4225627,2025-09-16,2025-09-15,1,Bank Transfer,False
PAY-00157-202510,SME-2024-00157,2025-10,4217390,2025-10-15,2025-10-15,0,Bank Transfer,False
PAY-00157-202511,SME-2024-00157,2025-11,4333082,2025-11-15,2025-11-15,0,Bank Transfer,False
PAY-00157-202512,SME-2024-00157,2025-12,4215277,2025-12-16,2025-12-15,1,Bank Transfer,False
PAY-00157-202601,SME-2024-00157,2026-01,4348923,2026-01-15,2026-01-15,0,Bank Transfer,False
PAY-00157-202602,SME-2024-00157,2026-02,4221290,2026-02-15,2026-02-15,0,Bank Transfer,False
PAY-00157-202603,SME-2024-00157,2026-03,4225804,2026-03-15,2026-03-15,0,Auto-debit,False
PAY-00157-202604,SME-2024-00157,2026-04,4207694,2026-04-15,2026-04-15,0,Virtual Account,False
PAY-00157-202605,SME-2024-00157,2026-05,4317759,2026-05-16,2026-05-15,1,Auto-debit,False
PAY-00157-202606,SME-2024-00157,2026-06,4206738,2026-06-15,2026-06-15,0,Virtual Account,False
PAY-00158-202507,SME-2024-00158,2025-07,3213349,2025-07-15,2025-07-15,0,Auto-debit,False
PAY-00158-202508,SME-2024-00158,2025-08,3152597,2025-08-15,2025-08-15,0,Virtual Account,False
PAY-00158-202509,SME-2024-00158,2025-09,3193786,2025-09-15,2025-09-15,0,Bank Transfer,False
PAY-00158-202510,SME-2024-00158,2025-10,3298026,2025-10-18,2025-10-15,3,Virtual Account,False
PAY-00158-202511,SME-2024-00158,2025-11,3157441,2025-11-16,2025-11-15,1,Cash,False
PAY-00158-202512,SME-2024-00158,2025-12,3303271,2025-12-16,2025-12-15,1,Bank Transfer,False
PAY-00158-202601,SME-2024-00158,2026-01,3247568,2026-01-15,2026-01-15,0,Bank Transfer,False
PAY-00158-202602,SME-2024-00158,2026-02,3143335,2026-02-16,2026-02-15,1,Auto-debit,False
PAY-00158-202603,SME-2024-00158,2026-03,3139872,2026-03-18,2026-03-15,3,Virtual Account,False
PAY-00158-202604,SME-2024-00158,2026-04,3183682,2026-04-16,2026-04-15,1,Auto-debit,False
PAY-00158-202605,SME-2024-00158,2026-05,3219275,2026-05-17,2026-05-15,2,Auto-debit,False
PAY-00158-202606,SME-2024-00158,2026-06,3241482,2026-06-15,2026-06-15,0,Virtual Account,False
PAY-00159-202507,SME-2024-00159,2025-07,4502339,2025-07-15,2025-07-15,0,Auto-debit,False
PAY-00159-202508,SME-2024-00159,2025-08,4632907,2025-08-15,2025-08-15,0,Virtual Account,False
PAY-00159-202509,SME-2024-00159,2025-09,4615369,2025-09-15,2025-09-15,0,Virtual Account,False
PAY-00159-202510,SME-2024-00159,2025-10,4749763,2025-10-15,2025-10-15,0,Bank Transfer,False
PAY-00159-202511,SME-2024-00159,2025-11,4553277,2025-11-16,2025-11-15,1,Auto-debit,False
PAY-00159-202512,SME-2024-00159,2025-12,4737168,2025-12-15,2025-12-15,0,Virtual Account,False
PAY-00159-202601,SME-2024-00159,2026-01,4545622,2026-01-15,2026-01-15,0,Cash,False
PAY-00159-202602,SME-2024-00159,2026-02,4489430,2026-02-15,2026-02-15,0,Virtual Account,False
PAY-00159-202603,SME-2024-00159,2026-03,4555060,2026-03-17,2026-03-15,2,Auto-debit,False
PAY-00159-202604,SME-2024-00159,2026-04,4561159,2026-04-15,2026-04-15,0,Cash,False
PAY-00159-202605,SME-2024-00159,2026-05,4551594,2026-05-16,2026-05-15,1,Virtual Account,False
PAY-00159-202606,SME-2024-00159,2026-06,4477333,2026-06-17,2026-06-15,2,Virtual Account,False
PAY-00160-202507,SME-2024-00160,2025-07,1984372,2025-07-15,2025-07-15,0,Virtual Account,False
PAY-00160-202508,SME-2024-00160,2025-08,1982147,2025-08-15,2025-08-15,0,Virtual Account,False
PAY-00160-202509,SME-2024-00160,2025-09,2020350,2025-09-15,2025-09-15,0,Virtual Account,False
PAY-00160-202510,SME-2024-00160,2025-10,2065319,2025-10-17,2025-10-15,2,Bank Transfer,False
PAY-00160-202511,SME-2024-00160,2025-11,2001113,2025-11-15,2025-11-15,0,Cash,False
PAY-00160-202512,SME-2024-00160,2025-12,2076058,2025-12-15,2025-12-15,0,Bank Transfer,False
PAY-00160-202601,SME-2024-00160,2026-01,2005562,2026-01-15,2026-01-15,0,Virtual Account,False
PAY-00160-202602,SME-2024-00160,2026-02,2021691,2026-02-15,2026-02-15,0,Auto-debit,False
PAY-00160-202603,SME-2024-00160,2026-03,2019469,2026-03-15,2026-03-15,0,Bank Transfer,False
PAY-00160-202604,SME-2024-00160,2026-04,2065300,2026-04-16,2026-04-15,1,Virtual Account,False
PAY-00160-202605,SME-2024-00160,2026-05,2001015,2026-05-15,2026-05-15,0,Virtual Account,False
PAY-00160-202606,SME-2024-00160,2026-06,2060287,2026-06-16,2026-06-15,1,Auto-debit,True
PAY-00161-202507,SME-2024-00161,2025-07,4665379,2025-07-16,2025-07-15,1,Virtual Account,False
PAY-00161-202508,SME-2024-00161,2025-08,4613483,2025-08-15,2025-08-15,0,Bank Transfer,False
PAY-00161-202509,SME-2024-00161,2025-09,4669308,2025-09-16,2025-09-15,1,Virtual Account,False
PAY-00161-202510,SME-2024-00161,2025-10,4819870,2025-10-16,2025-10-15,1,Bank Transfer,False
PAY-00161-202511,SME-2024-00161,2025-11,4788297,2025-11-15,2025-11-15,0,Cash,False
PAY-00161-202512,SME-2024-00161,2025-12,4815358,2025-12-15,2025-12-15,0,Auto-debit,False
PAY-00161-202601,SME-2024-00161,2026-01,4861934,2026-01-15,2026-01-15,0,Virtual Account,False
PAY-00161-202602,SME-2024-00161,2026-02,4697403,2026-02-16,2026-02-15,1,Bank Transfer,False
PAY-00161-202603,SME-2024-00161,2026-03,4742173,2026-03-17,2026-03-15,2,Virtual Account,False
PAY-00161-202604,SME-2024-00161,2026-04,4790533,2026-04-15,2026-04-15,0,Bank Transfer,False
PAY-00161-202605,SME-2024-00161,2026-05,4769457,2026-05-16,2026-05-15,1,Bank Transfer,False
PAY-00161-202606,SME-2024-00161,2026-06,4640338,2026-06-15,2026-06-15,0,Auto-debit,False
PAY-00162-202510,SME-2024-00162,2025-10,1090411,2025-10-17,2025-10-15,2,Virtual Account,False
PAY-00162-202511,SME-2024-00162,2025-11,1083811,2025-11-16,2025-11-15,1,Bank Transfer,False
PAY-00162-202512,SME-2024-00162,2025-12,1072171,2025-12-15,2025-12-15,0,Auto-debit,False
PAY-00162-202601,SME-2024-00162,2026-01,1047955,2026-01-15,2026-01-15,0,Virtual Account,False
PAY-00162-202602,SME-2024-00162,2026-02,1055485,2026-02-17,2026-02-15,2,Cash,False
PAY-00162-202603,SME-2024-00162,2026-03,1104165,2026-03-16,2026-03-15,1,Bank Transfer,False
PAY-00162-202604,SME-2024-00162,2026-04,1043783,2026-04-17,2026-04-15,2,Auto-debit,False
PAY-00162-202605,SME-2024-00162,2026-05,1092641,2026-05-16,2026-05-15,1,Auto-debit,False
PAY-00162-202606,SME-2024-00162,2026-06,1063513,2026-06-17,2026-06-15,2,Bank Transfer,False
PAY-00163-202507,SME-2024-00163,2025-07,1745764,2025-07-15,2025-07-15,0,Virtual Account,False
PAY-00163-202508,SME-2024-00163,2025-08,1699605,2025-08-15,2025-08-15,0,Auto-debit,False
PAY-00163-202509,SME-2024-00163,2025-09,1754616,2025-09-17,2025-09-15,2,Cash,False
PAY-00163-202510,SME-2024-00163,2025-10,1769924,2025-10-15,2025-10-15,0,Virtual Account,False
PAY-00163-202511,SME-2024-00163,2025-11,1717833,2025-11-15,2025-11-15,0,Bank Transfer,False
PAY-00163-202512,SME-2024-00163,2025-12,1702331,2025-12-16,2025-12-15,1,Cash,False
PAY-00163-202601,SME-2024-00163,2026-01,1705888,2026-01-17,2026-01-15,2,Virtual Account,False
PAY-00163-202602,SME-2024-00163,2026-02,1796451,2026-02-17,2026-02-15,2,Auto-debit,False
PAY-00163-202603,SME-2024-00163,2026-03,1718958,2026-03-17,2026-03-15,2,Virtual Account,False
PAY-00163-202604,SME-2024-00163,2026-04,1734421,2026-04-17,2026-04-15,2,Cash,False
PAY-00163-202605,SME-2024-00163,2026-05,1727061,2026-05-18,2026-05-15,3,Cash,False
PAY-00163-202606,SME-2024-00163,2026-06,1766074,2026-06-16,2026-06-15,1,Bank Transfer,False
PAY-00164-202605,SME-2024-00164,2026-05,2040666,2026-05-16,2026-05-15,1,Bank Transfer,False
PAY-00164-202606,SME-2024-00164,2026-06,2050361,2026-06-16,2026-06-15,1,Bank Transfer,False
PAY-00165-202507,SME-2024-00165,2025-07,4010486,2025-07-15,2025-07-15,0,Bank Transfer,False
PAY-00165-202508,SME-2024-00165,2025-08,3813418,2025-08-15,2025-08-15,0,Virtual Account,False
PAY-00165-202509,SME-2024-00165,2025-09,3802557,2025-09-16,2025-09-15,1,Auto-debit,False
PAY-00165-202510,SME-2024-00165,2025-10,3798952,2025-10-15,2025-10-15,0,Virtual Account,False
PAY-00165-202511,SME-2024-00165,2025-11,4014316,2025-11-16,2025-11-15,1,Virtual Account,False
PAY-00165-202512,SME-2024-00165,2025-12,3989311,2025-12-17,2025-12-15,2,Virtual Account,False
PAY-00165-202601,SME-2024-00165,2026-01,3802265,2026-01-16,2026-01-15,1,Bank Transfer,False
PAY-00165-202602,SME-2024-00165,2026-02,3871982,2026-02-15,2026-02-15,0,Bank Transfer,False
PAY-00165-202603,SME-2024-00165,2026-03,3979627,2026-03-15,2026-03-15,0,Cash,False
PAY-00165-202604,SME-2024-00165,2026-04,3830060,2026-04-16,2026-04-15,1,Virtual Account,False
PAY-00165-202605,SME-2024-00165,2026-05,3879344,2026-05-15,2026-05-15,0,Bank Transfer,False
PAY-00165-202606,SME-2024-00165,2026-06,3979571,2026-06-17,2026-06-15,2,Auto-debit,False
PAY-00166-202507,SME-2024-00166,2025-07,1151984,2025-07-16,2025-07-15,1,Virtual Account,False
PAY-00166-202508,SME-2024-00166,2025-08,1148474,2025-08-15,2025-08-15,0,Virtual Account,False
PAY-00166-202509,SME-2024-00166,2025-09,1160240,2025-09-18,2025-09-15,3,Virtual Account,False
PAY-00166-202510,SME-2024-00166,2025-10,1162952,2025-10-15,2025-10-15,0,Bank Transfer,False
PAY-00166-202511,SME-2024-00166,2025-11,1126601,2025-11-15,2025-11-15,0,Cash,False
PAY-00166-202512,SME-2024-00166,2025-12,1179790,2025-12-15,2025-12-15,0,Bank Transfer,False
PAY-00166-202601,SME-2024-00166,2026-01,1172979,2026-01-16,2026-01-15,1,Auto-debit,False
PAY-00166-202602,SME-2024-00166,2026-02,1124749,2026-02-15,2026-02-15,0,Virtual Account,False
PAY-00166-202603,SME-2024-00166,2026-03,1183959,2026-03-16,2026-03-15,1,Auto-debit,False
PAY-00166-202604,SME-2024-00166,2026-04,1130181,2026-04-16,2026-04-15,1,Cash,False
PAY-00166-202605,SME-2024-00166,2026-05,1165075,2026-05-15,2026-05-15,0,Cash,False
PAY-00166-202606,SME-2024-00166,2026-06,1185795,2026-06-18,2026-06-15,3,Bank Transfer,False
PAY-00167-202507,SME-2024-00167,2025-07,1415096,2025-07-15,2025-07-15,0,Bank Transfer,False
PAY-00167-202508,SME-2024-00167,2025-08,1411430,2025-08-17,2025-08-15,2,Virtual Account,False
PAY-00167-202509,SME-2024-00167,2025-09,1404755,2025-09-15,2025-09-15,0,Virtual Account,False
PAY-00167-202510,SME-2024-00167,2025-10,1442695,2025-10-15,2025-10-15,0,Bank Transfer,False
PAY-00167-202511,SME-2024-00167,2025-11,1434595,2025-11-15,2025-11-15,0,Virtual Account,True
PAY-00167-202512,SME-2024-00167,2025-12,1456861,2025-12-16,2025-12-15,1,Cash,False
PAY-00167-202601,SME-2024-00167,2026-01,1423842,2026-01-16,2026-01-15,1,Bank Transfer,False
PAY-00167-202602,SME-2024-00167,2026-02,1392284,2026-02-16,2026-02-15,1,Bank Transfer,False
PAY-00167-202603,SME-2024-00167,2026-03,1404160,2026-03-18,2026-03-15,3,Virtual Account,True
PAY-00167-202604,SME-2024-00167,2026-04,1468756,2026-04-16,2026-04-15,1,Bank Transfer,False
PAY-00167-202605,SME-2024-00167,2026-05,1442110,2026-05-15,2026-05-15,0,Virtual Account,False
PAY-00167-202606,SME-2024-00167,2026-06,1431336,2026-06-16,2026-06-15,1,Auto-debit,False
PAY-00168-202602,SME-2024-00168,2026-02,7991271,2026-02-15,2026-02-15,0,Virtual Account,False
PAY-00168-202603,SME-2024-00168,2026-03,8058557,2026-03-15,2026-03-15,0,Virtual Account,False
PAY-00168-202604,SME-2024-00168,2026-04,8004327,2026-04-16,2026-04-15,1,Bank Transfer,True
PAY-00168-202605,SME-2024-00168,2026-05,8192228,2026-05-15,2026-05-15,0,Bank Transfer,False
PAY-00168-202606,SME-2024-00168,2026-06,7924318,2026-06-19,2026-06-15,4,Auto-debit,False
PAY-00169-202507,SME-2024-00169,2025-07,6110117,2025-07-15,2025-07-15,0,Bank Transfer,True
PAY-00169-202508,SME-2024-00169,2025-08,5922047,2025-08-15,2025-08-15,0,Virtual Account,False
PAY-00169-202509,SME-2024-00169,2025-09,6096713,2025-09-18,2025-09-15,3,Virtual Account,False
PAY-00169-202510,SME-2024-00169,2025-10,6075499,2025-10-16,2025-10-15,1,Auto-debit,False
PAY-00169-202511,SME-2024-00169,2025-11,6123864,2025-11-15,2025-11-15,0,Cash,False
PAY-00169-202512,SME-2024-00169,2025-12,6081338,2025-12-15,2025-12-15,0,Auto-debit,False
PAY-00169-202601,SME-2024-00169,2026-01,5977650,2026-01-15,2026-01-15,0,Auto-debit,False
PAY-00169-202602,SME-2024-00169,2026-02,6195107,2026-02-16,2026-02-15,1,Virtual Account,False
PAY-00169-202603,SME-2024-00169,2026-03,6101069,2026-03-16,2026-03-15,1,Bank Transfer,False
PAY-00169-202604,SME-2024-00169,2026-04,6044786,2026-04-16,2026-04-15,1,Virtual Account,False
PAY-00169-202605,SME-2024-00169,2026-05,6017256,2026-05-16,2026-05-15,1,Virtual Account,False
PAY-00169-202606,SME-2024-00169,2026-06,6093815,2026-06-15,2026-06-15,0,Virtual Account,False
PAY-00170-202507,SME-2024-00170,2025-07,8794220,2025-07-16,2025-07-15,1,Virtual Account,False
PAY-00170-202508,SME-2024-00170,2025-08,8840415,2025-08-15,2025-08-15,0,Virtual Account,False
PAY-00170-202509,SME-2024-00170,2025-09,8454573,2025-09-16,2025-09-15,1,Bank Transfer,False
PAY-00170-202510,SME-2024-00170,2025-10,8800245,2025-10-15,2025-10-15,0,Auto-debit,False
PAY-00170-202511,SME-2024-00170,2025-11,8460793,2025-11-16,2025-11-15,1,Virtual Account,False
PAY-00170-202512,SME-2024-00170,2025-12,8848918,2025-12-15,2025-12-15,0,Virtual Account,False
PAY-00170-202601,SME-2024-00170,2026-01,8871998,2026-01-15,2026-01-15,0,Virtual Account,True
PAY-00170-202602,SME-2024-00170,2026-02,8567919,2026-02-15,2026-02-15,0,Virtual Account,False
PAY-00170-202603,SME-2024-00170,2026-03,8374969,2026-03-16,2026-03-15,1,Cash,False
PAY-00170-202604,SME-2024-00170,2026-04,8644215,2026-04-18,2026-04-15,3,Virtual Account,False
PAY-00170-202605,SME-2024-00170,2026-05,8607866,2026-05-15,2026-05-15,0,Virtual Account,False
PAY-00170-202606,SME-2024-00170,2026-06,8417380,2026-06-15,2026-06-15,0,Bank Transfer,False
PAY-00171-202507,SME-2024-00171,2025-07,892224,2025-07-15,2025-07-15,0,Auto-debit,False
PAY-00171-202508,SME-2024-00171,2025-08,860298,2025-08-15,2025-08-15,0,Virtual Account,True
PAY-00171-202509,SME-2024-00171,2025-09,2375528,2025-09-15,2025-09-15,0,Bank Transfer,False
PAY-00171-202510,SME-2024-00171,2025-10,2291372,2025-10-16,2025-10-15,1,Bank Transfer,False
PAY-00171-202511,SME-2024-00171,2025-11,2349548,2025-11-15,2025-11-15,0,Bank Transfer,False
PAY-00171-202512,SME-2024-00171,2025-12,2302338,2025-12-15,2025-12-15,0,Virtual Account,False
PAY-00171-202601,SME-2024-00171,2026-01,2352526,2026-01-17,2026-01-15,2,Auto-debit,False
PAY-00171-202602,SME-2024-00171,2026-02,2392999,2026-02-16,2026-02-15,1,Virtual Account,False
PAY-00171-202603,SME-2024-00171,2026-03,2393529,2026-03-15,2026-03-15,0,Bank Transfer,True
PAY-00171-202604,SME-2024-00171,2026-04,2331198,2026-04-15,2026-04-15,0,Auto-debit,False
PAY-00171-202605,SME-2024-00171,2026-05,2323903,2026-05-16,2026-05-15,1,Virtual Account,False
PAY-00171-202606,SME-2024-00171,2026-06,2339238,2026-06-16,2026-06-15,1,Cash,False
PAY-00172-202507,SME-2024-00172,2025-07,3105723,2025-07-16,2025-07-15,1,Auto-debit,False
PAY-00172-202508,SME-2024-00172,2025-08,2977443,2025-08-15,2025-08-15,0,Cash,False
PAY-00172-202509,SME-2024-00172,2025-09,2974961,2025-09-16,2025-09-15,1,Bank Transfer,True
PAY-00172-202510,SME-2024-00172,2025-10,3091825,2025-10-15,2025-10-15,0,Auto-debit,False
PAY-00172-202511,SME-2024-00172,2025-11,3028900,2025-11-15,2025-11-15,0,Virtual Account,False
PAY-00172-202512,SME-2024-00172,2025-12,3077624,2025-12-17,2025-12-15,2,Bank Transfer,False
PAY-00172-202601,SME-2024-00172,2026-01,3067197,2026-01-15,2026-01-15,0,Virtual Account,False
PAY-00172-202602,SME-2024-00172,2026-02,2996418,2026-02-16,2026-02-15,1,Bank Transfer,False
PAY-00172-202603,SME-2024-00172,2026-03,2982637,2026-03-17,2026-03-15,2,Bank Transfer,False
PAY-00172-202604,SME-2024-00172,2026-04,3125884,2026-04-16,2026-04-15,1,Virtual Account,False
PAY-00172-202605,SME-2024-00172,2026-05,3103593,2026-05-16,2026-05-15,1,Virtual Account,False
PAY-00172-202606,SME-2024-00172,2026-06,3102341,2026-06-15,2026-06-15,0,Virtual Account,False
PAY-00173-202507,SME-2024-00173,2025-07,1985107,2025-07-15,2025-07-15,0,Bank Transfer,False
PAY-00173-202508,SME-2024-00173,2025-08,1890697,2025-08-15,2025-08-15,0,Cash,False
PAY-00173-202509,SME-2024-00173,2025-09,1952237,2025-09-16,2025-09-15,1,Virtual Account,False
PAY-00173-202510,SME-2024-00173,2025-10,1883206,2025-10-17,2025-10-15,2,Virtual Account,False
PAY-00173-202511,SME-2024-00173,2025-11,1934325,2025-11-15,2025-11-15,0,Virtual Account,False
PAY-00173-202512,SME-2024-00173,2025-12,1960495,2025-12-17,2025-12-15,2,Bank Transfer,False
PAY-00173-202601,SME-2024-00173,2026-01,1982668,2026-01-16,2026-01-15,1,Virtual Account,False
PAY-00173-202602,SME-2024-00173,2026-02,1991447,2026-02-16,2026-02-15,1,Bank Transfer,False
PAY-00173-202603,SME-2024-00173,2026-03,1891451,2026-03-16,2026-03-15,1,Auto-debit,False
PAY-00173-202604,SME-2024-00173,2026-04,1956548,2026-04-16,2026-04-15,1,Bank Transfer,False
PAY-00173-202605,SME-2024-00173,2026-05,1912283,2026-05-16,2026-05-15,1,Virtual Account,True
PAY-00173-202606,SME-2024-00173,2026-06,1910633,2026-06-18,2026-06-15,3,Cash,False
PAY-00174-202507,SME-2024-00174,2025-07,1978182,2025-07-15,2025-07-15,0,Bank Transfer,False
PAY-00174-202508,SME-2024-00174,2025-08,6981858,2025-08-15,2025-08-15,0,Auto-debit,False
PAY-00174-202509,SME-2024-00174,2025-09,7160440,2025-09-17,2025-09-15,2,Bank Transfer,False
PAY-00174-202510,SME-2024-00174,2025-10,7168745,2025-10-16,2025-10-15,1,Virtual Account,False
PAY-00174-202511,SME-2024-00174,2025-11,9756023,2025-11-16,2025-11-15,1,Bank Transfer,False
PAY-00174-202512,SME-2024-00174,2025-12,9695849,2025-12-15,2025-12-15,0,Auto-debit,False
PAY-00174-202601,SME-2024-00174,2026-01,9797261,2026-01-17,2026-01-15,2,Bank Transfer,False
PAY-00174-202602,SME-2024-00174,2026-02,9257030,2026-02-16,2026-02-15,1,Virtual Account,False
PAY-00174-202603,SME-2024-00174,2026-03,9338737,2026-03-15,2026-03-15,0,Virtual Account,False
PAY-00174-202604,SME-2024-00174,2026-04,9350970,2026-04-15,2026-04-15,0,Auto-debit,False
PAY-00174-202605,SME-2024-00174,2026-05,9714809,2026-05-18,2026-05-15,3,Virtual Account,False
PAY-00174-202606,SME-2024-00174,2026-06,9247360,2026-06-15,2026-06-15,0,Virtual Account,False
PAY-00175-202507,SME-2024-00175,2025-07,1591772,2025-07-15,2025-07-15,0,Bank Transfer,False
PAY-00175-202508,SME-2024-00175,2025-08,1600360,2025-08-15,2025-08-15,0,Virtual Account,False
PAY-00175-202509,SME-2024-00175,2025-09,1592965,2025-09-15,2025-09-15,0,Auto-debit,False
PAY-00175-202510,SME-2024-00175,2025-10,1536368,2025-10-16,2025-10-15,1,Virtual Account,False
PAY-00175-202511,SME-2024-00175,2025-11,1533763,2025-11-17,2025-11-15,2,Cash,False
PAY-00175-202512,SME-2024-00175,2025-12,1625463,2025-12-16,2025-12-15,1,Virtual Account,False
PAY-00175-202601,SME-2024-00175,2026-01,1619072,2026-01-15,2026-01-15,0,Virtual Account,False
PAY-00175-202602,SME-2024-00175,2026-02,1594424,2026-02-15,2026-02-15,0,Virtual Account,False
PAY-00175-202603,SME-2024-00175,2026-03,1560171,2026-03-15,2026-03-15,0,Virtual Account,False
PAY-00175-202604,SME-2024-00175,2026-04,1572647,2026-04-16,2026-04-15,1,Virtual Account,False
PAY-00175-202605,SME-2024-00175,2026-05,1548665,2026-05-16,2026-05-15,1,Virtual Account,False
PAY-00175-202606,SME-2024-00175,2026-06,1597758,2026-06-16,2026-06-15,1,Virtual Account,False
PAY-00176-202507,SME-2024-00176,2025-07,5049847,2025-07-16,2025-07-15,1,Virtual Account,False
PAY-00176-202508,SME-2024-00176,2025-08,4954381,2025-08-15,2025-08-15,0,Bank Transfer,False
PAY-00176-202509,SME-2024-00176,2025-09,4949713,2025-09-15,2025-09-15,0,Bank Transfer,False
PAY-00176-202510,SME-2024-00176,2025-10,5118317,2025-10-15,2025-10-15,0,Bank Transfer,False
PAY-00176-202511,SME-2024-00176,2025-11,5120404,2025-11-16,2025-11-15,1,Virtual Account,False
PAY-00176-202512,SME-2024-00176,2025-12,5039769,2025-12-16,2025-12-15,1,Bank Transfer,False
PAY-00176-202601,SME-2024-00176,2026-01,5104150,2026-01-16,2026-01-15,1,Virtual Account,False
PAY-00176-202602,SME-2024-00176,2026-02,4944949,2026-02-15,2026-02-15,0,Virtual Account,False
PAY-00176-202603,SME-2024-00176,2026-03,5036948,2026-03-15,2026-03-15,0,Bank Transfer,False
PAY-00176-202604,SME-2024-00176,2026-04,5133017,2026-04-16,2026-04-15,1,Auto-debit,False
PAY-00176-202605,SME-2024-00176,2026-05,4932678,2026-05-16,2026-05-15,1,Bank Transfer,False
PAY-00176-202606,SME-2024-00176,2026-06,5056177,2026-06-18,2026-06-15,3,Virtual Account,False
PAY-00177-202512,SME-2024-00177,2025-12,2840274,2025-12-17,2025-12-15,2,Virtual Account,False
PAY-00177-202601,SME-2024-00177,2026-01,2835313,2026-01-15,2026-01-15,0,Bank Transfer,False
PAY-00177-202602,SME-2024-00177,2026-02,2904967,2026-02-16,2026-02-15,1,Auto-debit,False
PAY-00177-202603,SME-2024-00177,2026-03,2876515,2026-03-16,2026-03-15,1,Bank Transfer,False
PAY-00177-202604,SME-2024-00177,2026-04,2835478,2026-04-19,2026-04-15,4,Auto-debit,False
PAY-00177-202605,SME-2024-00177,2026-05,2904840,2026-05-16,2026-05-15,1,Auto-debit,False
PAY-00177-202606,SME-2024-00177,2026-06,2910721,2026-06-17,2026-06-15,2,Auto-debit,False
PAY-00178-202507,SME-2024-00178,2025-07,7835082,2025-07-15,2025-07-15,0,Bank Transfer,False
PAY-00178-202508,SME-2024-00178,2025-08,7846048,2025-08-16,2025-08-15,1,Virtual Account,False
PAY-00178-202509,SME-2024-00178,2025-09,7912551,2025-09-15,2025-09-15,0,Cash,False
PAY-00178-202510,SME-2024-00178,2025-10,7790301,2025-10-16,2025-10-15,1,Virtual Account,False
PAY-00178-202511,SME-2024-00178,2025-11,7789245,2025-11-15,2025-11-15,0,Bank Transfer,False
PAY-00178-202512,SME-2024-00178,2025-12,7881166,2025-12-15,2025-12-15,0,Auto-debit,False
PAY-00178-202601,SME-2024-00178,2026-01,7878476,2026-01-16,2026-01-15,1,Bank Transfer,False
PAY-00178-202602,SME-2024-00178,2026-02,7681242,2026-02-16,2026-02-15,1,Virtual Account,False
PAY-00178-202603,SME-2024-00178,2026-03,7916426,2026-03-16,2026-03-15,1,Auto-debit,False
PAY-00178-202604,SME-2024-00178,2026-04,7732812,2026-04-17,2026-04-15,2,Auto-debit,False
PAY-00178-202605,SME-2024-00178,2026-05,7963199,2026-05-15,2026-05-15,0,Virtual Account,False
PAY-00178-202606,SME-2024-00178,2026-06,7806244,2026-06-17,2026-06-15,2,Bank Transfer,False
PAY-00179-202509,SME-2024-00179,2025-09,1824837,2025-09-18,2025-09-15,3,Auto-debit,False
PAY-00179-202510,SME-2024-00179,2025-10,1798905,2025-10-15,2025-10-15,0,Auto-debit,False
PAY-00179-202511,SME-2024-00179,2025-11,1837011,2025-11-15,2025-11-15,0,Auto-debit,True
PAY-00179-202512,SME-2024-00179,2025-12,1826688,2025-12-15,2025-12-15,0,Bank Transfer,False
PAY-00179-202601,SME-2024-00179,2026-01,1769787,2026-01-15,2026-01-15,0,Virtual Account,False
PAY-00179-202602,SME-2024-00179,2026-02,1833104,2026-02-15,2026-02-15,0,Virtual Account,False
PAY-00179-202603,SME-2024-00179,2026-03,1797106,2026-03-16,2026-03-15,1,Bank Transfer,False
PAY-00179-202604,SME-2024-00179,2026-04,1852485,2026-04-15,2026-04-15,0,Bank Transfer,False
PAY-00179-202605,SME-2024-00179,2026-05,9911069,2026-05-16,2026-05-15,1,Virtual Account,False
PAY-00179-202606,SME-2024-00179,2026-06,9611119,2026-06-15,2026-06-15,0,Virtual Account,False
PAY-00180-202507,SME-2024-00180,2025-07,2059084,2025-07-15,2025-07-15,0,Bank Transfer,False
PAY-00180-202508,SME-2024-00180,2025-08,2089761,2025-08-16,2025-08-15,1,Virtual Account,True
PAY-00180-202509,SME-2024-00180,2025-09,2025988,2025-09-15,2025-09-15,0,Bank Transfer,False
PAY-00180-202510,SME-2024-00180,2025-10,2000367,2025-10-15,2025-10-15,0,Virtual Account,False
PAY-00180-202511,SME-2024-00180,2025-11,2057230,2025-11-15,2025-11-15,0,Bank Transfer,False
PAY-00180-202512,SME-2024-00180,2025-12,2099776,2025-12-15,2025-12-15,0,Auto-debit,False
PAY-00180-202601,SME-2024-00180,2026-01,2033605,2026-01-15,2026-01-15,0,Cash,False
PAY-00180-202602,SME-2024-00180,2026-02,1984974,2026-02-17,2026-02-15,2,Virtual Account,False
PAY-00180-202603,SME-2024-00180,2026-03,2052001,2026-03-16,2026-03-15,1,Virtual Account,False
PAY-00180-202604,SME-2024-00180,2026-04,2094725,2026-04-17,2026-04-15,2,Auto-debit,False
PAY-00180-202605,SME-2024-00180,2026-05,2094545,2026-05-16,2026-05-15,1,Bank Transfer,False
PAY-00180-202606,SME-2024-00180,2026-06,2051539,2026-06-16,2026-06-15,1,Virtual Account,False
PAY-00181-202507,SME-2024-00181,2025-07,2430160,2025-07-15,2025-07-15,0,Virtual Account,False
PAY-00181-202508,SME-2024-00181,2025-08,2505404,2025-08-16,2025-08-15,1,Auto-debit,False
PAY-00181-202509,SME-2024-00181,2025-09,2518817,2025-09-16,2025-09-15,1,Auto-debit,False
PAY-00181-202510,SME-2024-00181,2025-10,2531785,2025-10-15,2025-10-15,0,Auto-debit,False
PAY-00181-202511,SME-2024-00181,2025-11,2518682,2025-11-16,2025-11-15,1,Virtual Account,False
PAY-00181-202512,SME-2024-00181,2025-12,2512692,2025-12-15,2025-12-15,0,Bank Transfer,False
PAY-00181-202601,SME-2024-00181,2026-01,2471116,2026-01-16,2026-01-15,1,Auto-debit,False
PAY-00181-202602,SME-2024-00181,2026-02,3907710,2026-02-16,2026-02-15,1,Virtual Account,False
PAY-00181-202603,SME-2024-00181,2026-03,3863244,2026-03-15,2026-03-15,0,Virtual Account,False
PAY-00181-202604,SME-2024-00181,2026-04,3795948,2026-04-15,2026-04-15,0,Cash,False
PAY-00181-202605,SME-2024-00181,2026-05,7596390,2026-05-16,2026-05-15,1,Bank Transfer,False
PAY-00181-202606,SME-2024-00181,2026-06,7545662,2026-06-16,2026-06-15,1,Bank Transfer,False
PAY-00182-202507,SME-2024-00182,2025-07,4241698,2025-07-16,2025-07-15,1,Auto-debit,False
PAY-00182-202508,SME-2024-00182,2025-08,4343932,2025-08-17,2025-08-15,2,Virtual Account,False
PAY-00182-202509,SME-2024-00182,2025-09,4145420,2025-09-15,2025-09-15,0,Virtual Account,False
PAY-00182-202510,SME-2024-00182,2025-10,4341794,2025-10-15,2025-10-15,0,Virtual Account,False
PAY-00182-202511,SME-2024-00182,2025-11,4189240,2025-11-16,2025-11-15,1,Virtual Account,False
PAY-00182-202512,SME-2024-00182,2025-12,4273320,2025-12-16,2025-12-15,1,Auto-debit,False
PAY-00182-202601,SME-2024-00182,2026-01,4169842,2026-01-17,2026-01-15,2,Virtual Account,False
PAY-00182-202602,SME-2024-00182,2026-02,4262239,2026-02-16,2026-02-15,1,Virtual Account,False
PAY-00182-202603,SME-2024-00182,2026-03,4269190,2026-03-15,2026-03-15,0,Bank Transfer,False
PAY-00182-202604,SME-2024-00182,2026-04,4298018,2026-04-16,2026-04-15,1,Cash,True
PAY-00182-202605,SME-2024-00182,2026-05,4236089,2026-05-15,2026-05-15,0,Virtual Account,False
PAY-00182-202606,SME-2024-00182,2026-06,4270565,2026-06-15,2026-06-15,0,Auto-debit,False
PAY-00183-202507,SME-2024-00183,2025-07,4886497,2025-07-15,2025-07-15,0,Auto-debit,False
PAY-00183-202508,SME-2024-00183,2025-08,4807411,2025-08-16,2025-08-15,1,Virtual Account,False
PAY-00183-202509,SME-2024-00183,2025-09,4904369,2025-09-16,2025-09-15,1,Virtual Account,False
PAY-00183-202510,SME-2024-00183,2025-10,4857458,2025-10-18,2025-10-15,3,Bank Transfer,False
PAY-00183-202511,SME-2024-00183,2025-11,4938515,2025-11-15,2025-11-15,0,Virtual Account,False
PAY-00183-202512,SME-2024-00183,2025-12,4769242,2025-12-17,2025-12-15,2,Auto-debit,False
PAY-00183-202601,SME-2024-00183,2026-01,4766807,2026-01-15,2026-01-15,0,Bank Transfer,False
PAY-00183-202602,SME-2024-00183,2026-02,4764705,2026-02-16,2026-02-15,1,Auto-debit,False
PAY-00183-202603,SME-2024-00183,2026-03,4773648,2026-03-15,2026-03-15,0,Auto-debit,False
PAY-00183-202604,SME-2024-00183,2026-04,4782376,2026-04-16,2026-04-15,1,Bank Transfer,False
PAY-00183-202605,SME-2024-00183,2026-05,4971397,2026-05-16,2026-05-15,1,Virtual Account,False
PAY-00183-202606,SME-2024-00183,2026-06,4854264,2026-06-17,2026-06-15,2,Bank Transfer,False
PAY-00184-202601,SME-2024-00184,2026-01,2415670,2026-01-17,2026-01-15,2,Bank Transfer,False
PAY-00184-202602,SME-2024-00184,2026-02,2451828,2026-02-16,2026-02-15,1,Cash,False
PAY-00184-202603,SME-2024-00184,2026-03,2417597,2026-03-15,2026-03-15,0,Virtual Account,False
PAY-00184-202604,SME-2024-00184,2026-04,2352941,2026-04-15,2026-04-15,0,Bank Transfer,False
PAY-00184-202605,SME-2024-00184,2026-05,2417510,2026-05-18,2026-05-15,3,Bank Transfer,False
PAY-00184-202606,SME-2024-00184,2026-06,2371780,2026-06-17,2026-06-15,2,Virtual Account,True
PAY-00185-202507,SME-2024-00185,2025-07,7177147,2025-07-16,2025-07-15,1,Bank Transfer,False
PAY-00185-202508,SME-2024-00185,2025-08,7506893,2025-08-16,2025-08-15,1,Bank Transfer,False
PAY-00185-202509,SME-2024-00185,2025-09,7347021,2025-09-15,2025-09-15,0,Auto-debit,False
PAY-00185-202510,SME-2024-00185,2025-10,7285289,2025-10-16,2025-10-15,1,Virtual Account,False
PAY-00185-202511,SME-2024-00185,2025-11,7268435,2025-11-18,2025-11-15,3,Bank Transfer,False
PAY-00185-202512,SME-2024-00185,2025-12,7254060,2025-12-16,2025-12-15,1,Virtual Account,False
PAY-00185-202601,SME-2024-00185,2026-01,7342894,2026-01-15,2026-01-15,0,Virtual Account,False
PAY-00185-202602,SME-2024-00185,2026-02,7460117,2026-02-15,2026-02-15,0,Virtual Account,False
PAY-00185-202603,SME-2024-00185,2026-03,7241966,2026-03-18,2026-03-15,3,Virtual Account,False
PAY-00185-202604,SME-2024-00185,2026-04,7278930,2026-04-16,2026-04-15,1,Bank Transfer,False
PAY-00185-202605,SME-2024-00185,2026-05,7240082,2026-05-16,2026-05-15,1,Auto-debit,False
PAY-00185-202606,SME-2024-00185,2026-06,7192404,2026-06-15,2026-06-15,0,Virtual Account,False
PAY-00186-202507,SME-2024-00186,2025-07,2686676,2025-07-15,2025-07-15,0,Virtual Account,False
PAY-00186-202508,SME-2024-00186,2025-08,2730240,2025-08-17,2025-08-15,2,Auto-debit,False
PAY-00186-202509,SME-2024-00186,2025-09,2750832,2025-09-16,2025-09-15,1,Virtual Account,False
PAY-00186-202510,SME-2024-00186,2025-10,2799623,2025-10-15,2025-10-15,0,Bank Transfer,False
PAY-00186-202511,SME-2024-00186,2025-11,2742411,2025-11-16,2025-11-15,1,Auto-debit,False
PAY-00186-202512,SME-2024-00186,2025-12,2633561,2025-12-19,2025-12-15,4,Auto-debit,False
PAY-00186-202601,SME-2024-00186,2026-01,2684527,2026-01-15,2026-01-15,0,Virtual Account,False
PAY-00186-202602,SME-2024-00186,2026-02,2705710,2026-02-15,2026-02-15,0,Bank Transfer,False
PAY-00186-202603,SME-2024-00186,2026-03,2736562,2026-03-15,2026-03-15,0,Virtual Account,False
PAY-00186-202604,SME-2024-00186,2026-04,2668015,2026-04-15,2026-04-15,0,Auto-debit,False
PAY-00186-202605,SME-2024-00186,2026-05,2674050,2026-05-16,2026-05-15,1,Bank Transfer,False
PAY-00186-202606,SME-2024-00186,2026-06,2702662,2026-06-15,2026-06-15,0,Bank Transfer,False
PAY-00187-202511,SME-2024-00187,2025-11,4861816,2025-11-15,2025-11-15,0,Bank Transfer,False
PAY-00187-202512,SME-2024-00187,2025-12,4682989,2025-12-15,2025-12-15,0,Virtual Account,False
PAY-00187-202601,SME-2024-00187,2026-01,4915729,2026-01-16,2026-01-15,1,Bank Transfer,False
PAY-00187-202602,SME-2024-00187,2026-02,4825891,2026-02-15,2026-02-15,0,Cash,False
PAY-00187-202603,SME-2024-00187,2026-03,4662804,2026-03-19,2026-03-15,4,Bank Transfer,False
PAY-00187-202604,SME-2024-00187,2026-04,4889434,2026-04-18,2026-04-15,3,Bank Transfer,False
PAY-00187-202605,SME-2024-00187,2026-05,4789288,2026-05-16,2026-05-15,1,Virtual Account,False
PAY-00187-202606,SME-2024-00187,2026-06,4758182,2026-06-15,2026-06-15,0,Auto-debit,False
PAY-00188-202507,SME-2024-00188,2025-07,1551049,2025-07-16,2025-07-15,1,Bank Transfer,False
PAY-00188-202508,SME-2024-00188,2025-08,1631051,2025-08-16,2025-08-15,1,Virtual Account,False
PAY-00188-202509,SME-2024-00188,2025-09,1586403,2025-09-15,2025-09-15,0,Bank Transfer,False
PAY-00188-202510,SME-2024-00188,2025-10,1576082,2025-10-15,2025-10-15,0,Virtual Account,False
PAY-00188-202511,SME-2024-00188,2025-11,1618396,2025-11-15,2025-11-15,0,Bank Transfer,False
PAY-00188-202512,SME-2024-00188,2025-12,1572235,2025-12-15,2025-12-15,0,Virtual Account,False
PAY-00188-202601,SME-2024-00188,2026-01,1631692,2026-01-16,2026-01-15,1,Cash,False
PAY-00188-202602,SME-2024-00188,2026-02,1624072,2026-02-17,2026-02-15,2,Bank Transfer,False
PAY-00188-202603,SME-2024-00188,2026-03,1574183,2026-03-15,2026-03-15,0,Bank Transfer,False
PAY-00188-202604,SME-2024-00188,2026-04,1615025,2026-04-17,2026-04-15,2,Bank Transfer,False
PAY-00188-202605,SME-2024-00188,2026-05,1569866,2026-05-15,2026-05-15,0,Cash,False
PAY-00188-202606,SME-2024-00188,2026-06,1588385,2026-06-15,2026-06-15,0,Bank Transfer,False
PAY-00189-202507,SME-2024-00189,2025-07,3296799,2025-07-15,2025-07-15,0,Cash,False
PAY-00189-202508,SME-2024-00189,2025-08,612301,2025-08-16,2025-08-15,1,Virtual Account,False
PAY-00189-202509,SME-2024-00189,2025-09,638997,2025-09-15,2025-09-15,0,Bank Transfer,False
PAY-00189-202510,SME-2024-00189,2025-10,631075,2025-10-15,2025-10-15,0,Bank Transfer,False
PAY-00189-202511,SME-2024-00189,2025-11,638515,2025-11-16,2025-11-15,1,Virtual Account,False
PAY-00189-202512,SME-2024-00189,2025-12,612641,2025-12-15,2025-12-15,0,Bank Transfer,False
PAY-00189-202601,SME-2024-00189,2026-01,624800,2026-01-15,2026-01-15,0,Bank Transfer,False
PAY-00189-202602,SME-2024-00189,2026-02,637250,2026-02-15,2026-02-15,0,Virtual Account,False
PAY-00189-202603,SME-2024-00189,2026-03,624437,2026-03-15,2026-03-15,0,Auto-debit,False
PAY-00189-202604,SME-2024-00189,2026-04,613949,2026-04-15,2026-04-15,0,Auto-debit,False
PAY-00189-202605,SME-2024-00189,2026-05,623444,2026-05-15,2026-05-15,0,Bank Transfer,False
PAY-00189-202606,SME-2024-00189,2026-06,637545,2026-06-15,2026-06-15,0,Bank Transfer,False
PAY-00190-202605,SME-2024-00190,2026-05,1258505,2026-05-15,2026-05-15,0,Auto-debit,False
PAY-00190-202606,SME-2024-00190,2026-06,1283510,2026-06-16,2026-06-15,1,Virtual Account,False
PAY-00191-202507,SME-2024-00191,2025-07,3584312,2025-07-15,2025-07-15,0,Virtual Account,False
PAY-00191-202508,SME-2024-00191,2025-08,3589589,2025-08-15,2025-08-15,0,Virtual Account,False
PAY-00191-202509,SME-2024-00191,2025-09,3710082,2025-09-15,2025-09-15,0,Virtual Account,False
PAY-00191-202510,SME-2024-00191,2025-10,3555502,2025-10-17,2025-10-15,2,Bank Transfer,False
PAY-00191-202511,SME-2024-00191,2025-11,3653650,2025-11-15,2025-11-15,0,Bank Transfer,False
PAY-00191-202512,SME-2024-00191,2025-12,3702995,2025-12-16,2025-12-15,1,Bank Transfer,False
PAY-00191-202601,SME-2024-00191,2026-01,3564847,2026-01-15,2026-01-15,0,Auto-debit,False
PAY-00191-202602,SME-2024-00191,2026-02,3556717,2026-02-17,2026-02-15,2,Virtual Account,False
PAY-00191-202603,SME-2024-00191,2026-03,3606778,2026-03-15,2026-03-15,0,Bank Transfer,False
PAY-00191-202604,SME-2024-00191,2026-04,3687861,2026-04-16,2026-04-15,1,Auto-debit,False
PAY-00191-202605,SME-2024-00191,2026-05,3605140,2026-05-17,2026-05-15,2,Bank Transfer,False
PAY-00191-202606,SME-2024-00191,2026-06,3647479,2026-06-16,2026-06-15,1,Cash,False
PAY-00192-202507,SME-2024-00192,2025-07,1027326,2025-07-15,2025-07-15,0,Virtual Account,False
PAY-00192-202508,SME-2024-00192,2025-08,1088982,2025-08-16,2025-08-15,1,Cash,False
PAY-00192-202509,SME-2024-00192,2025-09,1058930,2025-09-15,2025-09-15,0,Virtual Account,False
PAY-00192-202510,SME-2024-00192,2025-10,1087968,2025-10-15,2025-10-15,0,Cash,False
PAY-00192-202511,SME-2024-00192,2025-11,1050528,2025-11-15,2025-11-15,0,Virtual Account,False
PAY-00192-202512,SME-2024-00192,2025-12,1034712,2025-12-15,2025-12-15,0,Bank Transfer,False
PAY-00192-202601,SME-2024-00192,2026-01,1079519,2026-01-16,2026-01-15,1,Bank Transfer,False
PAY-00192-202602,SME-2024-00192,2026-02,1083484,2026-02-18,2026-02-15,3,Bank Transfer,False
PAY-00192-202603,SME-2024-00192,2026-03,1026332,2026-03-15,2026-03-15,0,Auto-debit,False
PAY-00192-202604,SME-2024-00192,2026-04,1062119,2026-04-19,2026-04-15,4,Bank Transfer,False
PAY-00192-202605,SME-2024-00192,2026-05,1075916,2026-05-16,2026-05-15,1,Auto-debit,False
PAY-00192-202606,SME-2024-00192,2026-06,1060584,2026-06-16,2026-06-15,1,Virtual Account,False
PAY-00193-202507,SME-2024-00193,2025-07,2627438,2025-07-16,2025-07-15,1,Auto-debit,False
PAY-00193-202508,SME-2024-00193,2025-08,2674811,2025-08-16,2025-08-15,1,Cash,False
PAY-00193-202509,SME-2024-00193,2025-09,2586018,2025-09-15,2025-09-15,0,Virtual Account,False
PAY-00193-202510,SME-2024-00193,2025-10,2583470,2025-10-15,2025-10-15,0,Auto-debit,False
PAY-00193-202511,SME-2024-00193,2025-11,2623441,2025-11-15,2025-11-15,0,Virtual Account,False
PAY-00193-202512,SME-2024-00193,2025-12,2674167,2025-12-15,2025-12-15,0,Bank Transfer,False
PAY-00193-202601,SME-2024-00193,2026-01,2594635,2026-01-18,2026-01-15,3,Bank Transfer,False
PAY-00193-202602,SME-2024-00193,2026-02,2550382,2026-02-17,2026-02-15,2,Virtual Account,False
PAY-00193-202603,SME-2024-00193,2026-03,2647426,2026-03-15,2026-03-15,0,Bank Transfer,False
PAY-00193-202604,SME-2024-00193,2026-04,2587646,2026-04-15,2026-04-15,0,Virtual Account,False
PAY-00193-202605,SME-2024-00193,2026-05,2588363,2026-05-16,2026-05-15,1,Virtual Account,False
PAY-00193-202606,SME-2024-00193,2026-06,2548856,2026-06-16,2026-06-15,1,Bank Transfer,False
PAY-00194-202507,SME-2024-00194,2025-07,3196898,2025-07-15,2025-07-15,0,Virtual Account,False
PAY-00194-202508,SME-2024-00194,2025-08,3097215,2025-08-16,2025-08-15,1,Bank Transfer,False
PAY-00194-202509,SME-2024-00194,2025-09,3217848,2025-09-15,2025-09-15,0,Bank Transfer,False
PAY-00194-202510,SME-2024-00194,2025-10,3242839,2025-10-15,2025-10-15,0,Virtual Account,False
PAY-00194-202511,SME-2024-00194,2025-11,3266122,2025-11-16,2025-11-15,1,Bank Transfer,False
PAY-00194-202512,SME-2024-00194,2025-12,3178639,2025-12-15,2025-12-15,0,Auto-debit,True
PAY-00194-202601,SME-2024-00194,2026-01,3235299,2026-01-18,2026-01-15,3,Virtual Account,False
PAY-00194-202602,SME-2024-00194,2026-02,3138837,2026-02-15,2026-02-15,0,Bank Transfer,False
PAY-00194-202603,SME-2024-00194,2026-03,3246703,2026-03-15,2026-03-15,0,Bank Transfer,False
PAY-00194-202604,SME-2024-00194,2026-04,3231790,2026-04-15,2026-04-15,0,Bank Transfer,False
PAY-00194-202605,SME-2024-00194,2026-05,3195586,2026-05-17,2026-05-15,2,Bank Transfer,False
PAY-00194-202606,SME-2024-00194,2026-06,3202687,2026-06-15,2026-06-15,0,Virtual Account,False
PAY-00195-202507,SME-2024-00195,2025-07,2389741,2025-07-15,2025-07-15,0,Auto-debit,False
PAY-00195-202508,SME-2024-00195,2025-08,2324490,2025-08-15,2025-08-15,0,Bank Transfer,False
PAY-00195-202509,SME-2024-00195,2025-09,2358414,2025-09-15,2025-09-15,0,Bank Transfer,False
PAY-00195-202510,SME-2024-00195,2025-10,2444324,2025-10-16,2025-10-15,1,Auto-debit,False
PAY-00195-202511,SME-2024-00195,2025-11,2440609,2025-11-16,2025-11-15,1,Virtual Account,False
PAY-00195-202512,SME-2024-00195,2025-12,2318393,2025-12-15,2025-12-15,0,Auto-debit,False
PAY-00195-202601,SME-2024-00195,2026-01,2326539,2026-01-16,2026-01-15,1,Virtual Account,False
PAY-00195-202602,SME-2024-00195,2026-02,2317355,2026-02-15,2026-02-15,0,Virtual Account,False
PAY-00195-202603,SME-2024-00195,2026-03,2357711,2026-03-16,2026-03-15,1,Bank Transfer,False
PAY-00195-202604,SME-2024-00195,2026-04,2411015,2026-04-17,2026-04-15,2,Bank Transfer,False
PAY-00195-202605,SME-2024-00195,2026-05,2309650,2026-05-16,2026-05-15,1,Bank Transfer,False
PAY-00195-202606,SME-2024-00195,2026-06,2427217,2026-06-16,2026-06-15,1,Virtual Account,False
PAY-00196-202507,SME-2024-00196,2025-07,2018976,2025-07-15,2025-07-15,0,Cash,False
PAY-00196-202508,SME-2024-00196,2025-08,2072595,2025-08-16,2025-08-15,1,Cash,False
PAY-00196-202509,SME-2024-00196,2025-09,2026641,2025-09-16,2025-09-15,1,Virtual Account,False
PAY-00196-202510,SME-2024-00196,2025-10,2011947,2025-10-15,2025-10-15,0,Bank Transfer,False
PAY-00196-202511,SME-2024-00196,2025-11,2028544,2025-11-15,2025-11-15,0,Bank Transfer,False
PAY-00196-202512,SME-2024-00196,2025-12,2045286,2025-12-16,2025-12-15,1,Auto-debit,False
PAY-00196-202601,SME-2024-00196,2026-01,2026567,2026-01-15,2026-01-15,0,Virtual Account,False
PAY-00196-202602,SME-2024-00196,2026-02,2041978,2026-02-17,2026-02-15,2,Auto-debit,True
PAY-00196-202603,SME-2024-00196,2026-03,1962275,2026-03-17,2026-03-15,2,Bank Transfer,False
PAY-00196-202604,SME-2024-00196,2026-04,2040971,2026-04-17,2026-04-15,2,Virtual Account,False
PAY-00196-202605,SME-2024-00196,2026-05,2031851,2026-05-16,2026-05-15,1,Virtual Account,False
PAY-00196-202606,SME-2024-00196,2026-06,2015518,2026-06-15,2026-06-15,0,Bank Transfer,False
PAY-00197-202507,SME-2024-00197,2025-07,3080210,2025-07-17,2025-07-15,2,Bank Transfer,False
PAY-00197-202508,SME-2024-00197,2025-08,3125224,2025-08-16,2025-08-15,1,Bank Transfer,False
PAY-00197-202509,SME-2024-00197,2025-09,3154463,2025-09-15,2025-09-15,0,Bank Transfer,False
PAY-00197-202510,SME-2024-00197,2025-10,3133540,2025-10-17,2025-10-15,2,Bank Transfer,False
PAY-00197-202511,SME-2024-00197,2025-11,3065835,2025-11-16,2025-11-15,1,Auto-debit,False
PAY-00197-202512,SME-2024-00197,2025-12,3184291,2025-12-19,2025-12-15,4,Virtual Account,False
PAY-00197-202601,SME-2024-00197,2026-01,3179923,2026-01-16,2026-01-15,1,Bank Transfer,False
PAY-00197-202602,SME-2024-00197,2026-02,9656674,2026-02-16,2026-02-15,1,Virtual Account,False
PAY-00197-202603,SME-2024-00197,2026-03,9362160,2026-03-15,2026-03-15,0,Bank Transfer,False
PAY-00197-202604,SME-2024-00197,2026-04,9353449,2026-04-16,2026-04-15,1,Auto-debit,False
PAY-00197-202605,SME-2024-00197,2026-05,9556959,2026-05-17,2026-05-15,2,Virtual Account,False
PAY-00197-202606,SME-2024-00197,2026-06,9342075,2026-06-16,2026-06-15,1,Auto-debit,False
PAY-00198-202507,SME-2024-00198,2025-07,2848336,2025-07-16,2025-07-15,1,Virtual Account,False
PAY-00198-202508,SME-2024-00198,2025-08,2860064,2025-08-17,2025-08-15,2,Auto-debit,False
PAY-00198-202509,SME-2024-00198,2025-09,2846862,2025-09-15,2025-09-15,0,Bank Transfer,False
PAY-00198-202510,SME-2024-00198,2025-10,2851712,2025-10-15,2025-10-15,0,Auto-debit,False
PAY-00198-202511,SME-2024-00198,2025-11,2832955,2025-11-17,2025-11-15,2,Auto-debit,False
PAY-00198-202512,SME-2024-00198,2025-12,2838356,2025-12-15,2025-12-15,0,Cash,False
PAY-00198-202601,SME-2024-00198,2026-01,2780836,2026-01-15,2026-01-15,0,Virtual Account,False
PAY-00198-202602,SME-2024-00198,2026-02,2797567,2026-02-15,2026-02-15,0,Bank Transfer,False
PAY-00198-202603,SME-2024-00198,2026-03,2861937,2026-03-17,2026-03-15,2,Bank Transfer,False
PAY-00198-202604,SME-2024-00198,2026-04,2847093,2026-04-16,2026-04-15,1,Bank Transfer,False
PAY-00198-202605,SME-2024-00198,2026-05,2840921,2026-05-15,2026-05-15,0,Virtual Account,False
PAY-00198-202606,SME-2024-00198,2026-06,2702960,2026-06-15,2026-06-15,0,Auto-debit,False
PAY-00199-202507,SME-2024-00199,2025-07,3494328,2025-07-16,2025-07-15,1,Cash,False
PAY-00199-202508,SME-2024-00199,2025-08,3573935,2025-08-18,2025-08-15,3,Cash,False
PAY-00199-202509,SME-2024-00199,2025-09,3593339,2025-09-16,2025-09-15,1,Auto-debit,False
PAY-00199-202510,SME-2024-00199,2025-10,3655750,2025-10-16,2025-10-15,1,Virtual Account,False
PAY-00199-202511,SME-2024-00199,2025-11,3580044,2025-11-15,2025-11-15,0,Virtual Account,False
PAY-00199-202512,SME-2024-00199,2025-12,3596526,2025-12-15,2025-12-15,0,Virtual Account,False
PAY-00199-202601,SME-2024-00199,2026-01,3595257,2026-01-16,2026-01-15,1,Virtual Account,False
PAY-00199-202602,SME-2024-00199,2026-02,3536548,2026-02-15,2026-02-15,0,Bank Transfer,False
PAY-00199-202603,SME-2024-00199,2026-03,3514999,2026-03-16,2026-03-15,1,Virtual Account,False
PAY-00199-202604,SME-2024-00199,2026-04,3600766,2026-04-15,2026-04-15,0,Auto-debit,False
PAY-00199-202605,SME-2024-00199,2026-05,3596278,2026-05-17,2026-05-15,2,Auto-debit,False
PAY-00199-202606,SME-2024-00199,2026-06,3553098,2026-06-17,2026-06-15,2,Virtual Account,False
PAY-00200-202606,SME-2024-00200,2026-06,4996165,2026-06-15,2026-06-15,0,Virtual Account,False
PAY-00201-202507,SME-2024-00201,2025-07,1792790,2025-07-15,2025-07-15,0,Bank Transfer,False
PAY-00201-202508,SME-2024-00201,2025-08,1764137,2025-08-15,2025-08-15,0,Auto-debit,False
PAY-00201-202509,SME-2024-00201,2025-09,1849151,2025-09-17,2025-09-15,2,Bank Transfer,False
PAY-00201-202510,SME-2024-00201,2025-10,1812198,2025-10-15,2025-10-15,0,Auto-debit,False
PAY-00201-202511,SME-2024-00201,2025-11,1828415,2025-11-16,2025-11-15,1,Virtual Account,False
PAY-00201-202512,SME-2024-00201,2025-12,1773667,2025-12-17,2025-12-15,2,Bank Transfer,False
PAY-00201-202601,SME-2024-00201,2026-01,1849759,2026-01-15,2026-01-15,0,Bank Transfer,False
PAY-00201-202602,SME-2024-00201,2026-02,1830016,2026-02-16,2026-02-15,1,Auto-debit,False
PAY-00201-202603,SME-2024-00201,2026-03,1796451,2026-03-16,2026-03-15,1,Virtual Account,False
PAY-00201-202604,SME-2024-00201,2026-04,1765944,2026-04-17,2026-04-15,2,Virtual Account,False
PAY-00201-202605,SME-2024-00201,2026-05,1754680,2026-05-15,2026-05-15,0,Virtual Account,False
PAY-00201-202606,SME-2024-00201,2026-06,1826325,2026-06-16,2026-06-15,1,Auto-debit,True
PAY-00202-202601,SME-2024-00202,2026-01,1499679,2026-01-16,2026-01-15,1,Cash,False
PAY-00202-202602,SME-2024-00202,2026-02,1562893,2026-02-17,2026-02-15,2,Bank Transfer,False
PAY-00202-202603,SME-2024-00202,2026-03,1522416,2026-03-16,2026-03-15,1,Virtual Account,False
PAY-00202-202604,SME-2024-00202,2026-04,1553080,2026-04-15,2026-04-15,0,Auto-debit,False
PAY-00202-202605,SME-2024-00202,2026-05,1554758,2026-05-15,2026-05-15,0,Auto-debit,False
PAY-00202-202606,SME-2024-00202,2026-06,1537865,2026-06-18,2026-06-15,3,Bank Transfer,False
PAY-00203-202507,SME-2024-00203,2025-07,1017925,2025-07-15,2025-07-15,0,Virtual Account,False
PAY-00203-202508,SME-2024-00203,2025-08,1049228,2025-08-15,2025-08-15,0,Virtual Account,False
PAY-00203-202509,SME-2024-00203,2025-09,1040073,2025-09-16,2025-09-15,1,Virtual Account,False
PAY-00203-202510,SME-2024-00203,2025-10,1019390,2025-10-15,2025-10-15,0,Cash,False
PAY-00203-202511,SME-2024-00203,2025-11,1035662,2025-11-16,2025-11-15,1,Virtual Account,False
PAY-00203-202512,SME-2024-00203,2025-12,1063789,2025-12-16,2025-12-15,1,Virtual Account,False
PAY-00203-202601,SME-2024-00203,2026-01,1061222,2026-01-15,2026-01-15,0,Virtual Account,False
PAY-00203-202602,SME-2024-00203,2026-02,1034283,2026-02-17,2026-02-15,2,Virtual Account,False
PAY-00203-202603,SME-2024-00203,2026-03,1076807,2026-03-17,2026-03-15,2,Virtual Account,False
PAY-00203-202604,SME-2024-00203,2026-04,1051066,2026-04-17,2026-04-15,2,Virtual Account,False
PAY-00203-202605,SME-2024-00203,2026-05,1039487,2026-05-16,2026-05-15,1,Virtual Account,False
PAY-00203-202606,SME-2024-00203,2026-06,1074977,2026-06-15,2026-06-15,0,Virtual Account,False
PAY-00204-202507,SME-2024-00204,2025-07,821058,2025-07-16,2025-07-15,1,Auto-debit,False
PAY-00204-202508,SME-2024-00204,2025-08,852904,2025-08-15,2025-08-15,0,Bank Transfer,False
PAY-00204-202509,SME-2024-00204,2025-09,808795,2025-09-15,2025-09-15,0,Auto-debit,False
PAY-00204-202510,SME-2024-00204,2025-10,832833,2025-10-17,2025-10-15,2,Auto-debit,False
PAY-00204-202511,SME-2024-00204,2025-11,832442,2025-11-15,2025-11-15,0,Cash,False
PAY-00204-202512,SME-2024-00204,2025-12,807421,2025-12-16,2025-12-15,1,Virtual Account,False
PAY-00204-202601,SME-2024-00204,2026-01,829540,2026-01-15,2026-01-15,0,Virtual Account,False
PAY-00204-202602,SME-2024-00204,2026-02,827497,2026-02-16,2026-02-15,1,Virtual Account,False
PAY-00204-202603,SME-2024-00204,2026-03,843521,2026-03-16,2026-03-15,1,Bank Transfer,False
PAY-00204-202604,SME-2024-00204,2026-04,828726,2026-04-16,2026-04-15,1,Bank Transfer,False
PAY-00204-202605,SME-2024-00204,2026-05,837953,2026-05-17,2026-05-15,2,Auto-debit,False
PAY-00204-202606,SME-2024-00204,2026-06,812158,2026-06-15,2026-06-15,0,Bank Transfer,False
PAY-00205-202507,SME-2024-00205,2025-07,4416629,2025-07-15,2025-07-15,0,Virtual Account,False
PAY-00205-202508,SME-2024-00205,2025-08,4492516,2025-08-15,2025-08-15,0,Auto-debit,False
PAY-00205-202509,SME-2024-00205,2025-09,4436040,2025-09-15,2025-09-15,0,Auto-debit,False
PAY-00205-202510,SME-2024-00205,2025-10,4398652,2025-10-16,2025-10-15,1,Auto-debit,False
PAY-00205-202511,SME-2024-00205,2025-11,4393210,2025-11-16,2025-11-15,1,Bank Transfer,False
PAY-00205-202512,SME-2024-00205,2025-12,4364076,2025-12-15,2025-12-15,0,Virtual Account,False
PAY-00205-202601,SME-2024-00205,2026-01,4369613,2026-01-18,2026-01-15,3,Bank Transfer,False
PAY-00205-202602,SME-2024-00205,2026-02,4492605,2026-02-16,2026-02-15,1,Virtual Account,False
PAY-00205-202603,SME-2024-00205,2026-03,4362168,2026-03-16,2026-03-15,1,Auto-debit,False
PAY-00205-202604,SME-2024-00205,2026-04,4488211,2026-04-15,2026-04-15,0,Virtual Account,False
PAY-00205-202605,SME-2024-00205,2026-05,4541765,2026-05-16,2026-05-15,1,Virtual Account,False
PAY-00205-202606,SME-2024-00205,2026-06,5471116,2026-06-16,2026-06-15,1,Auto-debit,True
PAY-00206-202507,SME-2024-00206,2025-07,1442219,2025-07-15,2025-07-15,0,Virtual Account,False
PAY-00206-202508,SME-2024-00206,2025-08,4661184,2025-08-15,2025-08-15,0,Bank Transfer,False
PAY-00206-202509,SME-2024-00206,2025-09,4546221,2025-09-15,2025-09-15,0,Auto-debit,False
PAY-00206-202510,SME-2024-00206,2025-10,4521572,2025-10-16,2025-10-15,1,Auto-debit,False
PAY-00206-202511,SME-2024-00206,2025-11,4589469,2025-11-16,2025-11-15,1,Virtual Account,False
PAY-00206-202512,SME-2024-00206,2025-12,4637761,2025-12-15,2025-12-15,0,Auto-debit,False
PAY-00206-202601,SME-2024-00206,2026-01,4476357,2026-01-15,2026-01-15,0,Virtual Account,False
PAY-00206-202602,SME-2024-00206,2026-02,4618404,2026-02-15,2026-02-15,0,Virtual Account,False
PAY-00206-202603,SME-2024-00206,2026-03,4653638,2026-03-15,2026-03-15,0,Virtual Account,False
PAY-00206-202604,SME-2024-00206,2026-04,4555474,2026-04-15,2026-04-15,0,Virtual Account,False
PAY-00206-202605,SME-2024-00206,2026-05,4503712,2026-05-15,2026-05-15,0,Bank Transfer,False
PAY-00206-202606,SME-2024-00206,2026-06,4469248,2026-06-15,2026-06-15,0,Bank Transfer,False
PAY-00207-202507,SME-2024-00207,2025-07,2474099,2025-07-15,2025-07-15,0,Bank Transfer,False
PAY-00207-202508,SME-2024-00207,2025-08,2439763,2025-08-15,2025-08-15,0,Bank Transfer,False
PAY-00207-202509,SME-2024-00207,2025-09,2536690,2025-09-16,2025-09-15,1,Virtual Account,False
PAY-00207-202510,SME-2024-00207,2025-10,2422136,2025-10-15,2025-10-15,0,Virtual Account,False
PAY-00207-202511,SME-2024-00207,2025-11,2423957,2025-11-17,2025-11-15,2,Virtual Account,False
PAY-00207-202512,SME-2024-00207,2025-12,2456405,2025-12-16,2025-12-15,1,Auto-debit,False
PAY-00207-202601,SME-2024-00207,2026-01,2461919,2026-01-18,2026-01-15,3,Virtual Account,False
PAY-00207-202602,SME-2024-00207,2026-02,2493182,2026-02-15,2026-02-15,0,Bank Transfer,False
PAY-00207-202603,SME-2024-00207,2026-03,2460566,2026-03-17,2026-03-15,2,Virtual Account,False
PAY-00207-202604,SME-2024-00207,2026-04,2471996,2026-04-15,2026-04-15,0,Bank Transfer,False
PAY-00207-202605,SME-2024-00207,2026-05,2423464,2026-05-15,2026-05-15,0,Bank Transfer,False
PAY-00207-202606,SME-2024-00207,2026-06,2489570,2026-06-15,2026-06-15,0,Auto-debit,False
PAY-00208-202507,SME-2024-00208,2025-07,2359430,2025-07-15,2025-07-15,0,Virtual Account,False
PAY-00208-202508,SME-2024-00208,2025-08,2262283,2025-08-15,2025-08-15,0,Bank Transfer,False
PAY-00208-202509,SME-2024-00208,2025-09,2248624,2025-09-15,2025-09-15,0,Virtual Account,False
PAY-00208-202510,SME-2024-00208,2025-10,2307862,2025-10-15,2025-10-15,0,Virtual Account,False
PAY-00208-202511,SME-2024-00208,2025-11,2272562,2025-11-16,2025-11-15,1,Bank Transfer,False
PAY-00208-202512,SME-2024-00208,2025-12,2320609,2025-12-17,2025-12-15,2,Bank Transfer,False
PAY-00208-202601,SME-2024-00208,2026-01,2329097,2026-01-16,2026-01-15,1,Virtual Account,False
PAY-00208-202602,SME-2024-00208,2026-02,2364146,2026-02-17,2026-02-15,2,Bank Transfer,False
PAY-00208-202603,SME-2024-00208,2026-03,2355137,2026-03-17,2026-03-15,2,Bank Transfer,False
PAY-00208-202604,SME-2024-00208,2026-04,2295970,2026-04-15,2026-04-15,0,Auto-debit,False
PAY-00208-202605,SME-2024-00208,2026-05,2302629,2026-05-16,2026-05-15,1,Cash,False
PAY-00208-202606,SME-2024-00208,2026-06,2296256,2026-06-15,2026-06-15,0,Auto-debit,False
PAY-00209-202507,SME-2024-00209,2025-07,9249868,2025-07-15,2025-07-15,0,Bank Transfer,False
PAY-00209-202508,SME-2024-00209,2025-08,9022830,2025-08-15,2025-08-15,0,Bank Transfer,False
PAY-00209-202509,SME-2024-00209,2025-09,9190035,2025-09-15,2025-09-15,0,Virtual Account,False
PAY-00209-202510,SME-2024-00209,2025-10,9207503,2025-10-16,2025-10-15,1,Auto-debit,False
PAY-00209-202511,SME-2024-00209,2025-11,9242292,2025-11-15,2025-11-15,0,Virtual Account,False
PAY-00209-202512,SME-2024-00209,2025-12,9214261,2025-12-16,2025-12-15,1,Bank Transfer,False
PAY-00209-202601,SME-2024-00209,2026-01,9172731,2026-01-16,2026-01-15,1,Cash,False
PAY-00209-202602,SME-2024-00209,2026-02,9139809,2026-02-17,2026-02-15,2,Virtual Account,False
PAY-00209-202603,SME-2024-00209,2026-03,9065022,2026-03-15,2026-03-15,0,Bank Transfer,False
PAY-00209-202604,SME-2024-00209,2026-04,9232551,2026-04-16,2026-04-15,1,Bank Transfer,False
PAY-00209-202605,SME-2024-00209,2026-05,9498512,2026-05-15,2026-05-15,0,Cash,False
PAY-00209-202606,SME-2024-00209,2026-06,9463660,2026-06-17,2026-06-15,2,Bank Transfer,False
PAY-00210-202507,SME-2024-00210,2025-07,4393212,2025-07-15,2025-07-15,0,Virtual Account,False
PAY-00210-202508,SME-2024-00210,2025-08,4522826,2025-08-15,2025-08-15,0,Virtual Account,False
PAY-00210-202509,SME-2024-00210,2025-09,4428993,2025-09-15,2025-09-15,0,Bank Transfer,False
PAY-00210-202510,SME-2024-00210,2025-10,4538884,2025-10-15,2025-10-15,0,Virtual Account,False
PAY-00210-202511,SME-2024-00210,2025-11,4479691,2025-11-15,2025-11-15,0,Virtual Account,False
PAY-00210-202512,SME-2024-00210,2025-12,4420939,2025-12-15,2025-12-15,0,Virtual Account,False
PAY-00210-202601,SME-2024-00210,2026-01,4303338,2026-01-16,2026-01-15,1,Bank Transfer,False
PAY-00210-202602,SME-2024-00210,2026-02,4518170,2026-02-17,2026-02-15,2,Virtual Account,False
PAY-00210-202603,SME-2024-00210,2026-03,4474372,2026-03-15,2026-03-15,0,Bank Transfer,False
PAY-00210-202604,SME-2024-00210,2026-04,4341639,2026-04-16,2026-04-15,1,Virtual Account,False
PAY-00210-202605,SME-2024-00210,2026-05,4400295,2026-05-15,2026-05-15,0,Auto-debit,False
PAY-00210-202606,SME-2024-00210,2026-06,4347394,2026-06-17,2026-06-15,2,Auto-debit,False
PAY-00211-202601,SME-2024-00211,2026-01,2705565,2026-01-16,2026-01-15,1,Bank Transfer,False
PAY-00211-202602,SME-2024-00211,2026-02,2626901,2026-02-16,2026-02-15,1,Cash,False
PAY-00211-202603,SME-2024-00211,2026-03,2674126,2026-03-15,2026-03-15,0,Virtual Account,False
PAY-00211-202604,SME-2024-00211,2026-04,2721740,2026-04-15,2026-04-15,0,Bank Transfer,False
PAY-00211-202605,SME-2024-00211,2026-05,2616992,2026-05-17,2026-05-15,2,Auto-debit,True
PAY-00211-202606,SME-2024-00211,2026-06,2717474,2026-06-15,2026-06-15,0,Bank Transfer,False
PAY-00212-202507,SME-2024-00212,2025-07,4126014,2025-07-15,2025-07-15,0,Bank Transfer,False
PAY-00212-202508,SME-2024-00212,2025-08,4176323,2025-08-16,2025-08-15,1,Virtual Account,False
PAY-00212-202509,SME-2024-00212,2025-09,4177005,2025-09-15,2025-09-15,0,Virtual Account,False
PAY-00212-202510,SME-2024-00212,2025-10,4201960,2025-10-15,2025-10-15,0,Bank Transfer,False
PAY-00212-202511,SME-2024-00212,2025-11,4281840,2025-11-15,2025-11-15,0,Bank Transfer,False
PAY-00212-202512,SME-2024-00212,2025-12,4153264,2025-12-15,2025-12-15,0,Virtual Account,False
PAY-00212-202601,SME-2024-00212,2026-01,4309800,2026-01-15,2026-01-15,0,Bank Transfer,False
PAY-00212-202602,SME-2024-00212,2026-02,4242603,2026-02-16,2026-02-15,1,Bank Transfer,False
PAY-00212-202603,SME-2024-00212,2026-03,4195299,2026-03-16,2026-03-15,1,Bank Transfer,False
PAY-00212-202604,SME-2024-00212,2026-04,4240849,2026-04-16,2026-04-15,1,Cash,False
PAY-00212-202605,SME-2024-00212,2026-05,4193839,2026-05-16,2026-05-15,1,Virtual Account,False
PAY-00212-202606,SME-2024-00212,2026-06,4239365,2026-06-16,2026-06-15,1,Virtual Account,False
PAY-00213-202507,SME-2024-00213,2025-07,1270293,2025-07-15,2025-07-15,0,Bank Transfer,False
PAY-00213-202508,SME-2024-00213,2025-08,1327500,2025-08-15,2025-08-15,0,Bank Transfer,False
PAY-00213-202509,SME-2024-00213,2025-09,1282811,2025-09-16,2025-09-15,1,Cash,False
PAY-00213-202510,SME-2024-00213,2025-10,1262389,2025-10-15,2025-10-15,0,Auto-debit,False
PAY-00213-202511,SME-2024-00213,2025-11,1289071,2025-11-17,2025-11-15,2,Virtual Account,False
PAY-00213-202512,SME-2024-00213,2025-12,1282822,2025-12-17,2025-12-15,2,Virtual Account,False
PAY-00213-202601,SME-2024-00213,2026-01,1324544,2026-01-15,2026-01-15,0,Bank Transfer,False
PAY-00213-202602,SME-2024-00213,2026-02,1323300,2026-02-15,2026-02-15,0,Virtual Account,False
PAY-00213-202603,SME-2024-00213,2026-03,1293130,2026-03-16,2026-03-15,1,Virtual Account,False
PAY-00213-202604,SME-2024-00213,2026-04,1260058,2026-04-15,2026-04-15,0,Bank Transfer,False
PAY-00213-202605,SME-2024-00213,2026-05,1325053,2026-05-15,2026-05-15,0,Virtual Account,False
PAY-00213-202606,SME-2024-00213,2026-06,1329547,2026-06-17,2026-06-15,2,Auto-debit,False
PAY-00214-202507,SME-2024-00214,2025-07,2278868,2025-07-15,2025-07-15,0,Bank Transfer,False
PAY-00214-202508,SME-2024-00214,2025-08,2286590,2025-08-15,2025-08-15,0,Virtual Account,False
PAY-00214-202509,SME-2024-00214,2025-09,2355026,2025-09-16,2025-09-15,1,Auto-debit,False
PAY-00214-202510,SME-2024-00214,2025-10,2383929,2025-10-16,2025-10-15,1,Virtual Account,False
PAY-00214-202511,SME-2024-00214,2025-11,2377948,2025-11-17,2025-11-15,2,Bank Transfer,False
PAY-00214-202512,SME-2024-00214,2025-12,2307220,2025-12-15,2025-12-15,0,Auto-debit,False
PAY-00214-202601,SME-2024-00214,2026-01,2281688,2026-01-16,2026-01-15,1,Bank Transfer,False
PAY-00214-202602,SME-2024-00214,2026-02,2349170,2026-02-16,2026-02-15,1,Auto-debit,False
PAY-00214-202603,SME-2024-00214,2026-03,2274705,2026-03-15,2026-03-15,0,Auto-debit,False
PAY-00214-202604,SME-2024-00214,2026-04,2320480,2026-04-15,2026-04-15,0,Bank Transfer,False
PAY-00214-202605,SME-2024-00214,2026-05,2336511,2026-05-17,2026-05-15,2,Virtual Account,False
PAY-00214-202606,SME-2024-00214,2026-06,2327553,2026-06-18,2026-06-15,3,Virtual Account,False
PAY-00215-202507,SME-2024-00215,2025-07,1165725,2025-07-15,2025-07-15,0,Auto-debit,False
PAY-00215-202508,SME-2024-00215,2025-08,1170819,2025-08-15,2025-08-15,0,Auto-debit,False
PAY-00215-202509,SME-2024-00215,2025-09,1153875,2025-09-15,2025-09-15,0,Auto-debit,False
PAY-00215-202510,SME-2024-00215,2025-10,1164564,2025-10-15,2025-10-15,0,Bank Transfer,False
PAY-00215-202511,SME-2024-00215,2025-11,1156845,2025-11-15,2025-11-15,0,Bank Transfer,False
PAY-00215-202512,SME-2024-00215,2025-12,1158339,2025-12-18,2025-12-15,3,Virtual Account,False
PAY-00215-202601,SME-2024-00215,2026-01,1198807,2026-01-16,2026-01-15,1,Virtual Account,False
PAY-00215-202602,SME-2024-00215,2026-02,1137002,2026-02-16,2026-02-15,1,Bank Transfer,False
PAY-00215-202603,SME-2024-00215,2026-03,1196464,2026-03-15,2026-03-15,0,Bank Transfer,False
PAY-00215-202604,SME-2024-00215,2026-04,1187197,2026-04-17,2026-04-15,2,Virtual Account,False
PAY-00215-202605,SME-2024-00215,2026-05,1169709,2026-05-16,2026-05-15,1,Bank Transfer,False
PAY-00215-202606,SME-2024-00215,2026-06,1160848,2026-06-16,2026-06-15,1,Auto-debit,False
PAY-00216-202507,SME-2024-00216,2025-07,2227431,2025-07-15,2025-07-15,0,Virtual Account,False
PAY-00216-202508,SME-2024-00216,2025-08,2294784,2025-08-16,2025-08-15,1,Bank Transfer,False
PAY-00216-202509,SME-2024-00216,2025-09,2218926,2025-09-15,2025-09-15,0,Auto-debit,False
PAY-00216-202510,SME-2024-00216,2025-10,2260606,2025-10-16,2025-10-15,1,Auto-debit,False
PAY-00216-202511,SME-2024-00216,2025-11,2200195,2025-11-16,2025-11-15,1,Virtual Account,False
PAY-00216-202512,SME-2024-00216,2025-12,2264142,2025-12-17,2025-12-15,2,Auto-debit,False
PAY-00216-202601,SME-2024-00216,2026-01,2203259,2026-01-15,2026-01-15,0,Virtual Account,False
PAY-00216-202602,SME-2024-00216,2026-02,2218979,2026-02-15,2026-02-15,0,Cash,False
PAY-00216-202603,SME-2024-00216,2026-03,2247215,2026-03-16,2026-03-15,1,Bank Transfer,False
PAY-00216-202604,SME-2024-00216,2026-04,2184733,2026-04-16,2026-04-15,1,Virtual Account,False
PAY-00216-202605,SME-2024-00216,2026-05,2192067,2026-05-15,2026-05-15,0,Virtual Account,False
PAY-00216-202606,SME-2024-00216,2026-06,2261461,2026-06-15,2026-06-15,0,Auto-debit,False
PAY-00217-202604,SME-2024-00217,2026-04,1335553,2026-04-17,2026-04-15,2,Bank Transfer,False
PAY-00217-202605,SME-2024-00217,2026-05,1373117,2026-05-15,2026-05-15,0,Bank Transfer,False
PAY-00217-202606,SME-2024-00217,2026-06,1360678,2026-06-15,2026-06-15,0,Virtual Account,False
PAY-00218-202604,SME-2024-00218,2026-04,2906604,2026-04-17,2026-04-15,2,Auto-debit,True
PAY-00218-202605,SME-2024-00218,2026-05,2944768,2026-05-16,2026-05-15,1,Virtual Account,False
PAY-00218-202606,SME-2024-00218,2026-06,2911298,2026-06-16,2026-06-15,1,Virtual Account,False
PAY-00219-202507,SME-2024-00219,2025-07,7912812,2025-07-16,2025-07-15,1,Cash,False
PAY-00219-202508,SME-2024-00219,2025-08,7878461,2025-08-15,2025-08-15,0,Bank Transfer,False
PAY-00219-202509,SME-2024-00219,2025-09,7869615,2025-09-15,2025-09-15,0,Virtual Account,False
PAY-00219-202510,SME-2024-00219,2025-10,7656570,2025-10-16,2025-10-15,1,Auto-debit,False
PAY-00219-202511,SME-2024-00219,2025-11,7871984,2025-11-16,2025-11-15,1,Cash,False
PAY-00219-202512,SME-2024-00219,2025-12,7905099,2025-12-17,2025-12-15,2,Bank Transfer,False
PAY-00219-202601,SME-2024-00219,2026-01,7764297,2026-01-16,2026-01-15,1,Auto-debit,False
PAY-00219-202602,SME-2024-00219,2026-02,7709158,2026-02-16,2026-02-15,1,Virtual Account,False
PAY-00219-202603,SME-2024-00219,2026-03,7703843,2026-03-15,2026-03-15,0,Auto-debit,False
PAY-00219-202604,SME-2024-00219,2026-04,8001156,2026-04-16,2026-04-15,1,Virtual Account,False
PAY-00219-202605,SME-2024-00219,2026-05,7940151,2026-05-15,2026-05-15,0,Bank Transfer,False
PAY-00219-202606,SME-2024-00219,2026-06,7891755,2026-06-17,2026-06-15,2,Virtual Account,False
PAY-00220-202507,SME-2024-00220,2025-07,3284510,2025-07-15,2025-07-15,0,Auto-debit,False
PAY-00220-202508,SME-2024-00220,2025-08,3219822,2025-08-15,2025-08-15,0,Virtual Account,False
PAY-00220-202509,SME-2024-00220,2025-09,3231763,2025-09-15,2025-09-15,0,Bank Transfer,False
PAY-00220-202510,SME-2024-00220,2025-10,3202216,2025-10-15,2025-10-15,0,Auto-debit,False
PAY-00220-202511,SME-2024-00220,2025-11,3235106,2025-11-17,2025-11-15,2,Virtual Account,False
PAY-00220-202512,SME-2024-00220,2025-12,3285919,2025-12-16,2025-12-15,1,Virtual Account,False
PAY-00220-202601,SME-2024-00220,2026-01,3183291,2026-01-16,2026-01-15,1,Cash,False
PAY-00220-202602,SME-2024-00220,2026-02,3257447,2026-02-15,2026-02-15,0,Cash,False
PAY-00220-202603,SME-2024-00220,2026-03,3281760,2026-03-19,2026-03-15,4,Virtual Account,False
PAY-00220-202604,SME-2024-00220,2026-04,3313292,2026-04-15,2026-04-15,0,Cash,False
PAY-00220-202605,SME-2024-00220,2026-05,3266048,2026-05-15,2026-05-15,0,Virtual Account,False
PAY-00220-202606,SME-2024-00220,2026-06,3256001,2026-06-17,2026-06-15,2,Virtual Account,True
PAY-00221-202507,SME-2024-00221,2025-07,3972891,2025-07-16,2025-07-15,1,Virtual Account,False
PAY-00221-202508,SME-2024-00221,2025-08,4045999,2025-08-16,2025-08-15,1,Bank Transfer,False
PAY-00221-202509,SME-2024-00221,2025-09,4194522,2025-09-16,2025-09-15,1,Auto-debit,False
PAY-00221-202510,SME-2024-00221,2025-10,4097255,2025-10-15,2025-10-15,0,Bank Transfer,False
PAY-00221-202511,SME-2024-00221,2025-11,3979407,2025-11-17,2025-11-15,2,Bank Transfer,False
PAY-00221-202512,SME-2024-00221,2025-12,4007793,2025-12-15,2025-12-15,0,Virtual Account,False
PAY-00221-202601,SME-2024-00221,2026-01,4084432,2026-01-16,2026-01-15,1,Cash,False
PAY-00221-202602,SME-2024-00221,2026-02,4146418,2026-02-15,2026-02-15,0,Virtual Account,False
PAY-00221-202603,SME-2024-00221,2026-03,4131444,2026-03-17,2026-03-15,2,Virtual Account,True
PAY-00221-202604,SME-2024-00221,2026-04,4184029,2026-04-16,2026-04-15,1,Virtual Account,False
PAY-00221-202605,SME-2024-00221,2026-05,3987321,2026-05-16,2026-05-15,1,Auto-debit,False
PAY-00221-202606,SME-2024-00221,2026-06,4056365,2026-06-17,2026-06-15,2,Bank Transfer,False
PAY-00222-202507,SME-2024-00222,2025-07,2953345,2025-07-16,2025-07-15,1,Virtual Account,False
PAY-00222-202508,SME-2024-00222,2025-08,2963045,2025-08-16,2025-08-15,1,Virtual Account,False
PAY-00222-202509,SME-2024-00222,2025-09,2894611,2025-09-15,2025-09-15,0,Bank Transfer,False
PAY-00222-202510,SME-2024-00222,2025-10,2951234,2025-10-16,2025-10-15,1,Bank Transfer,False
PAY-00222-202511,SME-2024-00222,2025-11,2858963,2025-11-16,2025-11-15,1,Cash,False
PAY-00222-202512,SME-2024-00222,2025-12,2913375,2025-12-15,2025-12-15,0,Virtual Account,False
PAY-00222-202601,SME-2024-00222,2026-01,2875930,2026-01-15,2026-01-15,0,Auto-debit,False
PAY-00222-202602,SME-2024-00222,2026-02,2945962,2026-02-16,2026-02-15,1,Cash,False
PAY-00222-202603,SME-2024-00222,2026-03,2828184,2026-03-17,2026-03-15,2,Bank Transfer,False
PAY-00222-202604,SME-2024-00222,2026-04,2887272,2026-04-15,2026-04-15,0,Virtual Account,False
PAY-00222-202605,SME-2024-00222,2026-05,2890609,2026-05-16,2026-05-15,1,Auto-debit,False
PAY-00222-202606,SME-2024-00222,2026-06,5783816,2026-06-16,2026-06-15,1,Virtual Account,False
PAY-00223-202507,SME-2024-00223,2025-07,756105,2025-07-15,2025-07-15,0,Bank Transfer,False
PAY-00223-202508,SME-2024-00223,2025-08,777295,2025-08-15,2025-08-15,0,Auto-debit,False
PAY-00223-202509,SME-2024-00223,2025-09,759850,2025-09-17,2025-09-15,2,Bank Transfer,False
PAY-00223-202510,SME-2024-00223,2025-10,768225,2025-10-16,2025-10-15,1,Auto-debit,False
PAY-00223-202511,SME-2024-00223,2025-11,779530,2025-11-16,2025-11-15,1,Bank Transfer,False
PAY-00223-202512,SME-2024-00223,2025-12,782050,2025-12-16,2025-12-15,1,Auto-debit,False
PAY-00223-202601,SME-2024-00223,2026-01,783725,2026-01-16,2026-01-15,1,Bank Transfer,False
PAY-00223-202602,SME-2024-00223,2026-02,776713,2026-02-15,2026-02-15,0,Virtual Account,False
PAY-00223-202603,SME-2024-00223,2026-03,752392,2026-03-16,2026-03-15,1,Virtual Account,False
PAY-00223-202604,SME-2024-00223,2026-04,792764,2026-04-17,2026-04-15,2,Virtual Account,False
PAY-00223-202605,SME-2024-00223,2026-05,756628,2026-05-16,2026-05-15,1,Cash,False
PAY-00223-202606,SME-2024-00223,2026-06,765327,2026-06-17,2026-06-15,2,Auto-debit,False
PAY-00224-202507,SME-2024-00224,2025-07,7074442,2025-07-16,2025-07-15,1,Cash,False
PAY-00224-202508,SME-2024-00224,2025-08,6969541,2025-08-17,2025-08-15,2,Virtual Account,False
PAY-00224-202509,SME-2024-00224,2025-09,7099176,2025-09-15,2025-09-15,0,Virtual Account,False
PAY-00224-202510,SME-2024-00224,2025-10,7126098,2025-10-15,2025-10-15,0,Bank Transfer,False
PAY-00224-202511,SME-2024-00224,2025-11,6977463,2025-11-17,2025-11-15,2,Bank Transfer,False
PAY-00224-202512,SME-2024-00224,2025-12,7010137,2025-12-15,2025-12-15,0,Virtual Account,False
PAY-00224-202601,SME-2024-00224,2026-01,6883020,2026-01-15,2026-01-15,0,Bank Transfer,False
PAY-00224-202602,SME-2024-00224,2026-02,6887831,2026-02-17,2026-02-15,2,Bank Transfer,False
PAY-00224-202603,SME-2024-00224,2026-03,7276461,2026-03-18,2026-03-15,3,Bank Transfer,False
PAY-00224-202604,SME-2024-00224,2026-04,6984992,2026-04-17,2026-04-15,2,Auto-debit,False
PAY-00224-202605,SME-2024-00224,2026-05,7024398,2026-05-18,2026-05-15,3,Virtual Account,False
PAY-00224-202606,SME-2024-00224,2026-06,7087151,2026-06-15,2026-06-15,0,Cash,False
PAY-00225-202606,SME-2024-00225,2026-06,1195213,2026-06-16,2026-06-15,1,Bank Transfer,False
PAY-00226-202507,SME-2024-00226,2025-07,3159183,2025-07-15,2025-07-15,0,Cash,False
PAY-00226-202508,SME-2024-00226,2025-08,3184984,2025-08-15,2025-08-15,0,Auto-debit,False
PAY-00226-202509,SME-2024-00226,2025-09,3102368,2025-09-16,2025-09-15,1,Virtual Account,False
PAY-00226-202510,SME-2024-00226,2025-10,3233196,2025-10-15,2025-10-15,0,Auto-debit,False
PAY-00226-202511,SME-2024-00226,2025-11,3217711,2025-11-16,2025-11-15,1,Auto-debit,False
PAY-00226-202512,SME-2024-00226,2025-12,3233138,2025-12-15,2025-12-15,0,Virtual Account,False
PAY-00226-202601,SME-2024-00226,2026-01,3103711,2026-01-15,2026-01-15,0,Virtual Account,True
PAY-00226-202602,SME-2024-00226,2026-02,3110268,2026-02-16,2026-02-15,1,Bank Transfer,False
PAY-00226-202603,SME-2024-00226,2026-03,3201548,2026-03-17,2026-03-15,2,Virtual Account,False
PAY-00226-202604,SME-2024-00226,2026-04,3094187,2026-04-19,2026-04-15,4,Virtual Account,False
PAY-00226-202605,SME-2024-00226,2026-05,3165007,2026-05-15,2026-05-15,0,Auto-debit,False
PAY-00226-202606,SME-2024-00226,2026-06,3057699,2026-06-15,2026-06-15,0,Auto-debit,False
PAY-00227-202507,SME-2024-00227,2025-07,1496054,2025-07-16,2025-07-15,1,Cash,False
PAY-00227-202508,SME-2024-00227,2025-08,1506630,2025-08-16,2025-08-15,1,Virtual Account,False
PAY-00227-202509,SME-2024-00227,2025-09,1498776,2025-09-15,2025-09-15,0,Auto-debit,False
PAY-00227-202510,SME-2024-00227,2025-10,1510964,2025-10-15,2025-10-15,0,Virtual Account,False
PAY-00227-202511,SME-2024-00227,2025-11,1513693,2025-11-16,2025-11-15,1,Virtual Account,False
PAY-00227-202512,SME-2024-00227,2025-12,1557231,2025-12-15,2025-12-15,0,Virtual Account,False
PAY-00227-202601,SME-2024-00227,2026-01,1549018,2026-01-17,2026-01-15,2,Virtual Account,False
PAY-00227-202602,SME-2024-00227,2026-02,1537580,2026-02-16,2026-02-15,1,Virtual Account,False
PAY-00227-202603,SME-2024-00227,2026-03,1555972,2026-03-16,2026-03-15,1,Cash,False
PAY-00227-202604,SME-2024-00227,2026-04,1539699,2026-04-16,2026-04-15,1,Virtual Account,False
PAY-00227-202605,SME-2024-00227,2026-05,1534940,2026-05-17,2026-05-15,2,Virtual Account,False
PAY-00227-202606,SME-2024-00227,2026-06,1538402,2026-06-15,2026-06-15,0,Virtual Account,True
PAY-00228-202601,SME-2024-00228,2026-01,1101987,2026-01-16,2026-01-15,1,Cash,False
PAY-00228-202602,SME-2024-00228,2026-02,1089666,2026-02-15,2026-02-15,0,Virtual Account,False
PAY-00228-202603,SME-2024-00228,2026-03,1151686,2026-03-15,2026-03-15,0,Bank Transfer,False
PAY-00228-202604,SME-2024-00228,2026-04,1122330,2026-04-17,2026-04-15,2,Virtual Account,False
PAY-00228-202605,SME-2024-00228,2026-05,1120372,2026-05-17,2026-05-15,2,Virtual Account,False
PAY-00228-202606,SME-2024-00228,2026-06,1097400,2026-06-17,2026-06-15,2,Bank Transfer,False
PAY-00229-202507,SME-2024-00229,2025-07,5559069,2025-07-15,2025-07-15,0,Bank Transfer,False
PAY-00229-202508,SME-2024-00229,2025-08,5456211,2025-08-16,2025-08-15,1,Virtual Account,False
PAY-00229-202509,SME-2024-00229,2025-09,5488241,2025-09-16,2025-09-15,1,Bank Transfer,False
PAY-00229-202510,SME-2024-00229,2025-10,5394792,2025-10-15,2025-10-15,0,Bank Transfer,False
PAY-00229-202511,SME-2024-00229,2025-11,5523152,2025-11-15,2025-11-15,0,Cash,False
PAY-00229-202512,SME-2024-00229,2025-12,5572677,2025-12-17,2025-12-15,2,Bank Transfer,False
PAY-00229-202601,SME-2024-00229,2026-01,5542048,2026-01-16,2026-01-15,1,Bank Transfer,False
PAY-00229-202602,SME-2024-00229,2026-02,5347339,2026-02-15,2026-02-15,0,Bank Transfer,False
PAY-00229-202603,SME-2024-00229,2026-03,5520755,2026-03-16,2026-03-15,1,Virtual Account,False
PAY-00229-202604,SME-2024-00229,2026-04,5303080,2026-04-16,2026-04-15,1,Virtual Account,False
PAY-00229-202605,SME-2024-00229,2026-05,5597603,2026-05-17,2026-05-15,2,Virtual Account,False
PAY-00229-202606,SME-2024-00229,2026-06,5560878,2026-06-16,2026-06-15,1,Cash,False
PAY-00230-202507,SME-2024-00230,2025-07,1032243,2025-07-15,2025-07-15,0,Bank Transfer,False
PAY-00230-202508,SME-2024-00230,2025-08,1028943,2025-08-16,2025-08-15,1,Auto-debit,False
PAY-00230-202509,SME-2024-00230,2025-09,1010772,2025-09-16,2025-09-15,1,Bank Transfer,False
PAY-00230-202510,SME-2024-00230,2025-10,1004240,2025-10-15,2025-10-15,0,Virtual Account,True
PAY-00230-202511,SME-2024-00230,2025-11,987278,2025-11-15,2025-11-15,0,Cash,False
PAY-00230-202512,SME-2024-00230,2025-12,1021599,2025-12-15,2025-12-15,0,Bank Transfer,False
PAY-00230-202601,SME-2024-00230,2026-01,1013322,2026-01-17,2026-01-15,2,Virtual Account,False
PAY-00230-202602,SME-2024-00230,2026-02,1010299,2026-02-17,2026-02-15,2,Virtual Account,False
PAY-00230-202603,SME-2024-00230,2026-03,1018189,2026-03-16,2026-03-15,1,Virtual Account,False
PAY-00230-202604,SME-2024-00230,2026-04,1035517,2026-04-17,2026-04-15,2,Cash,False
PAY-00230-202605,SME-2024-00230,2026-05,1030042,2026-05-15,2026-05-15,0,Cash,False
PAY-00230-202606,SME-2024-00230,2026-06,1013894,2026-06-16,2026-06-15,1,Bank Transfer,False
PAY-00231-202507,SME-2024-00231,2025-07,10030543,2025-07-15,2025-07-15,0,Bank Transfer,False
PAY-00231-202508,SME-2024-00231,2025-08,10255670,2025-08-15,2025-08-15,0,Bank Transfer,False
PAY-00231-202509,SME-2024-00231,2025-09,9790184,2025-09-17,2025-09-15,2,Cash,False
PAY-00231-202510,SME-2024-00231,2025-10,10169730,2025-10-15,2025-10-15,0,Virtual Account,False
PAY-00231-202511,SME-2024-00231,2025-11,10160662,2025-11-15,2025-11-15,0,Auto-debit,False
PAY-00231-202512,SME-2024-00231,2025-12,10109166,2025-12-15,2025-12-15,0,Bank Transfer,False
PAY-00231-202601,SME-2024-00231,2026-01,10054878,2026-01-15,2026-01-15,0,Bank Transfer,False
PAY-00231-202602,SME-2024-00231,2026-02,10022436,2026-02-16,2026-02-15,1,Virtual Account,False
PAY-00231-202603,SME-2024-00231,2026-03,10095375,2026-03-16,2026-03-15,1,Virtual Account,False
PAY-00231-202604,SME-2024-00231,2026-04,9833181,2026-04-15,2026-04-15,0,Bank Transfer,False
PAY-00231-202605,SME-2024-00231,2026-05,10000145,2026-05-16,2026-05-15,1,Auto-debit,False
PAY-00231-202606,SME-2024-00231,2026-06,10032696,2026-06-15,2026-06-15,0,Auto-debit,False
PAY-00232-202507,SME-2024-00232,2025-07,1047480,2025-07-16,2025-07-15,1,Virtual Account,False
PAY-00232-202508,SME-2024-00232,2025-08,1046214,2025-08-15,2025-08-15,0,Auto-debit,True
PAY-00232-202509,SME-2024-00232,2025-09,1045582,2025-09-17,2025-09-15,2,Virtual Account,False
PAY-00232-202510,SME-2024-00232,2025-10,1063988,2025-10-16,2025-10-15,1,Cash,False
PAY-00232-202511,SME-2024-00232,2025-11,1087131,2025-11-17,2025-11-15,2,Bank Transfer,False
PAY-00232-202512,SME-2024-00232,2025-12,1083668,2025-12-18,2025-12-15,3,Auto-debit,False
PAY-00232-202601,SME-2024-00232,2026-01,1044479,2026-01-15,2026-01-15,0,Virtual Account,False
PAY-00232-202602,SME-2024-00232,2026-02,1090625,2026-02-16,2026-02-15,1,Virtual Account,False
PAY-00232-202603,SME-2024-00232,2026-03,1064301,2026-03-15,2026-03-15,0,Auto-debit,False
PAY-00232-202604,SME-2024-00232,2026-04,1082005,2026-04-15,2026-04-15,0,Bank Transfer,False
PAY-00232-202605,SME-2024-00232,2026-05,1093515,2026-05-15,2026-05-15,0,Virtual Account,False
PAY-00232-202606,SME-2024-00232,2026-06,1058690,2026-06-16,2026-06-15,1,Cash,False
PAY-00233-202507,SME-2024-00233,2025-07,1849091,2025-07-15,2025-07-15,0,Virtual Account,False
PAY-00233-202508,SME-2024-00233,2025-08,1840426,2025-08-15,2025-08-15,0,Auto-debit,False
PAY-00233-202509,SME-2024-00233,2025-09,1868197,2025-09-15,2025-09-15,0,Bank Transfer,False
PAY-00233-202510,SME-2024-00233,2025-10,1792549,2025-10-19,2025-10-15,4,Cash,False
PAY-00233-202511,SME-2024-00233,2025-11,1865854,2025-11-15,2025-11-15,0,Virtual Account,False
PAY-00233-202512,SME-2024-00233,2025-12,1812290,2025-12-16,2025-12-15,1,Auto-debit,False
PAY-00233-202601,SME-2024-00233,2026-01,1819109,2026-01-17,2026-01-15,2,Virtual Account,False
PAY-00233-202602,SME-2024-00233,2026-02,1856107,2026-02-15,2026-02-15,0,Virtual Account,False
PAY-00233-202603,SME-2024-00233,2026-03,1789030,2026-03-16,2026-03-15,1,Virtual Account,False
PAY-00233-202604,SME-2024-00233,2026-04,1843183,2026-04-15,2026-04-15,0,Bank Transfer,False
PAY-00233-202605,SME-2024-00233,2026-05,1781847,2026-05-17,2026-05-15,2,Auto-debit,False
PAY-00233-202606,SME-2024-00233,2026-06,1814920,2026-06-17,2026-06-15,2,Bank Transfer,False
PAY-00234-202507,SME-2024-00234,2025-07,1942697,2025-07-15,2025-07-15,0,Virtual Account,False
PAY-00234-202508,SME-2024-00234,2025-08,2044125,2025-08-15,2025-08-15,0,Virtual Account,False
PAY-00234-202509,SME-2024-00234,2025-09,1960312,2025-09-15,2025-09-15,0,Virtual Account,False
PAY-00234-202510,SME-2024-00234,2025-10,2054256,2025-10-16,2025-10-15,1,Virtual Account,False
PAY-00234-202511,SME-2024-00234,2025-11,1948325,2025-11-16,2025-11-15,1,Virtual Account,False
PAY-00234-202512,SME-2024-00234,2025-12,1966985,2025-12-15,2025-12-15,0,Virtual Account,False
PAY-00234-202601,SME-2024-00234,2026-01,2012193,2026-01-16,2026-01-15,1,Virtual Account,False
PAY-00234-202602,SME-2024-00234,2026-02,2043871,2026-02-16,2026-02-15,1,Bank Transfer,False
PAY-00234-202603,SME-2024-00234,2026-03,2046796,2026-03-15,2026-03-15,0,Virtual Account,False
PAY-00234-202604,SME-2024-00234,2026-04,4278136,2026-04-16,2026-04-15,1,Auto-debit,False
PAY-00234-202605,SME-2024-00234,2026-05,4107327,2026-05-16,2026-05-15,1,Auto-debit,False
PAY-00234-202606,SME-2024-00234,2026-06,4192410,2026-06-16,2026-06-15,1,Virtual Account,False
PAY-00235-202507,SME-2024-00235,2025-07,4281138,2025-07-15,2025-07-15,0,Virtual Account,False
PAY-00235-202508,SME-2024-00235,2025-08,4231015,2025-08-15,2025-08-15,0,Virtual Account,False
PAY-00235-202509,SME-2024-00235,2025-09,4089417,2025-09-15,2025-09-15,0,Virtual Account,False
PAY-00235-202510,SME-2024-00235,2025-10,4253361,2025-10-15,2025-10-15,0,Virtual Account,True
PAY-00235-202511,SME-2024-00235,2025-11,4313855,2025-11-17,2025-11-15,2,Auto-debit,False
PAY-00235-202512,SME-2024-00235,2025-12,4197544,2025-12-15,2025-12-15,0,Cash,False
PAY-00235-202601,SME-2024-00235,2026-01,4116365,2026-01-15,2026-01-15,0,Auto-debit,False
PAY-00235-202602,SME-2024-00235,2026-02,5420857,2026-02-15,2026-02-15,0,Virtual Account,False
PAY-00235-202603,SME-2024-00235,2026-03,5344679,2026-03-17,2026-03-15,2,Virtual Account,False
PAY-00235-202604,SME-2024-00235,2026-04,5421540,2026-04-17,2026-04-15,2,Virtual Account,False
PAY-00235-202605,SME-2024-00235,2026-05,5563493,2026-05-15,2026-05-15,0,Virtual Account,False
PAY-00235-202606,SME-2024-00235,2026-06,5543328,2026-06-17,2026-06-15,2,Virtual Account,False
PAY-00236-202507,SME-2024-00236,2025-07,10801182,2025-07-16,2025-07-15,1,Virtual Account,False
PAY-00236-202508,SME-2024-00236,2025-08,11052961,2025-08-15,2025-08-15,0,Bank Transfer,False
PAY-00236-202509,SME-2024-00236,2025-09,10781653,2025-09-17,2025-09-15,2,Virtual Account,False
PAY-00236-202510,SME-2024-00236,2025-10,10699003,2025-10-15,2025-10-15,0,Virtual Account,False
PAY-00236-202511,SME-2024-00236,2025-11,10693668,2025-11-15,2025-11-15,0,Virtual Account,False
PAY-00236-202512,SME-2024-00236,2025-12,11036323,2025-12-16,2025-12-15,1,Virtual Account,False
PAY-00236-202601,SME-2024-00236,2026-01,10665560,2026-01-15,2026-01-15,0,Auto-debit,False
PAY-00236-202602,SME-2024-00236,2026-02,10902554,2026-02-16,2026-02-15,1,Auto-debit,False
PAY-00236-202603,SME-2024-00236,2026-03,11036946,2026-03-15,2026-03-15,0,Auto-debit,False
PAY-00236-202604,SME-2024-00236,2026-04,10857397,2026-04-18,2026-04-15,3,Virtual Account,False
PAY-00236-202605,SME-2024-00236,2026-05,10990218,2026-05-18,2026-05-15,3,Auto-debit,False
PAY-00236-202606,SME-2024-00236,2026-06,11164025,2026-06-18,2026-06-15,3,Auto-debit,False
PAY-00237-202605,SME-2024-00237,2026-05,4915120,2026-05-16,2026-05-15,1,Auto-debit,False
PAY-00237-202606,SME-2024-00237,2026-06,5114991,2026-06-15,2026-06-15,0,Virtual Account,False
PAY-00239-202602,SME-2024-00239,2026-02,2686722,2026-02-17,2026-02-15,2,Bank Transfer,False
PAY-00239-202603,SME-2024-00239,2026-03,2712853,2026-03-16,2026-03-15,1,Cash,False
PAY-00239-202604,SME-2024-00239,2026-04,2742828,2026-04-15,2026-04-15,0,Bank Transfer,True
PAY-00239-202605,SME-2024-00239,2026-05,2688475,2026-05-16,2026-05-15,1,Bank Transfer,False
PAY-00239-202606,SME-2024-00239,2026-06,2729697,2026-06-16,2026-06-15,1,Virtual Account,False
PAY-00240-202507,SME-2024-00240,2025-07,2119015,2025-07-15,2025-07-15,0,Virtual Account,False
PAY-00240-202508,SME-2024-00240,2025-08,2078522,2025-08-17,2025-08-15,2,Auto-debit,False
PAY-00240-202509,SME-2024-00240,2025-09,2013510,2025-09-18,2025-09-15,3,Auto-debit,False
PAY-00240-202510,SME-2024-00240,2025-10,2047662,2025-10-15,2025-10-15,0,Virtual Account,False
PAY-00240-202511,SME-2024-00240,2025-11,2115492,2025-11-15,2025-11-15,0,Auto-debit,True
PAY-00240-202512,SME-2024-00240,2025-12,2048552,2025-12-16,2025-12-15,1,Cash,False
PAY-00240-202601,SME-2024-00240,2026-01,2021418,2026-01-17,2026-01-15,2,Virtual Account,False
PAY-00240-202602,SME-2024-00240,2026-02,2085700,2026-02-15,2026-02-15,0,Virtual Account,False
PAY-00240-202603,SME-2024-00240,2026-03,2092005,2026-03-15,2026-03-15,0,Auto-debit,True
PAY-00240-202604,SME-2024-00240,2026-04,2050287,2026-04-17,2026-04-15,2,Virtual Account,False
PAY-00240-202605,SME-2024-00240,2026-05,2028801,2026-05-16,2026-05-15,1,Virtual Account,False
PAY-00240-202606,SME-2024-00240,2026-06,2094940,2026-06-18,2026-06-15,3,Auto-debit,False
PAY-00241-202507,SME-2024-00241,2025-07,5351212,2025-07-15,2025-07-15,0,Bank Transfer,False
PAY-00241-202508,SME-2024-00241,2025-08,5297276,2025-08-15,2025-08-15,0,Auto-debit,False
PAY-00241-202509,SME-2024-00241,2025-09,5480765,2025-09-16,2025-09-15,1,Virtual Account,False
PAY-00241-202510,SME-2024-00241,2025-10,5397797,2025-10-15,2025-10-15,0,Bank Transfer,False
PAY-00241-202511,SME-2024-00241,2025-11,5240658,2025-11-17,2025-11-15,2,Virtual Account,False
PAY-00241-202512,SME-2024-00241,2025-12,5223218,2025-12-16,2025-12-15,1,Auto-debit,False
PAY-00241-202601,SME-2024-00241,2026-01,5191654,2026-01-16,2026-01-15,1,Virtual Account,False
PAY-00241-202602,SME-2024-00241,2026-02,5273878,2026-02-15,2026-02-15,0,Virtual Account,False
PAY-00241-202603,SME-2024-00241,2026-03,5498147,2026-03-15,2026-03-15,0,Auto-debit,False
PAY-00241-202604,SME-2024-00241,2026-04,5337294,2026-04-16,2026-04-15,1,Bank Transfer,False
PAY-00241-202605,SME-2024-00241,2026-05,5196017,2026-05-15,2026-05-15,0,Virtual Account,False
PAY-00241-202606,SME-2024-00241,2026-06,5268955,2026-06-16,2026-06-15,1,Bank Transfer,False
PAY-00243-202507,SME-2024-00243,2025-07,2929734,2025-07-15,2025-07-15,0,Virtual Account,False
PAY-00243-202508,SME-2024-00243,2025-08,2857356,2025-08-15,2025-08-15,0,Virtual Account,False
PAY-00243-202509,SME-2024-00243,2025-09,2857419,2025-09-16,2025-09-15,1,Cash,False
PAY-00243-202510,SME-2024-00243,2025-10,2941262,2025-10-16,2025-10-15,1,Auto-debit,False
PAY-00243-202511,SME-2024-00243,2025-11,12132005,2025-11-15,2025-11-15,0,Virtual Account,False
PAY-00243-202512,SME-2024-00243,2025-12,12283039,2025-12-16,2025-12-15,1,Bank Transfer,False
PAY-00243-202601,SME-2024-00243,2026-01,11927850,2026-01-15,2026-01-15,0,Bank Transfer,False
PAY-00243-202602,SME-2024-00243,2026-02,12421827,2026-02-15,2026-02-15,0,Virtual Account,False
PAY-00243-202603,SME-2024-00243,2026-03,12338447,2026-03-17,2026-03-15,2,Bank Transfer,False
PAY-00243-202604,SME-2024-00243,2026-04,12020167,2026-04-15,2026-04-15,0,Bank Transfer,False
PAY-00243-202605,SME-2024-00243,2026-05,12653669,2026-05-15,2026-05-15,0,Auto-debit,False
PAY-00243-202606,SME-2024-00243,2026-06,12371822,2026-06-15,2026-06-15,0,Bank Transfer,False
PAY-00244-202507,SME-2024-00244,2025-07,3563800,2025-07-15,2025-07-15,0,Bank Transfer,False
PAY-00244-202508,SME-2024-00244,2025-08,3537484,2025-08-15,2025-08-15,0,Bank Transfer,False
PAY-00244-202509,SME-2024-00244,2025-09,3425332,2025-09-15,2025-09-15,0,Bank Transfer,False
PAY-00244-202510,SME-2024-00244,2025-10,3439385,2025-10-15,2025-10-15,0,Virtual Account,False
PAY-00244-202511,SME-2024-00244,2025-11,3551700,2025-11-15,2025-11-15,0,Virtual Account,False
PAY-00244-202512,SME-2024-00244,2025-12,3577383,2025-12-16,2025-12-15,1,Bank Transfer,False
PAY-00244-202601,SME-2024-00244,2026-01,3538592,2026-01-17,2026-01-15,2,Virtual Account,False
PAY-00244-202602,SME-2024-00244,2026-02,3525569,2026-02-15,2026-02-15,0,Bank Transfer,False
PAY-00244-202603,SME-2024-00244,2026-03,3449129,2026-03-16,2026-03-15,1,Cash,False
PAY-00244-202604,SME-2024-00244,2026-04,3456775,2026-04-15,2026-04-15,0,Bank Transfer,False
PAY-00244-202605,SME-2024-00244,2026-05,3516862,2026-05-16,2026-05-15,1,Cash,False
PAY-00244-202606,SME-2024-00244,2026-06,3485125,2026-06-16,2026-06-15,1,Virtual Account,False
PAY-00245-202604,SME-2024-00245,2026-04,2130933,2026-04-15,2026-04-15,0,Bank Transfer,False
PAY-00245-202605,SME-2024-00245,2026-05,2162244,2026-05-15,2026-05-15,0,Virtual Account,False
PAY-00245-202606,SME-2024-00245,2026-06,2203549,2026-06-16,2026-06-15,1,Bank Transfer,False
PAY-00246-202507,SME-2024-00246,2025-07,12535857,2025-07-15,2025-07-15,0,Bank Transfer,False
PAY-00246-202508,SME-2024-00246,2025-08,12184201,2025-08-15,2025-08-15,0,Auto-debit,False
PAY-00246-202509,SME-2024-00246,2025-09,12540672,2025-09-15,2025-09-15,0,Auto-debit,False
PAY-00246-202510,SME-2024-00246,2025-10,12594411,2025-10-15,2025-10-15,0,Virtual Account,False
PAY-00246-202511,SME-2024-00246,2025-11,12018580,2025-11-17,2025-11-15,2,Virtual Account,False
PAY-00246-202512,SME-2024-00246,2025-12,11957447,2025-12-17,2025-12-15,2,Virtual Account,False
PAY-00246-202601,SME-2024-00246,2026-01,12201743,2026-01-16,2026-01-15,1,Virtual Account,False
PAY-00246-202602,SME-2024-00246,2026-02,12509421,2026-02-17,2026-02-15,2,Virtual Account,False
PAY-00246-202603,SME-2024-00246,2026-03,12447635,2026-03-16,2026-03-15,1,Auto-debit,False
PAY-00246-202604,SME-2024-00246,2026-04,12164932,2026-04-18,2026-04-15,3,Bank Transfer,False
PAY-00246-202605,SME-2024-00246,2026-05,12166240,2026-05-17,2026-05-15,2,Bank Transfer,False
PAY-00246-202606,SME-2024-00246,2026-06,12529009,2026-06-18,2026-06-15,3,Bank Transfer,False
PAY-00247-202507,SME-2024-00247,2025-07,2282522,2025-07-16,2025-07-15,1,Virtual Account,False
PAY-00247-202508,SME-2024-00247,2025-08,2220643,2025-08-15,2025-08-15,0,Cash,False
PAY-00247-202509,SME-2024-00247,2025-09,2299732,2025-09-15,2025-09-15,0,Bank Transfer,False
PAY-00247-202510,SME-2024-00247,2025-10,2188531,2025-10-16,2025-10-15,1,Virtual Account,False
PAY-00247-202511,SME-2024-00247,2025-11,2189319,2025-11-16,2025-11-15,1,Auto-debit,False
PAY-00247-202512,SME-2024-00247,2025-12,2207008,2025-12-16,2025-12-15,1,Virtual Account,False
PAY-00247-202601,SME-2024-00247,2026-01,2245114,2026-01-15,2026-01-15,0,Cash,False
PAY-00247-202602,SME-2024-00247,2026-02,2256114,2026-02-15,2026-02-15,0,Auto-debit,False
PAY-00247-202603,SME-2024-00247,2026-03,2254367,2026-03-15,2026-03-15,0,Auto-debit,False
PAY-00247-202604,SME-2024-00247,2026-04,2305427,2026-04-15,2026-04-15,0,Auto-debit,False
PAY-00247-202605,SME-2024-00247,2026-05,2296306,2026-05-17,2026-05-15,2,Bank Transfer,False
PAY-00247-202606,SME-2024-00247,2026-06,2231055,2026-06-15,2026-06-15,0,Bank Transfer,False
PAY-00248-202507,SME-2024-00248,2025-07,662097,2025-07-15,2025-07-15,0,Cash,False
PAY-00248-202508,SME-2024-00248,2025-08,668256,2025-08-15,2025-08-15,0,Virtual Account,False
PAY-00248-202509,SME-2024-00248,2025-09,665208,2025-09-15,2025-09-15,0,Virtual Account,False
PAY-00248-202510,SME-2024-00248,2025-10,697172,2025-10-17,2025-10-15,2,Virtual Account,False
PAY-00248-202511,SME-2024-00248,2025-11,680626,2025-11-15,2025-11-15,0,Auto-debit,False
PAY-00248-202512,SME-2024-00248,2025-12,669847,2025-12-16,2025-12-15,1,Virtual Account,False
PAY-00248-202601,SME-2024-00248,2026-01,686305,2026-01-16,2026-01-15,1,Virtual Account,False
PAY-00248-202602,SME-2024-00248,2026-02,687394,2026-02-16,2026-02-15,1,Virtual Account,False
PAY-00248-202603,SME-2024-00248,2026-03,681929,2026-03-16,2026-03-15,1,Auto-debit,False
PAY-00248-202604,SME-2024-00248,2026-04,682211,2026-04-16,2026-04-15,1,Auto-debit,False
PAY-00248-202605,SME-2024-00248,2026-05,666065,2026-05-16,2026-05-15,1,Virtual Account,False
PAY-00248-202606,SME-2024-00248,2026-06,676540,2026-06-15,2026-06-15,0,Virtual Account,False
PAY-00249-202512,SME-2024-00249,2025-12,2388891,2025-12-16,2025-12-15,1,Virtual Account,False
PAY-00249-202601,SME-2024-00249,2026-01,2334892,2026-01-15,2026-01-15,0,Virtual Account,False
PAY-00249-202602,SME-2024-00249,2026-02,2339609,2026-02-17,2026-02-15,2,Virtual Account,False
PAY-00249-202603,SME-2024-00249,2026-03,2388854,2026-03-16,2026-03-15,1,Virtual Account,False
PAY-00249-202604,SME-2024-00249,2026-04,2391327,2026-04-16,2026-04-15,1,Bank Transfer,False
PAY-00249-202605,SME-2024-00249,2026-05,2371560,2026-05-15,2026-05-15,0,Bank Transfer,False
PAY-00249-202606,SME-2024-00249,2026-06,2311346,2026-06-15,2026-06-15,0,Auto-debit,False
PAY-00250-202507,SME-2024-00250,2025-07,7431764,2025-07-15,2025-07-15,0,Virtual Account,False
PAY-00250-202508,SME-2024-00250,2025-08,7528958,2025-08-17,2025-08-15,2,Bank Transfer,False
PAY-00250-202509,SME-2024-00250,2025-09,7855426,2025-09-15,2025-09-15,0,Bank Transfer,False
PAY-00250-202510,SME-2024-00250,2025-10,7737771,2025-10-15,2025-10-15,0,Virtual Account,False
PAY-00250-202511,SME-2024-00250,2025-11,7668984,2025-11-16,2025-11-15,1,Bank Transfer,False
PAY-00250-202512,SME-2024-00250,2025-12,7807757,2025-12-16,2025-12-15,1,Bank Transfer,False
PAY-00250-202601,SME-2024-00250,2026-01,7639544,2026-01-16,2026-01-15,1,Virtual Account,False
PAY-00250-202602,SME-2024-00250,2026-02,7799336,2026-02-15,2026-02-15,0,Bank Transfer,False
PAY-00250-202603,SME-2024-00250,2026-03,7626380,2026-03-15,2026-03-15,0,Auto-debit,False
PAY-00250-202604,SME-2024-00250,2026-04,7777213,2026-04-15,2026-04-15,0,Virtual Account,False
PAY-00250-202605,SME-2024-00250,2026-05,7431833,2026-05-15,2026-05-15,0,Bank Transfer,False
PAY-00250-202606,SME-2024-00250,2026-06,7575263,2026-06-16,2026-06-15,1,Virtual Account,False
PAY-00251-202507,SME-2024-00251,2025-07,9336954,2025-07-15,2025-07-15,0,Auto-debit,False
PAY-00251-202508,SME-2024-00251,2025-08,9189794,2025-08-15,2025-08-15,0,Virtual Account,False
PAY-00251-202509,SME-2024-00251,2025-09,9268492,2025-09-15,2025-09-15,0,Virtual Account,False
PAY-00251-202510,SME-2024-00251,2025-10,9513860,2025-10-15,2025-10-15,0,Auto-debit,False
PAY-00251-202511,SME-2024-00251,2025-11,9395482,2025-11-16,2025-11-15,1,Cash,False
PAY-00251-202512,SME-2024-00251,2025-12,9118415,2025-12-15,2025-12-15,0,Cash,False
PAY-00251-202601,SME-2024-00251,2026-01,9142951,2026-01-17,2026-01-15,2,Virtual Account,False
PAY-00251-202602,SME-2024-00251,2026-02,9521394,2026-02-15,2026-02-15,0,Bank Transfer,False
PAY-00251-202603,SME-2024-00251,2026-03,9486400,2026-03-16,2026-03-15,1,Bank Transfer,False
PAY-00251-202604,SME-2024-00251,2026-04,9121340,2026-04-16,2026-04-15,1,Auto-debit,False
PAY-00251-202605,SME-2024-00251,2026-05,9536276,2026-05-18,2026-05-15,3,Virtual Account,False
PAY-00251-202606,SME-2024-00251,2026-06,9401908,2026-06-15,2026-06-15,0,Auto-debit,False
PAY-00252-202512,SME-2024-00252,2025-12,3515479,2025-12-17,2025-12-15,2,Auto-debit,False
PAY-00252-202601,SME-2024-00252,2026-01,3438368,2026-01-15,2026-01-15,0,Auto-debit,False
PAY-00252-202602,SME-2024-00252,2026-02,3375371,2026-02-18,2026-02-15,3,Virtual Account,False
PAY-00252-202603,SME-2024-00252,2026-03,3374643,2026-03-17,2026-03-15,2,Bank Transfer,False
PAY-00252-202604,SME-2024-00252,2026-04,3455161,2026-04-15,2026-04-15,0,Virtual Account,False
PAY-00252-202605,SME-2024-00252,2026-05,3444676,2026-05-15,2026-05-15,0,Bank Transfer,False
PAY-00252-202606,SME-2024-00252,2026-06,3373812,2026-06-16,2026-06-15,1,Bank Transfer,False
PAY-00253-202507,SME-2024-00253,2025-07,613993,2025-07-15,2025-07-15,0,Auto-debit,False
PAY-00253-202508,SME-2024-00253,2025-08,635205,2025-08-15,2025-08-15,0,Virtual Account,False
PAY-00253-202509,SME-2024-00253,2025-09,628708,2025-09-17,2025-09-15,2,Auto-debit,False
PAY-00253-202510,SME-2024-00253,2025-10,602870,2025-10-16,2025-10-15,1,Cash,False
PAY-00253-202511,SME-2024-00253,2025-11,614247,2025-11-15,2025-11-15,0,Virtual Account,False
PAY-00253-202512,SME-2024-00253,2025-12,627750,2025-12-15,2025-12-15,0,Bank Transfer,False
PAY-00253-202601,SME-2024-00253,2026-01,626023,2026-01-16,2026-01-15,1,Virtual Account,False
PAY-00253-202602,SME-2024-00253,2026-02,1716503,2026-02-17,2026-02-15,2,Bank Transfer,False
PAY-00253-202603,SME-2024-00253,2026-03,1637258,2026-03-16,2026-03-15,1,Cash,False
PAY-00253-202604,SME-2024-00253,2026-04,1698176,2026-04-16,2026-04-15,1,Cash,False
PAY-00253-202605,SME-2024-00253,2026-05,1719451,2026-05-15,2026-05-15,0,Virtual Account,False
PAY-00253-202606,SME-2024-00253,2026-06,1706280,2026-06-15,2026-06-15,0,Virtual Account,True
PAY-00254-202507,SME-2024-00254,2025-07,3480166,2025-07-15,2025-07-15,0,Virtual Account,False
PAY-00254-202508,SME-2024-00254,2025-08,3607510,2025-08-15,2025-08-15,0,Virtual Account,False
PAY-00254-202509,SME-2024-00254,2025-09,3504853,2025-09-16,2025-09-15,1,Auto-debit,False
PAY-00254-202510,SME-2024-00254,2025-10,3652445,2025-10-15,2025-10-15,0,Auto-debit,False
PAY-00254-202511,SME-2024-00254,2025-11,3498731,2025-11-15,2025-11-15,0,Virtual Account,False
PAY-00254-202512,SME-2024-00254,2025-12,3597664,2025-12-16,2025-12-15,1,Auto-debit,False
PAY-00254-202601,SME-2024-00254,2026-01,7024762,2026-01-17,2026-01-15,2,Bank Transfer,False
PAY-00254-202602,SME-2024-00254,2026-02,7028060,2026-02-17,2026-02-15,2,Bank Transfer,False
PAY-00254-202603,SME-2024-00254,2026-03,7305923,2026-03-15,2026-03-15,0,Auto-debit,False
PAY-00254-202604,SME-2024-00254,2026-04,7328401,2026-04-15,2026-04-15,0,Virtual Account,False
PAY-00254-202605,SME-2024-00254,2026-05,7245523,2026-05-19,2026-05-15,4,Virtual Account,False
PAY-00254-202606,SME-2024-00254,2026-06,7092054,2026-06-17,2026-06-15,2,Auto-debit,False
PAY-00255-202507,SME-2024-00255,2025-07,1086104,2025-07-15,2025-07-15,0,Auto-debit,False
PAY-00255-202508,SME-2024-00255,2025-08,1058597,2025-08-16,2025-08-15,1,Auto-debit,False
PAY-00255-202509,SME-2024-00255,2025-09,1030799,2025-09-16,2025-09-15,1,Bank Transfer,False
PAY-00255-202510,SME-2024-00255,2025-10,1048285,2025-10-17,2025-10-15,2,Bank Transfer,False
PAY-00255-202511,SME-2024-00255,2025-11,1045305,2025-11-15,2025-11-15,0,Auto-debit,False
PAY-00255-202512,SME-2024-00255,2025-12,1060467,2025-12-16,2025-12-15,1,Virtual Account,False
PAY-00255-202601,SME-2024-00255,2026-01,1031589,2026-01-15,2026-01-15,0,Auto-debit,False
PAY-00255-202602,SME-2024-00255,2026-02,1046506,2026-02-16,2026-02-15,1,Auto-debit,False
PAY-00255-202603,SME-2024-00255,2026-03,1078990,2026-03-16,2026-03-15,1,Bank Transfer,False
PAY-00255-202604,SME-2024-00255,2026-04,1050905,2026-04-15,2026-04-15,0,Bank Transfer,False
PAY-00255-202605,SME-2024-00255,2026-05,1032962,2026-05-17,2026-05-15,2,Auto-debit,False
PAY-00255-202606,SME-2024-00255,2026-06,1085981,2026-06-16,2026-06-15,1,Virtual Account,False
PAY-00256-202507,SME-2024-00256,2025-07,2693180,2025-07-15,2025-07-15,0,Virtual Account,False
PAY-00256-202508,SME-2024-00256,2025-08,2722952,2025-08-16,2025-08-15,1,Virtual Account,False
PAY-00256-202509,SME-2024-00256,2025-09,2728155,2025-09-15,2025-09-15,0,Virtual Account,False
PAY-00256-202510,SME-2024-00256,2025-10,2804699,2025-10-16,2025-10-15,1,Bank Transfer,False
PAY-00256-202511,SME-2024-00256,2025-11,2718690,2025-11-15,2025-11-15,0,Bank Transfer,False
PAY-00256-202512,SME-2024-00256,2025-12,2829198,2025-12-16,2025-12-15,1,Auto-debit,False
PAY-00256-202601,SME-2024-00256,2026-01,2839141,2026-01-15,2026-01-15,0,Bank Transfer,False
PAY-00256-202602,SME-2024-00256,2026-02,2839526,2026-02-16,2026-02-15,1,Cash,False
PAY-00256-202603,SME-2024-00256,2026-03,2818281,2026-03-15,2026-03-15,0,Virtual Account,False
PAY-00256-202604,SME-2024-00256,2026-04,2835559,2026-04-16,2026-04-15,1,Virtual Account,False
PAY-00256-202605,SME-2024-00256,2026-05,2716256,2026-05-17,2026-05-15,2,Bank Transfer,False
PAY-00256-202606,SME-2024-00256,2026-06,2774203,2026-06-16,2026-06-15,1,Cash,False
PAY-00257-202507,SME-2024-00257,2025-07,1589064,2025-07-16,2025-07-15,1,Cash,False
PAY-00257-202508,SME-2024-00257,2025-08,1567010,2025-08-15,2025-08-15,0,Virtual Account,False
PAY-00257-202509,SME-2024-00257,2025-09,1561874,2025-09-15,2025-09-15,0,Auto-debit,False
PAY-00257-202510,SME-2024-00257,2025-10,1590432,2025-10-18,2025-10-15,3,Bank Transfer,False
PAY-00257-202511,SME-2024-00257,2025-11,1551943,2025-11-16,2025-11-15,1,Virtual Account,False
PAY-00257-202512,SME-2024-00257,2025-12,1550355,2025-12-15,2025-12-15,0,Auto-debit,False
PAY-00257-202601,SME-2024-00257,2026-01,1544327,2026-01-16,2026-01-15,1,Bank Transfer,False
PAY-00257-202602,SME-2024-00257,2026-02,1527653,2026-02-15,2026-02-15,0,Auto-debit,False
PAY-00257-202603,SME-2024-00257,2026-03,5778780,2026-03-16,2026-03-15,1,Auto-debit,True
PAY-00257-202604,SME-2024-00257,2026-04,5604593,2026-04-15,2026-04-15,0,Bank Transfer,False
PAY-00257-202605,SME-2024-00257,2026-05,5642652,2026-05-16,2026-05-15,1,Bank Transfer,False
PAY-00257-202606,SME-2024-00257,2026-06,5755250,2026-06-19,2026-06-15,4,Bank Transfer,False
PAY-00258-202507,SME-2024-00258,2025-07,2484725,2025-07-17,2025-07-15,2,Virtual Account,False
PAY-00258-202508,SME-2024-00258,2025-08,2409603,2025-08-15,2025-08-15,0,Bank Transfer,False
PAY-00258-202509,SME-2024-00258,2025-09,2521162,2025-09-16,2025-09-15,1,Bank Transfer,False
PAY-00258-202510,SME-2024-00258,2025-10,2482882,2025-10-16,2025-10-15,1,Bank Transfer,False
PAY-00258-202511,SME-2024-00258,2025-11,2458581,2025-11-15,2025-11-15,0,Virtual Account,False
PAY-00258-202512,SME-2024-00258,2025-12,2435119,2025-12-16,2025-12-15,1,Cash,False
PAY-00258-202601,SME-2024-00258,2026-01,2382275,2026-01-15,2026-01-15,0,Cash,False
PAY-00258-202602,SME-2024-00258,2026-02,2432987,2026-02-15,2026-02-15,0,Virtual Account,False
PAY-00258-202603,SME-2024-00258,2026-03,2407784,2026-03-17,2026-03-15,2,Cash,False
PAY-00258-202604,SME-2024-00258,2026-04,2393984,2026-04-17,2026-04-15,2,Virtual Account,False
PAY-00258-202605,SME-2024-00258,2026-05,2391206,2026-05-15,2026-05-15,0,Cash,False
PAY-00258-202606,SME-2024-00258,2026-06,2425213,2026-06-18,2026-06-15,3,Bank Transfer,False
PAY-00259-202507,SME-2024-00259,2025-07,3255802,2025-07-16,2025-07-15,1,Bank Transfer,False
PAY-00259-202508,SME-2024-00259,2025-08,3405863,2025-08-16,2025-08-15,1,Bank Transfer,False
PAY-00259-202509,SME-2024-00259,2025-09,3271557,2025-09-16,2025-09-15,1,Auto-debit,False
PAY-00259-202510,SME-2024-00259,2025-10,3399934,2025-10-15,2025-10-15,0,Virtual Account,False
PAY-00259-202511,SME-2024-00259,2025-11,3402268,2025-11-15,2025-11-15,0,Virtual Account,False
PAY-00259-202512,SME-2024-00259,2025-12,3347323,2025-12-15,2025-12-15,0,Virtual Account,False
PAY-00259-202601,SME-2024-00259,2026-01,3309034,2026-01-16,2026-01-15,1,Virtual Account,False
PAY-00259-202602,SME-2024-00259,2026-02,3324772,2026-02-15,2026-02-15,0,Virtual Account,False
PAY-00259-202603,SME-2024-00259,2026-03,3269773,2026-03-16,2026-03-15,1,Virtual Account,False
PAY-00259-202604,SME-2024-00259,2026-04,3268007,2026-04-17,2026-04-15,2,Virtual Account,False
PAY-00259-202605,SME-2024-00259,2026-05,3357935,2026-05-16,2026-05-15,1,Virtual Account,False
PAY-00259-202606,SME-2024-00259,2026-06,3361036,2026-06-19,2026-06-15,4,Bank Transfer,False
PAY-00260-202507,SME-2024-00260,2025-07,1945912,2025-07-16,2025-07-15,1,Bank Transfer,False
PAY-00260-202508,SME-2024-00260,2025-08,1915176,2025-08-16,2025-08-15,1,Virtual Account,False
PAY-00260-202509,SME-2024-00260,2025-09,1952456,2025-09-15,2025-09-15,0,Auto-debit,False
PAY-00260-202510,SME-2024-00260,2025-10,2002528,2025-10-16,2025-10-15,1,Auto-debit,False
PAY-00260-202511,SME-2024-00260,2025-11,1941002,2025-11-16,2025-11-15,1,Virtual Account,False
PAY-00260-202512,SME-2024-00260,2025-12,1995839,2025-12-15,2025-12-15,0,Bank Transfer,False
PAY-00260-202601,SME-2024-00260,2026-01,1948758,2026-01-15,2026-01-15,0,Bank Transfer,False
PAY-00260-202602,SME-2024-00260,2026-02,2008614,2026-02-15,2026-02-15,0,Virtual Account,False
PAY-00260-202603,SME-2024-00260,2026-03,1893779,2026-03-15,2026-03-15,0,Virtual Account,False
PAY-00260-202604,SME-2024-00260,2026-04,1960599,2026-04-17,2026-04-15,2,Auto-debit,False
PAY-00260-202605,SME-2024-00260,2026-05,1972949,2026-05-15,2026-05-15,0,Virtual Account,False
PAY-00260-202606,SME-2024-00260,2026-06,1999666,2026-06-15,2026-06-15,0,Auto-debit,False
PAY-00261-202507,SME-2024-00261,2025-07,6465116,2025-07-16,2025-07-15,1,Virtual Account,False
PAY-00261-202508,SME-2024-00261,2025-08,6557404,2025-08-15,2025-08-15,0,Virtual Account,False
PAY-00261-202509,SME-2024-00261,2025-09,6435197,2025-09-15,2025-09-15,0,Virtual Account,False
PAY-00261-202510,SME-2024-00261,2025-10,6430920,2025-10-16,2025-10-15,1,Bank Transfer,False
PAY-00261-202511,SME-2024-00261,2025-11,6456647,2025-11-15,2025-11-15,0,Bank Transfer,False
PAY-00261-202512,SME-2024-00261,2025-12,6415843,2025-12-16,2025-12-15,1,Virtual Account,False
PAY-00261-202601,SME-2024-00261,2026-01,6389305,2026-01-15,2026-01-15,0,Virtual Account,False
PAY-00261-202602,SME-2024-00261,2026-02,6670158,2026-02-16,2026-02-15,1,Virtual Account,False
PAY-00261-202603,SME-2024-00261,2026-03,6635397,2026-03-17,2026-03-15,2,Virtual Account,False
PAY-00261-202604,SME-2024-00261,2026-04,6672641,2026-04-17,2026-04-15,2,Virtual Account,False
PAY-00261-202605,SME-2024-00261,2026-05,6712580,2026-05-18,2026-05-15,3,Bank Transfer,False
PAY-00261-202606,SME-2024-00261,2026-06,6518707,2026-06-16,2026-06-15,1,Auto-debit,False
PAY-00262-202507,SME-2024-00262,2025-07,5240119,2025-07-17,2025-07-15,2,Virtual Account,False
PAY-00262-202508,SME-2024-00262,2025-08,7898468,2025-08-17,2025-08-15,2,Auto-debit,False
PAY-00262-202509,SME-2024-00262,2025-09,7786416,2025-09-15,2025-09-15,0,Cash,False
PAY-00262-202510,SME-2024-00262,2025-10,7790905,2025-10-15,2025-10-15,0,Bank Transfer,False
PAY-00262-202511,SME-2024-00262,2025-11,7597191,2025-11-16,2025-11-15,1,Auto-debit,False
PAY-00262-202512,SME-2024-00262,2025-12,7712898,2025-12-18,2025-12-15,3,Virtual Account,False
PAY-00262-202601,SME-2024-00262,2026-01,7561107,2026-01-16,2026-01-15,1,Bank Transfer,False
PAY-00262-202602,SME-2024-00262,2026-02,7772836,2026-02-16,2026-02-15,1,Auto-debit,False
PAY-00262-202603,SME-2024-00262,2026-03,7779819,2026-03-17,2026-03-15,2,Auto-debit,False
PAY-00262-202604,SME-2024-00262,2026-04,7516785,2026-04-15,2026-04-15,0,Auto-debit,False
PAY-00262-202605,SME-2024-00262,2026-05,7857295,2026-05-16,2026-05-15,1,Virtual Account,False
PAY-00262-202606,SME-2024-00262,2026-06,7631229,2026-06-15,2026-06-15,0,Auto-debit,False
PAY-00263-202507,SME-2024-00263,2025-07,7021491,2025-07-16,2025-07-15,1,Virtual Account,True
PAY-00263-202508,SME-2024-00263,2025-08,7013836,2025-08-15,2025-08-15,0,Cash,False
PAY-00263-202509,SME-2024-00263,2025-09,7099381,2025-09-16,2025-09-15,1,Virtual Account,False
PAY-00263-202510,SME-2024-00263,2025-10,6833800,2025-10-15,2025-10-15,0,Bank Transfer,False
PAY-00263-202511,SME-2024-00263,2025-11,7027534,2025-11-15,2025-11-15,0,Bank Transfer,False
PAY-00263-202512,SME-2024-00263,2025-12,6939849,2025-12-16,2025-12-15,1,Virtual Account,False
PAY-00263-202601,SME-2024-00263,2026-01,7097667,2026-01-16,2026-01-15,1,Virtual Account,False
PAY-00263-202602,SME-2024-00263,2026-02,7032855,2026-02-15,2026-02-15,0,Cash,False
PAY-00263-202603,SME-2024-00263,2026-03,6733843,2026-03-17,2026-03-15,2,Bank Transfer,False
PAY-00263-202604,SME-2024-00263,2026-04,6918371,2026-04-15,2026-04-15,0,Virtual Account,False
PAY-00263-202605,SME-2024-00263,2026-05,6944121,2026-05-15,2026-05-15,0,Bank Transfer,True
PAY-00263-202606,SME-2024-00263,2026-06,6939826,2026-06-15,2026-06-15,0,Auto-debit,False
PAY-00264-202507,SME-2024-00264,2025-07,9835377,2025-07-15,2025-07-15,0,Virtual Account,False
PAY-00264-202508,SME-2024-00264,2025-08,9985299,2025-08-16,2025-08-15,1,Auto-debit,False
PAY-00264-202509,SME-2024-00264,2025-09,10259109,2025-09-15,2025-09-15,0,Auto-debit,False
PAY-00264-202510,SME-2024-00264,2025-10,10011853,2025-10-17,2025-10-15,2,Bank Transfer,False
PAY-00264-202511,SME-2024-00264,2025-11,9819640,2025-11-16,2025-11-15,1,Bank Transfer,False
PAY-00264-202512,SME-2024-00264,2025-12,12398643,2025-12-16,2025-12-15,1,Virtual Account,False
PAY-00264-202601,SME-2024-00264,2026-01,12621739,2026-01-17,2026-01-15,2,Cash,False
PAY-00264-202602,SME-2024-00264,2026-02,12815039,2026-02-15,2026-02-15,0,Auto-debit,False
PAY-00264-202603,SME-2024-00264,2026-03,12958897,2026-03-15,2026-03-15,0,Virtual Account,False
PAY-00264-202604,SME-2024-00264,2026-04,12369927,2026-04-15,2026-04-15,0,Virtual Account,False
PAY-00264-202605,SME-2024-00264,2026-05,12934999,2026-05-16,2026-05-15,1,Virtual Account,False
PAY-00264-202606,SME-2024-00264,2026-06,12683318,2026-06-15,2026-06-15,0,Virtual Account,False
PAY-00265-202602,SME-2024-00265,2026-02,785272,2026-02-15,2026-02-15,0,Virtual Account,False
PAY-00265-202603,SME-2024-00265,2026-03,787529,2026-03-15,2026-03-15,0,Virtual Account,False
PAY-00265-202604,SME-2024-00265,2026-04,3950855,2026-04-15,2026-04-15,0,Bank Transfer,False
PAY-00265-202605,SME-2024-00265,2026-05,3934881,2026-05-16,2026-05-15,1,Virtual Account,False
PAY-00265-202606,SME-2024-00265,2026-06,4021315,2026-06-16,2026-06-15,1,Virtual Account,False
PAY-00266-202507,SME-2024-00266,2025-07,7411202,2025-07-15,2025-07-15,0,Virtual Account,False
PAY-00266-202508,SME-2024-00266,2025-08,7445477,2025-08-16,2025-08-15,1,Virtual Account,False
PAY-00266-202509,SME-2024-00266,2025-09,7496941,2025-09-15,2025-09-15,0,Bank Transfer,False
PAY-00266-202510,SME-2024-00266,2025-10,7564464,2025-10-17,2025-10-15,2,Virtual Account,False
PAY-00266-202511,SME-2024-00266,2025-11,7304082,2025-11-17,2025-11-15,2,Bank Transfer,False
PAY-00266-202512,SME-2024-00266,2025-12,7677451,2025-12-16,2025-12-15,1,Virtual Account,False
PAY-00266-202601,SME-2024-00266,2026-01,7385215,2026-01-16,2026-01-15,1,Virtual Account,False
PAY-00266-202602,SME-2024-00266,2026-02,7466566,2026-02-15,2026-02-15,0,Bank Transfer,False
PAY-00266-202603,SME-2024-00266,2026-03,7502147,2026-03-16,2026-03-15,1,Virtual Account,False
PAY-00266-202604,SME-2024-00266,2026-04,7303583,2026-04-17,2026-04-15,2,Auto-debit,False
PAY-00266-202605,SME-2024-00266,2026-05,7651360,2026-05-15,2026-05-15,0,Auto-debit,False
PAY-00266-202606,SME-2024-00266,2026-06,7574506,2026-06-17,2026-06-15,2,Cash,False
PAY-00269-202507,SME-2024-00269,2025-07,2988616,2025-07-15,2025-07-15,0,Auto-debit,False
PAY-00269-202508,SME-2024-00269,2025-08,2917896,2025-08-17,2025-08-15,2,Bank Transfer,False
PAY-00269-202509,SME-2024-00269,2025-09,3013258,2025-09-15,2025-09-15,0,Auto-debit,False
PAY-00269-202510,SME-2024-00269,2025-10,2934907,2025-10-15,2025-10-15,0,Virtual Account,False
PAY-00269-202511,SME-2024-00269,2025-11,12187603,2025-11-15,2025-11-15,0,Auto-debit,False
PAY-00269-202512,SME-2024-00269,2025-12,12105463,2025-12-16,2025-12-15,1,Cash,False
PAY-00269-202601,SME-2024-00269,2026-01,12068778,2026-01-16,2026-01-15,1,Cash,False
PAY-00269-202602,SME-2024-00269,2026-02,11722608,2026-02-17,2026-02-15,2,Virtual Account,False
PAY-00269-202603,SME-2024-00269,2026-03,11813959,2026-03-16,2026-03-15,1,Auto-debit,False
PAY-00269-202604,SME-2024-00269,2026-04,12221674,2026-04-15,2026-04-15,0,Auto-debit,False
PAY-00269-202605,SME-2024-00269,2026-05,12292700,2026-05-15,2026-05-15,0,Virtual Account,False
PAY-00269-202606,SME-2024-00269,2026-06,11723984,2026-06-15,2026-06-15,0,Cash,False
PAY-00270-202507,SME-2024-00270,2025-07,7209902,2025-07-15,2025-07-15,0,Virtual Account,False
PAY-00270-202508,SME-2024-00270,2025-08,7423281,2025-08-17,2025-08-15,2,Virtual Account,False
PAY-00270-202509,SME-2024-00270,2025-09,7398755,2025-09-15,2025-09-15,0,Auto-debit,False
PAY-00270-202510,SME-2024-00270,2025-10,7298804,2025-10-15,2025-10-15,0,Virtual Account,False
PAY-00270-202511,SME-2024-00270,2025-11,7444494,2025-11-16,2025-11-15,1,Virtual Account,True
PAY-00270-202512,SME-2024-00270,2025-12,7275624,2025-12-17,2025-12-15,2,Virtual Account,False
PAY-00270-202601,SME-2024-00270,2026-01,7245367,2026-01-15,2026-01-15,0,Bank Transfer,False
PAY-00270-202602,SME-2024-00270,2026-02,7207339,2026-02-16,2026-02-15,1,Bank Transfer,False
PAY-00270-202603,SME-2024-00270,2026-03,7226137,2026-03-15,2026-03-15,0,Auto-debit,False
PAY-00270-202604,SME-2024-00270,2026-04,7452100,2026-04-15,2026-04-15,0,Auto-debit,False
PAY-00270-202605,SME-2024-00270,2026-05,7460605,2026-05-16,2026-05-15,1,Auto-debit,False
PAY-00270-202606,SME-2024-00270,2026-06,7195161,2026-06-16,2026-06-15,1,Bank Transfer,False
PAY-00271-202606,SME-2024-00271,2026-06,1886461,2026-06-15,2026-06-15,0,Auto-debit,False
PAY-00272-202507,SME-2024-00272,2025-07,1666220,2025-07-16,2025-07-15,1,Bank Transfer,False
PAY-00272-202508,SME-2024-00272,2025-08,1738955,2025-08-18,2025-08-15,3,Auto-debit,False
PAY-00272-202509,SME-2024-00272,2025-09,1709545,2025-09-15,2025-09-15,0,Bank Transfer,False
PAY-00272-202510,SME-2024-00272,2025-10,1707582,2025-10-17,2025-10-15,2,Virtual Account,False
PAY-00272-202511,SME-2024-00272,2025-11,1640565,2025-11-15,2025-11-15,0,Bank Transfer,False
PAY-00272-202512,SME-2024-00272,2025-12,1690841,2025-12-15,2025-12-15,0,Bank Transfer,False
PAY-00272-202601,SME-2024-00272,2026-01,1723261,2026-01-16,2026-01-15,1,Virtual Account,False
PAY-00272-202602,SME-2024-00272,2026-02,1666048,2026-02-15,2026-02-15,0,Auto-debit,False
PAY-00272-202603,SME-2024-00272,2026-03,1691094,2026-03-18,2026-03-15,3,Cash,False
PAY-00272-202604,SME-2024-00272,2026-04,1716897,2026-04-17,2026-04-15,2,Bank Transfer,False
PAY-00272-202605,SME-2024-00272,2026-05,1689752,2026-05-18,2026-05-15,3,Bank Transfer,False
PAY-00272-202606,SME-2024-00272,2026-06,1659038,2026-06-16,2026-06-15,1,Bank Transfer,False
PAY-00274-202507,SME-2024-00274,2025-07,9863754,2025-07-15,2025-07-15,0,Bank Transfer,False
PAY-00274-202508,SME-2024-00274,2025-08,10367221,2025-08-16,2025-08-15,1,Auto-debit,False
PAY-00274-202509,SME-2024-00274,2025-09,10138075,2025-09-17,2025-09-15,2,Bank Transfer,False
PAY-00274-202510,SME-2024-00274,2025-10,10250164,2025-10-16,2025-10-15,1,Bank Transfer,False
PAY-00274-202511,SME-2024-00274,2025-11,10357763,2025-11-16,2025-11-15,1,Bank Transfer,False
PAY-00274-202512,SME-2024-00274,2025-12,10021229,2025-12-16,2025-12-15,1,Bank Transfer,False
PAY-00274-202601,SME-2024-00274,2026-01,9850295,2026-01-15,2026-01-15,0,Virtual Account,False
PAY-00274-202602,SME-2024-00274,2026-02,9916136,2026-02-16,2026-02-15,1,Bank Transfer,False
PAY-00274-202603,SME-2024-00274,2026-03,10082640,2026-03-19,2026-03-15,4,Auto-debit,False
PAY-00274-202604,SME-2024-00274,2026-04,10348118,2026-04-15,2026-04-15,0,Auto-debit,False
PAY-00274-202605,SME-2024-00274,2026-05,9808328,2026-05-16,2026-05-15,1,Bank Transfer,False
PAY-00274-202606,SME-2024-00274,2026-06,10190387,2026-06-16,2026-06-15,1,Bank Transfer,False
PAY-00275-202507,SME-2024-00275,2025-07,1649113,2025-07-16,2025-07-15,1,Bank Transfer,False
PAY-00275-202508,SME-2024-00275,2025-08,1680621,2025-08-15,2025-08-15,0,Bank Transfer,False
PAY-00275-202509,SME-2024-00275,2025-09,1709266,2025-09-15,2025-09-15,0,Virtual Account,False
PAY-00275-202510,SME-2024-00275,2025-10,1649744,2025-10-15,2025-10-15,0,Auto-debit,False
PAY-00275-202511,SME-2024-00275,2025-11,1694469,2025-11-15,2025-11-15,0,Auto-debit,False
PAY-00275-202512,SME-2024-00275,2025-12,1669453,2025-12-15,2025-12-15,0,Virtual Account,False
PAY-00275-202601,SME-2024-00275,2026-01,1661480,2026-01-15,2026-01-15,0,Virtual Account,False
PAY-00275-202602,SME-2024-00275,2026-02,1723479,2026-02-16,2026-02-15,1,Cash,False
PAY-00275-202603,SME-2024-00275,2026-03,1677487,2026-03-15,2026-03-15,0,Bank Transfer,False
PAY-00275-202604,SME-2024-00275,2026-04,1683462,2026-04-15,2026-04-15,0,Cash,False
PAY-00275-202605,SME-2024-00275,2026-05,1718289,2026-05-15,2026-05-15,0,Virtual Account,False
PAY-00275-202606,SME-2024-00275,2026-06,1688248,2026-06-16,2026-06-15,1,Bank Transfer,False
PAY-00276-202507,SME-2024-00276,2025-07,5688135,2025-07-15,2025-07-15,0,Virtual Account,False
PAY-00276-202508,SME-2024-00276,2025-08,5721087,2025-08-15,2025-08-15,0,Virtual Account,False
PAY-00276-202509,SME-2024-00276,2025-09,5745166,2025-09-15,2025-09-15,0,Virtual Account,False
PAY-00276-202510,SME-2024-00276,2025-10,5510189,2025-10-16,2025-10-15,1,Bank Transfer,False
PAY-00276-202511,SME-2024-00276,2025-11,5747904,2025-11-17,2025-11-15,2,Virtual Account,False
PAY-00276-202512,SME-2024-00276,2025-12,5731125,2025-12-15,2025-12-15,0,Auto-debit,False
PAY-00276-202601,SME-2024-00276,2026-01,5709567,2026-01-15,2026-01-15,0,Virtual Account,True
PAY-00276-202602,SME-2024-00276,2026-02,5541245,2026-02-15,2026-02-15,0,Auto-debit,False
PAY-00276-202603,SME-2024-00276,2026-03,5759793,2026-03-15,2026-03-15,0,Bank Transfer,False
PAY-00276-202604,SME-2024-00276,2026-04,5702438,2026-04-15,2026-04-15,0,Bank Transfer,False
PAY-00276-202605,SME-2024-00276,2026-05,5508989,2026-05-15,2026-05-15,0,Virtual Account,False
PAY-00276-202606,SME-2024-00276,2026-06,5564156,2026-06-16,2026-06-15,1,Bank Transfer,False
PAY-00277-202507,SME-2024-00277,2025-07,931592,2025-07-16,2025-07-15,1,Bank Transfer,False
PAY-00277-202508,SME-2024-00277,2025-08,931703,2025-08-17,2025-08-15,2,Virtual Account,False
PAY-00277-202509,SME-2024-00277,2025-09,904217,2025-09-15,2025-09-15,0,Bank Transfer,False
PAY-00277-202510,SME-2024-00277,2025-10,948235,2025-10-16,2025-10-15,1,Cash,False
PAY-00277-202511,SME-2024-00277,2025-11,936548,2025-11-18,2025-11-15,3,Virtual Account,False
PAY-00277-202512,SME-2024-00277,2025-12,914252,2025-12-16,2025-12-15,1,Virtual Account,False
PAY-00277-202601,SME-2024-00277,2026-01,908585,2026-01-15,2026-01-15,0,Bank Transfer,False
PAY-00277-202602,SME-2024-00277,2026-02,931032,2026-02-15,2026-02-15,0,Auto-debit,False
PAY-00277-202603,SME-2024-00277,2026-03,918469,2026-03-15,2026-03-15,0,Auto-debit,False
PAY-00277-202604,SME-2024-00277,2026-04,933270,2026-04-15,2026-04-15,0,Auto-debit,False
PAY-00277-202605,SME-2024-00277,2026-05,947325,2026-05-15,2026-05-15,0,Virtual Account,False
PAY-00277-202606,SME-2024-00277,2026-06,933794,2026-06-18,2026-06-15,3,Cash,False
PAY-00279-202512,SME-2024-00279,2025-12,1834504,2025-12-15,2025-12-15,0,Bank Transfer,False
PAY-00279-202601,SME-2024-00279,2026-01,1810567,2026-01-16,2026-01-15,1,Auto-debit,False
PAY-00279-202602,SME-2024-00279,2026-02,1848648,2026-02-15,2026-02-15,0,Auto-debit,False
PAY-00279-202603,SME-2024-00279,2026-03,1862280,2026-03-17,2026-03-15,2,Auto-debit,False
PAY-00279-202604,SME-2024-00279,2026-04,1911634,2026-04-15,2026-04-15,0,Bank Transfer,False
PAY-00279-202605,SME-2024-00279,2026-05,1840578,2026-05-17,2026-05-15,2,Virtual Account,False
PAY-00279-202606,SME-2024-00279,2026-06,1809309,2026-06-17,2026-06-15,2,Virtual Account,False
PAY-00280-202507,SME-2024-00280,2025-07,1505616,2025-07-16,2025-07-15,1,Virtual Account,False
PAY-00280-202508,SME-2024-00280,2025-08,1503922,2025-08-15,2025-08-15,0,Virtual Account,False
PAY-00280-202509,SME-2024-00280,2025-09,1485496,2025-09-17,2025-09-15,2,Bank Transfer,False
PAY-00280-202510,SME-2024-00280,2025-10,1526395,2025-10-16,2025-10-15,1,Bank Transfer,False
PAY-00280-202511,SME-2024-00280,2025-11,1539785,2025-11-15,2025-11-15,0,Bank Transfer,False
PAY-00280-202512,SME-2024-00280,2025-12,1515941,2025-12-15,2025-12-15,0,Bank Transfer,False
PAY-00280-202601,SME-2024-00280,2026-01,1500348,2026-01-15,2026-01-15,0,Bank Transfer,False
PAY-00280-202602,SME-2024-00280,2026-02,1536330,2026-02-16,2026-02-15,1,Bank Transfer,False
PAY-00280-202603,SME-2024-00280,2026-03,1504660,2026-03-17,2026-03-15,2,Bank Transfer,False
PAY-00280-202604,SME-2024-00280,2026-04,1469833,2026-04-17,2026-04-15,2,Virtual Account,False
PAY-00280-202605,SME-2024-00280,2026-05,1535058,2026-05-16,2026-05-15,1,Virtual Account,False
PAY-00280-202606,SME-2024-00280,2026-06,1514533,2026-06-16,2026-06-15,1,Bank Transfer,False
PAY-00281-202507,SME-2024-00281,2025-07,7913012,2025-07-17,2025-07-15,2,Auto-debit,False
PAY-00281-202508,SME-2024-00281,2025-08,7822847,2025-08-16,2025-08-15,1,Virtual Account,False
PAY-00281-202509,SME-2024-00281,2025-09,7959425,2025-09-17,2025-09-15,2,Cash,False
PAY-00281-202510,SME-2024-00281,2025-10,7719351,2025-10-16,2025-10-15,1,Virtual Account,False
PAY-00281-202511,SME-2024-00281,2025-11,7785704,2025-11-15,2025-11-15,0,Auto-debit,False
PAY-00281-202512,SME-2024-00281,2025-12,7900456,2025-12-17,2025-12-15,2,Auto-debit,False
PAY-00281-202601,SME-2024-00281,2026-01,7840884,2026-01-17,2026-01-15,2,Auto-debit,False
PAY-00281-202602,SME-2024-00281,2026-02,7816082,2026-02-15,2026-02-15,0,Cash,False
PAY-00281-202603,SME-2024-00281,2026-03,7863083,2026-03-16,2026-03-15,1,Bank Transfer,False
PAY-00281-202604,SME-2024-00281,2026-04,7593906,2026-04-15,2026-04-15,0,Virtual Account,False
PAY-00281-202605,SME-2024-00281,2026-05,7738887,2026-05-17,2026-05-15,2,Bank Transfer,False
PAY-00281-202606,SME-2024-00281,2026-06,7885368,2026-06-15,2026-06-15,0,Virtual Account,False
PAY-00282-202507,SME-2024-00282,2025-07,962432,2025-07-16,2025-07-15,1,Virtual Account,False
PAY-00282-202508,SME-2024-00282,2025-08,941888,2025-08-15,2025-08-15,0,Virtual Account,False
PAY-00282-202509,SME-2024-00282,2025-09,978814,2025-09-17,2025-09-15,2,Auto-debit,False
PAY-00282-202510,SME-2024-00282,2025-10,952671,2025-10-15,2025-10-15,0,Virtual Account,False
PAY-00282-202511,SME-2024-00282,2025-11,977300,2025-11-16,2025-11-15,1,Virtual Account,False
PAY-00282-202512,SME-2024-00282,2025-12,964305,2025-12-16,2025-12-15,1,Virtual Account,False
PAY-00282-202601,SME-2024-00282,2026-01,936606,2026-01-16,2026-01-15,1,Cash,False
PAY-00282-202602,SME-2024-00282,2026-02,996765,2026-02-16,2026-02-15,1,Auto-debit,False
PAY-00282-202603,SME-2024-00282,2026-03,979449,2026-03-15,2026-03-15,0,Cash,False
PAY-00282-202604,SME-2024-00282,2026-04,956184,2026-04-15,2026-04-15,0,Bank Transfer,False
PAY-00282-202605,SME-2024-00282,2026-05,951480,2026-05-16,2026-05-15,1,Bank Transfer,False
PAY-00282-202606,SME-2024-00282,2026-06,960819,2026-06-16,2026-06-15,1,Bank Transfer,False
PAY-00283-202507,SME-2024-00283,2025-07,8475087,2025-07-15,2025-07-15,0,Cash,False
PAY-00283-202508,SME-2024-00283,2025-08,8170891,2025-08-15,2025-08-15,0,Cash,False
PAY-00283-202509,SME-2024-00283,2025-09,8111433,2025-09-16,2025-09-15,1,Virtual Account,False
PAY-00283-202510,SME-2024-00283,2025-10,8526041,2025-10-16,2025-10-15,1,Virtual Account,True
PAY-00283-202511,SME-2024-00283,2025-11,8171036,2025-11-17,2025-11-15,2,Auto-debit,False
PAY-00283-202512,SME-2024-00283,2025-12,8454207,2025-12-15,2025-12-15,0,Virtual Account,False
PAY-00283-202601,SME-2024-00283,2026-01,8085262,2026-01-15,2026-01-15,0,Bank Transfer,False
PAY-00283-202602,SME-2024-00283,2026-02,8380793,2026-02-15,2026-02-15,0,Virtual Account,False
PAY-00283-202603,SME-2024-00283,2026-03,14322656,2026-03-15,2026-03-15,0,Bank Transfer,False
PAY-00283-202604,SME-2024-00283,2026-04,13863824,2026-04-17,2026-04-15,2,Cash,False
PAY-00283-202605,SME-2024-00283,2026-05,14346792,2026-05-15,2026-05-15,0,Virtual Account,False
PAY-00283-202606,SME-2024-00283,2026-06,14428666,2026-06-16,2026-06-15,1,Virtual Account,False
PAY-00284-202507,SME-2024-00284,2025-07,2496136,2025-07-16,2025-07-15,1,Cash,False
PAY-00284-202508,SME-2024-00284,2025-08,2401563,2025-08-15,2025-08-15,0,Virtual Account,False
PAY-00284-202509,SME-2024-00284,2025-09,2394163,2025-09-15,2025-09-15,0,Bank Transfer,False
PAY-00284-202510,SME-2024-00284,2025-10,2522776,2025-10-16,2025-10-15,1,Virtual Account,False
PAY-00284-202511,SME-2024-00284,2025-11,2432184,2025-11-16,2025-11-15,1,Virtual Account,False
PAY-00284-202512,SME-2024-00284,2025-12,2427939,2025-12-17,2025-12-15,2,Virtual Account,False
PAY-00284-202601,SME-2024-00284,2026-01,2444105,2026-01-18,2026-01-15,3,Bank Transfer,False
PAY-00284-202602,SME-2024-00284,2026-02,2418200,2026-02-15,2026-02-15,0,Bank Transfer,False
PAY-00284-202603,SME-2024-00284,2026-03,2475067,2026-03-15,2026-03-15,0,Cash,False
PAY-00284-202604,SME-2024-00284,2026-04,2421576,2026-04-17,2026-04-15,2,Virtual Account,False
PAY-00284-202605,SME-2024-00284,2026-05,2471811,2026-05-18,2026-05-15,3,Virtual Account,False
PAY-00284-202606,SME-2024-00284,2026-06,2407469,2026-06-16,2026-06-15,1,Bank Transfer,False
PAY-00285-202507,SME-2024-00285,2025-07,5167187,2025-07-15,2025-07-15,0,Auto-debit,False
PAY-00285-202508,SME-2024-00285,2025-08,4881503,2025-08-15,2025-08-15,0,Cash,False
PAY-00285-202509,SME-2024-00285,2025-09,5172055,2025-09-15,2025-09-15,0,Virtual Account,False
PAY-00285-202510,SME-2024-00285,2025-10,5013106,2025-10-16,2025-10-15,1,Bank Transfer,False
PAY-00285-202511,SME-2024-00285,2025-11,4891581,2025-11-15,2025-11-15,0,Virtual Account,False
PAY-00285-202512,SME-2024-00285,2025-12,5112742,2025-12-16,2025-12-15,1,Virtual Account,False
PAY-00285-202601,SME-2024-00285,2026-01,4903546,2026-01-15,2026-01-15,0,Virtual Account,False
PAY-00285-202602,SME-2024-00285,2026-02,4988173,2026-02-16,2026-02-15,1,Bank Transfer,False
PAY-00285-202603,SME-2024-00285,2026-03,5040742,2026-03-17,2026-03-15,2,Auto-debit,False
PAY-00285-202604,SME-2024-00285,2026-04,5032111,2026-04-15,2026-04-15,0,Cash,False
PAY-00285-202605,SME-2024-00285,2026-05,4972653,2026-05-15,2026-05-15,0,Virtual Account,False
PAY-00285-202606,SME-2024-00285,2026-06,5129231,2026-06-15,2026-06-15,0,Bank Transfer,False
PAY-00286-202507,SME-2024-00286,2025-07,1271778,2025-07-15,2025-07-15,0,Bank Transfer,False
PAY-00286-202508,SME-2024-00286,2025-08,1254666,2025-08-16,2025-08-15,1,Virtual Account,False
PAY-00286-202509,SME-2024-00286,2025-09,1309511,2025-09-16,2025-09-15,1,Auto-debit,False
PAY-00286-202510,SME-2024-00286,2025-10,1307091,2025-10-16,2025-10-15,1,Cash,False
PAY-00286-202511,SME-2024-00286,2025-11,1254599,2025-11-15,2025-11-15,0,Virtual Account,False
PAY-00286-202512,SME-2024-00286,2025-12,1292119,2025-12-15,2025-12-15,0,Bank Transfer,False
PAY-00286-202601,SME-2024-00286,2026-01,1319798,2026-01-15,2026-01-15,0,Virtual Account,False
PAY-00286-202602,SME-2024-00286,2026-02,1280539,2026-02-15,2026-02-15,0,Cash,False
PAY-00286-202603,SME-2024-00286,2026-03,1268373,2026-03-15,2026-03-15,0,Bank Transfer,False
PAY-00286-202604,SME-2024-00286,2026-04,1273838,2026-04-16,2026-04-15,1,Auto-debit,False
PAY-00286-202605,SME-2024-00286,2026-05,1306081,2026-05-17,2026-05-15,2,Virtual Account,False
PAY-00286-202606,SME-2024-00286,2026-06,1314025,2026-06-16,2026-06-15,1,Bank Transfer,False
PAY-00287-202507,SME-2024-00287,2025-07,3629875,2025-07-15,2025-07-15,0,Bank Transfer,False
PAY-00287-202508,SME-2024-00287,2025-08,3652941,2025-08-15,2025-08-15,0,Cash,False
PAY-00287-202509,SME-2024-00287,2025-09,3590451,2025-09-15,2025-09-15,0,Virtual Account,False
PAY-00287-202510,SME-2024-00287,2025-10,3676803,2025-10-15,2025-10-15,0,Bank Transfer,False
PAY-00287-202511,SME-2024-00287,2025-11,3717825,2025-11-15,2025-11-15,0,Virtual Account,False
PAY-00287-202512,SME-2024-00287,2025-12,3565963,2025-12-15,2025-12-15,0,Bank Transfer,False
PAY-00287-202601,SME-2024-00287,2026-01,3558658,2026-01-15,2026-01-15,0,Virtual Account,False
PAY-00287-202602,SME-2024-00287,2026-02,3673130,2026-02-15,2026-02-15,0,Virtual Account,False
PAY-00287-202603,SME-2024-00287,2026-03,3680845,2026-03-17,2026-03-15,2,Virtual Account,False
PAY-00287-202604,SME-2024-00287,2026-04,3666924,2026-04-15,2026-04-15,0,Auto-debit,False
PAY-00287-202605,SME-2024-00287,2026-05,3622480,2026-05-15,2026-05-15,0,Virtual Account,False
PAY-00287-202606,SME-2024-00287,2026-06,3549921,2026-06-15,2026-06-15,0,Bank Transfer,False
PAY-00288-202507,SME-2024-00288,2025-07,2015823,2025-07-17,2025-07-15,2,Virtual Account,False
PAY-00288-202508,SME-2024-00288,2025-08,1944132,2025-08-16,2025-08-15,1,Virtual Account,False
PAY-00288-202509,SME-2024-00288,2025-09,1921605,2025-09-15,2025-09-15,0,Bank Transfer,False
PAY-00288-202510,SME-2024-00288,2025-10,1934087,2025-10-15,2025-10-15,0,Virtual Account,False
PAY-00288-202511,SME-2024-00288,2025-11,1961060,2025-11-15,2025-11-15,0,Cash,False
PAY-00288-202512,SME-2024-00288,2025-12,1939947,2025-12-16,2025-12-15,1,Bank Transfer,False
PAY-00288-202601,SME-2024-00288,2026-01,2003600,2026-01-16,2026-01-15,1,Bank Transfer,False
PAY-00288-202602,SME-2024-00288,2026-02,1983691,2026-02-15,2026-02-15,0,Auto-debit,False
PAY-00288-202603,SME-2024-00288,2026-03,1975801,2026-03-15,2026-03-15,0,Auto-debit,False
PAY-00288-202604,SME-2024-00288,2026-04,2004087,2026-04-16,2026-04-15,1,Bank Transfer,False
PAY-00288-202605,SME-2024-00288,2026-05,1978461,2026-05-15,2026-05-15,0,Cash,True
PAY-00288-202606,SME-2024-00288,2026-06,1940313,2026-06-15,2026-06-15,0,Bank Transfer,False
PAY-00289-202507,SME-2024-00289,2025-07,1562319,2025-07-15,2025-07-15,0,Virtual Account,False
PAY-00289-202508,SME-2024-00289,2025-08,1548602,2025-08-15,2025-08-15,0,Virtual Account,True
PAY-00289-202509,SME-2024-00289,2025-09,1559675,2025-09-17,2025-09-15,2,Bank Transfer,False
PAY-00289-202510,SME-2024-00289,2025-10,1557305,2025-10-17,2025-10-15,2,Bank Transfer,False
PAY-00289-202511,SME-2024-00289,2025-11,1598378,2025-11-16,2025-11-15,1,Cash,False
PAY-00289-202512,SME-2024-00289,2025-12,1543349,2025-12-15,2025-12-15,0,Virtual Account,False
PAY-00289-202601,SME-2024-00289,2026-01,1579107,2026-01-15,2026-01-15,0,Bank Transfer,False
PAY-00289-202602,SME-2024-00289,2026-02,1550918,2026-02-15,2026-02-15,0,Bank Transfer,False
PAY-00289-202603,SME-2024-00289,2026-03,1525964,2026-03-16,2026-03-15,1,Bank Transfer,False
PAY-00289-202604,SME-2024-00289,2026-04,1553072,2026-04-18,2026-04-15,3,Bank Transfer,False
PAY-00289-202605,SME-2024-00289,2026-05,1613289,2026-05-15,2026-05-15,0,Virtual Account,False
PAY-00289-202606,SME-2024-00289,2026-06,1586774,2026-06-15,2026-06-15,0,Virtual Account,False
PAY-00291-202507,SME-2024-00291,2025-07,5042220,2025-07-15,2025-07-15,0,Cash,False
PAY-00291-202508,SME-2024-00291,2025-08,5208416,2025-08-16,2025-08-15,1,Virtual Account,False
PAY-00291-202509,SME-2024-00291,2025-09,5165486,2025-09-17,2025-09-15,2,Bank Transfer,False
PAY-00291-202510,SME-2024-00291,2025-10,5017485,2025-10-16,2025-10-15,1,Auto-debit,True
PAY-00291-202511,SME-2024-00291,2025-11,5274392,2025-11-16,2025-11-15,1,Cash,False
PAY-00291-202512,SME-2024-00291,2025-12,4987911,2025-12-17,2025-12-15,2,Virtual Account,False
PAY-00291-202601,SME-2024-00291,2026-01,5034935,2026-01-17,2026-01-15,2,Bank Transfer,False
PAY-00291-202602,SME-2024-00291,2026-02,5080164,2026-02-18,2026-02-15,3,Virtual Account,False
PAY-00291-202603,SME-2024-00291,2026-03,5089490,2026-03-17,2026-03-15,2,Bank Transfer,False
PAY-00291-202604,SME-2024-00291,2026-04,5057844,2026-04-16,2026-04-15,1,Bank Transfer,False
PAY-00291-202605,SME-2024-00291,2026-05,5018543,2026-05-15,2026-05-15,0,Bank Transfer,False
PAY-00291-202606,SME-2024-00291,2026-06,4988143,2026-06-18,2026-06-15,3,Auto-debit,False
PAY-00292-202507,SME-2024-00292,2025-07,2727098,2025-07-16,2025-07-15,1,Bank Transfer,False
PAY-00292-202508,SME-2024-00292,2025-08,2637412,2025-08-15,2025-08-15,0,Virtual Account,False
PAY-00292-202509,SME-2024-00292,2025-09,2689856,2025-09-16,2025-09-15,1,Auto-debit,False
PAY-00292-202510,SME-2024-00292,2025-10,2686914,2025-10-15,2025-10-15,0,Virtual Account,False
PAY-00292-202511,SME-2024-00292,2025-11,2609081,2025-11-15,2025-11-15,0,Auto-debit,False
PAY-00292-202512,SME-2024-00292,2025-12,2638586,2025-12-16,2025-12-15,1,Cash,False
PAY-00292-202601,SME-2024-00292,2026-01,2653976,2026-01-15,2026-01-15,0,Virtual Account,False
PAY-00292-202602,SME-2024-00292,2026-02,2676682,2026-02-16,2026-02-15,1,Auto-debit,False
PAY-00292-202603,SME-2024-00292,2026-03,2661040,2026-03-15,2026-03-15,0,Virtual Account,False
PAY-00292-202604,SME-2024-00292,2026-04,2696904,2026-04-15,2026-04-15,0,Cash,False
PAY-00292-202605,SME-2024-00292,2026-05,2667675,2026-05-16,2026-05-15,1,Virtual Account,False
PAY-00292-202606,SME-2024-00292,2026-06,2603791,2026-06-16,2026-06-15,1,Auto-debit,False
PAY-00293-202507,SME-2024-00293,2025-07,7602797,2025-07-15,2025-07-15,0,Bank Transfer,False
PAY-00293-202508,SME-2024-00293,2025-08,7618861,2025-08-18,2025-08-15,3,Auto-debit,False
PAY-00293-202509,SME-2024-00293,2025-09,7559047,2025-09-17,2025-09-15,2,Cash,False
PAY-00293-202510,SME-2024-00293,2025-10,7484429,2025-10-16,2025-10-15,1,Virtual Account,False
PAY-00293-202511,SME-2024-00293,2025-11,7452291,2025-11-15,2025-11-15,0,Auto-debit,False
PAY-00293-202512,SME-2024-00293,2025-12,7610744,2025-12-16,2025-12-15,1,Virtual Account,False
PAY-00293-202601,SME-2024-00293,2026-01,7726075,2026-01-15,2026-01-15,0,Bank Transfer,False
PAY-00293-202602,SME-2024-00293,2026-02,7441138,2026-02-16,2026-02-15,1,Bank Transfer,False
PAY-00293-202603,SME-2024-00293,2026-03,7391510,2026-03-19,2026-03-15,4,Virtual Account,False
PAY-00293-202604,SME-2024-00293,2026-04,7426615,2026-04-16,2026-04-15,1,Virtual Account,False
PAY-00293-202605,SME-2024-00293,2026-05,7492186,2026-05-16,2026-05-15,1,Virtual Account,False
PAY-00293-202606,SME-2024-00293,2026-06,7461130,2026-06-15,2026-06-15,0,Auto-debit,False
PAY-00294-202507,SME-2024-00294,2025-07,5133882,2025-07-16,2025-07-15,1,Bank Transfer,False
PAY-00294-202508,SME-2024-00294,2025-08,5033292,2025-08-15,2025-08-15,0,Virtual Account,False
PAY-00294-202509,SME-2024-00294,2025-09,9007253,2025-09-15,2025-09-15,0,Bank Transfer,False
PAY-00294-202510,SME-2024-00294,2025-10,9229071,2025-10-15,2025-10-15,0,Cash,False
PAY-00294-202511,SME-2024-00294,2025-11,8946975,2025-11-15,2025-11-15,0,Cash,True
PAY-00294-202512,SME-2024-00294,2025-12,9112561,2025-12-16,2025-12-15,1,Virtual Account,False
PAY-00294-202601,SME-2024-00294,2026-01,9389336,2026-01-15,2026-01-15,0,Auto-debit,False
PAY-00294-202602,SME-2024-00294,2026-02,9207481,2026-02-15,2026-02-15,0,Cash,False
PAY-00294-202603,SME-2024-00294,2026-03,9273016,2026-03-16,2026-03-15,1,Virtual Account,False
PAY-00294-202604,SME-2024-00294,2026-04,9431711,2026-04-17,2026-04-15,2,Bank Transfer,False
PAY-00294-202605,SME-2024-00294,2026-05,9156188,2026-05-18,2026-05-15,3,Virtual Account,False
PAY-00294-202606,SME-2024-00294,2026-06,9252799,2026-06-17,2026-06-15,2,Virtual Account,False
PAY-00295-202507,SME-2024-00295,2025-07,2316548,2025-07-16,2025-07-15,1,Virtual Account,False
PAY-00295-202508,SME-2024-00295,2025-08,2315789,2025-08-15,2025-08-15,0,Virtual Account,True
PAY-00295-202509,SME-2024-00295,2025-09,2351755,2025-09-16,2025-09-15,1,Auto-debit,False
PAY-00295-202510,SME-2024-00295,2025-10,2325370,2025-10-15,2025-10-15,0,Cash,False
PAY-00295-202511,SME-2024-00295,2025-11,2346239,2025-11-15,2025-11-15,0,Cash,False
PAY-00295-202512,SME-2024-00295,2025-12,2346121,2025-12-15,2025-12-15,0,Bank Transfer,False
PAY-00295-202601,SME-2024-00295,2026-01,2333149,2026-01-16,2026-01-15,1,Auto-debit,False
PAY-00295-202602,SME-2024-00295,2026-02,2346373,2026-02-15,2026-02-15,0,Virtual Account,False
PAY-00295-202603,SME-2024-00295,2026-03,2364824,2026-03-16,2026-03-15,1,Virtual Account,False
PAY-00295-202604,SME-2024-00295,2026-04,2301526,2026-04-16,2026-04-15,1,Virtual Account,False
PAY-00295-202605,SME-2024-00295,2026-05,2357720,2026-05-16,2026-05-15,1,Cash,False
PAY-00295-202606,SME-2024-00295,2026-06,2413404,2026-06-18,2026-06-15,3,Virtual Account,False
PAY-00296-202510,SME-2024-00296,2025-10,1176667,2025-10-16,2025-10-15,1,Virtual Account,False
PAY-00296-202511,SME-2024-00296,2025-11,1177056,2025-11-15,2025-11-15,0,Virtual Account,False
PAY-00296-202512,SME-2024-00296,2025-12,1201432,2025-12-15,2025-12-15,0,Auto-debit,False
PAY-00296-202601,SME-2024-00296,2026-01,1155447,2026-01-15,2026-01-15,0,Virtual Account,False
PAY-00296-202602,SME-2024-00296,2026-02,1192740,2026-02-17,2026-02-15,2,Virtual Account,False
PAY-00296-202603,SME-2024-00296,2026-03,1142340,2026-03-15,2026-03-15,0,Virtual Account,False
PAY-00296-202604,SME-2024-00296,2026-04,1211171,2026-04-16,2026-04-15,1,Virtual Account,False
PAY-00296-202605,SME-2024-00296,2026-05,1160504,2026-05-17,2026-05-15,2,Bank Transfer,False
PAY-00296-202606,SME-2024-00296,2026-06,1176723,2026-06-15,2026-06-15,0,Virtual Account,True
PAY-00297-202507,SME-2024-00297,2025-07,1195730,2025-07-15,2025-07-15,0,Auto-debit,False
PAY-00297-202508,SME-2024-00297,2025-08,1237711,2025-08-15,2025-08-15,0,Bank Transfer,False
PAY-00297-202509,SME-2024-00297,2025-09,1226483,2025-09-15,2025-09-15,0,Cash,False
PAY-00297-202510,SME-2024-00297,2025-10,1226601,2025-10-15,2025-10-15,0,Bank Transfer,False
PAY-00297-202511,SME-2024-00297,2025-11,1181390,2025-11-16,2025-11-15,1,Virtual Account,True
PAY-00297-202512,SME-2024-00297,2025-12,1206986,2025-12-16,2025-12-15,1,Bank Transfer,False
PAY-00297-202601,SME-2024-00297,2026-01,1221015,2026-01-15,2026-01-15,0,Virtual Account,False
PAY-00297-202602,SME-2024-00297,2026-02,1230026,2026-02-17,2026-02-15,2,Bank Transfer,False
PAY-00297-202603,SME-2024-00297,2026-03,1227254,2026-03-15,2026-03-15,0,Virtual Account,False
PAY-00297-202604,SME-2024-00297,2026-04,1215472,2026-04-15,2026-04-15,0,Bank Transfer,False
PAY-00297-202605,SME-2024-00297,2026-05,1205509,2026-05-16,2026-05-15,1,Virtual Account,False
PAY-00297-202606,SME-2024-00297,2026-06,1200949,2026-06-15,2026-06-15,0,Virtual Account,False
PAY-00298-202604,SME-2024-00298,2026-04,2220859,2026-04-15,2026-04-15,0,Cash,False
PAY-00298-202605,SME-2024-00298,2026-05,2279552,2026-05-19,2026-05-15,4,Virtual Account,False
PAY-00298-202606,SME-2024-00298,2026-06,2266189,2026-06-19,2026-06-15,4,Auto-debit,False
PAY-00299-202507,SME-2024-00299,2025-07,1715485,2025-07-17,2025-07-15,2,Virtual Account,False
PAY-00299-202508,SME-2024-00299,2025-08,1746205,2025-08-15,2025-08-15,0,Virtual Account,False
PAY-00299-202509,SME-2024-00299,2025-09,1676865,2025-09-16,2025-09-15,1,Auto-debit,False
PAY-00299-202510,SME-2024-00299,2025-10,1702939,2025-10-16,2025-10-15,1,Virtual Account,False
PAY-00299-202511,SME-2024-00299,2025-11,1687456,2025-11-15,2025-11-15,0,Virtual Account,False
PAY-00299-202512,SME-2024-00299,2025-12,1671222,2025-12-17,2025-12-15,2,Bank Transfer,False
PAY-00299-202601,SME-2024-00299,2026-01,1730778,2026-01-16,2026-01-15,1,Virtual Account,False
PAY-00299-202602,SME-2024-00299,2026-02,1696120,2026-02-15,2026-02-15,0,Auto-debit,False
PAY-00299-202603,SME-2024-00299,2026-03,1758385,2026-03-15,2026-03-15,0,Cash,False
PAY-00299-202604,SME-2024-00299,2026-04,1727240,2026-04-17,2026-04-15,2,Auto-debit,False
PAY-00299-202605,SME-2024-00299,2026-05,1756856,2026-05-17,2026-05-15,2,Bank Transfer,False
PAY-00299-202606,SME-2024-00299,2026-06,1687173,2026-06-17,2026-06-15,2,Virtual Account,False
PAY-00300-202507,SME-2024-00300,2025-07,7645914,2025-07-15,2025-07-15,0,Auto-debit,False
PAY-00300-202508,SME-2024-00300,2025-08,7619010,2025-08-15,2025-08-15,0,Cash,False
PAY-00300-202509,SME-2024-00300,2025-09,7759318,2025-09-15,2025-09-15,0,Bank Transfer,False
PAY-00300-202510,SME-2024-00300,2025-10,7933952,2025-10-15,2025-10-15,0,Virtual Account,False
PAY-00300-202511,SME-2024-00300,2025-11,7963157,2025-11-16,2025-11-15,1,Bank Transfer,False
PAY-00300-202512,SME-2024-00300,2025-12,7994973,2025-12-16,2025-12-15,1,Virtual Account,False
PAY-00300-202601,SME-2024-00300,2026-01,7600323,2026-01-15,2026-01-15,0,Virtual Account,False
PAY-00300-202602,SME-2024-00300,2026-02,7966056,2026-02-16,2026-02-15,1,Auto-debit,False
PAY-00300-202603,SME-2024-00300,2026-03,7929569,2026-03-16,2026-03-15,1,Virtual Account,False
PAY-00300-202604,SME-2024-00300,2026-04,8667528,2026-04-16,2026-04-15,1,Auto-debit,False
PAY-00300-202605,SME-2024-00300,2026-05,8440186,2026-05-17,2026-05-15,2,Bank Transfer,False
PAY-00300-202606,SME-2024-00300,2026-06,8417994,2026-06-19,2026-06-15,4,Auto-debit,False
PAY-00301-202507,SME-2024-00301,2025-07,926073,2025-07-16,2025-07-15,1,Cash,False
PAY-00301-202508,SME-2024-00301,2025-08,937218,2025-08-15,2025-08-15,0,Bank Transfer,False
PAY-00301-202509,SME-2024-00301,2025-09,929596,2025-09-15,2025-09-15,0,Bank Transfer,False
PAY-00301-202510,SME-2024-00301,2025-10,923016,2025-10-16,2025-10-15,1,Bank Transfer,False
PAY-00301-202511,SME-2024-00301,2025-11,959220,2025-11-16,2025-11-15,1,Virtual Account,False
PAY-00301-202512,SME-2024-00301,2025-12,972216,2025-12-15,2025-12-15,0,Auto-debit,False
PAY-00301-202601,SME-2024-00301,2026-01,970648,2026-01-15,2026-01-15,0,Virtual Account,False
PAY-00301-202602,SME-2024-00301,2026-02,958424,2026-02-16,2026-02-15,1,Cash,False
PAY-00301-202603,SME-2024-00301,2026-03,940241,2026-03-16,2026-03-15,1,Cash,False
PAY-00301-202604,SME-2024-00301,2026-04,935262,2026-04-16,2026-04-15,1,Virtual Account,False
PAY-00301-202605,SME-2024-00301,2026-05,940669,2026-05-16,2026-05-15,1,Bank Transfer,False
PAY-00301-202606,SME-2024-00301,2026-06,936738,2026-06-15,2026-06-15,0,Virtual Account,False
PAY-00302-202507,SME-2024-00302,2025-07,810025,2025-07-15,2025-07-15,0,Virtual Account,False
PAY-00302-202508,SME-2024-00302,2025-08,807903,2025-08-16,2025-08-15,1,Virtual Account,False
PAY-00302-202509,SME-2024-00302,2025-09,828756,2025-09-15,2025-09-15,0,Bank Transfer,False
PAY-00302-202510,SME-2024-00302,2025-10,798230,2025-10-16,2025-10-15,1,Virtual Account,False
PAY-00302-202511,SME-2024-00302,2025-11,827946,2025-11-15,2025-11-15,0,Bank Transfer,False
PAY-00302-202512,SME-2024-00302,2025-12,797682,2025-12-18,2025-12-15,3,Bank Transfer,False
PAY-00302-202601,SME-2024-00302,2026-01,800956,2026-01-16,2026-01-15,1,Bank Transfer,False
PAY-00302-202602,SME-2024-00302,2026-02,816036,2026-02-16,2026-02-15,1,Virtual Account,False
PAY-00302-202603,SME-2024-00302,2026-03,827306,2026-03-15,2026-03-15,0,Virtual Account,False
PAY-00302-202604,SME-2024-00302,2026-04,798322,2026-04-15,2026-04-15,0,Bank Transfer,False
PAY-00302-202605,SME-2024-00302,2026-05,780424,2026-05-17,2026-05-15,2,Bank Transfer,False
PAY-00302-202606,SME-2024-00302,2026-06,805135,2026-06-15,2026-06-15,0,Bank Transfer,False
PAY-00303-202507,SME-2024-00303,2025-07,3194845,2025-07-15,2025-07-15,0,Virtual Account,False
PAY-00303-202508,SME-2024-00303,2025-08,3111151,2025-08-16,2025-08-15,1,Virtual Account,False
PAY-00303-202509,SME-2024-00303,2025-09,3180201,2025-09-15,2025-09-15,0,Auto-debit,False
PAY-00303-202510,SME-2024-00303,2025-10,3204898,2025-10-15,2025-10-15,0,Virtual Account,False
PAY-00303-202511,SME-2024-00303,2025-11,3095611,2025-11-16,2025-11-15,1,Auto-debit,False
PAY-00303-202512,SME-2024-00303,2025-12,3113592,2025-12-17,2025-12-15,2,Bank Transfer,False
PAY-00303-202601,SME-2024-00303,2026-01,3217460,2026-01-16,2026-01-15,1,Bank Transfer,False
PAY-00303-202602,SME-2024-00303,2026-02,3171514,2026-02-16,2026-02-15,1,Bank Transfer,False
PAY-00303-202603,SME-2024-00303,2026-03,3130846,2026-03-15,2026-03-15,0,Cash,False
PAY-00303-202604,SME-2024-00303,2026-04,3083940,2026-04-15,2026-04-15,0,Bank Transfer,True
PAY-00303-202605,SME-2024-00303,2026-05,3059221,2026-05-15,2026-05-15,0,Auto-debit,False
PAY-00303-202606,SME-2024-00303,2026-06,3141068,2026-06-16,2026-06-15,1,Bank Transfer,False
PAY-00304-202507,SME-2024-00304,2025-07,2340853,2025-07-16,2025-07-15,1,Cash,False
PAY-00304-202508,SME-2024-00304,2025-08,2312851,2025-08-16,2025-08-15,1,Bank Transfer,False
PAY-00304-202509,SME-2024-00304,2025-09,2221707,2025-09-17,2025-09-15,2,Auto-debit,False
PAY-00304-202510,SME-2024-00304,2025-10,2271656,2025-10-15,2025-10-15,0,Cash,False
PAY-00304-202511,SME-2024-00304,2025-11,2224265,2025-11-15,2025-11-15,0,Virtual Account,False
PAY-00304-202512,SME-2024-00304,2025-12,2265728,2025-12-16,2025-12-15,1,Virtual Account,False
PAY-00304-202601,SME-2024-00304,2026-01,2324274,2026-01-15,2026-01-15,0,Virtual Account,False
PAY-00304-202602,SME-2024-00304,2026-02,2222235,2026-02-15,2026-02-15,0,Bank Transfer,False
PAY-00304-202603,SME-2024-00304,2026-03,2226658,2026-03-18,2026-03-15,3,Bank Transfer,False
PAY-00304-202604,SME-2024-00304,2026-04,2263803,2026-04-16,2026-04-15,1,Cash,False
PAY-00304-202605,SME-2024-00304,2026-05,2263134,2026-05-16,2026-05-15,1,Virtual Account,False
PAY-00304-202606,SME-2024-00304,2026-06,2285923,2026-06-16,2026-06-15,1,Bank Transfer,False
PAY-00306-202507,SME-2024-00306,2025-07,9166724,2025-07-15,2025-07-15,0,Virtual Account,False
PAY-00306-202508,SME-2024-00306,2025-08,8951751,2025-08-16,2025-08-15,1,Bank Transfer,False
PAY-00306-202509,SME-2024-00306,2025-09,9094807,2025-09-15,2025-09-15,0,Bank Transfer,False
PAY-00306-202510,SME-2024-00306,2025-10,9206555,2025-10-17,2025-10-15,2,Virtual Account,False
PAY-00306-202511,SME-2024-00306,2025-11,9020060,2025-11-16,2025-11-15,1,Bank Transfer,False
PAY-00306-202512,SME-2024-00306,2025-12,9175694,2025-12-16,2025-12-15,1,Virtual Account,False
PAY-00306-202601,SME-2024-00306,2026-01,8899238,2026-01-17,2026-01-15,2,Bank Transfer,False
PAY-00306-202602,SME-2024-00306,2026-02,9107540,2026-02-17,2026-02-15,2,Virtual Account,False
PAY-00306-202603,SME-2024-00306,2026-03,9172373,2026-03-15,2026-03-15,0,Auto-debit,False
PAY-00306-202604,SME-2024-00306,2026-04,8823684,2026-04-16,2026-04-15,1,Bank Transfer,False
PAY-00306-202605,SME-2024-00306,2026-05,8997319,2026-05-16,2026-05-15,1,Bank Transfer,False
PAY-00306-202606,SME-2024-00306,2026-06,8838710,2026-06-19,2026-06-15,4,Auto-debit,False
PAY-00307-202507,SME-2024-00307,2025-07,2065202,2025-07-15,2025-07-15,0,Virtual Account,False
PAY-00307-202508,SME-2024-00307,2025-08,4462367,2025-08-15,2025-08-15,0,Virtual Account,False
PAY-00307-202509,SME-2024-00307,2025-09,4601218,2025-09-15,2025-09-15,0,Virtual Account,False
PAY-00307-202510,SME-2024-00307,2025-10,4450934,2025-10-16,2025-10-15,1,Bank Transfer,False
PAY-00307-202511,SME-2024-00307,2025-11,4643630,2025-11-15,2025-11-15,0,Virtual Account,False
PAY-00307-202512,SME-2024-00307,2025-12,4581219,2025-12-18,2025-12-15,3,Cash,False
PAY-00307-202601,SME-2024-00307,2026-01,4542436,2026-01-16,2026-01-15,1,Auto-debit,True
PAY-00307-202602,SME-2024-00307,2026-02,4575714,2026-02-15,2026-02-15,0,Bank Transfer,False
PAY-00307-202603,SME-2024-00307,2026-03,4625387,2026-03-15,2026-03-15,0,Auto-debit,False
PAY-00307-202604,SME-2024-00307,2026-04,4531021,2026-04-15,2026-04-15,0,Bank Transfer,False
PAY-00307-202605,SME-2024-00307,2026-05,4512932,2026-05-15,2026-05-15,0,Virtual Account,False
PAY-00307-202606,SME-2024-00307,2026-06,4426311,2026-06-15,2026-06-15,0,Virtual Account,False
PAY-00308-202512,SME-2024-00308,2025-12,1145610,2025-12-15,2025-12-15,0,Bank Transfer,False
PAY-00308-202601,SME-2024-00308,2026-01,1118961,2026-01-17,2026-01-15,2,Bank Transfer,False
PAY-00308-202602,SME-2024-00308,2026-02,1130018,2026-02-15,2026-02-15,0,Virtual Account,False
PAY-00308-202603,SME-2024-00308,2026-03,1140540,2026-03-16,2026-03-15,1,Bank Transfer,False
PAY-00308-202604,SME-2024-00308,2026-04,1176659,2026-04-15,2026-04-15,0,Bank Transfer,False
PAY-00308-202605,SME-2024-00308,2026-05,1138366,2026-05-15,2026-05-15,0,Bank Transfer,False
PAY-00308-202606,SME-2024-00308,2026-06,1166274,2026-06-16,2026-06-15,1,Bank Transfer,False
PAY-00309-202508,SME-2024-00309,2025-08,2367928,2025-08-15,2025-08-15,0,Virtual Account,False
PAY-00309-202509,SME-2024-00309,2025-09,2257049,2025-09-15,2025-09-15,0,Auto-debit,False
PAY-00309-202510,SME-2024-00309,2025-10,2295830,2025-10-15,2025-10-15,0,Bank Transfer,False
PAY-00309-202511,SME-2024-00309,2025-11,2361008,2025-11-16,2025-11-15,1,Bank Transfer,False
PAY-00309-202512,SME-2024-00309,2025-12,2354518,2025-12-15,2025-12-15,0,Virtual Account,False
PAY-00309-202601,SME-2024-00309,2026-01,2354756,2026-01-15,2026-01-15,0,Bank Transfer,False
PAY-00309-202602,SME-2024-00309,2026-02,2304026,2026-02-15,2026-02-15,0,Cash,False
PAY-00309-202603,SME-2024-00309,2026-03,2302862,2026-03-15,2026-03-15,0,Virtual Account,False
PAY-00309-202604,SME-2024-00309,2026-04,2325906,2026-04-15,2026-04-15,0,Auto-debit,False
PAY-00309-202605,SME-2024-00309,2026-05,2319853,2026-05-15,2026-05-15,0,Bank Transfer,False
PAY-00309-202606,SME-2024-00309,2026-06,2336141,2026-06-16,2026-06-15,1,Virtual Account,False
PAY-00310-202507,SME-2024-00310,2025-07,7701454,2025-07-15,2025-07-15,0,Virtual Account,False
PAY-00310-202508,SME-2024-00310,2025-08,7325437,2025-08-15,2025-08-15,0,Auto-debit,False
PAY-00310-202509,SME-2024-00310,2025-09,7648497,2025-09-15,2025-09-15,0,Virtual Account,False
PAY-00310-202510,SME-2024-00310,2025-10,7513210,2025-10-15,2025-10-15,0,Bank Transfer,False
PAY-00310-202511,SME-2024-00310,2025-11,7643787,2025-11-15,2025-11-15,0,Auto-debit,False
PAY-00310-202512,SME-2024-00310,2025-12,7386786,2025-12-17,2025-12-15,2,Bank Transfer,False
PAY-00310-202601,SME-2024-00310,2026-01,10407181,2026-01-16,2026-01-15,1,Virtual Account,False
PAY-00310-202602,SME-2024-00310,2026-02,10385913,2026-02-16,2026-02-15,1,Auto-debit,False
PAY-00310-202603,SME-2024-00310,2026-03,14305915,2026-03-15,2026-03-15,0,Bank Transfer,False
PAY-00310-202604,SME-2024-00310,2026-04,14537445,2026-04-17,2026-04-15,2,Auto-debit,False
PAY-00310-202605,SME-2024-00310,2026-05,14223012,2026-05-16,2026-05-15,1,Auto-debit,False
PAY-00310-202606,SME-2024-00310,2026-06,14439495,2026-06-15,2026-06-15,0,Virtual Account,False
PAY-00312-202509,SME-2024-00312,2025-09,5037419,2025-09-16,2025-09-15,1,Auto-debit,True
PAY-00312-202510,SME-2024-00312,2025-10,5109037,2025-10-16,2025-10-15,1,Virtual Account,False
PAY-00312-202511,SME-2024-00312,2025-11,5123549,2025-11-15,2025-11-15,0,Virtual Account,False
PAY-00312-202512,SME-2024-00312,2025-12,5241366,2025-12-16,2025-12-15,1,Virtual Account,False
PAY-00312-202601,SME-2024-00312,2026-01,5159139,2026-01-16,2026-01-15,1,Auto-debit,False
PAY-00312-202602,SME-2024-00312,2026-02,5000290,2026-02-16,2026-02-15,1,Virtual Account,False
PAY-00312-202603,SME-2024-00312,2026-03,5262692,2026-03-15,2026-03-15,0,Auto-debit,False
PAY-00312-202604,SME-2024-00312,2026-04,5193274,2026-04-15,2026-04-15,0,Virtual Account,False
PAY-00312-202605,SME-2024-00312,2026-05,5296214,2026-05-15,2026-05-15,0,Bank Transfer,False
PAY-00312-202606,SME-2024-00312,2026-06,5234024,2026-06-15,2026-06-15,0,Virtual Account,False
PAY-00313-202507,SME-2024-00313,2025-07,1127677,2025-07-16,2025-07-15,1,Auto-debit,False
PAY-00313-202508,SME-2024-00313,2025-08,1104092,2025-08-15,2025-08-15,0,Bank Transfer,False
PAY-00313-202509,SME-2024-00313,2025-09,1110886,2025-09-16,2025-09-15,1,Virtual Account,False
PAY-00313-202510,SME-2024-00313,2025-10,1093808,2025-10-16,2025-10-15,1,Auto-debit,False
PAY-00313-202511,SME-2024-00313,2025-11,1144638,2025-11-15,2025-11-15,0,Bank Transfer,False
PAY-00313-202512,SME-2024-00313,2025-12,1092828,2025-12-15,2025-12-15,0,Auto-debit,False
PAY-00313-202601,SME-2024-00313,2026-01,1101158,2026-01-18,2026-01-15,3,Virtual Account,False
PAY-00313-202602,SME-2024-00313,2026-02,1092219,2026-02-17,2026-02-15,2,Auto-debit,False
PAY-00313-202603,SME-2024-00313,2026-03,1089986,2026-03-15,2026-03-15,0,Virtual Account,False
PAY-00313-202604,SME-2024-00313,2026-04,1094126,2026-04-18,2026-04-15,3,Auto-debit,False
PAY-00313-202605,SME-2024-00313,2026-05,1089610,2026-05-16,2026-05-15,1,Virtual Account,False
PAY-00313-202606,SME-2024-00313,2026-06,1118313,2026-06-16,2026-06-15,1,Bank Transfer,False
PAY-00314-202507,SME-2024-00314,2025-07,3057650,2025-07-15,2025-07-15,0,Virtual Account,False
PAY-00314-202508,SME-2024-00314,2025-08,3012628,2025-08-15,2025-08-15,0,Auto-debit,False
PAY-00314-202509,SME-2024-00314,2025-09,3054695,2025-09-16,2025-09-15,1,Virtual Account,False
PAY-00314-202510,SME-2024-00314,2025-10,3042512,2025-10-15,2025-10-15,0,Auto-debit,False
PAY-00314-202511,SME-2024-00314,2025-11,2956303,2025-11-15,2025-11-15,0,Virtual Account,False
PAY-00314-202512,SME-2024-00314,2025-12,3111786,2025-12-16,2025-12-15,1,Virtual Account,False
PAY-00314-202601,SME-2024-00314,2026-01,3037052,2026-01-17,2026-01-15,2,Virtual Account,False
PAY-00314-202602,SME-2024-00314,2026-02,2976251,2026-02-17,2026-02-15,2,Virtual Account,False
PAY-00314-202603,SME-2024-00314,2026-03,3038022,2026-03-15,2026-03-15,0,Virtual Account,False
PAY-00314-202604,SME-2024-00314,2026-04,2959113,2026-04-16,2026-04-15,1,Virtual Account,False
PAY-00314-202605,SME-2024-00314,2026-05,2944868,2026-05-16,2026-05-15,1,Virtual Account,False
PAY-00314-202606,SME-2024-00314,2026-06,3003245,2026-06-16,2026-06-15,1,Virtual Account,False
PAY-00315-202604,SME-2024-00315,2026-04,2772856,2026-04-16,2026-04-15,1,Cash,False
PAY-00315-202605,SME-2024-00315,2026-05,2686155,2026-05-18,2026-05-15,3,Virtual Account,False
PAY-00315-202606,SME-2024-00315,2026-06,2818103,2026-06-17,2026-06-15,2,Virtual Account,False
PAY-00316-202507,SME-2024-00316,2025-07,4357941,2025-07-15,2025-07-15,0,Bank Transfer,False
PAY-00316-202508,SME-2024-00316,2025-08,4376434,2025-08-16,2025-08-15,1,Bank Transfer,False
PAY-00316-202509,SME-2024-00316,2025-09,6948603,2025-09-15,2025-09-15,0,Auto-debit,False
PAY-00316-202510,SME-2024-00316,2025-10,6804610,2025-10-15,2025-10-15,0,Bank Transfer,False
PAY-00316-202511,SME-2024-00316,2025-11,6873684,2025-11-16,2025-11-15,1,Auto-debit,False
PAY-00316-202512,SME-2024-00316,2025-12,6990586,2025-12-15,2025-12-15,0,Virtual Account,True
PAY-00316-202601,SME-2024-00316,2026-01,6998719,2026-01-15,2026-01-15,0,Auto-debit,False
PAY-00316-202602,SME-2024-00316,2026-02,6779878,2026-02-16,2026-02-15,1,Bank Transfer,False
PAY-00316-202603,SME-2024-00316,2026-03,6767746,2026-03-16,2026-03-15,1,Cash,False
PAY-00316-202604,SME-2024-00316,2026-04,6839408,2026-04-16,2026-04-15,1,Virtual Account,False
PAY-00316-202605,SME-2024-00316,2026-05,6725526,2026-05-16,2026-05-15,1,Virtual Account,False
PAY-00316-202606,SME-2024-00316,2026-06,6909418,2026-06-15,2026-06-15,0,Virtual Account,False
PAY-00317-202507,SME-2024-00317,2025-07,2918032,2025-07-15,2025-07-15,0,Virtual Account,False
PAY-00317-202508,SME-2024-00317,2025-08,2882402,2025-08-15,2025-08-15,0,Virtual Account,False
PAY-00317-202509,SME-2024-00317,2025-09,2858891,2025-09-15,2025-09-15,0,Bank Transfer,False
PAY-00317-202510,SME-2024-00317,2025-10,2894085,2025-10-17,2025-10-15,2,Auto-debit,False
PAY-00317-202511,SME-2024-00317,2025-11,2937990,2025-11-15,2025-11-15,0,Bank Transfer,False
PAY-00317-202512,SME-2024-00317,2025-12,2817138,2025-12-16,2025-12-15,1,Bank Transfer,False
PAY-00317-202601,SME-2024-00317,2026-01,2893638,2026-01-17,2026-01-15,2,Auto-debit,False
PAY-00317-202602,SME-2024-00317,2026-02,2904911,2026-02-16,2026-02-15,1,Bank Transfer,False
PAY-00317-202603,SME-2024-00317,2026-03,2850979,2026-03-15,2026-03-15,0,Bank Transfer,False
PAY-00317-202604,SME-2024-00317,2026-04,2800900,2026-04-17,2026-04-15,2,Auto-debit,False
PAY-00317-202605,SME-2024-00317,2026-05,2804953,2026-05-15,2026-05-15,0,Bank Transfer,False
PAY-00317-202606,SME-2024-00317,2026-06,2914789,2026-06-16,2026-06-15,1,Virtual Account,False
PAY-00318-202605,SME-2024-00318,2026-05,1060494,2026-05-16,2026-05-15,1,Virtual Account,False
PAY-00318-202606,SME-2024-00318,2026-06,1077217,2026-06-15,2026-06-15,0,Auto-debit,False
PAY-00319-202602,SME-2024-00319,2026-02,658244,2026-02-15,2026-02-15,0,Auto-debit,False
PAY-00319-202603,SME-2024-00319,2026-03,656041,2026-03-16,2026-03-15,1,Cash,False
PAY-00319-202604,SME-2024-00319,2026-04,662933,2026-04-15,2026-04-15,0,Auto-debit,False
PAY-00319-202605,SME-2024-00319,2026-05,628224,2026-05-15,2026-05-15,0,Bank Transfer,False
PAY-00319-202606,SME-2024-00319,2026-06,643358,2026-06-15,2026-06-15,0,Virtual Account,False
PAY-00320-202512,SME-2024-00320,2025-12,2473421,2025-12-17,2025-12-15,2,Virtual Account,False
PAY-00320-202601,SME-2024-00320,2026-01,2460209,2026-01-15,2026-01-15,0,Auto-debit,False
PAY-00320-202602,SME-2024-00320,2026-02,2555761,2026-02-16,2026-02-15,1,Auto-debit,False
PAY-00320-202603,SME-2024-00320,2026-03,2508298,2026-03-16,2026-03-15,1,Cash,False
PAY-00320-202604,SME-2024-00320,2026-04,2457004,2026-04-15,2026-04-15,0,Bank Transfer,False
PAY-00320-202605,SME-2024-00320,2026-05,2485665,2026-05-16,2026-05-15,1,Auto-debit,False
PAY-00320-202606,SME-2024-00320,2026-06,2544479,2026-06-16,2026-06-15,1,Auto-debit,False
PAY-00321-202507,SME-2024-00321,2025-07,12654981,2025-07-15,2025-07-15,0,Bank Transfer,False
PAY-00321-202508,SME-2024-00321,2025-08,12213464,2025-08-17,2025-08-15,2,Bank Transfer,False
PAY-00321-202509,SME-2024-00321,2025-09,12219707,2025-09-15,2025-09-15,0,Cash,False
PAY-00321-202510,SME-2024-00321,2025-10,12330652,2025-10-15,2025-10-15,0,Cash,False
PAY-00321-202511,SME-2024-00321,2025-11,12079934,2025-11-15,2025-11-15,0,Auto-debit,False
PAY-00321-202512,SME-2024-00321,2025-12,12763912,2025-12-15,2025-12-15,0,Bank Transfer,False
PAY-00321-202601,SME-2024-00321,2026-01,12608846,2026-01-17,2026-01-15,2,Virtual Account,False
PAY-00321-202602,SME-2024-00321,2026-02,12721979,2026-02-17,2026-02-15,2,Virtual Account,False
PAY-00321-202603,SME-2024-00321,2026-03,12511582,2026-03-16,2026-03-15,1,Bank Transfer,False
PAY-00321-202604,SME-2024-00321,2026-04,12162311,2026-04-18,2026-04-15,3,Virtual Account,False
PAY-00321-202605,SME-2024-00321,2026-05,12628314,2026-05-15,2026-05-15,0,Auto-debit,False
PAY-00321-202606,SME-2024-00321,2026-06,12271585,2026-06-15,2026-06-15,0,Auto-debit,False
PAY-00322-202507,SME-2024-00322,2025-07,1475812,2025-07-16,2025-07-15,1,Bank Transfer,False
PAY-00322-202508,SME-2024-00322,2025-08,1458424,2025-08-15,2025-08-15,0,Cash,False
PAY-00322-202509,SME-2024-00322,2025-09,1505979,2025-09-15,2025-09-15,0,Virtual Account,False
PAY-00322-202510,SME-2024-00322,2025-10,1522625,2025-10-16,2025-10-15,1,Bank Transfer,False
PAY-00322-202511,SME-2024-00322,2025-11,1479697,2025-11-16,2025-11-15,1,Bank Transfer,False
PAY-00322-202512,SME-2024-00322,2025-12,1523933,2025-12-15,2025-12-15,0,Bank Transfer,False
PAY-00322-202601,SME-2024-00322,2026-01,1528903,2026-01-15,2026-01-15,0,Cash,False
PAY-00322-202602,SME-2024-00322,2026-02,1536959,2026-02-16,2026-02-15,1,Virtual Account,False
PAY-00322-202603,SME-2024-00322,2026-03,1483079,2026-03-16,2026-03-15,1,Auto-debit,False
PAY-00322-202604,SME-2024-00322,2026-04,1485100,2026-04-16,2026-04-15,1,Cash,False
PAY-00322-202605,SME-2024-00322,2026-05,1463182,2026-05-15,2026-05-15,0,Virtual Account,False
PAY-00322-202606,SME-2024-00322,2026-06,1538750,2026-06-15,2026-06-15,0,Auto-debit,False
PAY-00323-202507,SME-2024-00323,2025-07,2150949,2025-07-15,2025-07-15,0,Bank Transfer,False
PAY-00323-202508,SME-2024-00323,2025-08,2105399,2025-08-15,2025-08-15,0,Virtual Account,False
PAY-00323-202509,SME-2024-00323,2025-09,2078267,2025-09-15,2025-09-15,0,Virtual Account,True
PAY-00323-202510,SME-2024-00323,2025-10,2118744,2025-10-15,2025-10-15,0,Virtual Account,False
PAY-00323-202511,SME-2024-00323,2025-11,2133703,2025-11-15,2025-11-15,0,Virtual Account,False
PAY-00323-202512,SME-2024-00323,2025-12,2136631,2025-12-15,2025-12-15,0,Cash,False
PAY-00323-202601,SME-2024-00323,2026-01,2129521,2026-01-15,2026-01-15,0,Bank Transfer,False
PAY-00323-202602,SME-2024-00323,2026-02,2118734,2026-02-16,2026-02-15,1,Bank Transfer,False
PAY-00323-202603,SME-2024-00323,2026-03,2060256,2026-03-16,2026-03-15,1,Bank Transfer,False
PAY-00323-202604,SME-2024-00323,2026-04,2110099,2026-04-15,2026-04-15,0,Bank Transfer,False
PAY-00323-202605,SME-2024-00323,2026-05,2060033,2026-05-15,2026-05-15,0,Virtual Account,False
PAY-00323-202606,SME-2024-00323,2026-06,2110128,2026-06-15,2026-06-15,0,Auto-debit,False
PAY-00324-202507,SME-2024-00324,2025-07,2785767,2025-07-15,2025-07-15,0,Bank Transfer,False
PAY-00324-202508,SME-2024-00324,2025-08,2728624,2025-08-15,2025-08-15,0,Cash,False
PAY-00324-202509,SME-2024-00324,2025-09,2695876,2025-09-15,2025-09-15,0,Virtual Account,False
PAY-00324-202510,SME-2024-00324,2025-10,2666538,2025-10-16,2025-10-15,1,Auto-debit,False
PAY-00324-202511,SME-2024-00324,2025-11,2660370,2025-11-15,2025-11-15,0,Bank Transfer,False
PAY-00324-202512,SME-2024-00324,2025-12,2693801,2025-12-16,2025-12-15,1,Virtual Account,False
PAY-00324-202601,SME-2024-00324,2026-01,2665713,2026-01-16,2026-01-15,1,Virtual Account,False
PAY-00324-202602,SME-2024-00324,2026-02,2662070,2026-02-16,2026-02-15,1,Virtual Account,False
PAY-00324-202603,SME-2024-00324,2026-03,2659057,2026-03-17,2026-03-15,2,Cash,False
PAY-00324-202604,SME-2024-00324,2026-04,2718800,2026-04-16,2026-04-15,1,Auto-debit,False
PAY-00324-202605,SME-2024-00324,2026-05,2793075,2026-05-17,2026-05-15,2,Bank Transfer,False
PAY-00324-202606,SME-2024-00324,2026-06,2762954,2026-06-15,2026-06-15,0,Virtual Account,False
PAY-00325-202507,SME-2024-00325,2025-07,1457294,2025-07-16,2025-07-15,1,Bank Transfer,False
PAY-00325-202508,SME-2024-00325,2025-08,1431014,2025-08-16,2025-08-15,1,Virtual Account,False
PAY-00325-202509,SME-2024-00325,2025-09,1471849,2025-09-15,2025-09-15,0,Auto-debit,False
PAY-00325-202510,SME-2024-00325,2025-10,1512692,2025-10-17,2025-10-15,2,Bank Transfer,False
PAY-00325-202511,SME-2024-00325,2025-11,1450076,2025-11-15,2025-11-15,0,Virtual Account,False
PAY-00325-202512,SME-2024-00325,2025-12,1500062,2025-12-16,2025-12-15,1,Bank Transfer,False
PAY-00325-202601,SME-2024-00325,2026-01,1448042,2026-01-15,2026-01-15,0,Virtual Account,False
PAY-00325-202602,SME-2024-00325,2026-02,1453134,2026-02-16,2026-02-15,1,Bank Transfer,False
PAY-00325-202603,SME-2024-00325,2026-03,1439102,2026-03-16,2026-03-15,1,Bank Transfer,False
PAY-00325-202604,SME-2024-00325,2026-04,1510145,2026-04-16,2026-04-15,1,Cash,False
PAY-00325-202605,SME-2024-00325,2026-05,3107785,2026-05-16,2026-05-15,1,Virtual Account,False
PAY-00325-202606,SME-2024-00325,2026-06,3212506,2026-06-16,2026-06-15,1,Virtual Account,False
PAY-00326-202507,SME-2024-00326,2025-07,676302,2025-07-16,2025-07-15,1,Bank Transfer,False
PAY-00326-202508,SME-2024-00326,2025-08,654080,2025-08-16,2025-08-15,1,Auto-debit,False
PAY-00326-202509,SME-2024-00326,2025-09,687201,2025-09-16,2025-09-15,1,Auto-debit,False
PAY-00326-202510,SME-2024-00326,2025-10,679970,2025-10-15,2025-10-15,0,Auto-debit,False
PAY-00326-202511,SME-2024-00326,2025-11,674926,2025-11-16,2025-11-15,1,Auto-debit,False
PAY-00326-202512,SME-2024-00326,2025-12,678057,2025-12-18,2025-12-15,3,Virtual Account,False
PAY-00326-202601,SME-2024-00326,2026-01,664908,2026-01-16,2026-01-15,1,Cash,False
PAY-00326-202602,SME-2024-00326,2026-02,671831,2026-02-18,2026-02-15,3,Virtual Account,False
PAY-00326-202603,SME-2024-00326,2026-03,692456,2026-03-15,2026-03-15,0,Virtual Account,False
PAY-00326-202604,SME-2024-00326,2026-04,678023,2026-04-15,2026-04-15,0,Auto-debit,False
PAY-00326-202605,SME-2024-00326,2026-05,662738,2026-05-17,2026-05-15,2,Bank Transfer,False
PAY-00326-202606,SME-2024-00326,2026-06,682494,2026-06-15,2026-06-15,0,Auto-debit,False
PAY-00327-202507,SME-2024-00327,2025-07,2883392,2025-07-15,2025-07-15,0,Virtual Account,False
PAY-00327-202508,SME-2024-00327,2025-08,2805764,2025-08-17,2025-08-15,2,Bank Transfer,False
PAY-00327-202509,SME-2024-00327,2025-09,2927735,2025-09-15,2025-09-15,0,Auto-debit,False
PAY-00327-202510,SME-2024-00327,2025-10,2917797,2025-10-15,2025-10-15,0,Virtual Account,False
PAY-00327-202511,SME-2024-00327,2025-11,2822063,2025-11-15,2025-11-15,0,Bank Transfer,False
PAY-00327-202512,SME-2024-00327,2025-12,2922171,2025-12-16,2025-12-15,1,Auto-debit,False
PAY-00327-202601,SME-2024-00327,2026-01,2852017,2026-01-15,2026-01-15,0,Virtual Account,False
PAY-00327-202602,SME-2024-00327,2026-02,2804812,2026-02-16,2026-02-15,1,Virtual Account,False
PAY-00327-202603,SME-2024-00327,2026-03,2855736,2026-03-15,2026-03-15,0,Bank Transfer,False
PAY-00327-202604,SME-2024-00327,2026-04,3531507,2026-04-16,2026-04-15,1,Bank Transfer,False
PAY-00327-202605,SME-2024-00327,2026-05,3614811,2026-05-16,2026-05-15,1,Bank Transfer,False
PAY-00327-202606,SME-2024-00327,2026-06,3557067,2026-06-18,2026-06-15,3,Cash,False
PAY-00328-202606,SME-2024-00328,2026-06,1551591,2026-06-17,2026-06-15,2,Cash,False
PAY-00329-202507,SME-2024-00329,2025-07,2724322,2025-07-16,2025-07-15,1,Virtual Account,False
PAY-00329-202508,SME-2024-00329,2025-08,2763093,2025-08-15,2025-08-15,0,Bank Transfer,False
PAY-00329-202509,SME-2024-00329,2025-09,2712126,2025-09-15,2025-09-15,0,Bank Transfer,False
PAY-00329-202510,SME-2024-00329,2025-10,2711610,2025-10-16,2025-10-15,1,Virtual Account,False
PAY-00329-202511,SME-2024-00329,2025-11,2832795,2025-11-15,2025-11-15,0,Bank Transfer,False
PAY-00329-202512,SME-2024-00329,2025-12,6411127,2025-12-16,2025-12-15,1,Bank Transfer,False
PAY-00329-202601,SME-2024-00329,2026-01,6299374,2026-01-16,2026-01-15,1,Bank Transfer,False
PAY-00329-202602,SME-2024-00329,2026-02,6154083,2026-02-17,2026-02-15,2,Cash,False
PAY-00329-202603,SME-2024-00329,2026-03,6419942,2026-03-15,2026-03-15,0,Virtual Account,False
PAY-00329-202604,SME-2024-00329,2026-04,6267768,2026-04-15,2026-04-15,0,Auto-debit,True
PAY-00329-202605,SME-2024-00329,2026-05,6162893,2026-05-17,2026-05-15,2,Bank Transfer,False
PAY-00329-202606,SME-2024-00329,2026-06,6298091,2026-06-15,2026-06-15,0,Bank Transfer,False
PAY-00330-202507,SME-2024-00330,2025-07,851108,2025-07-16,2025-07-15,1,Virtual Account,False
PAY-00330-202508,SME-2024-00330,2025-08,881563,2025-08-16,2025-08-15,1,Bank Transfer,False
PAY-00330-202509,SME-2024-00330,2025-09,873365,2025-09-15,2025-09-15,0,Cash,False
PAY-00330-202510,SME-2024-00330,2025-10,4969776,2025-10-15,2025-10-15,0,Virtual Account,False
PAY-00330-202511,SME-2024-00330,2025-11,4792918,2025-11-15,2025-11-15,0,Virtual Account,False
PAY-00330-202512,SME-2024-00330,2025-12,4936659,2025-12-17,2025-12-15,2,Cash,False
PAY-00330-202601,SME-2024-00330,2026-01,4958662,2026-01-17,2026-01-15,2,Auto-debit,False
PAY-00330-202602,SME-2024-00330,2026-02,4778742,2026-02-16,2026-02-15,1,Virtual Account,False
PAY-00330-202603,SME-2024-00330,2026-03,4857723,2026-03-15,2026-03-15,0,Bank Transfer,False
PAY-00330-202604,SME-2024-00330,2026-04,4765218,2026-04-15,2026-04-15,0,Virtual Account,False
PAY-00330-202605,SME-2024-00330,2026-05,4819239,2026-05-15,2026-05-15,0,Bank Transfer,False
PAY-00330-202606,SME-2024-00330,2026-06,4835238,2026-06-16,2026-06-15,1,Bank Transfer,False
PAY-00331-202507,SME-2024-00331,2025-07,1555800,2025-07-15,2025-07-15,0,Virtual Account,False
PAY-00331-202508,SME-2024-00331,2025-08,1583069,2025-08-15,2025-08-15,0,Virtual Account,False
PAY-00331-202509,SME-2024-00331,2025-09,1627707,2025-09-16,2025-09-15,1,Cash,False
PAY-00331-202510,SME-2024-00331,2025-10,1625510,2025-10-15,2025-10-15,0,Bank Transfer,False
PAY-00331-202511,SME-2024-00331,2025-11,1577377,2025-11-15,2025-11-15,0,Virtual Account,False
PAY-00331-202512,SME-2024-00331,2025-12,1616054,2025-12-16,2025-12-15,1,Cash,False
PAY-00331-202601,SME-2024-00331,2026-01,1601095,2026-01-15,2026-01-15,0,Auto-debit,False
PAY-00331-202602,SME-2024-00331,2026-02,1629659,2026-02-15,2026-02-15,0,Virtual Account,False
PAY-00331-202603,SME-2024-00331,2026-03,1597950,2026-03-16,2026-03-15,1,Virtual Account,False
PAY-00331-202604,SME-2024-00331,2026-04,1547775,2026-04-16,2026-04-15,1,Virtual Account,False
PAY-00331-202605,SME-2024-00331,2026-05,1593704,2026-05-16,2026-05-15,1,Virtual Account,False
PAY-00331-202606,SME-2024-00331,2026-06,1554047,2026-06-16,2026-06-15,1,Virtual Account,False
PAY-00332-202507,SME-2024-00332,2025-07,1351700,2025-07-16,2025-07-15,1,Virtual Account,False
PAY-00332-202508,SME-2024-00332,2025-08,1361798,2025-08-15,2025-08-15,0,Virtual Account,False
PAY-00332-202509,SME-2024-00332,2025-09,1377453,2025-09-16,2025-09-15,1,Auto-debit,False
PAY-00332-202510,SME-2024-00332,2025-10,1398846,2025-10-16,2025-10-15,1,Virtual Account,False
PAY-00332-202511,SME-2024-00332,2025-11,1336252,2025-11-17,2025-11-15,2,Cash,False
PAY-00332-202512,SME-2024-00332,2025-12,1356443,2025-12-16,2025-12-15,1,Bank Transfer,False
PAY-00332-202601,SME-2024-00332,2026-01,1381261,2026-01-16,2026-01-15,1,Virtual Account,False
PAY-00332-202602,SME-2024-00332,2026-02,1396419,2026-02-17,2026-02-15,2,Bank Transfer,False
PAY-00332-202603,SME-2024-00332,2026-03,1353673,2026-03-17,2026-03-15,2,Auto-debit,False
PAY-00332-202604,SME-2024-00332,2026-04,1354188,2026-04-16,2026-04-15,1,Auto-debit,False
PAY-00332-202605,SME-2024-00332,2026-05,1385553,2026-05-16,2026-05-15,1,Bank Transfer,False
PAY-00332-202606,SME-2024-00332,2026-06,1397099,2026-06-17,2026-06-15,2,Auto-debit,False
PAY-00333-202507,SME-2024-00333,2025-07,2653880,2025-07-16,2025-07-15,1,Bank Transfer,False
PAY-00333-202508,SME-2024-00333,2025-08,2709940,2025-08-15,2025-08-15,0,Virtual Account,False
PAY-00333-202509,SME-2024-00333,2025-09,2618965,2025-09-15,2025-09-15,0,Virtual Account,False
PAY-00333-202510,SME-2024-00333,2025-10,2713221,2025-10-16,2025-10-15,1,Auto-debit,False
PAY-00333-202511,SME-2024-00333,2025-11,2705175,2025-11-15,2025-11-15,0,Bank Transfer,False
PAY-00333-202512,SME-2024-00333,2025-12,2662780,2025-12-17,2025-12-15,2,Bank Transfer,False
PAY-00333-202601,SME-2024-00333,2026-01,2638166,2026-01-15,2026-01-15,0,Virtual Account,False
PAY-00333-202602,SME-2024-00333,2026-02,2753581,2026-02-15,2026-02-15,0,Virtual Account,False
PAY-00333-202603,SME-2024-00333,2026-03,2695275,2026-03-15,2026-03-15,0,Bank Transfer,False
PAY-00333-202604,SME-2024-00333,2026-04,2674501,2026-04-15,2026-04-15,0,Auto-debit,False
PAY-00333-202605,SME-2024-00333,2026-05,2688026,2026-05-16,2026-05-15,1,Virtual Account,False
PAY-00333-202606,SME-2024-00333,2026-06,2689658,2026-06-18,2026-06-15,3,Virtual Account,False
PAY-00334-202507,SME-2024-00334,2025-07,1465613,2025-07-15,2025-07-15,0,Virtual Account,False
PAY-00334-202508,SME-2024-00334,2025-08,1509117,2025-08-16,2025-08-15,1,Virtual Account,False
PAY-00334-202509,SME-2024-00334,2025-09,1456400,2025-09-15,2025-09-15,0,Bank Transfer,False
PAY-00334-202510,SME-2024-00334,2025-10,1493102,2025-10-16,2025-10-15,1,Auto-debit,False
PAY-00334-202511,SME-2024-00334,2025-11,1468512,2025-11-15,2025-11-15,0,Virtual Account,False
PAY-00334-202512,SME-2024-00334,2025-12,1495112,2025-12-15,2025-12-15,0,Virtual Account,False
PAY-00334-202601,SME-2024-00334,2026-01,1422626,2026-01-17,2026-01-15,2,Virtual Account,False
PAY-00334-202602,SME-2024-00334,2026-02,1486235,2026-02-16,2026-02-15,1,Bank Transfer,False
PAY-00334-202603,SME-2024-00334,2026-03,1420152,2026-03-15,2026-03-15,0,Cash,False
PAY-00334-202604,SME-2024-00334,2026-04,1445946,2026-04-16,2026-04-15,1,Auto-debit,False
PAY-00334-202605,SME-2024-00334,2026-05,1428225,2026-05-16,2026-05-15,1,Cash,False
PAY-00334-202606,SME-2024-00334,2026-06,1457976,2026-06-16,2026-06-15,1,Virtual Account,False
PAY-00335-202507,SME-2024-00335,2025-07,2095347,2025-07-16,2025-07-15,1,Bank Transfer,False
PAY-00335-202508,SME-2024-00335,2025-08,2124130,2025-08-16,2025-08-15,1,Bank Transfer,False
PAY-00335-202509,SME-2024-00335,2025-09,2208397,2025-09-16,2025-09-15,1,Virtual Account,False
PAY-00335-202510,SME-2024-00335,2025-10,2100970,2025-10-15,2025-10-15,0,Virtual Account,False
PAY-00335-202511,SME-2024-00335,2025-11,2175234,2025-11-15,2025-11-15,0,Virtual Account,False
PAY-00335-202512,SME-2024-00335,2025-12,2104364,2025-12-15,2025-12-15,0,Virtual Account,False
PAY-00335-202601,SME-2024-00335,2026-01,2098405,2026-01-17,2026-01-15,2,Bank Transfer,False
PAY-00335-202602,SME-2024-00335,2026-02,2088761,2026-02-16,2026-02-15,1,Virtual Account,False
PAY-00335-202603,SME-2024-00335,2026-03,2118980,2026-03-17,2026-03-15,2,Bank Transfer,False
PAY-00335-202604,SME-2024-00335,2026-04,2128751,2026-04-18,2026-04-15,3,Auto-debit,False
PAY-00335-202605,SME-2024-00335,2026-05,2208750,2026-05-15,2026-05-15,0,Virtual Account,False
PAY-00335-202606,SME-2024-00335,2026-06,2142462,2026-06-17,2026-06-15,2,Virtual Account,True
PAY-00336-202507,SME-2024-00336,2025-07,3633940,2025-07-15,2025-07-15,0,Bank Transfer,False
PAY-00336-202508,SME-2024-00336,2025-08,3757599,2025-08-15,2025-08-15,0,Bank Transfer,False
PAY-00336-202509,SME-2024-00336,2025-09,3833130,2025-09-15,2025-09-15,0,Bank Transfer,False
PAY-00336-202510,SME-2024-00336,2025-10,3667746,2025-10-17,2025-10-15,2,Virtual Account,False
PAY-00336-202511,SME-2024-00336,2025-11,3792847,2025-11-15,2025-11-15,0,Virtual Account,False
PAY-00336-202512,SME-2024-00336,2025-12,3781717,2025-12-15,2025-12-15,0,Auto-debit,False
PAY-00336-202601,SME-2024-00336,2026-01,3820171,2026-01-15,2026-01-15,0,Virtual Account,False
PAY-00336-202602,SME-2024-00336,2026-02,3627115,2026-02-16,2026-02-15,1,Cash,False
PAY-00336-202603,SME-2024-00336,2026-03,3658230,2026-03-16,2026-03-15,1,Bank Transfer,False
PAY-00336-202604,SME-2024-00336,2026-04,3743944,2026-04-15,2026-04-15,0,Cash,False
PAY-00336-202605,SME-2024-00336,2026-05,3625218,2026-05-15,2026-05-15,0,Virtual Account,False
PAY-00336-202606,SME-2024-00336,2026-06,3741748,2026-06-15,2026-06-15,0,Bank Transfer,False
PAY-00337-202507,SME-2024-00337,2025-07,852385,2025-07-15,2025-07-15,0,Virtual Account,False
PAY-00337-202508,SME-2024-00337,2025-08,855324,2025-08-15,2025-08-15,0,Bank Transfer,False
PAY-00337-202509,SME-2024-00337,2025-09,831489,2025-09-16,2025-09-15,1,Virtual Account,False
PAY-00337-202510,SME-2024-00337,2025-10,856173,2025-10-15,2025-10-15,0,Bank Transfer,False
PAY-00337-202511,SME-2024-00337,2025-11,854277,2025-11-16,2025-11-15,1,Bank Transfer,False
PAY-00337-202512,SME-2024-00337,2025-12,872785,2025-12-16,2025-12-15,1,Virtual Account,False
PAY-00337-202601,SME-2024-00337,2026-01,839777,2026-01-16,2026-01-15,1,Bank Transfer,False
PAY-00337-202602,SME-2024-00337,2026-02,841079,2026-02-15,2026-02-15,0,Bank Transfer,False
PAY-00337-202603,SME-2024-00337,2026-03,858212,2026-03-16,2026-03-15,1,Virtual Account,False
PAY-00337-202604,SME-2024-00337,2026-04,859673,2026-04-17,2026-04-15,2,Bank Transfer,False
PAY-00337-202605,SME-2024-00337,2026-05,859807,2026-05-15,2026-05-15,0,Bank Transfer,False
PAY-00337-202606,SME-2024-00337,2026-06,829028,2026-06-19,2026-06-15,4,Virtual Account,False
PAY-00338-202602,SME-2024-00338,2026-02,1939027,2026-02-16,2026-02-15,1,Virtual Account,False
PAY-00338-202603,SME-2024-00338,2026-03,1947997,2026-03-17,2026-03-15,2,Virtual Account,True
PAY-00338-202604,SME-2024-00338,2026-04,1934561,2026-04-16,2026-04-15,1,Bank Transfer,False
PAY-00338-202605,SME-2024-00338,2026-05,2006389,2026-05-16,2026-05-15,1,Bank Transfer,False
PAY-00338-202606,SME-2024-00338,2026-06,1908597,2026-06-17,2026-06-15,2,Bank Transfer,False
PAY-00339-202507,SME-2024-00339,2025-07,6853374,2025-07-17,2025-07-15,2,Virtual Account,False
PAY-00339-202508,SME-2024-00339,2025-08,7051920,2025-08-16,2025-08-15,1,Virtual Account,False
PAY-00339-202509,SME-2024-00339,2025-09,7052080,2025-09-15,2025-09-15,0,Bank Transfer,False
PAY-00339-202510,SME-2024-00339,2025-10,7048876,2025-10-15,2025-10-15,0,Bank Transfer,False
PAY-00339-202511,SME-2024-00339,2025-11,6766101,2025-11-16,2025-11-15,1,Cash,True
PAY-00339-202512,SME-2024-00339,2025-12,6974123,2025-12-15,2025-12-15,0,Bank Transfer,False
PAY-00339-202601,SME-2024-00339,2026-01,7058358,2026-01-16,2026-01-15,1,Virtual Account,False
PAY-00339-202602,SME-2024-00339,2026-02,6819703,2026-02-17,2026-02-15,2,Auto-debit,False
PAY-00339-202603,SME-2024-00339,2026-03,6895160,2026-03-15,2026-03-15,0,Auto-debit,False
PAY-00339-202604,SME-2024-00339,2026-04,6836984,2026-04-16,2026-04-15,1,Virtual Account,False
PAY-00339-202605,SME-2024-00339,2026-05,7041897,2026-05-15,2026-05-15,0,Virtual Account,False
PAY-00339-202606,SME-2024-00339,2026-06,7049103,2026-06-16,2026-06-15,1,Virtual Account,False
PAY-00340-202507,SME-2024-00340,2025-07,16082129,2025-07-15,2025-07-15,0,Bank Transfer,False
PAY-00340-202508,SME-2024-00340,2025-08,16210042,2025-08-15,2025-08-15,0,Auto-debit,False
PAY-00340-202509,SME-2024-00340,2025-09,16133062,2025-09-16,2025-09-15,1,Cash,False
PAY-00340-202510,SME-2024-00340,2025-10,16237548,2025-10-15,2025-10-15,0,Cash,False
PAY-00340-202511,SME-2024-00340,2025-11,16481950,2025-11-17,2025-11-15,2,Virtual Account,False
PAY-00340-202512,SME-2024-00340,2025-12,16346855,2025-12-16,2025-12-15,1,Virtual Account,False
PAY-00340-202601,SME-2024-00340,2026-01,15684522,2026-01-17,2026-01-15,2,Cash,False
PAY-00340-202602,SME-2024-00340,2026-02,16258821,2026-02-16,2026-02-15,1,Virtual Account,False
PAY-00340-202603,SME-2024-00340,2026-03,16596011,2026-03-16,2026-03-15,1,Bank Transfer,True
PAY-00340-202604,SME-2024-00340,2026-04,15919112,2026-04-15,2026-04-15,0,Bank Transfer,True
PAY-00340-202605,SME-2024-00340,2026-05,16112327,2026-05-15,2026-05-15,0,Virtual Account,False
PAY-00340-202606,SME-2024-00340,2026-06,16064604,2026-06-15,2026-06-15,0,Auto-debit,True
PAY-00341-202507,SME-2024-00341,2025-07,1774391,2025-07-15,2025-07-15,0,Virtual Account,True
PAY-00341-202508,SME-2024-00341,2025-08,1767878,2025-08-15,2025-08-15,0,Cash,False
PAY-00341-202509,SME-2024-00341,2025-09,1724465,2025-09-15,2025-09-15,0,Virtual Account,False
PAY-00341-202510,SME-2024-00341,2025-10,1752554,2025-10-16,2025-10-15,1,Virtual Account,False
PAY-00341-202511,SME-2024-00341,2025-11,1786193,2025-11-16,2025-11-15,1,Virtual Account,False
PAY-00341-202512,SME-2024-00341,2025-12,1698024,2025-12-16,2025-12-15,1,Virtual Account,False
PAY-00341-202601,SME-2024-00341,2026-01,1704022,2026-01-16,2026-01-15,1,Virtual Account,False
PAY-00341-202602,SME-2024-00341,2026-02,1690842,2026-02-15,2026-02-15,0,Virtual Account,False
PAY-00341-202603,SME-2024-00341,2026-03,1781231,2026-03-15,2026-03-15,0,Auto-debit,True
PAY-00341-202604,SME-2024-00341,2026-04,1729361,2026-04-15,2026-04-15,0,Auto-debit,False
PAY-00341-202605,SME-2024-00341,2026-05,1765159,2026-05-15,2026-05-15,0,Virtual Account,False
PAY-00341-202606,SME-2024-00341,2026-06,6066634,2026-06-18,2026-06-15,3,Bank Transfer,False
PAY-00342-202507,SME-2024-00342,2025-07,2482084,2025-07-15,2025-07-15,0,Bank Transfer,False
PAY-00342-202508,SME-2024-00342,2025-08,2507209,2025-08-16,2025-08-15,1,Bank Transfer,False
PAY-00342-202509,SME-2024-00342,2025-09,2589223,2025-09-16,2025-09-15,1,Auto-debit,False
PAY-00342-202510,SME-2024-00342,2025-10,2534920,2025-10-16,2025-10-15,1,Virtual Account,False
PAY-00342-202511,SME-2024-00342,2025-11,2505361,2025-11-15,2025-11-15,0,Virtual Account,False
PAY-00342-202512,SME-2024-00342,2025-12,2616323,2025-12-15,2025-12-15,0,Virtual Account,False
PAY-00342-202601,SME-2024-00342,2026-01,2534411,2026-01-15,2026-01-15,0,Virtual Account,False
PAY-00342-202602,SME-2024-00342,2026-02,2541451,2026-02-16,2026-02-15,1,Bank Transfer,False
PAY-00342-202603,SME-2024-00342,2026-03,2540544,2026-03-15,2026-03-15,0,Bank Transfer,False
PAY-00342-202604,SME-2024-00342,2026-04,2544267,2026-04-16,2026-04-15,1,Cash,False
PAY-00342-202605,SME-2024-00342,2026-05,2536894,2026-05-16,2026-05-15,1,Bank Transfer,False
PAY-00342-202606,SME-2024-00342,2026-06,2506863,2026-06-19,2026-06-15,4,Bank Transfer,True
PAY-00343-202507,SME-2024-00343,2025-07,2845759,2025-07-15,2025-07-15,0,Virtual Account,False
PAY-00343-202508,SME-2024-00343,2025-08,2762379,2025-08-15,2025-08-15,0,Virtual Account,False
PAY-00343-202509,SME-2024-00343,2025-09,2798393,2025-09-15,2025-09-15,0,Bank Transfer,False
PAY-00343-202510,SME-2024-00343,2025-10,2759784,2025-10-16,2025-10-15,1,Cash,False
PAY-00343-202511,SME-2024-00343,2025-11,2781332,2025-11-15,2025-11-15,0,Virtual Account,False
PAY-00343-202512,SME-2024-00343,2025-12,2782577,2025-12-15,2025-12-15,0,Bank Transfer,False
PAY-00343-202601,SME-2024-00343,2026-01,2841749,2026-01-15,2026-01-15,0,Virtual Account,False
PAY-00343-202602,SME-2024-00343,2026-02,2700896,2026-02-16,2026-02-15,1,Virtual Account,False
PAY-00343-202603,SME-2024-00343,2026-03,2690845,2026-03-16,2026-03-15,1,Auto-debit,False
PAY-00343-202604,SME-2024-00343,2026-04,2822838,2026-04-19,2026-04-15,4,Bank Transfer,False
PAY-00343-202605,SME-2024-00343,2026-05,2807511,2026-05-15,2026-05-15,0,Auto-debit,False
PAY-00343-202606,SME-2024-00343,2026-06,2819255,2026-06-15,2026-06-15,0,Virtual Account,False
PAY-00344-202606,SME-2024-00344,2026-06,823246,2026-06-16,2026-06-15,1,Virtual Account,False
PAY-00345-202507,SME-2024-00345,2025-07,1182029,2025-07-15,2025-07-15,0,Virtual Account,False
PAY-00345-202508,SME-2024-00345,2025-08,1159427,2025-08-15,2025-08-15,0,Bank Transfer,False
PAY-00345-202509,SME-2024-00345,2025-09,1140725,2025-09-15,2025-09-15,0,Virtual Account,False
PAY-00345-202510,SME-2024-00345,2025-10,1149413,2025-10-16,2025-10-15,1,Virtual Account,False
PAY-00345-202511,SME-2024-00345,2025-11,1175909,2025-11-15,2025-11-15,0,Bank Transfer,False
PAY-00345-202512,SME-2024-00345,2025-12,1192595,2025-12-15,2025-12-15,0,Bank Transfer,False
PAY-00345-202601,SME-2024-00345,2026-01,1192269,2026-01-16,2026-01-15,1,Virtual Account,False
PAY-00345-202602,SME-2024-00345,2026-02,1126024,2026-02-18,2026-02-15,3,Auto-debit,False
PAY-00345-202603,SME-2024-00345,2026-03,1139605,2026-03-16,2026-03-15,1,Bank Transfer,False
PAY-00345-202604,SME-2024-00345,2026-04,1133258,2026-04-17,2026-04-15,2,Virtual Account,False
PAY-00345-202605,SME-2024-00345,2026-05,1163466,2026-05-16,2026-05-15,1,Virtual Account,True
PAY-00345-202606,SME-2024-00345,2026-06,1141405,2026-06-16,2026-06-15,1,Virtual Account,False
PAY-00346-202507,SME-2024-00346,2025-07,3475088,2025-07-16,2025-07-15,1,Virtual Account,False
PAY-00346-202508,SME-2024-00346,2025-08,3655910,2025-08-16,2025-08-15,1,Virtual Account,False
PAY-00346-202509,SME-2024-00346,2025-09,3615588,2025-09-16,2025-09-15,1,Virtual Account,False
PAY-00346-202510,SME-2024-00346,2025-10,3639519,2025-10-15,2025-10-15,0,Bank Transfer,False
PAY-00346-202511,SME-2024-00346,2025-11,3465858,2025-11-15,2025-11-15,0,Virtual Account,False
PAY-00346-202512,SME-2024-00346,2025-12,3472216,2025-12-17,2025-12-15,2,Virtual Account,False
PAY-00346-202601,SME-2024-00346,2026-01,3645924,2026-01-15,2026-01-15,0,Virtual Account,False
PAY-00346-202602,SME-2024-00346,2026-02,3608772,2026-02-15,2026-02-15,0,Virtual Account,False
PAY-00346-202603,SME-2024-00346,2026-03,3520729,2026-03-15,2026-03-15,0,Virtual Account,False
PAY-00346-202604,SME-2024-00346,2026-04,3468677,2026-04-18,2026-04-15,3,Virtual Account,False
PAY-00346-202605,SME-2024-00346,2026-05,3570438,2026-05-15,2026-05-15,0,Virtual Account,True
PAY-00346-202606,SME-2024-00346,2026-06,3665063,2026-06-16,2026-06-15,1,Virtual Account,False
PAY-00347-202507,SME-2024-00347,2025-07,2530863,2025-07-15,2025-07-15,0,Bank Transfer,False
PAY-00347-202508,SME-2024-00347,2025-08,2548969,2025-08-15,2025-08-15,0,Bank Transfer,False
PAY-00347-202509,SME-2024-00347,2025-09,2488208,2025-09-15,2025-09-15,0,Virtual Account,False
PAY-00347-202510,SME-2024-00347,2025-10,2568293,2025-10-15,2025-10-15,0,Bank Transfer,False
PAY-00347-202511,SME-2024-00347,2025-11,2593613,2025-11-16,2025-11-15,1,Virtual Account,False
PAY-00347-202512,SME-2024-00347,2025-12,2504276,2025-12-16,2025-12-15,1,Virtual Account,False
PAY-00347-202601,SME-2024-00347,2026-01,2584936,2026-01-16,2026-01-15,1,Virtual Account,False
PAY-00347-202602,SME-2024-00347,2026-02,2494824,2026-02-16,2026-02-15,1,Cash,False
PAY-00347-202603,SME-2024-00347,2026-03,2494519,2026-03-15,2026-03-15,0,Virtual Account,False
PAY-00347-202604,SME-2024-00347,2026-04,2490160,2026-04-16,2026-04-15,1,Virtual Account,False
PAY-00347-202605,SME-2024-00347,2026-05,2614181,2026-05-16,2026-05-15,1,Auto-debit,False
PAY-00347-202606,SME-2024-00347,2026-06,2561274,2026-06-15,2026-06-15,0,Virtual Account,False
PAY-00348-202507,SME-2024-00348,2025-07,6842672,2025-07-15,2025-07-15,0,Auto-debit,False
PAY-00348-202508,SME-2024-00348,2025-08,6771639,2025-08-16,2025-08-15,1,Virtual Account,False
PAY-00348-202509,SME-2024-00348,2025-09,6703819,2025-09-16,2025-09-15,1,Virtual Account,False
PAY-00348-202510,SME-2024-00348,2025-10,6899159,2025-10-15,2025-10-15,0,Virtual Account,False
PAY-00348-202511,SME-2024-00348,2025-11,6727166,2025-11-17,2025-11-15,2,Cash,False
PAY-00348-202512,SME-2024-00348,2025-12,6904442,2025-12-15,2025-12-15,0,Bank Transfer,False
PAY-00348-202601,SME-2024-00348,2026-01,6856164,2026-01-16,2026-01-15,1,Virtual Account,False
PAY-00348-202602,SME-2024-00348,2026-02,6547278,2026-02-16,2026-02-15,1,Auto-debit,False
PAY-00348-202603,SME-2024-00348,2026-03,6697436,2026-03-16,2026-03-15,1,Virtual Account,False
PAY-00348-202604,SME-2024-00348,2026-04,6887884,2026-04-15,2026-04-15,0,Bank Transfer,False
PAY-00348-202605,SME-2024-00348,2026-05,6790639,2026-05-16,2026-05-15,1,Bank Transfer,False
PAY-00348-202606,SME-2024-00348,2026-06,6773318,2026-06-15,2026-06-15,0,Auto-debit,False
PAY-00349-202605,SME-2024-00349,2026-05,2245965,2026-05-16,2026-05-15,1,Virtual Account,False
PAY-00349-202606,SME-2024-00349,2026-06,2216424,2026-06-15,2026-06-15,0,Bank Transfer,False
PAY-00350-202507,SME-2024-00350,2025-07,3559240,2025-07-15,2025-07-15,0,Virtual Account,False
PAY-00350-202508,SME-2024-00350,2025-08,3752106,2025-08-17,2025-08-15,2,Auto-debit,False
PAY-00350-202509,SME-2024-00350,2025-09,3615532,2025-09-15,2025-09-15,0,Bank Transfer,False
PAY-00350-202510,SME-2024-00350,2025-10,3647338,2025-10-17,2025-10-15,2,Cash,False
PAY-00350-202511,SME-2024-00350,2025-11,3564199,2025-11-17,2025-11-15,2,Auto-debit,False
PAY-00350-202512,SME-2024-00350,2025-12,3679967,2025-12-17,2025-12-15,2,Cash,False
PAY-00350-202601,SME-2024-00350,2026-01,3709818,2026-01-16,2026-01-15,1,Virtual Account,False
PAY-00350-202602,SME-2024-00350,2026-02,3732444,2026-02-16,2026-02-15,1,Auto-debit,False
PAY-00350-202603,SME-2024-00350,2026-03,3591517,2026-03-16,2026-03-15,1,Virtual Account,False
PAY-00350-202604,SME-2024-00350,2026-04,3580776,2026-04-15,2026-04-15,0,Cash,False
PAY-00350-202605,SME-2024-00350,2026-05,3630641,2026-05-16,2026-05-15,1,Virtual Account,False
PAY-00350-202606,SME-2024-00350,2026-06,3685017,2026-06-15,2026-06-15,0,Cash,False
PAY-00351-202507,SME-2024-00351,2025-07,1210416,2025-07-15,2025-07-15,0,Virtual Account,False
PAY-00351-202508,SME-2024-00351,2025-08,1229633,2025-08-16,2025-08-15,1,Bank Transfer,False
PAY-00351-202509,SME-2024-00351,2025-09,1258929,2025-09-16,2025-09-15,1,Cash,False
PAY-00351-202510,SME-2024-00351,2025-10,1209872,2025-10-15,2025-10-15,0,Bank Transfer,False
PAY-00351-202511,SME-2024-00351,2025-11,1264838,2025-11-17,2025-11-15,2,Bank Transfer,False
PAY-00351-202512,SME-2024-00351,2025-12,1252020,2025-12-15,2025-12-15,0,Auto-debit,False
PAY-00351-202601,SME-2024-00351,2026-01,1233513,2026-01-16,2026-01-15,1,Bank Transfer,False
PAY-00351-202602,SME-2024-00351,2026-02,1250730,2026-02-15,2026-02-15,0,Auto-debit,False
PAY-00351-202603,SME-2024-00351,2026-03,1255758,2026-03-16,2026-03-15,1,Auto-debit,False
PAY-00351-202604,SME-2024-00351,2026-04,1251090,2026-04-16,2026-04-15,1,Bank Transfer,False
PAY-00351-202605,SME-2024-00351,2026-05,1271766,2026-05-15,2026-05-15,0,Virtual Account,False
PAY-00351-202606,SME-2024-00351,2026-06,1258151,2026-06-15,2026-06-15,0,Virtual Account,False
PAY-00352-202510,SME-2024-00352,2025-10,7948408,2025-10-15,2025-10-15,0,Auto-debit,False
PAY-00352-202511,SME-2024-00352,2025-11,7811504,2025-11-16,2025-11-15,1,Bank Transfer,False
PAY-00352-202512,SME-2024-00352,2025-12,7865804,2025-12-16,2025-12-15,1,Bank Transfer,False
PAY-00352-202601,SME-2024-00352,2026-01,7845915,2026-01-16,2026-01-15,1,Virtual Account,False
PAY-00352-202602,SME-2024-00352,2026-02,8222215,2026-02-15,2026-02-15,0,Virtual Account,False
PAY-00352-202603,SME-2024-00352,2026-03,8231982,2026-03-15,2026-03-15,0,Bank Transfer,False
PAY-00352-202604,SME-2024-00352,2026-04,7942825,2026-04-17,2026-04-15,2,Auto-debit,False
PAY-00352-202605,SME-2024-00352,2026-05,8279012,2026-05-17,2026-05-15,2,Cash,False
PAY-00352-202606,SME-2024-00352,2026-06,8200771,2026-06-15,2026-06-15,0,Virtual Account,False
PAY-00353-202507,SME-2024-00353,2025-07,3987075,2025-07-15,2025-07-15,0,Bank Transfer,False
PAY-00353-202508,SME-2024-00353,2025-08,4031027,2025-08-15,2025-08-15,0,Virtual Account,False
PAY-00353-202509,SME-2024-00353,2025-09,3971763,2025-09-15,2025-09-15,0,Auto-debit,False
PAY-00353-202510,SME-2024-00353,2025-10,4038166,2025-10-16,2025-10-15,1,Virtual Account,False
PAY-00353-202511,SME-2024-00353,2025-11,3996924,2025-11-15,2025-11-15,0,Cash,False
PAY-00353-202512,SME-2024-00353,2025-12,4151215,2025-12-16,2025-12-15,1,Bank Transfer,False
PAY-00353-202601,SME-2024-00353,2026-01,4139983,2026-01-17,2026-01-15,2,Auto-debit,False
PAY-00353-202602,SME-2024-00353,2026-02,4098955,2026-02-16,2026-02-15,1,Auto-debit,False
PAY-00353-202603,SME-2024-00353,2026-03,3989730,2026-03-16,2026-03-15,1,Virtual Account,False
PAY-00353-202604,SME-2024-00353,2026-04,3986515,2026-04-16,2026-04-15,1,Virtual Account,False
PAY-00353-202605,SME-2024-00353,2026-05,4012043,2026-05-16,2026-05-15,1,Auto-debit,False
PAY-00353-202606,SME-2024-00353,2026-06,4008164,2026-06-15,2026-06-15,0,Cash,False
PAY-00354-202507,SME-2024-00354,2025-07,6315608,2025-07-15,2025-07-15,0,Virtual Account,False
PAY-00354-202508,SME-2024-00354,2025-08,6475403,2025-08-15,2025-08-15,0,Virtual Account,False
PAY-00354-202509,SME-2024-00354,2025-09,6263256,2025-09-15,2025-09-15,0,Bank Transfer,False
PAY-00354-202510,SME-2024-00354,2025-10,6227270,2025-10-15,2025-10-15,0,Virtual Account,False
PAY-00354-202511,SME-2024-00354,2025-11,6196894,2025-11-16,2025-11-15,1,Bank Transfer,False
PAY-00354-202512,SME-2024-00354,2025-12,6444303,2025-12-16,2025-12-15,1,Virtual Account,False
PAY-00354-202601,SME-2024-00354,2026-01,6239213,2026-01-16,2026-01-15,1,Virtual Account,False
PAY-00354-202602,SME-2024-00354,2026-02,6257532,2026-02-16,2026-02-15,1,Virtual Account,False
PAY-00354-202603,SME-2024-00354,2026-03,6116441,2026-03-15,2026-03-15,0,Auto-debit,False
PAY-00354-202604,SME-2024-00354,2026-04,6203409,2026-04-17,2026-04-15,2,Cash,True
PAY-00354-202605,SME-2024-00354,2026-05,6144075,2026-05-15,2026-05-15,0,Auto-debit,False
PAY-00354-202606,SME-2024-00354,2026-06,6476710,2026-06-16,2026-06-15,1,Auto-debit,False
PAY-00356-202507,SME-2024-00356,2025-07,5740365,2025-07-15,2025-07-15,0,Auto-debit,False
PAY-00356-202508,SME-2024-00356,2025-08,5577877,2025-08-16,2025-08-15,1,Bank Transfer,False
PAY-00356-202509,SME-2024-00356,2025-09,5746394,2025-09-15,2025-09-15,0,Virtual Account,False
PAY-00356-202510,SME-2024-00356,2025-10,5553999,2025-10-16,2025-10-15,1,Bank Transfer,False
PAY-00356-202511,SME-2024-00356,2025-11,5566725,2025-11-15,2025-11-15,0,Virtual Account,False
PAY-00356-202512,SME-2024-00356,2025-12,5729525,2025-12-16,2025-12-15,1,Virtual Account,False
PAY-00356-202601,SME-2024-00356,2026-01,5637298,2026-01-15,2026-01-15,0,Auto-debit,False
PAY-00356-202602,SME-2024-00356,2026-02,5557361,2026-02-15,2026-02-15,0,Auto-debit,False
PAY-00356-202603,SME-2024-00356,2026-03,5839181,2026-03-15,2026-03-15,0,Auto-debit,False
PAY-00356-202604,SME-2024-00356,2026-04,5592573,2026-04-16,2026-04-15,1,Auto-debit,False
PAY-00356-202605,SME-2024-00356,2026-05,5704209,2026-05-15,2026-05-15,0,Bank Transfer,False
PAY-00356-202606,SME-2024-00356,2026-06,5796507,2026-06-16,2026-06-15,1,Cash,False
PAY-00357-202507,SME-2024-00357,2025-07,3143125,2025-07-15,2025-07-15,0,Cash,False
PAY-00357-202508,SME-2024-00357,2025-08,3055252,2025-08-15,2025-08-15,0,Cash,False
PAY-00357-202509,SME-2024-00357,2025-09,3138906,2025-09-16,2025-09-15,1,Bank Transfer,False
PAY-00357-202510,SME-2024-00357,2025-10,3083814,2025-10-15,2025-10-15,0,Bank Transfer,False
PAY-00357-202511,SME-2024-00357,2025-11,3211134,2025-11-15,2025-11-15,0,Bank Transfer,False
PAY-00357-202512,SME-2024-00357,2025-12,3129088,2025-12-15,2025-12-15,0,Virtual Account,False
PAY-00357-202601,SME-2024-00357,2026-01,3193035,2026-01-15,2026-01-15,0,Virtual Account,False
PAY-00357-202602,SME-2024-00357,2026-02,3091310,2026-02-16,2026-02-15,1,Cash,False
PAY-00357-202603,SME-2024-00357,2026-03,3095111,2026-03-15,2026-03-15,0,Virtual Account,False
PAY-00357-202604,SME-2024-00357,2026-04,3126450,2026-04-16,2026-04-15,1,Cash,False
PAY-00357-202605,SME-2024-00357,2026-05,3064865,2026-05-16,2026-05-15,1,Cash,False
PAY-00357-202606,SME-2024-00357,2026-06,3083866,2026-06-20,2026-06-15,5,Cash,False
PAY-00359-202510,SME-2024-00359,2025-10,1546599,2025-10-18,2025-10-15,3,Virtual Account,False
PAY-00359-202511,SME-2024-00359,2025-11,1581688,2025-11-16,2025-11-15,1,Virtual Account,False
PAY-00359-202512,SME-2024-00359,2025-12,1535034,2025-12-19,2025-12-15,4,Virtual Account,False
PAY-00359-202601,SME-2024-00359,2026-01,1580721,2026-01-16,2026-01-15,1,Virtual Account,False
PAY-00359-202602,SME-2024-00359,2026-02,1538672,2026-02-17,2026-02-15,2,Virtual Account,False
PAY-00359-202603,SME-2024-00359,2026-03,1559288,2026-03-15,2026-03-15,0,Bank Transfer,False
PAY-00359-202604,SME-2024-00359,2026-04,1597656,2026-04-16,2026-04-15,1,Virtual Account,False
PAY-00359-202605,SME-2024-00359,2026-05,1559551,2026-05-16,2026-05-15,1,Virtual Account,False
PAY-00359-202606,SME-2024-00359,2026-06,1576635,2026-06-17,2026-06-15,2,Virtual Account,False
PAY-00360-202507,SME-2024-00360,2025-07,3077196,2025-07-15,2025-07-15,0,Bank Transfer,False
PAY-00360-202508,SME-2024-00360,2025-08,3128012,2025-08-17,2025-08-15,2,Virtual Account,False
PAY-00360-202509,SME-2024-00360,2025-09,3115306,2025-09-16,2025-09-15,1,Virtual Account,False
PAY-00360-202510,SME-2024-00360,2025-10,3186953,2025-10-15,2025-10-15,0,Bank Transfer,False
PAY-00360-202511,SME-2024-00360,2025-11,3108642,2025-11-16,2025-11-15,1,Auto-debit,False
PAY-00360-202512,SME-2024-00360,2025-12,3195561,2025-12-15,2025-12-15,0,Virtual Account,False
PAY-00360-202601,SME-2024-00360,2026-01,3137696,2026-01-15,2026-01-15,0,Auto-debit,True
PAY-00360-202602,SME-2024-00360,2026-02,3178788,2026-02-16,2026-02-15,1,Bank Transfer,False
PAY-00360-202603,SME-2024-00360,2026-03,3082684,2026-03-15,2026-03-15,0,Cash,False
PAY-00360-202604,SME-2024-00360,2026-04,3027655,2026-04-16,2026-04-15,1,Virtual Account,False
PAY-00360-202605,SME-2024-00360,2026-05,3032990,2026-05-15,2026-05-15,0,Virtual Account,False
PAY-00360-202606,SME-2024-00360,2026-06,3057445,2026-06-16,2026-06-15,1,Cash,False
PAY-00361-202507,SME-2024-00361,2025-07,4327881,2025-07-16,2025-07-15,1,Cash,False
PAY-00361-202508,SME-2024-00361,2025-08,4256745,2025-08-15,2025-08-15,0,Bank Transfer,False
PAY-00361-202509,SME-2024-00361,2025-09,4234541,2025-09-16,2025-09-15,1,Virtual Account,False
PAY-00361-202510,SME-2024-00361,2025-10,4287348,2025-10-17,2025-10-15,2,Virtual Account,False
PAY-00361-202511,SME-2024-00361,2025-11,4236638,2025-11-17,2025-11-15,2,Bank Transfer,False
PAY-00361-202512,SME-2024-00361,2025-12,4286194,2025-12-17,2025-12-15,2,Virtual Account,False
PAY-00361-202601,SME-2024-00361,2026-01,4132208,2026-01-15,2026-01-15,0,Virtual Account,False
PAY-00361-202602,SME-2024-00361,2026-02,4333970,2026-02-15,2026-02-15,0,Virtual Account,False
PAY-00361-202603,SME-2024-00361,2026-03,4266021,2026-03-15,2026-03-15,0,Virtual Account,False
PAY-00361-202604,SME-2024-00361,2026-04,4122264,2026-04-15,2026-04-15,0,Auto-debit,False
PAY-00361-202605,SME-2024-00361,2026-05,4332536,2026-05-15,2026-05-15,0,Virtual Account,False
PAY-00361-202606,SME-2024-00361,2026-06,4372134,2026-06-16,2026-06-15,1,Bank Transfer,False
PAY-00362-202507,SME-2024-00362,2025-07,9123096,2025-07-15,2025-07-15,0,Virtual Account,True
PAY-00362-202508,SME-2024-00362,2025-08,9154237,2025-08-16,2025-08-15,1,Bank Transfer,False
PAY-00362-202509,SME-2024-00362,2025-09,9015491,2025-09-15,2025-09-15,0,Virtual Account,False
PAY-00362-202510,SME-2024-00362,2025-10,8873110,2025-10-15,2025-10-15,0,Virtual Account,False
PAY-00362-202511,SME-2024-00362,2025-11,9290318,2025-11-15,2025-11-15,0,Bank Transfer,False
PAY-00362-202512,SME-2024-00362,2025-12,9356290,2025-12-15,2025-12-15,0,Virtual Account,True
PAY-00362-202601,SME-2024-00362,2026-01,8880308,2026-01-16,2026-01-15,1,Virtual Account,False
PAY-00362-202602,SME-2024-00362,2026-02,9032837,2026-02-17,2026-02-15,2,Cash,False
PAY-00362-202603,SME-2024-00362,2026-03,9196953,2026-03-16,2026-03-15,1,Bank Transfer,False
PAY-00362-202604,SME-2024-00362,2026-04,8954701,2026-04-18,2026-04-15,3,Bank Transfer,False
PAY-00362-202605,SME-2024-00362,2026-05,9095615,2026-05-18,2026-05-15,3,Virtual Account,False
PAY-00362-202606,SME-2024-00362,2026-06,9085799,2026-06-15,2026-06-15,0,Cash,False
PAY-00363-202507,SME-2024-00363,2025-07,8807142,2025-07-16,2025-07-15,1,Virtual Account,False
PAY-00363-202508,SME-2024-00363,2025-08,9274280,2025-08-16,2025-08-15,1,Auto-debit,False
PAY-00363-202509,SME-2024-00363,2025-09,9272998,2025-09-17,2025-09-15,2,Virtual Account,False
PAY-00363-202510,SME-2024-00363,2025-10,9148542,2025-10-15,2025-10-15,0,Virtual Account,False
PAY-00363-202511,SME-2024-00363,2025-11,8956496,2025-11-15,2025-11-15,0,Auto-debit,False
PAY-00363-202512,SME-2024-00363,2025-12,9053809,2025-12-17,2025-12-15,2,Auto-debit,False
PAY-00363-202601,SME-2024-00363,2026-01,8839947,2026-01-15,2026-01-15,0,Bank Transfer,False
PAY-00363-202602,SME-2024-00363,2026-02,9225883,2026-02-15,2026-02-15,0,Virtual Account,False
PAY-00363-202603,SME-2024-00363,2026-03,8743487,2026-03-19,2026-03-15,4,Virtual Account,False
PAY-00363-202604,SME-2024-00363,2026-04,8753181,2026-04-16,2026-04-15,1,Bank Transfer,False
PAY-00363-202605,SME-2024-00363,2026-05,8860440,2026-05-15,2026-05-15,0,Virtual Account,False
PAY-00363-202606,SME-2024-00363,2026-06,8958457,2026-06-16,2026-06-15,1,Auto-debit,False
PAY-00364-202507,SME-2024-00364,2025-07,1410029,2025-07-16,2025-07-15,1,Bank Transfer,False
PAY-00364-202508,SME-2024-00364,2025-08,1419005,2025-08-15,2025-08-15,0,Auto-debit,False
PAY-00364-202509,SME-2024-00364,2025-09,1430760,2025-09-17,2025-09-15,2,Bank Transfer,False
PAY-00364-202510,SME-2024-00364,2025-10,1449453,2025-10-16,2025-10-15,1,Bank Transfer,False
PAY-00364-202511,SME-2024-00364,2025-11,1385195,2025-11-16,2025-11-15,1,Auto-debit,False
PAY-00364-202512,SME-2024-00364,2025-12,1388720,2025-12-15,2025-12-15,0,Bank Transfer,False
PAY-00364-202601,SME-2024-00364,2026-01,1417771,2026-01-15,2026-01-15,0,Virtual Account,False
PAY-00364-202602,SME-2024-00364,2026-02,1408881,2026-02-15,2026-02-15,0,Bank Transfer,False
PAY-00364-202603,SME-2024-00364,2026-03,1408047,2026-03-16,2026-03-15,1,Bank Transfer,False
PAY-00364-202604,SME-2024-00364,2026-04,1374495,2026-04-16,2026-04-15,1,Virtual Account,True
PAY-00364-202605,SME-2024-00364,2026-05,1450976,2026-05-17,2026-05-15,2,Virtual Account,False
PAY-00364-202606,SME-2024-00364,2026-06,1416712,2026-06-15,2026-06-15,0,Bank Transfer,False
PAY-00365-202603,SME-2024-00365,2026-03,11031688,2026-03-16,2026-03-15,1,Bank Transfer,False
PAY-00365-202604,SME-2024-00365,2026-04,10516825,2026-04-16,2026-04-15,1,Bank Transfer,False
PAY-00365-202605,SME-2024-00365,2026-05,10599848,2026-05-15,2026-05-15,0,Virtual Account,False
PAY-00365-202606,SME-2024-00365,2026-06,11054979,2026-06-16,2026-06-15,1,Virtual Account,False
PAY-00366-202606,SME-2024-00366,2026-06,2628654,2026-06-16,2026-06-15,1,Bank Transfer,False
PAY-00367-202507,SME-2024-00367,2025-07,1623858,2025-07-15,2025-07-15,0,Auto-debit,False
PAY-00367-202508,SME-2024-00367,2025-08,1632425,2025-08-15,2025-08-15,0,Virtual Account,False
PAY-00367-202509,SME-2024-00367,2025-09,1546420,2025-09-15,2025-09-15,0,Bank Transfer,True
PAY-00367-202510,SME-2024-00367,2025-10,1581354,2025-10-15,2025-10-15,0,Auto-debit,False
PAY-00367-202511,SME-2024-00367,2025-11,1564714,2025-11-15,2025-11-15,0,Cash,False
PAY-00367-202512,SME-2024-00367,2025-12,1557538,2025-12-18,2025-12-15,3,Bank Transfer,False
PAY-00367-202601,SME-2024-00367,2026-01,1578615,2026-01-16,2026-01-15,1,Cash,False
PAY-00367-202602,SME-2024-00367,2026-02,1582418,2026-02-17,2026-02-15,2,Bank Transfer,False
PAY-00367-202603,SME-2024-00367,2026-03,1604246,2026-03-15,2026-03-15,0,Bank Transfer,False
PAY-00367-202604,SME-2024-00367,2026-04,1578911,2026-04-17,2026-04-15,2,Virtual Account,False
PAY-00367-202605,SME-2024-00367,2026-05,1559363,2026-05-16,2026-05-15,1,Cash,False
PAY-00367-202606,SME-2024-00367,2026-06,1549455,2026-06-17,2026-06-15,2,Auto-debit,False
PAY-00368-202507,SME-2024-00368,2025-07,1842494,2025-07-15,2025-07-15,0,Virtual Account,False
PAY-00368-202508,SME-2024-00368,2025-08,1822816,2025-08-16,2025-08-15,1,Virtual Account,False
PAY-00368-202509,SME-2024-00368,2025-09,1815732,2025-09-15,2025-09-15,0,Bank Transfer,False
PAY-00368-202510,SME-2024-00368,2025-10,1918393,2025-10-15,2025-10-15,0,Virtual Account,False
PAY-00368-202511,SME-2024-00368,2025-11,1862845,2025-11-16,2025-11-15,1,Virtual Account,False
PAY-00368-202512,SME-2024-00368,2025-12,1812368,2025-12-15,2025-12-15,0,Bank Transfer,False
PAY-00368-202601,SME-2024-00368,2026-01,1860440,2026-01-17,2026-01-15,2,Bank Transfer,False
PAY-00368-202602,SME-2024-00368,2026-02,1829245,2026-02-15,2026-02-15,0,Cash,False
PAY-00368-202603,SME-2024-00368,2026-03,1870387,2026-03-15,2026-03-15,0,Bank Transfer,False
PAY-00368-202604,SME-2024-00368,2026-04,1842027,2026-04-17,2026-04-15,2,Bank Transfer,False
PAY-00368-202605,SME-2024-00368,2026-05,1820717,2026-05-17,2026-05-15,2,Virtual Account,False
PAY-00368-202606,SME-2024-00368,2026-06,3664596,2026-06-15,2026-06-15,0,Virtual Account,False
PAY-00369-202507,SME-2024-00369,2025-07,4616376,2025-07-16,2025-07-15,1,Auto-debit,False
PAY-00369-202508,SME-2024-00369,2025-08,4736580,2025-08-16,2025-08-15,1,Virtual Account,False
PAY-00369-202509,SME-2024-00369,2025-09,4560863,2025-09-15,2025-09-15,0,Auto-debit,False
PAY-00369-202510,SME-2024-00369,2025-10,4588953,2025-10-16,2025-10-15,1,Bank Transfer,False
PAY-00369-202511,SME-2024-00369,2025-11,4626812,2025-11-15,2025-11-15,0,Cash,False
PAY-00369-202512,SME-2024-00369,2025-12,4823479,2025-12-15,2025-12-15,0,Bank Transfer,False
PAY-00369-202601,SME-2024-00369,2026-01,4680602,2026-01-15,2026-01-15,0,Bank Transfer,False
PAY-00369-202602,SME-2024-00369,2026-02,4752686,2026-02-15,2026-02-15,0,Bank Transfer,False
PAY-00369-202603,SME-2024-00369,2026-03,4547018,2026-03-15,2026-03-15,0,Virtual Account,False
PAY-00369-202604,SME-2024-00369,2026-04,4558223,2026-04-15,2026-04-15,0,Auto-debit,False
PAY-00369-202605,SME-2024-00369,2026-05,4818730,2026-05-15,2026-05-15,0,Virtual Account,False
PAY-00369-202606,SME-2024-00369,2026-06,4815382,2026-06-17,2026-06-15,2,Cash,False
PAY-00370-202606,SME-2024-00370,2026-06,1589097,2026-06-16,2026-06-15,1,Bank Transfer,False
PAY-00371-202508,SME-2024-00371,2025-08,1355015,2025-08-17,2025-08-15,2,Auto-debit,False
PAY-00371-202509,SME-2024-00371,2025-09,1340043,2025-09-16,2025-09-15,1,Virtual Account,False
PAY-00371-202510,SME-2024-00371,2025-10,3152234,2025-10-15,2025-10-15,0,Virtual Account,False
PAY-00371-202511,SME-2024-00371,2025-11,3131597,2025-11-15,2025-11-15,0,Bank Transfer,False
PAY-00371-202512,SME-2024-00371,2025-12,3267038,2025-12-18,2025-12-15,3,Auto-debit,False
PAY-00371-202601,SME-2024-00371,2026-01,3227057,2026-01-17,2026-01-15,2,Virtual Account,False
PAY-00371-202602,SME-2024-00371,2026-02,3264978,2026-02-15,2026-02-15,0,Virtual Account,False
PAY-00371-202603,SME-2024-00371,2026-03,3248900,2026-03-16,2026-03-15,1,Virtual Account,False
PAY-00371-202604,SME-2024-00371,2026-04,3196130,2026-04-16,2026-04-15,1,Virtual Account,False
PAY-00371-202605,SME-2024-00371,2026-05,3170915,2026-05-16,2026-05-15,1,Virtual Account,False
PAY-00371-202606,SME-2024-00371,2026-06,3156144,2026-06-16,2026-06-15,1,Virtual Account,False
PAY-00372-202604,SME-2024-00372,2026-04,10576408,2026-04-15,2026-04-15,0,Bank Transfer,False
PAY-00372-202605,SME-2024-00372,2026-05,10033966,2026-05-15,2026-05-15,0,Bank Transfer,False
PAY-00372-202606,SME-2024-00372,2026-06,10225222,2026-06-16,2026-06-15,1,Bank Transfer,False
PAY-00373-202507,SME-2024-00373,2025-07,3138698,2025-07-16,2025-07-15,1,Auto-debit,False
PAY-00373-202508,SME-2024-00373,2025-08,3160349,2025-08-17,2025-08-15,2,Cash,False
PAY-00373-202509,SME-2024-00373,2025-09,3046391,2025-09-15,2025-09-15,0,Virtual Account,False
PAY-00373-202510,SME-2024-00373,2025-10,3195348,2025-10-16,2025-10-15,1,Bank Transfer,False
PAY-00373-202511,SME-2024-00373,2025-11,3184013,2025-11-15,2025-11-15,0,Virtual Account,False
PAY-00373-202512,SME-2024-00373,2025-12,3115687,2025-12-16,2025-12-15,1,Virtual Account,False
PAY-00373-202601,SME-2024-00373,2026-01,5030425,2026-01-16,2026-01-15,1,Cash,False
PAY-00373-202602,SME-2024-00373,2026-02,4903939,2026-02-16,2026-02-15,1,Auto-debit,False
PAY-00373-202603,SME-2024-00373,2026-03,5011862,2026-03-15,2026-03-15,0,Bank Transfer,False
PAY-00373-202604,SME-2024-00373,2026-04,4823500,2026-04-16,2026-04-15,1,Virtual Account,False
PAY-00373-202605,SME-2024-00373,2026-05,4854463,2026-05-16,2026-05-15,1,Virtual Account,False
PAY-00373-202606,SME-2024-00373,2026-06,4881640,2026-06-15,2026-06-15,0,Bank Transfer,False
PAY-00374-202507,SME-2024-00374,2025-07,1358156,2025-07-16,2025-07-15,1,Virtual Account,False
PAY-00374-202508,SME-2024-00374,2025-08,1348443,2025-08-16,2025-08-15,1,Auto-debit,False
PAY-00374-202509,SME-2024-00374,2025-09,1327405,2025-09-15,2025-09-15,0,Auto-debit,False
PAY-00374-202510,SME-2024-00374,2025-10,1359468,2025-10-17,2025-10-15,2,Bank Transfer,False
PAY-00374-202511,SME-2024-00374,2025-11,1334869,2025-11-15,2025-11-15,0,Virtual Account,False
PAY-00374-202512,SME-2024-00374,2025-12,1342122,2025-12-16,2025-12-15,1,Auto-debit,False
PAY-00374-202601,SME-2024-00374,2026-01,1368091,2026-01-15,2026-01-15,0,Virtual Account,False
PAY-00374-202602,SME-2024-00374,2026-02,1360345,2026-02-15,2026-02-15,0,Virtual Account,False
PAY-00374-202603,SME-2024-00374,2026-03,1326555,2026-03-16,2026-03-15,1,Bank Transfer,False
PAY-00374-202604,SME-2024-00374,2026-04,1371848,2026-04-15,2026-04-15,0,Auto-debit,False
PAY-00374-202605,SME-2024-00374,2026-05,1366156,2026-05-16,2026-05-15,1,Cash,False
PAY-00374-202606,SME-2024-00374,2026-06,1309607,2026-06-15,2026-06-15,0,Virtual Account,False
PAY-00375-202512,SME-2024-00375,2025-12,2448052,2025-12-16,2025-12-15,1,Virtual Account,False
PAY-00375-202601,SME-2024-00375,2026-01,2474895,2026-01-15,2026-01-15,0,Virtual Account,False
PAY-00375-202602,SME-2024-00375,2026-02,13652579,2026-02-15,2026-02-15,0,Auto-debit,False
PAY-00375-202603,SME-2024-00375,2026-03,12998857,2026-03-15,2026-03-15,0,Bank Transfer,False
PAY-00375-202604,SME-2024-00375,2026-04,13039561,2026-04-15,2026-04-15,0,Virtual Account,False
PAY-00375-202605,SME-2024-00375,2026-05,14845131,2026-05-17,2026-05-15,2,Auto-debit,False
PAY-00375-202606,SME-2024-00375,2026-06,14603306,2026-06-16,2026-06-15,1,Cash,True
PAY-00376-202602,SME-2024-00376,2026-02,4313312,2026-02-15,2026-02-15,0,Auto-debit,False
PAY-00376-202603,SME-2024-00376,2026-03,4389975,2026-03-15,2026-03-15,0,Auto-debit,False
PAY-00376-202604,SME-2024-00376,2026-04,4328049,2026-04-15,2026-04-15,0,Cash,False
PAY-00376-202605,SME-2024-00376,2026-05,4427401,2026-05-15,2026-05-15,0,Cash,False
PAY-00376-202606,SME-2024-00376,2026-06,4353388,2026-06-15,2026-06-15,0,Bank Transfer,False
PAY-00377-202508,SME-2024-00377,2025-08,665667,2025-08-16,2025-08-15,1,Virtual Account,False
PAY-00377-202509,SME-2024-00377,2025-09,690205,2025-09-15,2025-09-15,0,Cash,False
PAY-00377-202510,SME-2024-00377,2025-10,655842,2025-10-17,2025-10-15,2,Virtual Account,False
PAY-00377-202511,SME-2024-00377,2025-11,686838,2025-11-17,2025-11-15,2,Bank Transfer,False
PAY-00377-202512,SME-2024-00377,2025-12,662568,2025-12-16,2025-12-15,1,Bank Transfer,False
PAY-00377-202601,SME-2024-00377,2026-01,684704,2026-01-15,2026-01-15,0,Virtual Account,False
PAY-00377-202602,SME-2024-00377,2026-02,655917,2026-02-17,2026-02-15,2,Bank Transfer,False
PAY-00377-202603,SME-2024-00377,2026-03,686071,2026-03-16,2026-03-15,1,Virtual Account,False
PAY-00377-202604,SME-2024-00377,2026-04,674486,2026-04-16,2026-04-15,1,Auto-debit,False
PAY-00377-202605,SME-2024-00377,2026-05,670192,2026-05-15,2026-05-15,0,Virtual Account,False
PAY-00377-202606,SME-2024-00377,2026-06,682971,2026-06-15,2026-06-15,0,Virtual Account,False
PAY-00378-202507,SME-2024-00378,2025-07,2549268,2025-07-15,2025-07-15,0,Virtual Account,False
PAY-00378-202508,SME-2024-00378,2025-08,2556602,2025-08-15,2025-08-15,0,Virtual Account,False
PAY-00378-202509,SME-2024-00378,2025-09,2580516,2025-09-15,2025-09-15,0,Virtual Account,False
PAY-00378-202510,SME-2024-00378,2025-10,2632660,2025-10-15,2025-10-15,0,Bank Transfer,False
PAY-00378-202511,SME-2024-00378,2025-11,2599913,2025-11-16,2025-11-15,1,Bank Transfer,False
PAY-00378-202512,SME-2024-00378,2025-12,2644825,2025-12-15,2025-12-15,0,Auto-debit,False
PAY-00378-202601,SME-2024-00378,2026-01,2592667,2026-01-16,2026-01-15,1,Auto-debit,False
PAY-00378-202602,SME-2024-00378,2026-02,2572356,2026-02-16,2026-02-15,1,Virtual Account,False
PAY-00378-202603,SME-2024-00378,2026-03,2671848,2026-03-15,2026-03-15,0,Virtual Account,False
PAY-00378-202604,SME-2024-00378,2026-04,2559294,2026-04-15,2026-04-15,0,Virtual Account,False
PAY-00378-202605,SME-2024-00378,2026-05,2664820,2026-05-16,2026-05-15,1,Virtual Account,False
PAY-00378-202606,SME-2024-00378,2026-06,2663808,2026-06-17,2026-06-15,2,Virtual Account,False
PAY-00380-202507,SME-2024-00380,2025-07,651150,2025-07-16,2025-07-15,1,Auto-debit,False
PAY-00380-202508,SME-2024-00380,2025-08,643935,2025-08-15,2025-08-15,0,Virtual Account,False
PAY-00380-202509,SME-2024-00380,2025-09,625079,2025-09-15,2025-09-15,0,Auto-debit,False
PAY-00380-202510,SME-2024-00380,2025-10,651961,2025-10-15,2025-10-15,0,Virtual Account,False
PAY-00380-202511,SME-2024-00380,2025-11,636494,2025-11-15,2025-11-15,0,Auto-debit,False
PAY-00380-202512,SME-2024-00380,2025-12,658895,2025-12-17,2025-12-15,2,Bank Transfer,False
PAY-00380-202601,SME-2024-00380,2026-01,643441,2026-01-15,2026-01-15,0,Bank Transfer,False
PAY-00380-202602,SME-2024-00380,2026-02,648334,2026-02-15,2026-02-15,0,Bank Transfer,False
PAY-00380-202603,SME-2024-00380,2026-03,631890,2026-03-15,2026-03-15,0,Bank Transfer,False
PAY-00380-202604,SME-2024-00380,2026-04,634366,2026-04-16,2026-04-15,1,Virtual Account,False
PAY-00380-202605,SME-2024-00380,2026-05,642990,2026-05-15,2026-05-15,0,Cash,False
PAY-00380-202606,SME-2024-00380,2026-06,654568,2026-06-16,2026-06-15,1,Auto-debit,False
PAY-00381-202507,SME-2024-00381,2025-07,2011304,2025-07-15,2025-07-15,0,Cash,False
PAY-00381-202508,SME-2024-00381,2025-08,2024559,2025-08-16,2025-08-15,1,Virtual Account,False
PAY-00381-202509,SME-2024-00381,2025-09,2084823,2025-09-16,2025-09-15,1,Virtual Account,False
PAY-00381-202510,SME-2024-00381,2025-10,1999472,2025-10-15,2025-10-15,0,Auto-debit,False
PAY-00381-202511,SME-2024-00381,2025-11,1986336,2025-11-17,2025-11-15,2,Auto-debit,False
PAY-00381-202512,SME-2024-00381,2025-12,2042688,2025-12-15,2025-12-15,0,Bank Transfer,False
PAY-00381-202601,SME-2024-00381,2026-01,2018862,2026-01-17,2026-01-15,2,Auto-debit,False
PAY-00381-202602,SME-2024-00381,2026-02,2025567,2026-02-16,2026-02-15,1,Bank Transfer,False
PAY-00381-202603,SME-2024-00381,2026-03,1987729,2026-03-15,2026-03-15,0,Bank Transfer,False
PAY-00381-202604,SME-2024-00381,2026-04,2054984,2026-04-16,2026-04-15,1,Bank Transfer,False
PAY-00381-202605,SME-2024-00381,2026-05,2083005,2026-05-16,2026-05-15,1,Virtual Account,False
PAY-00381-202606,SME-2024-00381,2026-06,2037574,2026-06-18,2026-06-15,3,Virtual Account,False
PAY-00382-202507,SME-2024-00382,2025-07,8180000,2025-07-15,2025-07-15,0,Auto-debit,False
PAY-00382-202508,SME-2024-00382,2025-08,7956469,2025-08-16,2025-08-15,1,Cash,False
PAY-00382-202509,SME-2024-00382,2025-09,8311161,2025-09-15,2025-09-15,0,Bank Transfer,False
PAY-00382-202510,SME-2024-00382,2025-10,8053387,2025-10-15,2025-10-15,0,Virtual Account,False
PAY-00382-202511,SME-2024-00382,2025-11,8241864,2025-11-15,2025-11-15,0,Virtual Account,False
PAY-00382-202512,SME-2024-00382,2025-12,8201893,2025-12-17,2025-12-15,2,Auto-debit,False
PAY-00382-202601,SME-2024-00382,2026-01,8240814,2026-01-17,2026-01-15,2,Virtual Account,False
PAY-00382-202602,SME-2024-00382,2026-02,8112316,2026-02-16,2026-02-15,1,Virtual Account,False
PAY-00382-202603,SME-2024-00382,2026-03,8206008,2026-03-15,2026-03-15,0,Auto-debit,False
PAY-00382-202604,SME-2024-00382,2026-04,8039230,2026-04-18,2026-04-15,3,Bank Transfer,False
PAY-00382-202605,SME-2024-00382,2026-05,7847658,2026-05-15,2026-05-15,0,Bank Transfer,False
PAY-00382-202606,SME-2024-00382,2026-06,8183968,2026-06-16,2026-06-15,1,Virtual Account,False
PAY-00383-202507,SME-2024-00383,2025-07,1789307,2025-07-15,2025-07-15,0,Cash,False
PAY-00383-202508,SME-2024-00383,2025-08,1796826,2025-08-16,2025-08-15,1,Auto-debit,True
PAY-00383-202509,SME-2024-00383,2025-09,1804868,2025-09-16,2025-09-15,1,Bank Transfer,False
PAY-00383-202510,SME-2024-00383,2025-10,1781411,2025-10-16,2025-10-15,1,Virtual Account,False
PAY-00383-202511,SME-2024-00383,2025-11,1784953,2025-11-16,2025-11-15,1,Cash,True
PAY-00383-202512,SME-2024-00383,2025-12,1803788,2025-12-16,2025-12-15,1,Virtual Account,False
PAY-00383-202601,SME-2024-00383,2026-01,1834970,2026-01-16,2026-01-15,1,Virtual Account,True
PAY-00383-202602,SME-2024-00383,2026-02,1738727,2026-02-17,2026-02-15,2,Bank Transfer,False
PAY-00383-202603,SME-2024-00383,2026-03,1798349,2026-03-19,2026-03-15,4,Virtual Account,False
PAY-00383-202604,SME-2024-00383,2026-04,1750789,2026-04-15,2026-04-15,0,Virtual Account,False
PAY-00383-202605,SME-2024-00383,2026-05,1806172,2026-05-15,2026-05-15,0,Auto-debit,False
PAY-00383-202606,SME-2024-00383,2026-06,1835510,2026-06-18,2026-06-15,3,Bank Transfer,False
PAY-00384-202507,SME-2024-00384,2025-07,2003622,2025-07-15,2025-07-15,0,Bank Transfer,False
PAY-00384-202508,SME-2024-00384,2025-08,1967659,2025-08-15,2025-08-15,0,Virtual Account,False
PAY-00384-202509,SME-2024-00384,2025-09,1991695,2025-09-15,2025-09-15,0,Virtual Account,False
PAY-00384-202510,SME-2024-00384,2025-10,2030752,2025-10-18,2025-10-15,3,Bank Transfer,False
PAY-00384-202511,SME-2024-00384,2025-11,2046401,2025-11-17,2025-11-15,2,Virtual Account,False
PAY-00384-202512,SME-2024-00384,2025-12,1996498,2025-12-16,2025-12-15,1,Auto-debit,False
PAY-00384-202601,SME-2024-00384,2026-01,1965299,2026-01-17,2026-01-15,2,Auto-debit,False
PAY-00384-202602,SME-2024-00384,2026-02,2007497,2026-02-15,2026-02-15,0,Bank Transfer,False
PAY-00384-202603,SME-2024-00384,2026-03,2019041,2026-03-15,2026-03-15,0,Auto-debit,False
PAY-00384-202604,SME-2024-00384,2026-04,2047894,2026-04-15,2026-04-15,0,Bank Transfer,False
PAY-00384-202605,SME-2024-00384,2026-05,1997410,2026-05-17,2026-05-15,2,Virtual Account,False
PAY-00384-202606,SME-2024-00384,2026-06,2024699,2026-06-18,2026-06-15,3,Bank Transfer,False
PAY-00385-202507,SME-2024-00385,2025-07,8437478,2025-07-15,2025-07-15,0,Auto-debit,True
PAY-00385-202508,SME-2024-00385,2025-08,8434906,2025-08-15,2025-08-15,0,Virtual Account,False
PAY-00385-202509,SME-2024-00385,2025-09,8189873,2025-09-18,2025-09-15,3,Virtual Account,False
PAY-00385-202510,SME-2024-00385,2025-10,8001526,2025-10-16,2025-10-15,1,Bank Transfer,False
PAY-00385-202511,SME-2024-00385,2025-11,8200609,2025-11-15,2025-11-15,0,Cash,False
PAY-00385-202512,SME-2024-00385,2025-12,8364236,2025-12-16,2025-12-15,1,Auto-debit,False
PAY-00385-202601,SME-2024-00385,2026-01,8069029,2026-01-16,2026-01-15,1,Virtual Account,False
PAY-00385-202602,SME-2024-00385,2026-02,8327176,2026-02-16,2026-02-15,1,Virtual Account,False
PAY-00385-202603,SME-2024-00385,2026-03,8380638,2026-03-18,2026-03-15,3,Virtual Account,False
PAY-00385-202604,SME-2024-00385,2026-04,8251117,2026-04-16,2026-04-15,1,Cash,False
PAY-00385-202605,SME-2024-00385,2026-05,8116029,2026-05-15,2026-05-15,0,Virtual Account,False
PAY-00385-202606,SME-2024-00385,2026-06,8385479,2026-06-16,2026-06-15,1,Bank Transfer,False
PAY-00386-202507,SME-2024-00386,2025-07,1930085,2025-07-16,2025-07-15,1,Bank Transfer,False
PAY-00386-202508,SME-2024-00386,2025-08,1941000,2025-08-17,2025-08-15,2,Cash,False
PAY-00386-202509,SME-2024-00386,2025-09,1875462,2025-09-16,2025-09-15,1,Bank Transfer,False
PAY-00386-202510,SME-2024-00386,2025-10,1885466,2025-10-15,2025-10-15,0,Auto-debit,False
PAY-00386-202511,SME-2024-00386,2025-11,1924144,2025-11-16,2025-11-15,1,Bank Transfer,False
PAY-00386-202512,SME-2024-00386,2025-12,1920473,2025-12-16,2025-12-15,1,Auto-debit,False
PAY-00386-202601,SME-2024-00386,2026-01,1942004,2026-01-16,2026-01-15,1,Virtual Account,False
PAY-00386-202602,SME-2024-00386,2026-02,1905065,2026-02-15,2026-02-15,0,Virtual Account,False
PAY-00386-202603,SME-2024-00386,2026-03,1891507,2026-03-17,2026-03-15,2,Bank Transfer,False
PAY-00386-202604,SME-2024-00386,2026-04,1933330,2026-04-15,2026-04-15,0,Bank Transfer,False
PAY-00386-202605,SME-2024-00386,2026-05,1891325,2026-05-17,2026-05-15,2,Virtual Account,False
PAY-00386-202606,SME-2024-00386,2026-06,1930818,2026-06-16,2026-06-15,1,Bank Transfer,False
PAY-00387-202507,SME-2024-00387,2025-07,883046,2025-07-15,2025-07-15,0,Virtual Account,False
PAY-00387-202508,SME-2024-00387,2025-08,910154,2025-08-15,2025-08-15,0,Auto-debit,False
PAY-00387-202509,SME-2024-00387,2025-09,910959,2025-09-15,2025-09-15,0,Cash,False
PAY-00387-202510,SME-2024-00387,2025-10,891413,2025-10-15,2025-10-15,0,Virtual Account,False
PAY-00387-202511,SME-2024-00387,2025-11,876629,2025-11-15,2025-11-15,0,Cash,False
PAY-00387-202512,SME-2024-00387,2025-12,907075,2025-12-16,2025-12-15,1,Auto-debit,False
PAY-00387-202601,SME-2024-00387,2026-01,890175,2026-01-15,2026-01-15,0,Bank Transfer,False
PAY-00387-202602,SME-2024-00387,2026-02,885668,2026-02-15,2026-02-15,0,Bank Transfer,False
PAY-00387-202603,SME-2024-00387,2026-03,861898,2026-03-16,2026-03-15,1,Virtual Account,False
PAY-00387-202604,SME-2024-00387,2026-04,886424,2026-04-15,2026-04-15,0,Virtual Account,False
PAY-00387-202605,SME-2024-00387,2026-05,861999,2026-05-16,2026-05-15,1,Bank Transfer,False
PAY-00387-202606,SME-2024-00387,2026-06,910989,2026-06-15,2026-06-15,0,Bank Transfer,False
PAY-00388-202507,SME-2024-00388,2025-07,4971866,2025-07-15,2025-07-15,0,Cash,False
PAY-00388-202508,SME-2024-00388,2025-08,4835755,2025-08-16,2025-08-15,1,Virtual Account,False
PAY-00388-202509,SME-2024-00388,2025-09,4974283,2025-09-15,2025-09-15,0,Bank Transfer,False
PAY-00388-202510,SME-2024-00388,2025-10,4967678,2025-10-16,2025-10-15,1,Cash,False
PAY-00388-202511,SME-2024-00388,2025-11,4958218,2025-11-16,2025-11-15,1,Bank Transfer,False
PAY-00388-202512,SME-2024-00388,2025-12,4957285,2025-12-17,2025-12-15,2,Bank Transfer,False
PAY-00388-202601,SME-2024-00388,2026-01,4825564,2026-01-19,2026-01-15,4,Bank Transfer,False
PAY-00388-202602,SME-2024-00388,2026-02,4859123,2026-02-18,2026-02-15,3,Virtual Account,False
PAY-00388-202603,SME-2024-00388,2026-03,4885625,2026-03-15,2026-03-15,0,Auto-debit,False
PAY-00388-202604,SME-2024-00388,2026-04,5018932,2026-04-15,2026-04-15,0,Auto-debit,False
PAY-00388-202605,SME-2024-00388,2026-05,5051746,2026-05-16,2026-05-15,1,Cash,False
PAY-00388-202606,SME-2024-00388,2026-06,4901806,2026-06-18,2026-06-15,3,Auto-debit,False
PAY-00389-202507,SME-2024-00389,2025-07,7584257,2025-07-16,2025-07-15,1,Virtual Account,False
PAY-00389-202508,SME-2024-00389,2025-08,7334738,2025-08-15,2025-08-15,0,Virtual Account,False
PAY-00389-202509,SME-2024-00389,2025-09,7511114,2025-09-15,2025-09-15,0,Virtual Account,False
PAY-00389-202510,SME-2024-00389,2025-10,7589657,2025-10-15,2025-10-15,0,Cash,False
PAY-00389-202511,SME-2024-00389,2025-11,7440655,2025-11-15,2025-11-15,0,Bank Transfer,False
PAY-00389-202512,SME-2024-00389,2025-12,7462800,2025-12-15,2025-12-15,0,Auto-debit,False
PAY-00389-202601,SME-2024-00389,2026-01,7290863,2026-01-15,2026-01-15,0,Auto-debit,False
PAY-00389-202602,SME-2024-00389,2026-02,7423215,2026-02-15,2026-02-15,0,Bank Transfer,False
PAY-00389-202603,SME-2024-00389,2026-03,7495503,2026-03-15,2026-03-15,0,Bank Transfer,False
PAY-00389-202604,SME-2024-00389,2026-04,7465780,2026-04-17,2026-04-15,2,Virtual Account,False
PAY-00389-202605,SME-2024-00389,2026-05,7256536,2026-05-17,2026-05-15,2,Bank Transfer,False
PAY-00389-202606,SME-2024-00389,2026-06,7629045,2026-06-17,2026-06-15,2,Cash,False
PAY-00390-202507,SME-2024-00390,2025-07,3057289,2025-07-15,2025-07-15,0,Auto-debit,False
PAY-00390-202508,SME-2024-00390,2025-08,3091989,2025-08-15,2025-08-15,0,Virtual Account,False
PAY-00390-202509,SME-2024-00390,2025-09,3084744,2025-09-16,2025-09-15,1,Auto-debit,True
PAY-00390-202510,SME-2024-00390,2025-10,3113713,2025-10-16,2025-10-15,1,Cash,False
PAY-00390-202511,SME-2024-00390,2025-11,3185466,2025-11-17,2025-11-15,2,Auto-debit,False
PAY-00390-202512,SME-2024-00390,2025-12,3122154,2025-12-16,2025-12-15,1,Bank Transfer,False
PAY-00390-202601,SME-2024-00390,2026-01,3211022,2026-01-16,2026-01-15,1,Auto-debit,False
PAY-00390-202602,SME-2024-00390,2026-02,3094536,2026-02-17,2026-02-15,2,Virtual Account,False
PAY-00390-202603,SME-2024-00390,2026-03,3101529,2026-03-15,2026-03-15,0,Virtual Account,False
PAY-00390-202604,SME-2024-00390,2026-04,3102842,2026-04-16,2026-04-15,1,Bank Transfer,False
PAY-00390-202605,SME-2024-00390,2026-05,3118535,2026-05-17,2026-05-15,2,Virtual Account,False
PAY-00390-202606,SME-2024-00390,2026-06,3218215,2026-06-17,2026-06-15,2,Bank Transfer,False
PAY-00391-202507,SME-2024-00391,2025-07,681200,2025-07-17,2025-07-15,2,Auto-debit,False
PAY-00391-202508,SME-2024-00391,2025-08,684514,2025-08-17,2025-08-15,2,Bank Transfer,False
PAY-00391-202509,SME-2024-00391,2025-09,680522,2025-09-16,2025-09-15,1,Bank Transfer,False
PAY-00391-202510,SME-2024-00391,2025-10,692668,2025-10-15,2025-10-15,0,Bank Transfer,False
PAY-00391-202511,SME-2024-00391,2025-11,701527,2025-11-19,2025-11-15,4,Virtual Account,False
PAY-00391-202512,SME-2024-00391,2025-12,704278,2025-12-19,2025-12-15,4,Virtual Account,False
PAY-00391-202601,SME-2024-00391,2026-01,675139,2026-01-15,2026-01-15,0,Virtual Account,False
PAY-00391-202602,SME-2024-00391,2026-02,687675,2026-02-16,2026-02-15,1,Virtual Account,False
PAY-00391-202603,SME-2024-00391,2026-03,699378,2026-03-18,2026-03-15,3,Virtual Account,False
PAY-00391-202604,SME-2024-00391,2026-04,713783,2026-04-15,2026-04-15,0,Auto-debit,False
PAY-00391-202605,SME-2024-00391,2026-05,695805,2026-05-16,2026-05-15,1,Virtual Account,False
PAY-00391-202606,SME-2024-00391,2026-06,697517,2026-06-15,2026-06-15,0,Virtual Account,False
PAY-00392-202507,SME-2024-00392,2025-07,1493483,2025-07-15,2025-07-15,0,Cash,False
PAY-00392-202508,SME-2024-00392,2025-08,1464339,2025-08-15,2025-08-15,0,Virtual Account,False
PAY-00392-202509,SME-2024-00392,2025-09,1514331,2025-09-15,2025-09-15,0,Virtual Account,False
PAY-00392-202510,SME-2024-00392,2025-10,1453403,2025-10-16,2025-10-15,1,Virtual Account,False
PAY-00392-202511,SME-2024-00392,2025-11,1446008,2025-11-15,2025-11-15,0,Virtual Account,False
PAY-00392-202512,SME-2024-00392,2025-12,1493039,2025-12-15,2025-12-15,0,Cash,False
PAY-00392-202601,SME-2024-00392,2026-01,1498396,2026-01-15,2026-01-15,0,Virtual Account,False
PAY-00392-202602,SME-2024-00392,2026-02,1499987,2026-02-16,2026-02-15,1,Bank Transfer,False
PAY-00392-202603,SME-2024-00392,2026-03,1489655,2026-03-17,2026-03-15,2,Bank Transfer,False
PAY-00392-202604,SME-2024-00392,2026-04,1491140,2026-04-16,2026-04-15,1,Auto-debit,False
PAY-00392-202605,SME-2024-00392,2026-05,1499926,2026-05-16,2026-05-15,1,Virtual Account,False
PAY-00392-202606,SME-2024-00392,2026-06,1483195,2026-06-17,2026-06-15,2,Virtual Account,False
PAY-00393-202603,SME-2024-00393,2026-03,2867269,2026-03-16,2026-03-15,1,Auto-debit,False
PAY-00393-202604,SME-2024-00393,2026-04,2818638,2026-04-16,2026-04-15,1,Bank Transfer,False
PAY-00393-202605,SME-2024-00393,2026-05,5274589,2026-05-15,2026-05-15,0,Virtual Account,False
PAY-00393-202606,SME-2024-00393,2026-06,5272049,2026-06-17,2026-06-15,2,Cash,False
PAY-00394-202606,SME-2024-00394,2026-06,727401,2026-06-16,2026-06-15,1,Bank Transfer,False
PAY-00395-202507,SME-2024-00395,2025-07,7186574,2025-07-16,2025-07-15,1,Virtual Account,False
PAY-00395-202508,SME-2024-00395,2025-08,7374376,2025-08-15,2025-08-15,0,Auto-debit,False
PAY-00395-202509,SME-2024-00395,2025-09,7053323,2025-09-16,2025-09-15,1,Auto-debit,False
PAY-00395-202510,SME-2024-00395,2025-10,7014047,2025-10-16,2025-10-15,1,Virtual Account,False
PAY-00395-202511,SME-2024-00395,2025-11,6975209,2025-11-15,2025-11-15,0,Auto-debit,False
PAY-00395-202512,SME-2024-00395,2025-12,7169347,2025-12-16,2025-12-15,1,Bank Transfer,False
PAY-00395-202601,SME-2024-00395,2026-01,7041119,2026-01-16,2026-01-15,1,Virtual Account,False
PAY-00395-202602,SME-2024-00395,2026-02,7337803,2026-02-16,2026-02-15,1,Bank Transfer,False
PAY-00395-202603,SME-2024-00395,2026-03,7096363,2026-03-19,2026-03-15,4,Auto-debit,False
PAY-00395-202604,SME-2024-00395,2026-04,7281590,2026-04-15,2026-04-15,0,Virtual Account,False
PAY-00395-202605,SME-2024-00395,2026-05,7309687,2026-05-17,2026-05-15,2,Virtual Account,False
PAY-00395-202606,SME-2024-00395,2026-06,7232144,2026-06-16,2026-06-15,1,Virtual Account,False
PAY-00396-202512,SME-2024-00396,2025-12,2515449,2025-12-15,2025-12-15,0,Auto-debit,False
PAY-00396-202601,SME-2024-00396,2026-01,2613893,2026-01-17,2026-01-15,2,Virtual Account,False
PAY-00396-202602,SME-2024-00396,2026-02,2499993,2026-02-16,2026-02-15,1,Virtual Account,False
PAY-00396-202603,SME-2024-00396,2026-03,2567705,2026-03-16,2026-03-15,1,Auto-debit,False
PAY-00396-202604,SME-2024-00396,2026-04,6512979,2026-04-15,2026-04-15,0,Bank Transfer,False
PAY-00396-202605,SME-2024-00396,2026-05,6404371,2026-05-17,2026-05-15,2,Cash,False
PAY-00396-202606,SME-2024-00396,2026-06,6494936,2026-06-15,2026-06-15,0,Bank Transfer,False
PAY-00397-202507,SME-2024-00397,2025-07,785355,2025-07-15,2025-07-15,0,Auto-debit,False
PAY-00397-202508,SME-2024-00397,2025-08,790589,2025-08-15,2025-08-15,0,Auto-debit,False
PAY-00397-202509,SME-2024-00397,2025-09,810950,2025-09-15,2025-09-15,0,Cash,False
PAY-00397-202510,SME-2024-00397,2025-10,779338,2025-10-15,2025-10-15,0,Bank Transfer,False
PAY-00397-202511,SME-2024-00397,2025-11,816793,2025-11-15,2025-11-15,0,Virtual Account,False
PAY-00397-202512,SME-2024-00397,2025-12,791405,2025-12-15,2025-12-15,0,Virtual Account,False
PAY-00397-202601,SME-2024-00397,2026-01,789463,2026-01-16,2026-01-15,1,Virtual Account,False
PAY-00397-202602,SME-2024-00397,2026-02,789048,2026-02-16,2026-02-15,1,Bank Transfer,False
PAY-00397-202603,SME-2024-00397,2026-03,777303,2026-03-15,2026-03-15,0,Virtual Account,False
PAY-00397-202604,SME-2024-00397,2026-04,802931,2026-04-17,2026-04-15,2,Virtual Account,False
PAY-00397-202605,SME-2024-00397,2026-05,792055,2026-05-17,2026-05-15,2,Virtual Account,False
PAY-00397-202606,SME-2024-00397,2026-06,781489,2026-06-17,2026-06-15,2,Virtual Account,False
PAY-00398-202507,SME-2024-00398,2025-07,1886470,2025-07-15,2025-07-15,0,Bank Transfer,False
PAY-00398-202508,SME-2024-00398,2025-08,1970369,2025-08-15,2025-08-15,0,Virtual Account,False
PAY-00398-202509,SME-2024-00398,2025-09,1897137,2025-09-15,2025-09-15,0,Auto-debit,False
PAY-00398-202510,SME-2024-00398,2025-10,1939070,2025-10-15,2025-10-15,0,Virtual Account,False
PAY-00398-202511,SME-2024-00398,2025-11,1912138,2025-11-16,2025-11-15,1,Virtual Account,False
PAY-00398-202512,SME-2024-00398,2025-12,1879046,2025-12-15,2025-12-15,0,Virtual Account,False
PAY-00398-202601,SME-2024-00398,2026-01,1874126,2026-01-16,2026-01-15,1,Virtual Account,False
PAY-00398-202602,SME-2024-00398,2026-02,1954940,2026-02-15,2026-02-15,0,Cash,False
PAY-00398-202603,SME-2024-00398,2026-03,1938555,2026-03-16,2026-03-15,1,Auto-debit,False
PAY-00398-202604,SME-2024-00398,2026-04,1966547,2026-04-16,2026-04-15,1,Auto-debit,False
PAY-00398-202605,SME-2024-00398,2026-05,1913021,2026-05-17,2026-05-15,2,Auto-debit,False
PAY-00398-202606,SME-2024-00398,2026-06,1890966,2026-06-16,2026-06-15,1,Virtual Account,False
PAY-00399-202507,SME-2024-00399,2025-07,2326897,2025-07-16,2025-07-15,1,Bank Transfer,False
PAY-00399-202508,SME-2024-00399,2025-08,2331316,2025-08-15,2025-08-15,0,Virtual Account,False
PAY-00399-202509,SME-2024-00399,2025-09,2375457,2025-09-15,2025-09-15,0,Cash,False
PAY-00399-202510,SME-2024-00399,2025-10,2363387,2025-10-15,2025-10-15,0,Bank Transfer,False
PAY-00399-202511,SME-2024-00399,2025-11,2350386,2025-11-15,2025-11-15,0,Virtual Account,False
PAY-00399-202512,SME-2024-00399,2025-12,2325387,2025-12-16,2025-12-15,1,Virtual Account,False
PAY-00399-202601,SME-2024-00399,2026-01,2384790,2026-01-17,2026-01-15,2,Auto-debit,False
PAY-00399-202602,SME-2024-00399,2026-02,2334820,2026-02-15,2026-02-15,0,Virtual Account,False
PAY-00399-202603,SME-2024-00399,2026-03,2397047,2026-03-15,2026-03-15,0,Bank Transfer,False
PAY-00399-202604,SME-2024-00399,2026-04,2333815,2026-04-16,2026-04-15,1,Virtual Account,False
PAY-00399-202605,SME-2024-00399,2026-05,2265495,2026-05-17,2026-05-15,2,Virtual Account,False
PAY-00399-202606,SME-2024-00399,2026-06,2332771,2026-06-15,2026-06-15,0,Virtual Account,True
PAY-00400-202507,SME-2024-00400,2025-07,1926555,2025-07-16,2025-07-15,1,Auto-debit,False
PAY-00400-202508,SME-2024-00400,2025-08,1940232,2025-08-15,2025-08-15,0,Auto-debit,False
PAY-00400-202509,SME-2024-00400,2025-09,1928640,2025-09-16,2025-09-15,1,Bank Transfer,False
PAY-00400-202510,SME-2024-00400,2025-10,1935587,2025-10-16,2025-10-15,1,Auto-debit,False
PAY-00400-202511,SME-2024-00400,2025-11,1943884,2025-11-16,2025-11-15,1,Bank Transfer,False
PAY-00400-202512,SME-2024-00400,2025-12,1960393,2025-12-15,2025-12-15,0,Auto-debit,False
PAY-00400-202601,SME-2024-00400,2026-01,5090831,2026-01-15,2026-01-15,0,Virtual Account,False
PAY-00400-202602,SME-2024-00400,2026-02,4977357,2026-02-15,2026-02-15,0,Bank Transfer,False
PAY-00400-202603,SME-2024-00400,2026-03,4901318,2026-03-15,2026-03-15,0,Bank Transfer,False
PAY-00400-202604,SME-2024-00400,2026-04,4873461,2026-04-16,2026-04-15,1,Auto-debit,False
PAY-00400-202605,SME-2024-00400,2026-05,4909505,2026-05-16,2026-05-15,1,Bank Transfer,False
PAY-00400-202606,SME-2024-00400,2026-06,4969913,2026-06-17,2026-06-15,2,Bank Transfer,False
PAY-00401-202507,SME-2024-00401,2025-07,6377021,2025-07-15,2025-07-15,0,Virtual Account,False
PAY-00401-202508,SME-2024-00401,2025-08,6528749,2025-08-16,2025-08-15,1,Virtual Account,False
PAY-00401-202509,SME-2024-00401,2025-09,6478608,2025-09-15,2025-09-15,0,Bank Transfer,False
PAY-00401-202510,SME-2024-00401,2025-10,6206724,2025-10-17,2025-10-15,2,Virtual Account,False
PAY-00401-202511,SME-2024-00401,2025-11,6440935,2025-11-15,2025-11-15,0,Virtual Account,False
PAY-00401-202512,SME-2024-00401,2025-12,6506278,2025-12-16,2025-12-15,1,Virtual Account,False
PAY-00401-202601,SME-2024-00401,2026-01,6465219,2026-01-15,2026-01-15,0,Virtual Account,False
PAY-00401-202602,SME-2024-00401,2026-02,6543565,2026-02-16,2026-02-15,1,Virtual Account,False
PAY-00401-202603,SME-2024-00401,2026-03,6293438,2026-03-15,2026-03-15,0,Virtual Account,False
PAY-00401-202604,SME-2024-00401,2026-04,6472103,2026-04-16,2026-04-15,1,Bank Transfer,False
PAY-00401-202605,SME-2024-00401,2026-05,6251616,2026-05-15,2026-05-15,0,Virtual Account,False
PAY-00401-202606,SME-2024-00401,2026-06,6237814,2026-06-16,2026-06-15,1,Virtual Account,False
PAY-00402-202507,SME-2024-00402,2025-07,3133757,2025-07-15,2025-07-15,0,Virtual Account,False
PAY-00402-202508,SME-2024-00402,2025-08,3075387,2025-08-15,2025-08-15,0,Bank Transfer,False
PAY-00402-202509,SME-2024-00402,2025-09,3106004,2025-09-17,2025-09-15,2,Bank Transfer,False
PAY-00402-202510,SME-2024-00402,2025-10,6145432,2025-10-15,2025-10-15,0,Virtual Account,False
PAY-00402-202511,SME-2024-00402,2025-11,6424252,2025-11-15,2025-11-15,0,Bank Transfer,False
PAY-00402-202512,SME-2024-00402,2025-12,6441153,2025-12-15,2025-12-15,0,Virtual Account,False
PAY-00402-202601,SME-2024-00402,2026-01,6422683,2026-01-15,2026-01-15,0,Auto-debit,False
PAY-00402-202602,SME-2024-00402,2026-02,6384066,2026-02-16,2026-02-15,1,Bank Transfer,False
PAY-00402-202603,SME-2024-00402,2026-03,6323883,2026-03-16,2026-03-15,1,Cash,False
PAY-00402-202604,SME-2024-00402,2026-04,6370187,2026-04-17,2026-04-15,2,Virtual Account,False
PAY-00402-202605,SME-2024-00402,2026-05,6226319,2026-05-18,2026-05-15,3,Virtual Account,False
PAY-00402-202606,SME-2024-00402,2026-06,6212878,2026-06-16,2026-06-15,1,Bank Transfer,False
PAY-00403-202507,SME-2024-00403,2025-07,4205668,2025-07-16,2025-07-15,1,Bank Transfer,False
PAY-00403-202508,SME-2024-00403,2025-08,4059749,2025-08-15,2025-08-15,0,Bank Transfer,False
PAY-00403-202509,SME-2024-00403,2025-09,4209699,2025-09-17,2025-09-15,2,Virtual Account,False
PAY-00403-202510,SME-2024-00403,2025-10,4281582,2025-10-15,2025-10-15,0,Virtual Account,False
PAY-00403-202511,SME-2024-00403,2025-11,4295923,2025-11-16,2025-11-15,1,Bank Transfer,False
PAY-00403-202512,SME-2024-00403,2025-12,4174563,2025-12-15,2025-12-15,0,Virtual Account,False
PAY-00403-202601,SME-2024-00403,2026-01,4186116,2026-01-15,2026-01-15,0,Auto-debit,False
PAY-00403-202602,SME-2024-00403,2026-02,4262993,2026-02-17,2026-02-15,2,Auto-debit,False
PAY-00403-202603,SME-2024-00403,2026-03,4297844,2026-03-15,2026-03-15,0,Virtual Account,False
PAY-00403-202604,SME-2024-00403,2026-04,4189078,2026-04-17,2026-04-15,2,Cash,False
PAY-00403-202605,SME-2024-00403,2026-05,4098393,2026-05-19,2026-05-15,4,Bank Transfer,False
PAY-00403-202606,SME-2024-00403,2026-06,4080285,2026-06-15,2026-06-15,0,Bank Transfer,False
PAY-00404-202507,SME-2024-00404,2025-07,6217462,2025-07-16,2025-07-15,1,Virtual Account,False
PAY-00404-202508,SME-2024-00404,2025-08,6370323,2025-08-15,2025-08-15,0,Bank Transfer,False
PAY-00404-202509,SME-2024-00404,2025-09,6072021,2025-09-15,2025-09-15,0,Bank Transfer,False
PAY-00404-202510,SME-2024-00404,2025-10,6152178,2025-10-15,2025-10-15,0,Virtual Account,False
PAY-00404-202511,SME-2024-00404,2025-11,6130199,2025-11-16,2025-11-15,1,Virtual Account,False
PAY-00404-202512,SME-2024-00404,2025-12,6308280,2025-12-16,2025-12-15,1,Virtual Account,False
PAY-00404-202601,SME-2024-00404,2026-01,6261117,2026-01-15,2026-01-15,0,Virtual Account,False
PAY-00404-202602,SME-2024-00404,2026-02,6204682,2026-02-15,2026-02-15,0,Virtual Account,False
PAY-00404-202603,SME-2024-00404,2026-03,6199393,2026-03-16,2026-03-15,1,Bank Transfer,False
PAY-00404-202604,SME-2024-00404,2026-04,6427750,2026-04-17,2026-04-15,2,Virtual Account,False
PAY-00404-202605,SME-2024-00404,2026-05,6404240,2026-05-16,2026-05-15,1,Virtual Account,False
PAY-00404-202606,SME-2024-00404,2026-06,6097605,2026-06-15,2026-06-15,0,Bank Transfer,False
PAY-00405-202507,SME-2024-00405,2025-07,1944948,2025-07-15,2025-07-15,0,Auto-debit,False
PAY-00405-202508,SME-2024-00405,2025-08,1916037,2025-08-15,2025-08-15,0,Virtual Account,True
PAY-00405-202509,SME-2024-00405,2025-09,1950965,2025-09-15,2025-09-15,0,Auto-debit,False
PAY-00405-202510,SME-2024-00405,2025-10,1935808,2025-10-15,2025-10-15,0,Auto-debit,False
PAY-00405-202511,SME-2024-00405,2025-11,1980468,2025-11-16,2025-11-15,1,Bank Transfer,False
PAY-00405-202512,SME-2024-00405,2025-12,1903690,2025-12-15,2025-12-15,0,Bank Transfer,False
PAY-00405-202601,SME-2024-00405,2026-01,1896018,2026-01-15,2026-01-15,0,Cash,False
PAY-00405-202602,SME-2024-00405,2026-02,1923511,2026-02-15,2026-02-15,0,Virtual Account,False
PAY-00405-202603,SME-2024-00405,2026-03,1937260,2026-03-16,2026-03-15,1,Virtual Account,False
PAY-00405-202604,SME-2024-00405,2026-04,1907251,2026-04-15,2026-04-15,0,Auto-debit,False
PAY-00405-202605,SME-2024-00405,2026-05,1954995,2026-05-16,2026-05-15,1,Bank Transfer,False
PAY-00405-202606,SME-2024-00405,2026-06,1933951,2026-06-16,2026-06-15,1,Bank Transfer,False
PAY-00406-202507,SME-2024-00406,2025-07,3757275,2025-07-15,2025-07-15,0,Virtual Account,False
PAY-00406-202508,SME-2024-00406,2025-08,3668001,2025-08-16,2025-08-15,1,Virtual Account,False
PAY-00406-202509,SME-2024-00406,2025-09,3706430,2025-09-15,2025-09-15,0,Auto-debit,False
PAY-00406-202510,SME-2024-00406,2025-10,3676658,2025-10-15,2025-10-15,0,Virtual Account,False
PAY-00406-202511,SME-2024-00406,2025-11,3627464,2025-11-15,2025-11-15,0,Auto-debit,False
PAY-00406-202512,SME-2024-00406,2025-12,3651022,2025-12-15,2025-12-15,0,Bank Transfer,False
PAY-00406-202601,SME-2024-00406,2026-01,3672593,2026-01-15,2026-01-15,0,Auto-debit,False
PAY-00406-202602,SME-2024-00406,2026-02,3749713,2026-02-16,2026-02-15,1,Virtual Account,False
PAY-00406-202603,SME-2024-00406,2026-03,3676652,2026-03-15,2026-03-15,0,Bank Transfer,False
PAY-00406-202604,SME-2024-00406,2026-04,3590896,2026-04-17,2026-04-15,2,Auto-debit,False
PAY-00406-202605,SME-2024-00406,2026-05,3722223,2026-05-15,2026-05-15,0,Virtual Account,False
PAY-00406-202606,SME-2024-00406,2026-06,3715254,2026-06-17,2026-06-15,2,Auto-debit,False
PAY-00407-202507,SME-2024-00407,2025-07,5008693,2025-07-15,2025-07-15,0,Bank Transfer,False
PAY-00407-202508,SME-2024-00407,2025-08,4857544,2025-08-15,2025-08-15,0,Virtual Account,False
PAY-00407-202509,SME-2024-00407,2025-09,4858862,2025-09-16,2025-09-15,1,Virtual Account,False
PAY-00407-202510,SME-2024-00407,2025-10,5041949,2025-10-17,2025-10-15,2,Virtual Account,False
PAY-00407-202511,SME-2024-00407,2025-11,4904875,2025-11-16,2025-11-15,1,Virtual Account,False
PAY-00407-202512,SME-2024-00407,2025-12,4877419,2025-12-15,2025-12-15,0,Virtual Account,True
PAY-00407-202601,SME-2024-00407,2026-01,4926382,2026-01-17,2026-01-15,2,Auto-debit,True
PAY-00407-202602,SME-2024-00407,2026-02,4890350,2026-02-15,2026-02-15,0,Bank Transfer,False
PAY-00407-202603,SME-2024-00407,2026-03,4979816,2026-03-17,2026-03-15,2,Bank Transfer,True
PAY-00407-202604,SME-2024-00407,2026-04,4989320,2026-04-15,2026-04-15,0,Virtual Account,False
PAY-00407-202605,SME-2024-00407,2026-05,4941044,2026-05-15,2026-05-15,0,Virtual Account,False
PAY-00407-202606,SME-2024-00407,2026-06,5128259,2026-06-15,2026-06-15,0,Bank Transfer,False
PAY-00408-202507,SME-2024-00408,2025-07,6333825,2025-07-15,2025-07-15,0,Auto-debit,False
PAY-00408-202508,SME-2024-00408,2025-08,6210910,2025-08-15,2025-08-15,0,Auto-debit,False
PAY-00408-202509,SME-2024-00408,2025-09,6281807,2025-09-15,2025-09-15,0,Bank Transfer,False
PAY-00408-202510,SME-2024-00408,2025-10,6395817,2025-10-16,2025-10-15,1,Virtual Account,False
PAY-00408-202511,SME-2024-00408,2025-11,6363690,2025-11-15,2025-11-15,0,Virtual Account,False
PAY-00408-202512,SME-2024-00408,2025-12,6409728,2025-12-15,2025-12-15,0,Bank Transfer,False
PAY-00408-202601,SME-2024-00408,2026-01,6323848,2026-01-19,2026-01-15,4,Bank Transfer,False
PAY-00408-202602,SME-2024-00408,2026-02,6245234,2026-02-17,2026-02-15,2,Auto-debit,False
PAY-00408-202603,SME-2024-00408,2026-03,6161828,2026-03-15,2026-03-15,0,Auto-debit,False
PAY-00408-202604,SME-2024-00408,2026-04,6380633,2026-04-17,2026-04-15,2,Cash,False
PAY-00408-202605,SME-2024-00408,2026-05,6155100,2026-05-19,2026-05-15,4,Bank Transfer,False
PAY-00408-202606,SME-2024-00408,2026-06,6349415,2026-06-15,2026-06-15,0,Virtual Account,False
PAY-00409-202507,SME-2024-00409,2025-07,6090503,2025-07-18,2025-07-15,3,Virtual Account,False
PAY-00409-202508,SME-2024-00409,2025-08,5986737,2025-08-16,2025-08-15,1,Virtual Account,False
PAY-00409-202509,SME-2024-00409,2025-09,5909872,2025-09-16,2025-09-15,1,Auto-debit,False
PAY-00409-202510,SME-2024-00409,2025-10,5903854,2025-10-15,2025-10-15,0,Auto-debit,False
PAY-00409-202511,SME-2024-00409,2025-11,6183154,2025-11-15,2025-11-15,0,Virtual Account,False
PAY-00409-202512,SME-2024-00409,2025-12,6020469,2025-12-16,2025-12-15,1,Auto-debit,False
PAY-00409-202601,SME-2024-00409,2026-01,6057584,2026-01-18,2026-01-15,3,Cash,True
PAY-00409-202602,SME-2024-00409,2026-02,5995615,2026-02-15,2026-02-15,0,Auto-debit,False
PAY-00409-202603,SME-2024-00409,2026-03,5970833,2026-03-16,2026-03-15,1,Auto-debit,False
PAY-00409-202604,SME-2024-00409,2026-04,6103914,2026-04-17,2026-04-15,2,Virtual Account,False
PAY-00409-202605,SME-2024-00409,2026-05,6013794,2026-05-16,2026-05-15,1,Virtual Account,False
PAY-00409-202606,SME-2024-00409,2026-06,5979699,2026-06-18,2026-06-15,3,Bank Transfer,False
PAY-00410-202604,SME-2024-00410,2026-04,2657516,2026-04-15,2026-04-15,0,Auto-debit,False
PAY-00410-202605,SME-2024-00410,2026-05,2739400,2026-05-18,2026-05-15,3,Virtual Account,False
PAY-00410-202606,SME-2024-00410,2026-06,2681493,2026-06-20,2026-06-15,5,Bank Transfer,False
PAY-00411-202507,SME-2024-00411,2025-07,1860899,2025-07-15,2025-07-15,0,Virtual Account,False
PAY-00411-202508,SME-2024-00411,2025-08,1938720,2025-08-15,2025-08-15,0,Auto-debit,False
PAY-00411-202509,SME-2024-00411,2025-09,1925203,2025-09-17,2025-09-15,2,Virtual Account,False
PAY-00411-202510,SME-2024-00411,2025-10,1889144,2025-10-15,2025-10-15,0,Auto-debit,False
PAY-00411-202511,SME-2024-00411,2025-11,1891687,2025-11-17,2025-11-15,2,Bank Transfer,False
PAY-00411-202512,SME-2024-00411,2025-12,1911790,2025-12-17,2025-12-15,2,Bank Transfer,False
PAY-00411-202601,SME-2024-00411,2026-01,1866776,2026-01-16,2026-01-15,1,Auto-debit,False
PAY-00411-202602,SME-2024-00411,2026-02,1846054,2026-02-16,2026-02-15,1,Virtual Account,False
PAY-00411-202603,SME-2024-00411,2026-03,1859889,2026-03-15,2026-03-15,0,Virtual Account,False
PAY-00411-202604,SME-2024-00411,2026-04,1854809,2026-04-15,2026-04-15,0,Cash,False
PAY-00411-202605,SME-2024-00411,2026-05,1877674,2026-05-16,2026-05-15,1,Auto-debit,False
PAY-00411-202606,SME-2024-00411,2026-06,1891064,2026-06-15,2026-06-15,0,Cash,False
PAY-00413-202512,SME-2024-00413,2025-12,8977426,2025-12-17,2025-12-15,2,Bank Transfer,False
PAY-00413-202601,SME-2024-00413,2026-01,8915813,2026-01-16,2026-01-15,1,Cash,False
PAY-00413-202602,SME-2024-00413,2026-02,8982304,2026-02-15,2026-02-15,0,Bank Transfer,False
PAY-00413-202603,SME-2024-00413,2026-03,8842784,2026-03-15,2026-03-15,0,Auto-debit,False
PAY-00413-202604,SME-2024-00413,2026-04,9100561,2026-04-15,2026-04-15,0,Bank Transfer,False
PAY-00413-202605,SME-2024-00413,2026-05,8879113,2026-05-17,2026-05-15,2,Auto-debit,False
PAY-00413-202606,SME-2024-00413,2026-06,8878732,2026-06-15,2026-06-15,0,Auto-debit,False
PAY-00414-202507,SME-2024-00414,2025-07,5027569,2025-07-16,2025-07-15,1,Virtual Account,False
PAY-00414-202508,SME-2024-00414,2025-08,5055650,2025-08-15,2025-08-15,0,Virtual Account,False
PAY-00414-202509,SME-2024-00414,2025-09,5094972,2025-09-15,2025-09-15,0,Virtual Account,False
PAY-00414-202510,SME-2024-00414,2025-10,5032397,2025-10-15,2025-10-15,0,Cash,False
PAY-00414-202511,SME-2024-00414,2025-11,5160425,2025-11-16,2025-11-15,1,Auto-debit,False
PAY-00414-202512,SME-2024-00414,2025-12,4950349,2025-12-15,2025-12-15,0,Virtual Account,False
PAY-00414-202601,SME-2024-00414,2026-01,9721813,2026-01-15,2026-01-15,0,Auto-debit,False
PAY-00414-202602,SME-2024-00414,2026-02,9544029,2026-02-15,2026-02-15,0,Bank Transfer,False
PAY-00414-202603,SME-2024-00414,2026-03,9666060,2026-03-15,2026-03-15,0,Virtual Account,False
PAY-00414-202604,SME-2024-00414,2026-04,9644127,2026-04-17,2026-04-15,2,Virtual Account,False
PAY-00414-202605,SME-2024-00414,2026-05,9303564,2026-05-17,2026-05-15,2,Cash,False
PAY-00414-202606,SME-2024-00414,2026-06,9677121,2026-06-16,2026-06-15,1,Auto-debit,False
PAY-00415-202507,SME-2024-00415,2025-07,1078654,2025-07-16,2025-07-15,1,Virtual Account,False
PAY-00415-202508,SME-2024-00415,2025-08,1068230,2025-08-15,2025-08-15,0,Bank Transfer,False
PAY-00415-202509,SME-2024-00415,2025-09,1111845,2025-09-15,2025-09-15,0,Bank Transfer,False
PAY-00415-202510,SME-2024-00415,2025-10,1087556,2025-10-15,2025-10-15,0,Bank Transfer,False
PAY-00415-202511,SME-2024-00415,2025-11,1057750,2025-11-15,2025-11-15,0,Cash,False
PAY-00415-202512,SME-2024-00415,2025-12,1108829,2025-12-15,2025-12-15,0,Cash,False
PAY-00415-202601,SME-2024-00415,2026-01,1097360,2026-01-17,2026-01-15,2,Auto-debit,False
PAY-00415-202602,SME-2024-00415,2026-02,1049190,2026-02-16,2026-02-15,1,Bank Transfer,False
PAY-00415-202603,SME-2024-00415,2026-03,1095629,2026-03-15,2026-03-15,0,Cash,False
PAY-00415-202604,SME-2024-00415,2026-04,1085977,2026-04-16,2026-04-15,1,Bank Transfer,False
PAY-00415-202605,SME-2024-00415,2026-05,1062996,2026-05-16,2026-05-15,1,Virtual Account,False
PAY-00415-202606,SME-2024-00415,2026-06,1083438,2026-06-15,2026-06-15,0,Virtual Account,False
PAY-00416-202507,SME-2024-00416,2025-07,3194839,2025-07-16,2025-07-15,1,Auto-debit,False
PAY-00416-202508,SME-2024-00416,2025-08,3250579,2025-08-15,2025-08-15,0,Virtual Account,False
PAY-00416-202509,SME-2024-00416,2025-09,3189376,2025-09-15,2025-09-15,0,Bank Transfer,False
PAY-00416-202510,SME-2024-00416,2025-10,3236478,2025-10-15,2025-10-15,0,Bank Transfer,False
PAY-00416-202511,SME-2024-00416,2025-11,3259947,2025-11-16,2025-11-15,1,Cash,False
PAY-00416-202512,SME-2024-00416,2025-12,3151300,2025-12-15,2025-12-15,0,Auto-debit,False
PAY-00416-202601,SME-2024-00416,2026-01,3176232,2026-01-17,2026-01-15,2,Bank Transfer,False
PAY-00416-202602,SME-2024-00416,2026-02,4690066,2026-02-16,2026-02-15,1,Bank Transfer,False
PAY-00416-202603,SME-2024-00416,2026-03,4567157,2026-03-16,2026-03-15,1,Auto-debit,False
PAY-00416-202604,SME-2024-00416,2026-04,4680353,2026-04-17,2026-04-15,2,Cash,False
PAY-00416-202605,SME-2024-00416,2026-05,4752033,2026-05-15,2026-05-15,0,Cash,False
PAY-00416-202606,SME-2024-00416,2026-06,4592577,2026-06-16,2026-06-15,1,Bank Transfer,False
PAY-00417-202507,SME-2024-00417,2025-07,2390880,2025-07-15,2025-07-15,0,Virtual Account,False
PAY-00417-202508,SME-2024-00417,2025-08,2457490,2025-08-15,2025-08-15,0,Bank Transfer,False
PAY-00417-202509,SME-2024-00417,2025-09,2493078,2025-09-15,2025-09-15,0,Virtual Account,False
PAY-00417-202510,SME-2024-00417,2025-10,2431904,2025-10-16,2025-10-15,1,Virtual Account,False
PAY-00417-202511,SME-2024-00417,2025-11,2419568,2025-11-15,2025-11-15,0,Virtual Account,False
PAY-00417-202512,SME-2024-00417,2025-12,2480308,2025-12-16,2025-12-15,1,Bank Transfer,False
PAY-00417-202601,SME-2024-00417,2026-01,2413023,2026-01-15,2026-01-15,0,Bank Transfer,True
PAY-00417-202602,SME-2024-00417,2026-02,2499489,2026-02-17,2026-02-15,2,Cash,False
PAY-00417-202603,SME-2024-00417,2026-03,2466184,2026-03-16,2026-03-15,1,Bank Transfer,False
PAY-00417-202604,SME-2024-00417,2026-04,2495245,2026-04-15,2026-04-15,0,Auto-debit,False
PAY-00417-202605,SME-2024-00417,2026-05,2447976,2026-05-15,2026-05-15,0,Bank Transfer,False
PAY-00417-202606,SME-2024-00417,2026-06,2416349,2026-06-16,2026-06-15,1,Bank Transfer,False
PAY-00418-202507,SME-2024-00418,2025-07,2083602,2025-07-16,2025-07-15,1,Virtual Account,False
PAY-00418-202508,SME-2024-00418,2025-08,2047428,2025-08-16,2025-08-15,1,Cash,True
PAY-00418-202509,SME-2024-00418,2025-09,1990579,2025-09-15,2025-09-15,0,Virtual Account,False
PAY-00418-202510,SME-2024-00418,2025-10,2031621,2025-10-15,2025-10-15,0,Auto-debit,True
PAY-00418-202511,SME-2024-00418,2025-11,2001644,2025-11-15,2025-11-15,0,Virtual Account,False
PAY-00418-202512,SME-2024-00418,2025-12,2078879,2025-12-16,2025-12-15,1,Auto-debit,False
PAY-00418-202601,SME-2024-00418,2026-01,2039569,2026-01-15,2026-01-15,0,Cash,False
PAY-00418-202602,SME-2024-00418,2026-02,2010828,2026-02-16,2026-02-15,1,Bank Transfer,False
PAY-00418-202603,SME-2024-00418,2026-03,2044962,2026-03-16,2026-03-15,1,Auto-debit,False
PAY-00418-202604,SME-2024-00418,2026-04,2035785,2026-04-16,2026-04-15,1,Auto-debit,False
PAY-00418-202605,SME-2024-00418,2026-05,2105396,2026-05-16,2026-05-15,1,Virtual Account,False
PAY-00418-202606,SME-2024-00418,2026-06,2049843,2026-06-15,2026-06-15,0,Virtual Account,False
PAY-00419-202507,SME-2024-00419,2025-07,3171577,2025-07-16,2025-07-15,1,Virtual Account,False
PAY-00419-202508,SME-2024-00419,2025-08,3282131,2025-08-15,2025-08-15,0,Auto-debit,False
PAY-00419-202509,SME-2024-00419,2025-09,3154290,2025-09-16,2025-09-15,1,Auto-debit,False
PAY-00419-202510,SME-2024-00419,2025-10,3317138,2025-10-15,2025-10-15,0,Cash,False
PAY-00419-202511,SME-2024-00419,2025-11,3232019,2025-11-15,2025-11-15,0,Auto-debit,False
PAY-00419-202512,SME-2024-00419,2025-12,3315830,2025-12-18,2025-12-15,3,Virtual Account,False
PAY-00419-202601,SME-2024-00419,2026-01,3346545,2026-01-15,2026-01-15,0,Bank Transfer,False
PAY-00419-202602,SME-2024-00419,2026-02,5652423,2026-02-15,2026-02-15,0,Cash,False
PAY-00419-202603,SME-2024-00419,2026-03,5473477,2026-03-16,2026-03-15,1,Auto-debit,False
PAY-00419-202604,SME-2024-00419,2026-04,5410935,2026-04-16,2026-04-15,1,Virtual Account,False
PAY-00419-202605,SME-2024-00419,2026-05,5507920,2026-05-15,2026-05-15,0,Cash,False
PAY-00419-202606,SME-2024-00419,2026-06,5582681,2026-06-18,2026-06-15,3,Bank Transfer,False
PAY-00420-202507,SME-2024-00420,2025-07,1461970,2025-07-15,2025-07-15,0,Cash,False
PAY-00420-202508,SME-2024-00420,2025-08,1531400,2025-08-15,2025-08-15,0,Bank Transfer,False
PAY-00420-202509,SME-2024-00420,2025-09,1527050,2025-09-15,2025-09-15,0,Auto-debit,False
PAY-00420-202510,SME-2024-00420,2025-10,1513717,2025-10-16,2025-10-15,1,Virtual Account,False
PAY-00420-202511,SME-2024-00420,2025-11,1480016,2025-11-15,2025-11-15,0,Cash,False
PAY-00420-202512,SME-2024-00420,2025-12,1500015,2025-12-18,2025-12-15,3,Virtual Account,False
PAY-00420-202601,SME-2024-00420,2026-01,1506145,2026-01-15,2026-01-15,0,Virtual Account,False
PAY-00420-202602,SME-2024-00420,2026-02,1503983,2026-02-15,2026-02-15,0,Cash,False
PAY-00420-202603,SME-2024-00420,2026-03,1474809,2026-03-17,2026-03-15,2,Bank Transfer,False
PAY-00420-202604,SME-2024-00420,2026-04,1530227,2026-04-15,2026-04-15,0,Virtual Account,False
PAY-00420-202605,SME-2024-00420,2026-05,1481019,2026-05-15,2026-05-15,0,Bank Transfer,False
PAY-00420-202606,SME-2024-00420,2026-06,1491786,2026-06-17,2026-06-15,2,Cash,False
PAY-00421-202510,SME-2024-00421,2025-10,3424272,2025-10-17,2025-10-15,2,Bank Transfer,False
PAY-00421-202511,SME-2024-00421,2025-11,3284388,2025-11-15,2025-11-15,0,Auto-debit,False
PAY-00421-202512,SME-2024-00421,2025-12,3384257,2025-12-15,2025-12-15,0,Bank Transfer,False
PAY-00421-202601,SME-2024-00421,2026-01,3328549,2026-01-15,2026-01-15,0,Auto-debit,False
PAY-00421-202602,SME-2024-00421,2026-02,3302513,2026-02-16,2026-02-15,1,Cash,False
PAY-00421-202603,SME-2024-00421,2026-03,3360071,2026-03-16,2026-03-15,1,Auto-debit,False
PAY-00421-202604,SME-2024-00421,2026-04,3485207,2026-04-16,2026-04-15,1,Virtual Account,False
PAY-00421-202605,SME-2024-00421,2026-05,3330305,2026-05-15,2026-05-15,0,Virtual Account,False
PAY-00421-202606,SME-2024-00421,2026-06,3445488,2026-06-17,2026-06-15,2,Virtual Account,False
PAY-00422-202507,SME-2024-00422,2025-07,853553,2025-07-16,2025-07-15,1,Auto-debit,True
PAY-00422-202508,SME-2024-00422,2025-08,863546,2025-08-16,2025-08-15,1,Virtual Account,False
PAY-00422-202509,SME-2024-00422,2025-09,883055,2025-09-15,2025-09-15,0,Auto-debit,False
PAY-00422-202510,SME-2024-00422,2025-10,873691,2025-10-15,2025-10-15,0,Bank Transfer,False
PAY-00422-202511,SME-2024-00422,2025-11,883884,2025-11-15,2025-11-15,0,Virtual Account,False
PAY-00422-202512,SME-2024-00422,2025-12,864057,2025-12-17,2025-12-15,2,Virtual Account,False
PAY-00422-202601,SME-2024-00422,2026-01,871021,2026-01-16,2026-01-15,1,Bank Transfer,False
PAY-00422-202602,SME-2024-00422,2026-02,850206,2026-02-15,2026-02-15,0,Auto-debit,False
PAY-00422-202603,SME-2024-00422,2026-03,883518,2026-03-15,2026-03-15,0,Virtual Account,False
PAY-00422-202604,SME-2024-00422,2026-04,887055,2026-04-17,2026-04-15,2,Bank Transfer,False
PAY-00422-202605,SME-2024-00422,2026-05,888630,2026-05-17,2026-05-15,2,Virtual Account,False
PAY-00422-202606,SME-2024-00422,2026-06,886031,2026-06-17,2026-06-15,2,Virtual Account,True
PAY-00423-202507,SME-2024-00423,2025-07,3282129,2025-07-15,2025-07-15,0,Virtual Account,False
PAY-00423-202508,SME-2024-00423,2025-08,3221066,2025-08-15,2025-08-15,0,Virtual Account,False
PAY-00423-202509,SME-2024-00423,2025-09,8614263,2025-09-16,2025-09-15,1,Auto-debit,False
PAY-00423-202510,SME-2024-00423,2025-10,8684720,2025-10-16,2025-10-15,1,Virtual Account,False
PAY-00423-202511,SME-2024-00423,2025-11,8668511,2025-11-15,2025-11-15,0,Virtual Account,False
PAY-00423-202512,SME-2024-00423,2025-12,8465327,2025-12-15,2025-12-15,0,Virtual Account,False
PAY-00423-202601,SME-2024-00423,2026-01,8376401,2026-01-15,2026-01-15,0,Virtual Account,False
PAY-00423-202602,SME-2024-00423,2026-02,8583292,2026-02-20,2026-02-15,5,Bank Transfer,False
PAY-00423-202603,SME-2024-00423,2026-03,8427084,2026-03-16,2026-03-15,1,Virtual Account,False
PAY-00423-202604,SME-2024-00423,2026-04,8597121,2026-04-15,2026-04-15,0,Virtual Account,False
PAY-00423-202605,SME-2024-00423,2026-05,8592660,2026-05-15,2026-05-15,0,Bank Transfer,True
PAY-00423-202606,SME-2024-00423,2026-06,8698421,2026-06-17,2026-06-15,2,Virtual Account,False
PAY-00424-202507,SME-2024-00424,2025-07,1067740,2025-07-16,2025-07-15,1,Virtual Account,False
PAY-00424-202508,SME-2024-00424,2025-08,1047931,2025-08-15,2025-08-15,0,Virtual Account,False
PAY-00424-202509,SME-2024-00424,2025-09,1013448,2025-09-15,2025-09-15,0,Auto-debit,False
PAY-00424-202510,SME-2024-00424,2025-10,1016321,2025-10-15,2025-10-15,0,Bank Transfer,False
PAY-00424-202511,SME-2024-00424,2025-11,1038752,2025-11-16,2025-11-15,1,Bank Transfer,False
PAY-00424-202512,SME-2024-00424,2025-12,1048042,2025-12-16,2025-12-15,1,Auto-debit,False
PAY-00424-202601,SME-2024-00424,2026-01,1061148,2026-01-16,2026-01-15,1,Virtual Account,False
PAY-00424-202602,SME-2024-00424,2026-02,1033529,2026-02-16,2026-02-15,1,Virtual Account,False
PAY-00424-202603,SME-2024-00424,2026-03,1045952,2026-03-16,2026-03-15,1,Cash,False
PAY-00424-202604,SME-2024-00424,2026-04,1052862,2026-04-16,2026-04-15,1,Auto-debit,False
PAY-00424-202605,SME-2024-00424,2026-05,1059002,2026-05-16,2026-05-15,1,Auto-debit,False
PAY-00424-202606,SME-2024-00424,2026-06,1038197,2026-06-18,2026-06-15,3,Virtual Account,False
PAY-00425-202507,SME-2024-00425,2025-07,3073436,2025-07-15,2025-07-15,0,Auto-debit,False
PAY-00425-202508,SME-2024-00425,2025-08,3140284,2025-08-15,2025-08-15,0,Virtual Account,False
PAY-00425-202509,SME-2024-00425,2025-09,3202290,2025-09-15,2025-09-15,0,Cash,False
PAY-00425-202510,SME-2024-00425,2025-10,3174776,2025-10-15,2025-10-15,0,Bank Transfer,False
PAY-00425-202511,SME-2024-00425,2025-11,3105314,2025-11-17,2025-11-15,2,Cash,False
PAY-00425-202512,SME-2024-00425,2025-12,3134158,2025-12-16,2025-12-15,1,Virtual Account,False
PAY-00425-202601,SME-2024-00425,2026-01,3132809,2026-01-17,2026-01-15,2,Auto-debit,False
PAY-00425-202602,SME-2024-00425,2026-02,3096047,2026-02-16,2026-02-15,1,Bank Transfer,False
PAY-00425-202603,SME-2024-00425,2026-03,3046104,2026-03-16,2026-03-15,1,Virtual Account,False
PAY-00425-202604,SME-2024-00425,2026-04,3174490,2026-04-16,2026-04-15,1,Virtual Account,False
PAY-00425-202605,SME-2024-00425,2026-05,3033374,2026-05-15,2026-05-15,0,Virtual Account,True
PAY-00425-202606,SME-2024-00425,2026-06,3086337,2026-06-15,2026-06-15,0,Bank Transfer,False
PAY-00426-202508,SME-2024-00426,2025-08,820054,2025-08-15,2025-08-15,0,Virtual Account,True
PAY-00426-202509,SME-2024-00426,2025-09,829078,2025-09-16,2025-09-15,1,Virtual Account,False
PAY-00426-202510,SME-2024-00426,2025-10,853837,2025-10-15,2025-10-15,0,Bank Transfer,False
PAY-00426-202511,SME-2024-00426,2025-11,825706,2025-11-16,2025-11-15,1,Cash,False
PAY-00426-202512,SME-2024-00426,2025-12,826770,2025-12-15,2025-12-15,0,Virtual Account,False
PAY-00426-202601,SME-2024-00426,2026-01,837122,2026-01-15,2026-01-15,0,Virtual Account,False
PAY-00426-202602,SME-2024-00426,2026-02,847409,2026-02-15,2026-02-15,0,Bank Transfer,False
PAY-00426-202603,SME-2024-00426,2026-03,819600,2026-03-15,2026-03-15,0,Virtual Account,False
PAY-00426-202604,SME-2024-00426,2026-04,826543,2026-04-15,2026-04-15,0,Virtual Account,False
PAY-00426-202605,SME-2024-00426,2026-05,841577,2026-05-15,2026-05-15,0,Virtual Account,False
PAY-00426-202606,SME-2024-00426,2026-06,819389,2026-06-15,2026-06-15,0,Bank Transfer,False
PAY-00427-202507,SME-2024-00427,2025-07,7486490,2025-07-15,2025-07-15,0,Auto-debit,False
PAY-00427-202508,SME-2024-00427,2025-08,7636568,2025-08-15,2025-08-15,0,Virtual Account,False
PAY-00427-202509,SME-2024-00427,2025-09,7296579,2025-09-16,2025-09-15,1,Auto-debit,False
PAY-00427-202510,SME-2024-00427,2025-10,7557108,2025-10-15,2025-10-15,0,Auto-debit,False
PAY-00427-202511,SME-2024-00427,2025-11,7600425,2025-11-15,2025-11-15,0,Virtual Account,False
PAY-00427-202512,SME-2024-00427,2025-12,7355505,2025-12-17,2025-12-15,2,Virtual Account,False
PAY-00427-202601,SME-2024-00427,2026-01,7641653,2026-01-15,2026-01-15,0,Virtual Account,False
PAY-00427-202602,SME-2024-00427,2026-02,7512189,2026-02-16,2026-02-15,1,Cash,False
PAY-00427-202603,SME-2024-00427,2026-03,7523884,2026-03-16,2026-03-15,1,Bank Transfer,False
PAY-00427-202604,SME-2024-00427,2026-04,7573673,2026-04-16,2026-04-15,1,Bank Transfer,False
PAY-00427-202605,SME-2024-00427,2026-05,7342060,2026-05-16,2026-05-15,1,Virtual Account,False
PAY-00427-202606,SME-2024-00427,2026-06,7599177,2026-06-16,2026-06-15,1,Virtual Account,False
PAY-00428-202507,SME-2024-00428,2025-07,8219693,2025-07-16,2025-07-15,1,Virtual Account,False
PAY-00428-202508,SME-2024-00428,2025-08,8183828,2025-08-16,2025-08-15,1,Auto-debit,False
PAY-00428-202509,SME-2024-00428,2025-09,8050341,2025-09-17,2025-09-15,2,Cash,False
PAY-00428-202510,SME-2024-00428,2025-10,8046664,2025-10-17,2025-10-15,2,Virtual Account,False
PAY-00428-202511,SME-2024-00428,2025-11,8055375,2025-11-17,2025-11-15,2,Cash,False
PAY-00428-202512,SME-2024-00428,2025-12,8223328,2025-12-15,2025-12-15,0,Auto-debit,False
PAY-00428-202601,SME-2024-00428,2026-01,8255388,2026-01-16,2026-01-15,1,Virtual Account,False
PAY-00428-202602,SME-2024-00428,2026-02,8077840,2026-02-17,2026-02-15,2,Virtual Account,False
PAY-00428-202603,SME-2024-00428,2026-03,8426254,2026-03-17,2026-03-15,2,Cash,False
PAY-00428-202604,SME-2024-00428,2026-04,8107195,2026-04-15,2026-04-15,0,Cash,False
PAY-00428-202605,SME-2024-00428,2026-05,8399935,2026-05-15,2026-05-15,0,Bank Transfer,True
PAY-00428-202606,SME-2024-00428,2026-06,8501990,2026-06-16,2026-06-15,1,Virtual Account,False
PAY-00429-202507,SME-2024-00429,2025-07,1886284,2025-07-15,2025-07-15,0,Cash,False
PAY-00429-202508,SME-2024-00429,2025-08,1822892,2025-08-15,2025-08-15,0,Virtual Account,False
PAY-00429-202509,SME-2024-00429,2025-09,1922840,2025-09-15,2025-09-15,0,Bank Transfer,False
PAY-00429-202510,SME-2024-00429,2025-10,1907103,2025-10-15,2025-10-15,0,Auto-debit,False
PAY-00429-202511,SME-2024-00429,2025-11,1863273,2025-11-15,2025-11-15,0,Auto-debit,False
PAY-00429-202512,SME-2024-00429,2025-12,1889939,2025-12-15,2025-12-15,0,Virtual Account,False
PAY-00429-202601,SME-2024-00429,2026-01,1884127,2026-01-15,2026-01-15,0,Auto-debit,False
PAY-00429-202602,SME-2024-00429,2026-02,1859830,2026-02-15,2026-02-15,0,Bank Transfer,True
PAY-00429-202603,SME-2024-00429,2026-03,1850589,2026-03-15,2026-03-15,0,Auto-debit,False
PAY-00429-202604,SME-2024-00429,2026-04,1820074,2026-04-16,2026-04-15,1,Auto-debit,False
PAY-00429-202605,SME-2024-00429,2026-05,1893574,2026-05-15,2026-05-15,0,Bank Transfer,False
PAY-00429-202606,SME-2024-00429,2026-06,1866502,2026-06-16,2026-06-15,1,Auto-debit,False
PAY-00430-202507,SME-2024-00430,2025-07,4027611,2025-07-16,2025-07-15,1,Auto-debit,False
PAY-00430-202508,SME-2024-00430,2025-08,4191872,2025-08-15,2025-08-15,0,Virtual Account,False
PAY-00430-202509,SME-2024-00430,2025-09,4056033,2025-09-15,2025-09-15,0,Virtual Account,False
PAY-00430-202510,SME-2024-00430,2025-10,4151288,2025-10-16,2025-10-15,1,Auto-debit,True
PAY-00430-202511,SME-2024-00430,2025-11,4108001,2025-11-17,2025-11-15,2,Auto-debit,False
PAY-00430-202512,SME-2024-00430,2025-12,4238438,2025-12-15,2025-12-15,0,Bank Transfer,False
PAY-00430-202601,SME-2024-00430,2026-01,4112115,2026-01-17,2026-01-15,2,Auto-debit,False
PAY-00430-202602,SME-2024-00430,2026-02,4216473,2026-02-16,2026-02-15,1,Bank Transfer,False
PAY-00430-202603,SME-2024-00430,2026-03,4176833,2026-03-15,2026-03-15,0,Bank Transfer,True
PAY-00430-202604,SME-2024-00430,2026-04,4159083,2026-04-17,2026-04-15,2,Virtual Account,False
PAY-00430-202605,SME-2024-00430,2026-05,4201789,2026-05-15,2026-05-15,0,Bank Transfer,False
PAY-00430-202606,SME-2024-00430,2026-06,4042759,2026-06-15,2026-06-15,0,Auto-debit,True
PAY-00431-202507,SME-2024-00431,2025-07,8448755,2025-07-15,2025-07-15,0,Virtual Account,False
PAY-00431-202508,SME-2024-00431,2025-08,8424702,2025-08-16,2025-08-15,1,Virtual Account,False
PAY-00431-202509,SME-2024-00431,2025-09,8046721,2025-09-15,2025-09-15,0,Bank Transfer,False
PAY-00431-202510,SME-2024-00431,2025-10,8142967,2025-10-16,2025-10-15,1,Virtual Account,False
PAY-00431-202511,SME-2024-00431,2025-11,8262598,2025-11-16,2025-11-15,1,Virtual Account,False
PAY-00431-202512,SME-2024-00431,2025-12,8385941,2025-12-16,2025-12-15,1,Virtual Account,True
PAY-00431-202601,SME-2024-00431,2026-01,8341287,2026-01-15,2026-01-15,0,Bank Transfer,False
PAY-00431-202602,SME-2024-00431,2026-02,8030311,2026-02-16,2026-02-15,1,Bank Transfer,False
PAY-00431-202603,SME-2024-00431,2026-03,8060439,2026-03-16,2026-03-15,1,Bank Transfer,False
PAY-00431-202604,SME-2024-00431,2026-04,8450494,2026-04-16,2026-04-15,1,Virtual Account,False
PAY-00431-202605,SME-2024-00431,2026-05,8097616,2026-05-17,2026-05-15,2,Auto-debit,False
PAY-00431-202606,SME-2024-00431,2026-06,8218788,2026-06-17,2026-06-15,2,Virtual Account,False
PAY-00432-202507,SME-2024-00432,2025-07,5665129,2025-07-17,2025-07-15,2,Bank Transfer,False
PAY-00432-202508,SME-2024-00432,2025-08,5793215,2025-08-15,2025-08-15,0,Bank Transfer,False
PAY-00432-202509,SME-2024-00432,2025-09,5799508,2025-09-16,2025-09-15,1,Auto-debit,False
PAY-00432-202510,SME-2024-00432,2025-10,5777796,2025-10-16,2025-10-15,1,Bank Transfer,False
PAY-00432-202511,SME-2024-00432,2025-11,5653622,2025-11-17,2025-11-15,2,Auto-debit,False
PAY-00432-202512,SME-2024-00432,2025-12,5824715,2025-12-15,2025-12-15,0,Virtual Account,False
PAY-00432-202601,SME-2024-00432,2026-01,5823246,2026-01-17,2026-01-15,2,Auto-debit,False
PAY-00432-202602,SME-2024-00432,2026-02,5709094,2026-02-17,2026-02-15,2,Virtual Account,False
PAY-00432-202603,SME-2024-00432,2026-03,5898868,2026-03-15,2026-03-15,0,Bank Transfer,False
PAY-00432-202604,SME-2024-00432,2026-04,5902705,2026-04-15,2026-04-15,0,Virtual Account,False
PAY-00432-202605,SME-2024-00432,2026-05,5680703,2026-05-16,2026-05-15,1,Virtual Account,False
PAY-00432-202606,SME-2024-00432,2026-06,5845421,2026-06-17,2026-06-15,2,Bank Transfer,False
PAY-00433-202507,SME-2024-00433,2025-07,2877012,2025-07-16,2025-07-15,1,Auto-debit,False
PAY-00433-202508,SME-2024-00433,2025-08,2920071,2025-08-16,2025-08-15,1,Auto-debit,False
PAY-00433-202509,SME-2024-00433,2025-09,2900445,2025-09-16,2025-09-15,1,Auto-debit,False
PAY-00433-202510,SME-2024-00433,2025-10,2818238,2025-10-15,2025-10-15,0,Virtual Account,False
PAY-00433-202511,SME-2024-00433,2025-11,2923893,2025-11-15,2025-11-15,0,Auto-debit,False
PAY-00433-202512,SME-2024-00433,2025-12,2858179,2025-12-16,2025-12-15,1,Cash,False
PAY-00433-202601,SME-2024-00433,2026-01,2841517,2026-01-15,2026-01-15,0,Auto-debit,False
PAY-00433-202602,SME-2024-00433,2026-02,2820672,2026-02-17,2026-02-15,2,Virtual Account,False
PAY-00433-202603,SME-2024-00433,2026-03,2921968,2026-03-15,2026-03-15,0,Virtual Account,False
PAY-00433-202604,SME-2024-00433,2026-04,2798102,2026-04-17,2026-04-15,2,Virtual Account,False
PAY-00433-202605,SME-2024-00433,2026-05,2801596,2026-05-15,2026-05-15,0,Bank Transfer,False
PAY-00433-202606,SME-2024-00433,2026-06,2947507,2026-06-16,2026-06-15,1,Virtual Account,False
PAY-00434-202507,SME-2024-00434,2025-07,2980870,2025-07-16,2025-07-15,1,Virtual Account,False
PAY-00434-202508,SME-2024-00434,2025-08,3036813,2025-08-15,2025-08-15,0,Auto-debit,False
PAY-00434-202509,SME-2024-00434,2025-09,3048052,2025-09-16,2025-09-15,1,Auto-debit,False
PAY-00434-202510,SME-2024-00434,2025-10,2972351,2025-10-15,2025-10-15,0,Virtual Account,False
PAY-00434-202511,SME-2024-00434,2025-11,2953807,2025-11-16,2025-11-15,1,Cash,False
PAY-00434-202512,SME-2024-00434,2025-12,2944696,2025-12-16,2025-12-15,1,Bank Transfer,False
PAY-00434-202601,SME-2024-00434,2026-01,2922319,2026-01-15,2026-01-15,0,Virtual Account,False
PAY-00434-202602,SME-2024-00434,2026-02,2969337,2026-02-15,2026-02-15,0,Auto-debit,False
PAY-00434-202603,SME-2024-00434,2026-03,3059679,2026-03-15,2026-03-15,0,Bank Transfer,False
PAY-00434-202604,SME-2024-00434,2026-04,2995005,2026-04-15,2026-04-15,0,Auto-debit,False
PAY-00434-202605,SME-2024-00434,2026-05,2902900,2026-05-16,2026-05-15,1,Cash,False
PAY-00434-202606,SME-2024-00434,2026-06,2996950,2026-06-19,2026-06-15,4,Cash,False
PAY-00435-202507,SME-2024-00435,2025-07,723762,2025-07-17,2025-07-15,2,Bank Transfer,False
PAY-00435-202508,SME-2024-00435,2025-08,724400,2025-08-16,2025-08-15,1,Virtual Account,False
PAY-00435-202509,SME-2024-00435,2025-09,734140,2025-09-16,2025-09-15,1,Auto-debit,False
PAY-00435-202510,SME-2024-00435,2025-10,758484,2025-10-17,2025-10-15,2,Auto-debit,False
PAY-00435-202511,SME-2024-00435,2025-11,762761,2025-11-17,2025-11-15,2,Auto-debit,False
PAY-00435-202512,SME-2024-00435,2025-12,761072,2025-12-15,2025-12-15,0,Virtual Account,False
PAY-00435-202601,SME-2024-00435,2026-01,750147,2026-01-15,2026-01-15,0,Virtual Account,False
PAY-00435-202602,SME-2024-00435,2026-02,733848,2026-02-15,2026-02-15,0,Virtual Account,False
PAY-00435-202603,SME-2024-00435,2026-03,756769,2026-03-16,2026-03-15,1,Cash,False
PAY-00435-202604,SME-2024-00435,2026-04,737363,2026-04-16,2026-04-15,1,Virtual Account,False
PAY-00435-202605,SME-2024-00435,2026-05,719850,2026-05-16,2026-05-15,1,Virtual Account,False
PAY-00435-202606,SME-2024-00435,2026-06,741598,2026-06-16,2026-06-15,1,Auto-debit,False
PAY-00436-202507,SME-2024-00436,2025-07,7567258,2025-07-15,2025-07-15,0,Virtual Account,False
PAY-00436-202508,SME-2024-00436,2025-08,7706231,2025-08-17,2025-08-15,2,Bank Transfer,False
PAY-00436-202509,SME-2024-00436,2025-09,7773988,2025-09-15,2025-09-15,0,Virtual Account,False
PAY-00436-202510,SME-2024-00436,2025-10,7767709,2025-10-16,2025-10-15,1,Auto-debit,False
PAY-00436-202511,SME-2024-00436,2025-11,7602665,2025-11-15,2025-11-15,0,Bank Transfer,False
PAY-00436-202512,SME-2024-00436,2025-12,7533434,2025-12-16,2025-12-15,1,Cash,False
PAY-00436-202601,SME-2024-00436,2026-01,7484568,2026-01-16,2026-01-15,1,Auto-debit,False
PAY-00436-202602,SME-2024-00436,2026-02,7497556,2026-02-15,2026-02-15,0,Auto-debit,False
PAY-00436-202603,SME-2024-00436,2026-03,7628182,2026-03-17,2026-03-15,2,Cash,False
PAY-00436-202604,SME-2024-00436,2026-04,7636155,2026-04-16,2026-04-15,1,Virtual Account,False
PAY-00436-202605,SME-2024-00436,2026-05,7556865,2026-05-15,2026-05-15,0,Virtual Account,False
PAY-00436-202606,SME-2024-00436,2026-06,7873648,2026-06-18,2026-06-15,3,Auto-debit,False
PAY-00437-202507,SME-2024-00437,2025-07,8698911,2025-07-16,2025-07-15,1,Auto-debit,False
PAY-00437-202508,SME-2024-00437,2025-08,8902404,2025-08-15,2025-08-15,0,Virtual Account,False
PAY-00437-202509,SME-2024-00437,2025-09,8567745,2025-09-15,2025-09-15,0,Virtual Account,False
PAY-00437-202510,SME-2024-00437,2025-10,8612663,2025-10-16,2025-10-15,1,Bank Transfer,False
PAY-00437-202511,SME-2024-00437,2025-11,8847086,2025-11-15,2025-11-15,0,Virtual Account,False
PAY-00437-202512,SME-2024-00437,2025-12,8980209,2025-12-16,2025-12-15,1,Virtual Account,False
PAY-00437-202601,SME-2024-00437,2026-01,8799219,2026-01-16,2026-01-15,1,Bank Transfer,False
PAY-00437-202602,SME-2024-00437,2026-02,8718092,2026-02-18,2026-02-15,3,Auto-debit,False
PAY-00437-202603,SME-2024-00437,2026-03,8912365,2026-03-15,2026-03-15,0,Auto-debit,False
PAY-00437-202604,SME-2024-00437,2026-04,8759135,2026-04-15,2026-04-15,0,Auto-debit,False
PAY-00437-202605,SME-2024-00437,2026-05,8943101,2026-05-16,2026-05-15,1,Virtual Account,False
PAY-00437-202606,SME-2024-00437,2026-06,8958923,2026-06-17,2026-06-15,2,Cash,False
PAY-00438-202507,SME-2024-00438,2025-07,1362111,2025-07-16,2025-07-15,1,Virtual Account,False
PAY-00438-202508,SME-2024-00438,2025-08,1394486,2025-08-16,2025-08-15,1,Bank Transfer,False
PAY-00438-202509,SME-2024-00438,2025-09,1397578,2025-09-16,2025-09-15,1,Virtual Account,False
PAY-00438-202510,SME-2024-00438,2025-10,1427721,2025-10-16,2025-10-15,1,Virtual Account,False
PAY-00438-202511,SME-2024-00438,2025-11,1365248,2025-11-17,2025-11-15,2,Bank Transfer,False
PAY-00438-202512,SME-2024-00438,2025-12,4583565,2025-12-15,2025-12-15,0,Bank Transfer,False
PAY-00438-202601,SME-2024-00438,2026-01,4570023,2026-01-15,2026-01-15,0,Virtual Account,False
PAY-00438-202602,SME-2024-00438,2026-02,4563360,2026-02-16,2026-02-15,1,Bank Transfer,False
PAY-00438-202603,SME-2024-00438,2026-03,4418848,2026-03-17,2026-03-15,2,Auto-debit,False
PAY-00438-202604,SME-2024-00438,2026-04,4548916,2026-04-16,2026-04-15,1,Bank Transfer,False
PAY-00438-202605,SME-2024-00438,2026-05,4412966,2026-05-17,2026-05-15,2,Cash,False
PAY-00438-202606,SME-2024-00438,2026-06,4495843,2026-06-15,2026-06-15,0,Bank Transfer,False
PAY-00440-202507,SME-2024-00440,2025-07,3422211,2025-07-16,2025-07-15,1,Bank Transfer,False
PAY-00440-202508,SME-2024-00440,2025-08,3356730,2025-08-16,2025-08-15,1,Auto-debit,False
PAY-00440-202509,SME-2024-00440,2025-09,3475761,2025-09-15,2025-09-15,0,Virtual Account,False
PAY-00440-202510,SME-2024-00440,2025-10,3507746,2025-10-15,2025-10-15,0,Cash,False
PAY-00440-202511,SME-2024-00440,2025-11,3459650,2025-11-16,2025-11-15,1,Virtual Account,False
PAY-00440-202512,SME-2024-00440,2025-12,3376933,2025-12-17,2025-12-15,2,Bank Transfer,False
PAY-00440-202601,SME-2024-00440,2026-01,3441230,2026-01-17,2026-01-15,2,Virtual Account,False
PAY-00440-202602,SME-2024-00440,2026-02,3516272,2026-02-16,2026-02-15,1,Bank Transfer,False
PAY-00440-202603,SME-2024-00440,2026-03,3353763,2026-03-17,2026-03-15,2,Virtual Account,False
PAY-00440-202604,SME-2024-00440,2026-04,3435563,2026-04-16,2026-04-15,1,Auto-debit,False
PAY-00440-202605,SME-2024-00440,2026-05,3488426,2026-05-15,2026-05-15,0,Virtual Account,False
PAY-00440-202606,SME-2024-00440,2026-06,3344048,2026-06-16,2026-06-15,1,Virtual Account,False
PAY-00441-202604,SME-2024-00441,2026-04,4266217,2026-04-17,2026-04-15,2,Auto-debit,False
PAY-00441-202605,SME-2024-00441,2026-05,4174896,2026-05-15,2026-05-15,0,Cash,False
PAY-00441-202606,SME-2024-00441,2026-06,4088979,2026-06-16,2026-06-15,1,Bank Transfer,False
PAY-00442-202507,SME-2024-00442,2025-07,4999043,2025-07-15,2025-07-15,0,Auto-debit,False
PAY-00442-202508,SME-2024-00442,2025-08,5004245,2025-08-15,2025-08-15,0,Bank Transfer,False
PAY-00442-202509,SME-2024-00442,2025-09,5072862,2025-09-15,2025-09-15,0,Cash,False
PAY-00442-202510,SME-2024-00442,2025-10,873157,2025-10-15,2025-10-15,0,Auto-debit,False
PAY-00442-202511,SME-2024-00442,2025-11,884196,2025-11-16,2025-11-15,1,Auto-debit,False
PAY-00442-202512,SME-2024-00442,2025-12,857443,2025-12-15,2025-12-15,0,Auto-debit,False
PAY-00442-202601,SME-2024-00442,2026-01,899419,2026-01-16,2026-01-15,1,Auto-debit,False
PAY-00442-202602,SME-2024-00442,2026-02,905432,2026-02-15,2026-02-15,0,Bank Transfer,False
PAY-00442-202603,SME-2024-00442,2026-03,888265,2026-03-15,2026-03-15,0,Virtual Account,False
PAY-00442-202604,SME-2024-00442,2026-04,886855,2026-04-15,2026-04-15,0,Auto-debit,False
PAY-00442-202605,SME-2024-00442,2026-05,889027,2026-05-15,2026-05-15,0,Virtual Account,False
PAY-00442-202606,SME-2024-00442,2026-06,877498,2026-06-15,2026-06-15,0,Bank Transfer,False
PAY-00443-202507,SME-2024-00443,2025-07,1292305,2025-07-17,2025-07-15,2,Virtual Account,False
PAY-00443-202508,SME-2024-00443,2025-08,1341057,2025-08-15,2025-08-15,0,Virtual Account,False
PAY-00443-202509,SME-2024-00443,2025-09,1342522,2025-09-17,2025-09-15,2,Cash,False
PAY-00443-202510,SME-2024-00443,2025-10,1333421,2025-10-15,2025-10-15,0,Auto-debit,False
PAY-00443-202511,SME-2024-00443,2025-11,1293716,2025-11-16,2025-11-15,1,Bank Transfer,False
PAY-00443-202512,SME-2024-00443,2025-12,1296745,2025-12-18,2025-12-15,3,Auto-debit,False
PAY-00443-202601,SME-2024-00443,2026-01,1334441,2026-01-15,2026-01-15,0,Bank Transfer,False
PAY-00443-202602,SME-2024-00443,2026-02,1312444,2026-02-16,2026-02-15,1,Virtual Account,False
PAY-00443-202603,SME-2024-00443,2026-03,1286998,2026-03-15,2026-03-15,0,Bank Transfer,False
PAY-00443-202604,SME-2024-00443,2026-04,1284530,2026-04-15,2026-04-15,0,Cash,False
PAY-00443-202605,SME-2024-00443,2026-05,1321306,2026-05-16,2026-05-15,1,Bank Transfer,False
PAY-00443-202606,SME-2024-00443,2026-06,1333768,2026-06-16,2026-06-15,1,Cash,False
PAY-00444-202507,SME-2024-00444,2025-07,7002316,2025-07-15,2025-07-15,0,Virtual Account,False
PAY-00444-202508,SME-2024-00444,2025-08,7176139,2025-08-16,2025-08-15,1,Virtual Account,False
PAY-00444-202509,SME-2024-00444,2025-09,6816406,2025-09-15,2025-09-15,0,Virtual Account,False
PAY-00444-202510,SME-2024-00444,2025-10,7064073,2025-10-16,2025-10-15,1,Virtual Account,False
PAY-00444-202511,SME-2024-00444,2025-11,6841638,2025-11-15,2025-11-15,0,Virtual Account,False
PAY-00444-202512,SME-2024-00444,2025-12,7065327,2025-12-15,2025-12-15,0,Bank Transfer,False
PAY-00444-202601,SME-2024-00444,2026-01,7056616,2026-01-15,2026-01-15,0,Bank Transfer,False
PAY-00444-202602,SME-2024-00444,2026-02,6970380,2026-02-16,2026-02-15,1,Bank Transfer,False
PAY-00444-202603,SME-2024-00444,2026-03,6981560,2026-03-16,2026-03-15,1,Virtual Account,False
PAY-00444-202604,SME-2024-00444,2026-04,7177990,2026-04-16,2026-04-15,1,Bank Transfer,False
PAY-00444-202605,SME-2024-00444,2026-05,6938861,2026-05-18,2026-05-15,3,Auto-debit,False
PAY-00444-202606,SME-2024-00444,2026-06,6841038,2026-06-15,2026-06-15,0,Virtual Account,False
PAY-00445-202507,SME-2024-00445,2025-07,4494549,2025-07-15,2025-07-15,0,Bank Transfer,False
PAY-00445-202508,SME-2024-00445,2025-08,4428291,2025-08-15,2025-08-15,0,Bank Transfer,False
PAY-00445-202509,SME-2024-00445,2025-09,4355272,2025-09-17,2025-09-15,2,Bank Transfer,False
PAY-00445-202510,SME-2024-00445,2025-10,4437722,2025-10-16,2025-10-15,1,Cash,True
PAY-00445-202511,SME-2024-00445,2025-11,4309348,2025-11-16,2025-11-15,1,Bank Transfer,False
PAY-00445-202512,SME-2024-00445,2025-12,4254183,2025-12-17,2025-12-15,2,Virtual Account,False
PAY-00445-202601,SME-2024-00445,2026-01,4437487,2026-01-15,2026-01-15,0,Auto-debit,False
PAY-00445-202602,SME-2024-00445,2026-02,4405428,2026-02-16,2026-02-15,1,Virtual Account,False
PAY-00445-202603,SME-2024-00445,2026-03,4281976,2026-03-16,2026-03-15,1,Virtual Account,False
PAY-00445-202604,SME-2024-00445,2026-04,4340747,2026-04-15,2026-04-15,0,Virtual Account,False
PAY-00445-202605,SME-2024-00445,2026-05,4455529,2026-05-15,2026-05-15,0,Virtual Account,False
PAY-00445-202606,SME-2024-00445,2026-06,4284978,2026-06-16,2026-06-15,1,Auto-debit,False
PAY-00446-202507,SME-2024-00446,2025-07,755021,2025-07-15,2025-07-15,0,Cash,False
PAY-00446-202508,SME-2024-00446,2025-08,775796,2025-08-15,2025-08-15,0,Bank Transfer,False
PAY-00446-202509,SME-2024-00446,2025-09,748121,2025-09-17,2025-09-15,2,Auto-debit,False
PAY-00446-202510,SME-2024-00446,2025-10,745282,2025-10-15,2025-10-15,0,Virtual Account,False
PAY-00446-202511,SME-2024-00446,2025-11,731564,2025-11-16,2025-11-15,1,Bank Transfer,False
PAY-00446-202512,SME-2024-00446,2025-12,766109,2025-12-16,2025-12-15,1,Auto-debit,True
PAY-00446-202601,SME-2024-00446,2026-01,762212,2026-01-16,2026-01-15,1,Virtual Account,False
PAY-00446-202602,SME-2024-00446,2026-02,776328,2026-02-16,2026-02-15,1,Bank Transfer,False
PAY-00446-202603,SME-2024-00446,2026-03,753161,2026-03-17,2026-03-15,2,Virtual Account,False
PAY-00446-202604,SME-2024-00446,2026-04,737442,2026-04-16,2026-04-15,1,Bank Transfer,False
PAY-00446-202605,SME-2024-00446,2026-05,740098,2026-05-15,2026-05-15,0,Bank Transfer,False
PAY-00446-202606,SME-2024-00446,2026-06,759758,2026-06-15,2026-06-15,0,Bank Transfer,False
PAY-00447-202507,SME-2024-00447,2025-07,7567343,2025-07-16,2025-07-15,1,Virtual Account,False
PAY-00447-202508,SME-2024-00447,2025-08,7637352,2025-08-15,2025-08-15,0,Bank Transfer,False
PAY-00447-202509,SME-2024-00447,2025-09,7910170,2025-09-17,2025-09-15,2,Bank Transfer,False
PAY-00447-202510,SME-2024-00447,2025-10,7926864,2025-10-16,2025-10-15,1,Auto-debit,False
PAY-00447-202511,SME-2024-00447,2025-11,7536403,2025-11-18,2025-11-15,3,Virtual Account,False
PAY-00447-202512,SME-2024-00447,2025-12,7909663,2025-12-16,2025-12-15,1,Bank Transfer,False
PAY-00447-202601,SME-2024-00447,2026-01,7811312,2026-01-15,2026-01-15,0,Virtual Account,False
PAY-00447-202602,SME-2024-00447,2026-02,7513201,2026-02-15,2026-02-15,0,Auto-debit,False
PAY-00447-202603,SME-2024-00447,2026-03,7491836,2026-03-15,2026-03-15,0,Bank Transfer,False
PAY-00447-202604,SME-2024-00447,2026-04,7713313,2026-04-15,2026-04-15,0,Virtual Account,False
PAY-00447-202605,SME-2024-00447,2026-05,7636554,2026-05-17,2026-05-15,2,Virtual Account,False
PAY-00447-202606,SME-2024-00447,2026-06,7726580,2026-06-16,2026-06-15,1,Virtual Account,False
PAY-00448-202507,SME-2024-00448,2025-07,1927301,2025-07-15,2025-07-15,0,Bank Transfer,False
PAY-00448-202508,SME-2024-00448,2025-08,1863407,2025-08-15,2025-08-15,0,Bank Transfer,False
PAY-00448-202509,SME-2024-00448,2025-09,1913164,2025-09-17,2025-09-15,2,Bank Transfer,False
PAY-00448-202510,SME-2024-00448,2025-10,1896588,2025-10-16,2025-10-15,1,Bank Transfer,False
PAY-00448-202511,SME-2024-00448,2025-11,1879054,2025-11-15,2025-11-15,0,Bank Transfer,False
PAY-00448-202512,SME-2024-00448,2025-12,1898606,2025-12-15,2025-12-15,0,Virtual Account,False
PAY-00448-202601,SME-2024-00448,2026-01,1834046,2026-01-15,2026-01-15,0,Virtual Account,False
PAY-00448-202602,SME-2024-00448,2026-02,1928555,2026-02-16,2026-02-15,1,Bank Transfer,False
PAY-00448-202603,SME-2024-00448,2026-03,1944654,2026-03-16,2026-03-15,1,Auto-debit,False
PAY-00448-202604,SME-2024-00448,2026-04,1848804,2026-04-15,2026-04-15,0,Auto-debit,False
PAY-00448-202605,SME-2024-00448,2026-05,1883931,2026-05-17,2026-05-15,2,Cash,False
PAY-00448-202606,SME-2024-00448,2026-06,1853752,2026-06-15,2026-06-15,0,Bank Transfer,False
PAY-00449-202507,SME-2024-00449,2025-07,3023916,2025-07-15,2025-07-15,0,Bank Transfer,False
PAY-00449-202508,SME-2024-00449,2025-08,2996005,2025-08-16,2025-08-15,1,Bank Transfer,False
PAY-00449-202509,SME-2024-00449,2025-09,3027446,2025-09-16,2025-09-15,1,Virtual Account,False
PAY-00449-202510,SME-2024-00449,2025-10,3070082,2025-10-16,2025-10-15,1,Auto-debit,False
PAY-00449-202511,SME-2024-00449,2025-11,2972861,2025-11-15,2025-11-15,0,Virtual Account,False
PAY-00449-202512,SME-2024-00449,2025-12,2958729,2025-12-16,2025-12-15,1,Auto-debit,False
PAY-00449-202601,SME-2024-00449,2026-01,3025707,2026-01-16,2026-01-15,1,Cash,False
PAY-00449-202602,SME-2024-00449,2026-02,2934242,2026-02-15,2026-02-15,0,Virtual Account,False
PAY-00449-202603,SME-2024-00449,2026-03,11683733,2026-03-16,2026-03-15,1,Virtual Account,False
PAY-00449-202604,SME-2024-00449,2026-04,11830275,2026-04-16,2026-04-15,1,Virtual Account,False
PAY-00449-202605,SME-2024-00449,2026-05,11863527,2026-05-16,2026-05-15,1,Auto-debit,False
PAY-00449-202606,SME-2024-00449,2026-06,12030001,2026-06-17,2026-06-15,2,Bank Transfer,False
PAY-00450-202507,SME-2024-00450,2025-07,10255700,2025-07-15,2025-07-15,0,Bank Transfer,False
PAY-00450-202508,SME-2024-00450,2025-08,10096084,2025-08-16,2025-08-15,1,Virtual Account,False
PAY-00450-202509,SME-2024-00450,2025-09,10206064,2025-09-15,2025-09-15,0,Bank Transfer,False
PAY-00450-202510,SME-2024-00450,2025-10,9780528,2025-10-16,2025-10-15,1,Virtual Account,False
PAY-00450-202511,SME-2024-00450,2025-11,10245896,2025-11-16,2025-11-15,1,Bank Transfer,False
PAY-00450-202512,SME-2024-00450,2025-12,10013131,2025-12-15,2025-12-15,0,Virtual Account,False
PAY-00450-202601,SME-2024-00450,2026-01,10041238,2026-01-15,2026-01-15,0,Bank Transfer,False
PAY-00450-202602,SME-2024-00450,2026-02,9847636,2026-02-16,2026-02-15,1,Auto-debit,False
PAY-00450-202603,SME-2024-00450,2026-03,10269896,2026-03-19,2026-03-15,4,Bank Transfer,False
PAY-00450-202604,SME-2024-00450,2026-04,9820096,2026-04-15,2026-04-15,0,Bank Transfer,False
PAY-00450-202605,SME-2024-00450,2026-05,10313209,2026-05-16,2026-05-15,1,Virtual Account,False
PAY-00450-202606,SME-2024-00450,2026-06,10101040,2026-06-16,2026-06-15,1,Auto-debit,False
PAY-00451-202507,SME-2024-00451,2025-07,2560643,2025-07-15,2025-07-15,0,Bank Transfer,False
PAY-00451-202508,SME-2024-00451,2025-08,2449869,2025-08-16,2025-08-15,1,Auto-debit,False
PAY-00451-202509,SME-2024-00451,2025-09,2479031,2025-09-16,2025-09-15,1,Auto-debit,False
PAY-00451-202510,SME-2024-00451,2025-10,2535145,2025-10-15,2025-10-15,0,Cash,False
PAY-00451-202511,SME-2024-00451,2025-11,2547348,2025-11-15,2025-11-15,0,Virtual Account,False
PAY-00451-202512,SME-2024-00451,2025-12,2477805,2025-12-16,2025-12-15,1,Virtual Account,False
PAY-00451-202601,SME-2024-00451,2026-01,2556627,2026-01-16,2026-01-15,1,Virtual Account,False
PAY-00451-202602,SME-2024-00451,2026-02,2583061,2026-02-15,2026-02-15,0,Cash,True
PAY-00451-202603,SME-2024-00451,2026-03,2520781,2026-03-15,2026-03-15,0,Bank Transfer,False
PAY-00451-202604,SME-2024-00451,2026-04,2545847,2026-04-16,2026-04-15,1,Auto-debit,False
PAY-00451-202605,SME-2024-00451,2026-05,2555870,2026-05-16,2026-05-15,1,Auto-debit,False
PAY-00451-202606,SME-2024-00451,2026-06,2527781,2026-06-16,2026-06-15,1,Virtual Account,False
PAY-00452-202507,SME-2024-00452,2025-07,6049523,2025-07-16,2025-07-15,1,Auto-debit,False
PAY-00452-202508,SME-2024-00452,2025-08,6297741,2025-08-15,2025-08-15,0,Bank Transfer,False
PAY-00452-202509,SME-2024-00452,2025-09,6160070,2025-09-16,2025-09-15,1,Virtual Account,False
PAY-00452-202510,SME-2024-00452,2025-10,6246125,2025-10-15,2025-10-15,0,Cash,False
PAY-00452-202511,SME-2024-00452,2025-11,6149638,2025-11-15,2025-11-15,0,Virtual Account,False
PAY-00452-202512,SME-2024-00452,2025-12,6065450,2025-12-15,2025-12-15,0,Bank Transfer,False
PAY-00452-202601,SME-2024-00452,2026-01,6356866,2026-01-16,2026-01-15,1,Bank Transfer,False
PAY-00452-202602,SME-2024-00452,2026-02,6193922,2026-02-15,2026-02-15,0,Auto-debit,False
PAY-00452-202603,SME-2024-00452,2026-03,6054894,2026-03-16,2026-03-15,1,Auto-debit,False
PAY-00452-202604,SME-2024-00452,2026-04,6100418,2026-04-15,2026-04-15,0,Cash,False
PAY-00452-202605,SME-2024-00452,2026-05,6321085,2026-05-19,2026-05-15,4,Auto-debit,False
PAY-00452-202606,SME-2024-00452,2026-06,6063885,2026-06-17,2026-06-15,2,Auto-debit,False
PAY-00453-202507,SME-2024-00453,2025-07,2630181,2025-07-15,2025-07-15,0,Virtual Account,False
PAY-00453-202508,SME-2024-00453,2025-08,2604582,2025-08-15,2025-08-15,0,Bank Transfer,False
PAY-00453-202509,SME-2024-00453,2025-09,2611752,2025-09-16,2025-09-15,1,Auto-debit,True
PAY-00453-202510,SME-2024-00453,2025-10,2644012,2025-10-15,2025-10-15,0,Auto-debit,False
PAY-00453-202511,SME-2024-00453,2025-11,2642609,2025-11-15,2025-11-15,0,Virtual Account,False
PAY-00453-202512,SME-2024-00453,2025-12,2696392,2025-12-15,2025-12-15,0,Bank Transfer,False
PAY-00453-202601,SME-2024-00453,2026-01,2687198,2026-01-15,2026-01-15,0,Virtual Account,False
PAY-00453-202602,SME-2024-00453,2026-02,2683485,2026-02-17,2026-02-15,2,Cash,False
PAY-00453-202603,SME-2024-00453,2026-03,2637385,2026-03-15,2026-03-15,0,Bank Transfer,False
PAY-00453-202604,SME-2024-00453,2026-04,2724764,2026-04-15,2026-04-15,0,Auto-debit,False
PAY-00453-202605,SME-2024-00453,2026-05,2626610,2026-05-18,2026-05-15,3,Auto-debit,False
PAY-00453-202606,SME-2024-00453,2026-06,2619292,2026-06-17,2026-06-15,2,Virtual Account,False
PAY-00454-202507,SME-2024-00454,2025-07,3533740,2025-07-15,2025-07-15,0,Bank Transfer,False
PAY-00454-202508,SME-2024-00454,2025-08,3542966,2025-08-15,2025-08-15,0,Virtual Account,False
PAY-00454-202509,SME-2024-00454,2025-09,3489238,2025-09-15,2025-09-15,0,Virtual Account,False
PAY-00454-202510,SME-2024-00454,2025-10,3632993,2025-10-16,2025-10-15,1,Auto-debit,False
PAY-00454-202511,SME-2024-00454,2025-11,3537761,2025-11-18,2025-11-15,3,Bank Transfer,True
PAY-00454-202512,SME-2024-00454,2025-12,3493296,2025-12-16,2025-12-15,1,Auto-debit,False
PAY-00454-202601,SME-2024-00454,2026-01,3610889,2026-01-16,2026-01-15,1,Bank Transfer,False
PAY-00454-202602,SME-2024-00454,2026-02,6444214,2026-02-16,2026-02-15,1,Bank Transfer,False
PAY-00454-202603,SME-2024-00454,2026-03,6213113,2026-03-16,2026-03-15,1,Cash,False
PAY-00454-202604,SME-2024-00454,2026-04,6229519,2026-04-16,2026-04-15,1,Auto-debit,False
PAY-00454-202605,SME-2024-00454,2026-05,6146215,2026-05-15,2026-05-15,0,Virtual Account,False
PAY-00454-202606,SME-2024-00454,2026-06,6334335,2026-06-17,2026-06-15,2,Auto-debit,False
PAY-00455-202507,SME-2024-00455,2025-07,519054,2025-07-15,2025-07-15,0,Bank Transfer,False
PAY-00455-202508,SME-2024-00455,2025-08,516753,2025-08-15,2025-08-15,0,Auto-debit,False
PAY-00455-202509,SME-2024-00455,2025-09,517982,2025-09-15,2025-09-15,0,Virtual Account,False
PAY-00455-202510,SME-2024-00455,2025-10,519798,2025-10-16,2025-10-15,1,Auto-debit,False
PAY-00455-202511,SME-2024-00455,2025-11,523634,2025-11-15,2025-11-15,0,Auto-debit,False
PAY-00455-202512,SME-2024-00455,2025-12,508133,2025-12-18,2025-12-15,3,Bank Transfer,False
PAY-00455-202601,SME-2024-00455,2026-01,529714,2026-01-15,2026-01-15,0,Bank Transfer,False
PAY-00455-202602,SME-2024-00455,2026-02,520052,2026-02-15,2026-02-15,0,Virtual Account,False
PAY-00455-202603,SME-2024-00455,2026-03,536533,2026-03-15,2026-03-15,0,Bank Transfer,False
PAY-00455-202604,SME-2024-00455,2026-04,513504,2026-04-15,2026-04-15,0,Cash,False
PAY-00455-202605,SME-2024-00455,2026-05,540922,2026-05-16,2026-05-15,1,Virtual Account,False
PAY-00455-202606,SME-2024-00455,2026-06,522814,2026-06-16,2026-06-15,1,Virtual Account,False
PAY-00456-202507,SME-2024-00456,2025-07,3879127,2025-07-16,2025-07-15,1,Auto-debit,False
PAY-00456-202508,SME-2024-00456,2025-08,3777630,2025-08-15,2025-08-15,0,Virtual Account,False
PAY-00456-202509,SME-2024-00456,2025-09,3763619,2025-09-17,2025-09-15,2,Auto-debit,False
PAY-00456-202510,SME-2024-00456,2025-10,3737124,2025-10-15,2025-10-15,0,Bank Transfer,False
PAY-00456-202511,SME-2024-00456,2025-11,3805592,2025-11-15,2025-11-15,0,Cash,False
PAY-00456-202512,SME-2024-00456,2025-12,3760693,2025-12-16,2025-12-15,1,Bank Transfer,False
PAY-00456-202601,SME-2024-00456,2026-01,3872075,2026-01-15,2026-01-15,0,Auto-debit,False
PAY-00456-202602,SME-2024-00456,2026-02,3738198,2026-02-16,2026-02-15,1,Bank Transfer,False
PAY-00456-202603,SME-2024-00456,2026-03,3837982,2026-03-16,2026-03-15,1,Auto-debit,False
PAY-00456-202604,SME-2024-00456,2026-04,3725106,2026-04-17,2026-04-15,2,Virtual Account,False
PAY-00456-202605,SME-2024-00456,2026-05,3870722,2026-05-17,2026-05-15,2,Virtual Account,False
PAY-00456-202606,SME-2024-00456,2026-06,3724873,2026-06-16,2026-06-15,1,Virtual Account,False
PAY-00457-202507,SME-2024-00457,2025-07,1742982,2025-07-17,2025-07-15,2,Bank Transfer,False
PAY-00457-202508,SME-2024-00457,2025-08,1736463,2025-08-16,2025-08-15,1,Cash,False
PAY-00457-202509,SME-2024-00457,2025-09,1803858,2025-09-16,2025-09-15,1,Virtual Account,False
PAY-00457-202510,SME-2024-00457,2025-10,1757232,2025-10-15,2025-10-15,0,Bank Transfer,False
PAY-00457-202511,SME-2024-00457,2025-11,1743498,2025-11-17,2025-11-15,2,Auto-debit,False
PAY-00457-202512,SME-2024-00457,2025-12,1739193,2025-12-15,2025-12-15,0,Bank Transfer,False
PAY-00457-202601,SME-2024-00457,2026-01,1715535,2026-01-17,2026-01-15,2,Virtual Account,False
PAY-00457-202602,SME-2024-00457,2026-02,1792363,2026-02-16,2026-02-15,1,Virtual Account,False
PAY-00457-202603,SME-2024-00457,2026-03,1794760,2026-03-16,2026-03-15,1,Virtual Account,False
PAY-00457-202604,SME-2024-00457,2026-04,1723972,2026-04-15,2026-04-15,0,Virtual Account,False
PAY-00457-202605,SME-2024-00457,2026-05,1800549,2026-05-16,2026-05-15,1,Virtual Account,False
PAY-00457-202606,SME-2024-00457,2026-06,1777686,2026-06-16,2026-06-15,1,Bank Transfer,False
PAY-00459-202507,SME-2024-00459,2025-07,4371003,2025-07-16,2025-07-15,1,Virtual Account,False
PAY-00459-202508,SME-2024-00459,2025-08,4340452,2025-08-15,2025-08-15,0,Bank Transfer,False
PAY-00459-202509,SME-2024-00459,2025-09,4292346,2025-09-15,2025-09-15,0,Bank Transfer,False
PAY-00459-202510,SME-2024-00459,2025-10,4399439,2025-10-16,2025-10-15,1,Virtual Account,False
PAY-00459-202511,SME-2024-00459,2025-11,4358844,2025-11-15,2025-11-15,0,Virtual Account,False
PAY-00459-202512,SME-2024-00459,2025-12,4311147,2025-12-16,2025-12-15,1,Virtual Account,False
PAY-00459-202601,SME-2024-00459,2026-01,4322377,2026-01-16,2026-01-15,1,Auto-debit,False
PAY-00459-202602,SME-2024-00459,2026-02,4428943,2026-02-15,2026-02-15,0,Auto-debit,False
PAY-00459-202603,SME-2024-00459,2026-03,4361347,2026-03-15,2026-03-15,0,Bank Transfer,False
PAY-00459-202604,SME-2024-00459,2026-04,4226458,2026-04-15,2026-04-15,0,Virtual Account,False
PAY-00459-202605,SME-2024-00459,2026-05,4339556,2026-05-16,2026-05-15,1,Bank Transfer,False
PAY-00459-202606,SME-2024-00459,2026-06,4404632,2026-06-16,2026-06-15,1,Bank Transfer,False
PAY-00460-202511,SME-2024-00460,2025-11,1829261,2025-11-15,2025-11-15,0,Virtual Account,False
PAY-00460-202512,SME-2024-00460,2025-12,1854385,2025-12-15,2025-12-15,0,Auto-debit,False
PAY-00460-202601,SME-2024-00460,2026-01,1836585,2026-01-15,2026-01-15,0,Virtual Account,False
PAY-00460-202602,SME-2024-00460,2026-02,1834993,2026-02-16,2026-02-15,1,Virtual Account,False
PAY-00460-202603,SME-2024-00460,2026-03,1820316,2026-03-16,2026-03-15,1,Virtual Account,False
PAY-00460-202604,SME-2024-00460,2026-04,1906981,2026-04-15,2026-04-15,0,Bank Transfer,False
PAY-00460-202605,SME-2024-00460,2026-05,1890307,2026-05-17,2026-05-15,2,Auto-debit,False
PAY-00460-202606,SME-2024-00460,2026-06,1862747,2026-06-17,2026-06-15,2,Cash,False
PAY-00461-202606,SME-2024-00461,2026-06,2251163,2026-06-15,2026-06-15,0,Virtual Account,False
PAY-00462-202507,SME-2024-00462,2025-07,2276446,2025-07-15,2025-07-15,0,Bank Transfer,False
PAY-00462-202508,SME-2024-00462,2025-08,2337622,2025-08-15,2025-08-15,0,Bank Transfer,False
PAY-00462-202509,SME-2024-00462,2025-09,2331336,2025-09-15,2025-09-15,0,Cash,False
PAY-00462-202510,SME-2024-00462,2025-10,2351851,2025-10-16,2025-10-15,1,Auto-debit,False
PAY-00462-202511,SME-2024-00462,2025-11,2231882,2025-11-17,2025-11-15,2,Virtual Account,False
PAY-00462-202512,SME-2024-00462,2025-12,2256475,2025-12-15,2025-12-15,0,Auto-debit,False
PAY-00462-202601,SME-2024-00462,2026-01,2263776,2026-01-16,2026-01-15,1,Bank Transfer,False
PAY-00462-202602,SME-2024-00462,2026-02,2262135,2026-02-16,2026-02-15,1,Cash,False
PAY-00462-202603,SME-2024-00462,2026-03,2266483,2026-03-16,2026-03-15,1,Virtual Account,False
PAY-00462-202604,SME-2024-00462,2026-04,2314553,2026-04-17,2026-04-15,2,Auto-debit,False
PAY-00462-202605,SME-2024-00462,2026-05,2347990,2026-05-17,2026-05-15,2,Bank Transfer,False
PAY-00462-202606,SME-2024-00462,2026-06,2309038,2026-06-17,2026-06-15,2,Auto-debit,False
PAY-00463-202507,SME-2024-00463,2025-07,1265950,2025-07-15,2025-07-15,0,Virtual Account,False
PAY-00463-202508,SME-2024-00463,2025-08,1243420,2025-08-15,2025-08-15,0,Virtual Account,False
PAY-00463-202509,SME-2024-00463,2025-09,1272615,2025-09-15,2025-09-15,0,Virtual Account,False
PAY-00463-202510,SME-2024-00463,2025-10,1263333,2025-10-16,2025-10-15,1,Auto-debit,False
PAY-00463-202511,SME-2024-00463,2025-11,1283722,2025-11-16,2025-11-15,1,Virtual Account,False
PAY-00463-202512,SME-2024-00463,2025-12,1265874,2025-12-15,2025-12-15,0,Bank Transfer,False
PAY-00463-202601,SME-2024-00463,2026-01,1279764,2026-01-17,2026-01-15,2,Bank Transfer,False
PAY-00463-202602,SME-2024-00463,2026-02,1246339,2026-02-15,2026-02-15,0,Virtual Account,False
PAY-00463-202603,SME-2024-00463,2026-03,1244341,2026-03-16,2026-03-15,1,Auto-debit,False
PAY-00463-202604,SME-2024-00463,2026-04,1264653,2026-04-17,2026-04-15,2,Auto-debit,False
PAY-00463-202605,SME-2024-00463,2026-05,1278096,2026-05-15,2026-05-15,0,Auto-debit,False
PAY-00463-202606,SME-2024-00463,2026-06,1256276,2026-06-16,2026-06-15,1,Cash,False
PAY-00464-202507,SME-2024-00464,2025-07,6540915,2025-07-16,2025-07-15,1,Virtual Account,False
PAY-00464-202508,SME-2024-00464,2025-08,6657034,2025-08-15,2025-08-15,0,Virtual Account,False
PAY-00464-202509,SME-2024-00464,2025-09,6703920,2025-09-15,2025-09-15,0,Bank Transfer,False
PAY-00464-202510,SME-2024-00464,2025-10,6384732,2025-10-16,2025-10-15,1,Auto-debit,False
PAY-00464-202511,SME-2024-00464,2025-11,6659612,2025-11-15,2025-11-15,0,Auto-debit,False
PAY-00464-202512,SME-2024-00464,2025-12,6675640,2025-12-15,2025-12-15,0,Auto-debit,True
PAY-00464-202601,SME-2024-00464,2026-01,6550428,2026-01-16,2026-01-15,1,Bank Transfer,False
PAY-00464-202602,SME-2024-00464,2026-02,6687760,2026-02-16,2026-02-15,1,Virtual Account,True
PAY-00464-202603,SME-2024-00464,2026-03,6471647,2026-03-17,2026-03-15,2,Virtual Account,False
PAY-00464-202604,SME-2024-00464,2026-04,6392083,2026-04-16,2026-04-15,1,Bank Transfer,False
PAY-00464-202605,SME-2024-00464,2026-05,6389307,2026-05-15,2026-05-15,0,Virtual Account,False
PAY-00464-202606,SME-2024-00464,2026-06,6355074,2026-06-17,2026-06-15,2,Virtual Account,False
PAY-00465-202507,SME-2024-00465,2025-07,614638,2025-07-15,2025-07-15,0,Cash,False
PAY-00465-202508,SME-2024-00465,2025-08,620786,2025-08-15,2025-08-15,0,Auto-debit,False
PAY-00465-202509,SME-2024-00465,2025-09,645856,2025-09-15,2025-09-15,0,Bank Transfer,False
PAY-00465-202510,SME-2024-00465,2025-10,620748,2025-10-15,2025-10-15,0,Bank Transfer,False
PAY-00465-202511,SME-2024-00465,2025-11,634882,2025-11-16,2025-11-15,1,Auto-debit,False
PAY-00465-202512,SME-2024-00465,2025-12,617638,2025-12-16,2025-12-15,1,Virtual Account,False
PAY-00465-202601,SME-2024-00465,2026-01,619537,2026-01-16,2026-01-15,1,Bank Transfer,False
PAY-00465-202602,SME-2024-00465,2026-02,618672,2026-02-16,2026-02-15,1,Auto-debit,False
PAY-00465-202603,SME-2024-00465,2026-03,608844,2026-03-15,2026-03-15,0,Virtual Account,False
PAY-00465-202604,SME-2024-00465,2026-04,626012,2026-04-15,2026-04-15,0,Bank Transfer,False
PAY-00465-202605,SME-2024-00465,2026-05,629681,2026-05-17,2026-05-15,2,Bank Transfer,False
PAY-00465-202606,SME-2024-00465,2026-06,635741,2026-06-17,2026-06-15,2,Bank Transfer,False
PAY-00466-202507,SME-2024-00466,2025-07,3527056,2025-07-16,2025-07-15,1,Virtual Account,False
PAY-00466-202508,SME-2024-00466,2025-08,3694396,2025-08-15,2025-08-15,0,Bank Transfer,False
PAY-00466-202509,SME-2024-00466,2025-09,3625344,2025-09-15,2025-09-15,0,Virtual Account,False
PAY-00466-202510,SME-2024-00466,2025-10,3696502,2025-10-16,2025-10-15,1,Auto-debit,False
PAY-00466-202511,SME-2024-00466,2025-11,3679354,2025-11-17,2025-11-15,2,Cash,False
PAY-00466-202512,SME-2024-00466,2025-12,3583595,2025-12-15,2025-12-15,0,Virtual Account,False
PAY-00466-202601,SME-2024-00466,2026-01,3595888,2026-01-16,2026-01-15,1,Virtual Account,False
PAY-00466-202602,SME-2024-00466,2026-02,3532809,2026-02-15,2026-02-15,0,Virtual Account,False
PAY-00466-202603,SME-2024-00466,2026-03,3596745,2026-03-17,2026-03-15,2,Bank Transfer,False
PAY-00466-202604,SME-2024-00466,2026-04,3597137,2026-04-15,2026-04-15,0,Cash,False
PAY-00466-202605,SME-2024-00466,2026-05,3604935,2026-05-18,2026-05-15,3,Cash,False
PAY-00466-202606,SME-2024-00466,2026-06,3678754,2026-06-16,2026-06-15,1,Bank Transfer,False
PAY-00467-202507,SME-2024-00467,2025-07,1795366,2025-07-16,2025-07-15,1,Auto-debit,False
PAY-00467-202508,SME-2024-00467,2025-08,1734025,2025-08-16,2025-08-15,1,Bank Transfer,False
PAY-00467-202509,SME-2024-00467,2025-09,1797788,2025-09-15,2025-09-15,0,Auto-debit,False
PAY-00467-202510,SME-2024-00467,2025-10,1715214,2025-10-15,2025-10-15,0,Auto-debit,False
PAY-00467-202511,SME-2024-00467,2025-11,1718242,2025-11-15,2025-11-15,0,Bank Transfer,False
PAY-00467-202512,SME-2024-00467,2025-12,1734512,2025-12-16,2025-12-15,1,Virtual Account,False
PAY-00467-202601,SME-2024-00467,2026-01,1800478,2026-01-17,2026-01-15,2,Auto-debit,False
PAY-00467-202602,SME-2024-00467,2026-02,1754456,2026-02-16,2026-02-15,1,Virtual Account,False
PAY-00467-202603,SME-2024-00467,2026-03,1716090,2026-03-17,2026-03-15,2,Auto-debit,False
PAY-00467-202604,SME-2024-00467,2026-04,1787250,2026-04-15,2026-04-15,0,Bank Transfer,False
PAY-00467-202605,SME-2024-00467,2026-05,1736306,2026-05-15,2026-05-15,0,Bank Transfer,False
PAY-00467-202606,SME-2024-00467,2026-06,1780997,2026-06-16,2026-06-15,1,Virtual Account,False
PAY-00468-202507,SME-2024-00468,2025-07,5857994,2025-07-16,2025-07-15,1,Bank Transfer,False
PAY-00468-202508,SME-2024-00468,2025-08,5925785,2025-08-15,2025-08-15,0,Virtual Account,False
PAY-00468-202509,SME-2024-00468,2025-09,6037346,2025-09-17,2025-09-15,2,Bank Transfer,False
PAY-00468-202510,SME-2024-00468,2025-10,6027919,2025-10-16,2025-10-15,1,Cash,False
PAY-00468-202511,SME-2024-00468,2025-11,5723336,2025-11-15,2025-11-15,0,Virtual Account,False
PAY-00468-202512,SME-2024-00468,2025-12,5887947,2025-12-15,2025-12-15,0,Virtual Account,False
PAY-00468-202601,SME-2024-00468,2026-01,5782003,2026-01-15,2026-01-15,0,Bank Transfer,True
PAY-00468-202602,SME-2024-00468,2026-02,5827052,2026-02-18,2026-02-15,3,Virtual Account,False
PAY-00468-202603,SME-2024-00468,2026-03,5717984,2026-03-15,2026-03-15,0,Bank Transfer,False
PAY-00468-202604,SME-2024-00468,2026-04,6041172,2026-04-16,2026-04-15,1,Bank Transfer,False
PAY-00468-202605,SME-2024-00468,2026-05,5903541,2026-05-17,2026-05-15,2,Auto-debit,False
PAY-00468-202606,SME-2024-00468,2026-06,5842515,2026-06-16,2026-06-15,1,Virtual Account,False
PAY-00469-202507,SME-2024-00469,2025-07,7798026,2025-07-17,2025-07-15,2,Cash,False
PAY-00469-202508,SME-2024-00469,2025-08,8220319,2025-08-16,2025-08-15,1,Cash,False
PAY-00469-202509,SME-2024-00469,2025-09,7821791,2025-09-15,2025-09-15,0,Auto-debit,False
PAY-00469-202510,SME-2024-00469,2025-10,8186910,2025-10-17,2025-10-15,2,Auto-debit,False
PAY-00469-202511,SME-2024-00469,2025-11,8135805,2025-11-17,2025-11-15,2,Auto-debit,False
PAY-00469-202512,SME-2024-00469,2025-12,7890674,2025-12-15,2025-12-15,0,Bank Transfer,False
PAY-00469-202601,SME-2024-00469,2026-01,8202664,2026-01-16,2026-01-15,1,Virtual Account,False
PAY-00469-202602,SME-2024-00469,2026-02,8085367,2026-02-16,2026-02-15,1,Auto-debit,False
PAY-00469-202603,SME-2024-00469,2026-03,7887499,2026-03-17,2026-03-15,2,Virtual Account,False
PAY-00469-202604,SME-2024-00469,2026-04,8041251,2026-04-16,2026-04-15,1,Virtual Account,False
PAY-00469-202605,SME-2024-00469,2026-05,7931731,2026-05-17,2026-05-15,2,Bank Transfer,False
PAY-00469-202606,SME-2024-00469,2026-06,8209256,2026-06-17,2026-06-15,2,Virtual Account,False
PAY-00470-202511,SME-2024-00470,2025-11,2779516,2025-11-16,2025-11-15,1,Bank Transfer,False
PAY-00470-202512,SME-2024-00470,2025-12,2816936,2025-12-17,2025-12-15,2,Virtual Account,True
PAY-00470-202601,SME-2024-00470,2026-01,2709030,2026-01-16,2026-01-15,1,Auto-debit,False
PAY-00470-202602,SME-2024-00470,2026-02,2837960,2026-02-17,2026-02-15,2,Bank Transfer,False
PAY-00470-202603,SME-2024-00470,2026-03,2715157,2026-03-17,2026-03-15,2,Cash,False
PAY-00470-202604,SME-2024-00470,2026-04,2815543,2026-04-16,2026-04-15,1,Virtual Account,False
PAY-00470-202605,SME-2024-00470,2026-05,2732103,2026-05-15,2026-05-15,0,Virtual Account,False
PAY-00470-202606,SME-2024-00470,2026-06,2831369,2026-06-15,2026-06-15,0,Auto-debit,False
PAY-00471-202603,SME-2024-00471,2026-03,4270249,2026-03-16,2026-03-15,1,Virtual Account,False
PAY-00471-202604,SME-2024-00471,2026-04,4264107,2026-04-17,2026-04-15,2,Bank Transfer,False
PAY-00471-202605,SME-2024-00471,2026-05,4389516,2026-05-15,2026-05-15,0,Virtual Account,False
PAY-00471-202606,SME-2024-00471,2026-06,4252779,2026-06-16,2026-06-15,1,Virtual Account,False
PAY-00472-202507,SME-2024-00472,2025-07,3321497,2025-07-15,2025-07-15,0,Virtual Account,False
PAY-00472-202508,SME-2024-00472,2025-08,3265025,2025-08-16,2025-08-15,1,Auto-debit,False
PAY-00472-202509,SME-2024-00472,2025-09,3267233,2025-09-15,2025-09-15,0,Bank Transfer,False
PAY-00472-202510,SME-2024-00472,2025-10,3229876,2025-10-15,2025-10-15,0,Bank Transfer,False
PAY-00472-202511,SME-2024-00472,2025-11,3260474,2025-11-16,2025-11-15,1,Auto-debit,False
PAY-00472-202512,SME-2024-00472,2025-12,3168000,2025-12-15,2025-12-15,0,Cash,False
PAY-00472-202601,SME-2024-00472,2026-01,3279730,2026-01-15,2026-01-15,0,Virtual Account,False
PAY-00472-202602,SME-2024-00472,2026-02,3280941,2026-02-16,2026-02-15,1,Virtual Account,False
PAY-00472-202603,SME-2024-00472,2026-03,3197895,2026-03-17,2026-03-15,2,Cash,False
PAY-00472-202604,SME-2024-00472,2026-04,3270477,2026-04-15,2026-04-15,0,Virtual Account,False
PAY-00472-202605,SME-2024-00472,2026-05,3222697,2026-05-15,2026-05-15,0,Auto-debit,False
PAY-00472-202606,SME-2024-00472,2026-06,3191316,2026-06-16,2026-06-15,1,Auto-debit,False
PAY-00473-202507,SME-2024-00473,2025-07,1507994,2025-07-17,2025-07-15,2,Virtual Account,False
PAY-00473-202508,SME-2024-00473,2025-08,1485095,2025-08-15,2025-08-15,0,Virtual Account,False
PAY-00473-202509,SME-2024-00473,2025-09,1472364,2025-09-15,2025-09-15,0,Bank Transfer,False
PAY-00473-202510,SME-2024-00473,2025-10,1453596,2025-10-15,2025-10-15,0,Bank Transfer,False
PAY-00473-202511,SME-2024-00473,2025-11,1493683,2025-11-16,2025-11-15,1,Cash,False
PAY-00473-202512,SME-2024-00473,2025-12,1499484,2025-12-16,2025-12-15,1,Bank Transfer,False
PAY-00473-202601,SME-2024-00473,2026-01,1487959,2026-01-15,2026-01-15,0,Virtual Account,False
PAY-00473-202602,SME-2024-00473,2026-02,1499146,2026-02-15,2026-02-15,0,Bank Transfer,False
PAY-00473-202603,SME-2024-00473,2026-03,1536309,2026-03-17,2026-03-15,2,Auto-debit,False
PAY-00473-202604,SME-2024-00473,2026-04,1482585,2026-04-16,2026-04-15,1,Bank Transfer,False
PAY-00473-202605,SME-2024-00473,2026-05,1461673,2026-05-16,2026-05-15,1,Virtual Account,False
PAY-00473-202606,SME-2024-00473,2026-06,1459919,2026-06-15,2026-06-15,0,Virtual Account,False
PAY-00474-202508,SME-2024-00474,2025-08,1907718,2025-08-15,2025-08-15,0,Bank Transfer,False
PAY-00474-202509,SME-2024-00474,2025-09,1988359,2025-09-17,2025-09-15,2,Virtual Account,False
PAY-00474-202510,SME-2024-00474,2025-10,1988238,2025-10-16,2025-10-15,1,Bank Transfer,False
PAY-00474-202511,SME-2024-00474,2025-11,1981070,2025-11-15,2025-11-15,0,Cash,False
PAY-00474-202512,SME-2024-00474,2025-12,2008169,2025-12-16,2025-12-15,1,Auto-debit,False
PAY-00474-202601,SME-2024-00474,2026-01,1939256,2026-01-16,2026-01-15,1,Virtual Account,False
PAY-00474-202602,SME-2024-00474,2026-02,1956388,2026-02-16,2026-02-15,1,Bank Transfer,False
PAY-00474-202603,SME-2024-00474,2026-03,1994870,2026-03-15,2026-03-15,0,Bank Transfer,False
PAY-00474-202604,SME-2024-00474,2026-04,1905491,2026-04-16,2026-04-15,1,Auto-debit,False
PAY-00474-202605,SME-2024-00474,2026-05,2013792,2026-05-15,2026-05-15,0,Bank Transfer,False
PAY-00474-202606,SME-2024-00474,2026-06,1969025,2026-06-15,2026-06-15,0,Auto-debit,False
PAY-00476-202507,SME-2024-00476,2025-07,6758862,2025-07-15,2025-07-15,0,Bank Transfer,False
PAY-00476-202508,SME-2024-00476,2025-08,6528012,2025-08-15,2025-08-15,0,Virtual Account,False
PAY-00476-202509,SME-2024-00476,2025-09,6811213,2025-09-16,2025-09-15,1,Bank Transfer,False
PAY-00476-202510,SME-2024-00476,2025-10,6890186,2025-10-16,2025-10-15,1,Cash,False
PAY-00476-202511,SME-2024-00476,2025-11,6768653,2025-11-16,2025-11-15,1,Bank Transfer,False
PAY-00476-202512,SME-2024-00476,2025-12,6682658,2025-12-16,2025-12-15,1,Bank Transfer,False
PAY-00476-202601,SME-2024-00476,2026-01,6637492,2026-01-16,2026-01-15,1,Virtual Account,False
PAY-00476-202602,SME-2024-00476,2026-02,6819190,2026-02-16,2026-02-15,1,Bank Transfer,False
PAY-00476-202603,SME-2024-00476,2026-03,6855375,2026-03-16,2026-03-15,1,Virtual Account,False
PAY-00476-202604,SME-2024-00476,2026-04,6608923,2026-04-17,2026-04-15,2,Bank Transfer,False
PAY-00476-202605,SME-2024-00476,2026-05,6762693,2026-05-16,2026-05-15,1,Virtual Account,False
PAY-00476-202606,SME-2024-00476,2026-06,6553582,2026-06-16,2026-06-15,1,Bank Transfer,False
PAY-00477-202507,SME-2024-00477,2025-07,5347003,2025-07-16,2025-07-15,1,Bank Transfer,False
PAY-00477-202508,SME-2024-00477,2025-08,5270807,2025-08-16,2025-08-15,1,Bank Transfer,False
PAY-00477-202509,SME-2024-00477,2025-09,5146109,2025-09-15,2025-09-15,0,Auto-debit,False
PAY-00477-202510,SME-2024-00477,2025-10,5131907,2025-10-16,2025-10-15,1,Auto-debit,False
PAY-00477-202511,SME-2024-00477,2025-11,5415687,2025-11-15,2025-11-15,0,Virtual Account,False
PAY-00477-202512,SME-2024-00477,2025-12,5394785,2025-12-16,2025-12-15,1,Cash,False
PAY-00477-202601,SME-2024-00477,2026-01,5327264,2026-01-16,2026-01-15,1,Cash,False
PAY-00477-202602,SME-2024-00477,2026-02,5438638,2026-02-16,2026-02-15,1,Virtual Account,False
PAY-00477-202603,SME-2024-00477,2026-03,5275771,2026-03-16,2026-03-15,1,Virtual Account,False
PAY-00477-202604,SME-2024-00477,2026-04,5125991,2026-04-18,2026-04-15,3,Auto-debit,False
PAY-00477-202605,SME-2024-00477,2026-05,5152322,2026-05-18,2026-05-15,3,Bank Transfer,False
PAY-00477-202606,SME-2024-00477,2026-06,5209821,2026-06-16,2026-06-15,1,Auto-debit,False
PAY-00478-202507,SME-2024-00478,2025-07,1959240,2025-07-15,2025-07-15,0,Virtual Account,True
PAY-00478-202508,SME-2024-00478,2025-08,1967923,2025-08-15,2025-08-15,0,Virtual Account,False
PAY-00478-202509,SME-2024-00478,2025-09,2024562,2025-09-15,2025-09-15,0,Cash,False
PAY-00478-202510,SME-2024-00478,2025-10,1969232,2025-10-16,2025-10-15,1,Auto-debit,False
PAY-00478-202511,SME-2024-00478,2025-11,1958761,2025-11-17,2025-11-15,2,Virtual Account,False
PAY-00478-202512,SME-2024-00478,2025-12,1937267,2025-12-16,2025-12-15,1,Auto-debit,False
PAY-00478-202601,SME-2024-00478,2026-01,1934058,2026-01-15,2026-01-15,0,Bank Transfer,False
PAY-00478-202602,SME-2024-00478,2026-02,1970911,2026-02-18,2026-02-15,3,Auto-debit,False
PAY-00478-202603,SME-2024-00478,2026-03,1930335,2026-03-15,2026-03-15,0,Virtual Account,False
PAY-00478-202604,SME-2024-00478,2026-04,1928406,2026-04-15,2026-04-15,0,Auto-debit,False
PAY-00478-202605,SME-2024-00478,2026-05,1976207,2026-05-16,2026-05-15,1,Bank Transfer,False
PAY-00478-202606,SME-2024-00478,2026-06,2004775,2026-06-15,2026-06-15,0,Bank Transfer,False
PAY-00479-202507,SME-2024-00479,2025-07,1356678,2025-07-15,2025-07-15,0,Virtual Account,False
PAY-00479-202508,SME-2024-00479,2025-08,1360636,2025-08-16,2025-08-15,1,Virtual Account,False
PAY-00479-202509,SME-2024-00479,2025-09,1365567,2025-09-16,2025-09-15,1,Virtual Account,False
PAY-00479-202510,SME-2024-00479,2025-10,1356185,2025-10-15,2025-10-15,0,Virtual Account,False
PAY-00479-202511,SME-2024-00479,2025-11,1368657,2025-11-17,2025-11-15,2,Virtual Account,False
PAY-00479-202512,SME-2024-00479,2025-12,1342944,2025-12-15,2025-12-15,0,Bank Transfer,False
PAY-00479-202601,SME-2024-00479,2026-01,1357796,2026-01-15,2026-01-15,0,Virtual Account,False
PAY-00479-202602,SME-2024-00479,2026-02,1361565,2026-02-17,2026-02-15,2,Virtual Account,False
PAY-00479-202603,SME-2024-00479,2026-03,1344512,2026-03-16,2026-03-15,1,Cash,False
PAY-00479-202604,SME-2024-00479,2026-04,1353184,2026-04-15,2026-04-15,0,Auto-debit,False
PAY-00479-202605,SME-2024-00479,2026-05,1378828,2026-05-16,2026-05-15,1,Bank Transfer,False
PAY-00479-202606,SME-2024-00479,2026-06,1341648,2026-06-17,2026-06-15,2,Virtual Account,False
PAY-00480-202602,SME-2024-00480,2026-02,2367898,2026-02-17,2026-02-15,2,Cash,False
PAY-00480-202603,SME-2024-00480,2026-03,2428865,2026-03-15,2026-03-15,0,Auto-debit,False
PAY-00480-202604,SME-2024-00480,2026-04,2405576,2026-04-15,2026-04-15,0,Bank Transfer,False
PAY-00480-202605,SME-2024-00480,2026-05,2399253,2026-05-16,2026-05-15,1,Auto-debit,False
PAY-00480-202606,SME-2024-00480,2026-06,2412983,2026-06-17,2026-06-15,2,Auto-debit,False
PAY-00481-202508,SME-2024-00481,2025-08,1608566,2025-08-15,2025-08-15,0,Bank Transfer,False
PAY-00481-202509,SME-2024-00481,2025-09,1558212,2025-09-16,2025-09-15,1,Auto-debit,False
PAY-00481-202510,SME-2024-00481,2025-10,1575834,2025-10-18,2025-10-15,3,Bank Transfer,False
PAY-00481-202511,SME-2024-00481,2025-11,1569835,2025-11-15,2025-11-15,0,Virtual Account,False
PAY-00481-202512,SME-2024-00481,2025-12,1568479,2025-12-15,2025-12-15,0,Virtual Account,False
PAY-00481-202601,SME-2024-00481,2026-01,1574998,2026-01-15,2026-01-15,0,Bank Transfer,True
PAY-00481-202602,SME-2024-00481,2026-02,1628404,2026-02-15,2026-02-15,0,Virtual Account,False
PAY-00481-202603,SME-2024-00481,2026-03,1607118,2026-03-15,2026-03-15,0,Bank Transfer,False
PAY-00481-202604,SME-2024-00481,2026-04,1552157,2026-04-16,2026-04-15,1,Virtual Account,False
PAY-00481-202605,SME-2024-00481,2026-05,1579575,2026-05-17,2026-05-15,2,Virtual Account,False
PAY-00481-202606,SME-2024-00481,2026-06,1567921,2026-06-16,2026-06-15,1,Bank Transfer,False
PAY-00482-202507,SME-2024-00482,2025-07,551612,2025-07-16,2025-07-15,1,Auto-debit,False
PAY-00482-202508,SME-2024-00482,2025-08,556600,2025-08-16,2025-08-15,1,Bank Transfer,False
PAY-00482-202509,SME-2024-00482,2025-09,555876,2025-09-15,2025-09-15,0,Virtual Account,False
PAY-00482-202510,SME-2024-00482,2025-10,570916,2025-10-15,2025-10-15,0,Bank Transfer,False
PAY-00482-202511,SME-2024-00482,2025-11,546311,2025-11-18,2025-11-15,3,Cash,False
PAY-00482-202512,SME-2024-00482,2025-12,577998,2025-12-15,2025-12-15,0,Virtual Account,False
PAY-00482-202601,SME-2024-00482,2026-01,567245,2026-01-15,2026-01-15,0,Auto-debit,False
PAY-00482-202602,SME-2024-00482,2026-02,546273,2026-02-15,2026-02-15,0,Bank Transfer,False
PAY-00482-202603,SME-2024-00482,2026-03,556324,2026-03-15,2026-03-15,0,Cash,False
PAY-00482-202604,SME-2024-00482,2026-04,577548,2026-04-18,2026-04-15,3,Auto-debit,False
PAY-00482-202605,SME-2024-00482,2026-05,553748,2026-05-16,2026-05-15,1,Bank Transfer,False
PAY-00482-202606,SME-2024-00482,2026-06,567620,2026-06-17,2026-06-15,2,Bank Transfer,False
PAY-00483-202507,SME-2024-00483,2025-07,1925586,2025-07-15,2025-07-15,0,Virtual Account,True
PAY-00483-202508,SME-2024-00483,2025-08,1897529,2025-08-17,2025-08-15,2,Virtual Account,False
PAY-00483-202509,SME-2024-00483,2025-09,1911636,2025-09-15,2025-09-15,0,Virtual Account,False
PAY-00483-202510,SME-2024-00483,2025-10,1922697,2025-10-15,2025-10-15,0,Bank Transfer,False
PAY-00483-202511,SME-2024-00483,2025-11,1923701,2025-11-19,2025-11-15,4,Auto-debit,False
PAY-00483-202512,SME-2024-00483,2025-12,1922546,2025-12-15,2025-12-15,0,Auto-debit,False
PAY-00483-202601,SME-2024-00483,2026-01,1955742,2026-01-15,2026-01-15,0,Cash,False
PAY-00483-202602,SME-2024-00483,2026-02,1903175,2026-02-17,2026-02-15,2,Virtual Account,False
PAY-00483-202603,SME-2024-00483,2026-03,1929797,2026-03-15,2026-03-15,0,Virtual Account,False
PAY-00483-202604,SME-2024-00483,2026-04,1862923,2026-04-18,2026-04-15,3,Virtual Account,False
PAY-00483-202605,SME-2024-00483,2026-05,1852250,2026-05-16,2026-05-15,1,Virtual Account,False
PAY-00483-202606,SME-2024-00483,2026-06,1961926,2026-06-17,2026-06-15,2,Virtual Account,False
PAY-00484-202507,SME-2024-00484,2025-07,2153458,2025-07-16,2025-07-15,1,Auto-debit,False
PAY-00484-202508,SME-2024-00484,2025-08,3305782,2025-08-15,2025-08-15,0,Bank Transfer,False
PAY-00484-202509,SME-2024-00484,2025-09,3351001,2025-09-17,2025-09-15,2,Virtual Account,False
PAY-00484-202510,SME-2024-00484,2025-10,3275986,2025-10-16,2025-10-15,1,Bank Transfer,False
PAY-00484-202511,SME-2024-00484,2025-11,3367710,2025-11-15,2025-11-15,0,Virtual Account,False
PAY-00484-202512,SME-2024-00484,2025-12,3343997,2025-12-15,2025-12-15,0,Virtual Account,False
PAY-00484-202601,SME-2024-00484,2026-01,3369577,2026-01-17,2026-01-15,2,Virtual Account,False
PAY-00484-202602,SME-2024-00484,2026-02,3327760,2026-02-15,2026-02-15,0,Cash,False
PAY-00484-202603,SME-2024-00484,2026-03,3275947,2026-03-16,2026-03-15,1,Auto-debit,False
PAY-00484-202604,SME-2024-00484,2026-04,3240034,2026-04-15,2026-04-15,0,Virtual Account,False
PAY-00484-202605,SME-2024-00484,2026-05,3222248,2026-05-15,2026-05-15,0,Auto-debit,False
PAY-00484-202606,SME-2024-00484,2026-06,2196171,2026-06-16,2026-06-15,1,Bank Transfer,False
PAY-00485-202507,SME-2024-00485,2025-07,10845367,2025-07-16,2025-07-15,1,Bank Transfer,False
PAY-00485-202508,SME-2024-00485,2025-08,10455870,2025-08-16,2025-08-15,1,Auto-debit,False
PAY-00485-202509,SME-2024-00485,2025-09,10604166,2025-09-15,2025-09-15,0,Cash,True
PAY-00485-202510,SME-2024-00485,2025-10,10460564,2025-10-15,2025-10-15,0,Virtual Account,False
PAY-00485-202511,SME-2024-00485,2025-11,10326426,2025-11-16,2025-11-15,1,Bank Transfer,False
PAY-00485-202512,SME-2024-00485,2025-12,10759536,2025-12-15,2025-12-15,0,Auto-debit,False
PAY-00485-202601,SME-2024-00485,2026-01,10908227,2026-01-17,2026-01-15,2,Bank Transfer,False
PAY-00485-202602,SME-2024-00485,2026-02,10496996,2026-02-17,2026-02-15,2,Auto-debit,False
PAY-00485-202603,SME-2024-00485,2026-03,10819887,2026-03-16,2026-03-15,1,Virtual Account,False
PAY-00485-202604,SME-2024-00485,2026-04,10339406,2026-04-17,2026-04-15,2,Cash,False
PAY-00485-202605,SME-2024-00485,2026-05,10756280,2026-05-15,2026-05-15,0,Virtual Account,False
PAY-00485-202606,SME-2024-00485,2026-06,10886205,2026-06-16,2026-06-15,1,Auto-debit,False
PAY-00486-202507,SME-2024-00486,2025-07,6277780,2025-07-15,2025-07-15,0,Virtual Account,False
PAY-00486-202508,SME-2024-00486,2025-08,5984698,2025-08-15,2025-08-15,0,Bank Transfer,False
PAY-00486-202509,SME-2024-00486,2025-09,6268251,2025-09-15,2025-09-15,0,Bank Transfer,False
PAY-00486-202510,SME-2024-00486,2025-10,6070592,2025-10-15,2025-10-15,0,Auto-debit,False
PAY-00486-202511,SME-2024-00486,2025-11,6050692,2025-11-16,2025-11-15,1,Virtual Account,False
PAY-00486-202512,SME-2024-00486,2025-12,6029203,2025-12-16,2025-12-15,1,Bank Transfer,False
PAY-00486-202601,SME-2024-00486,2026-01,5950914,2026-01-16,2026-01-15,1,Virtual Account,False
PAY-00486-202602,SME-2024-00486,2026-02,6033946,2026-02-16,2026-02-15,1,Bank Transfer,False
PAY-00486-202603,SME-2024-00486,2026-03,5965525,2026-03-16,2026-03-15,1,Virtual Account,False
PAY-00486-202604,SME-2024-00486,2026-04,5990029,2026-04-17,2026-04-15,2,Bank Transfer,False
PAY-00486-202605,SME-2024-00486,2026-05,6201566,2026-05-15,2026-05-15,0,Cash,False
PAY-00486-202606,SME-2024-00486,2026-06,6096318,2026-06-18,2026-06-15,3,Virtual Account,False
PAY-00488-202507,SME-2024-00488,2025-07,737182,2025-07-16,2025-07-15,1,Bank Transfer,False
PAY-00488-202508,SME-2024-00488,2025-08,707174,2025-08-16,2025-08-15,1,Virtual Account,False
PAY-00488-202509,SME-2024-00488,2025-09,746305,2025-09-16,2025-09-15,1,Virtual Account,False
PAY-00488-202510,SME-2024-00488,2025-10,719450,2025-10-15,2025-10-15,0,Virtual Account,False
PAY-00488-202511,SME-2024-00488,2025-11,721355,2025-11-17,2025-11-15,2,Bank Transfer,False
PAY-00488-202512,SME-2024-00488,2025-12,747851,2025-12-16,2025-12-15,1,Auto-debit,False
PAY-00488-202601,SME-2024-00488,2026-01,718702,2026-01-15,2026-01-15,0,Bank Transfer,False
PAY-00488-202602,SME-2024-00488,2026-02,709841,2026-02-17,2026-02-15,2,Auto-debit,False
PAY-00488-202603,SME-2024-00488,2026-03,719661,2026-03-15,2026-03-15,0,Cash,False
PAY-00488-202604,SME-2024-00488,2026-04,749101,2026-04-16,2026-04-15,1,Auto-debit,False
PAY-00488-202605,SME-2024-00488,2026-05,736446,2026-05-18,2026-05-15,3,Auto-debit,False
PAY-00488-202606,SME-2024-00488,2026-06,744066,2026-06-17,2026-06-15,2,Bank Transfer,False
PAY-00489-202507,SME-2024-00489,2025-07,3043941,2025-07-16,2025-07-15,1,Cash,False
PAY-00489-202508,SME-2024-00489,2025-08,3017298,2025-08-16,2025-08-15,1,Virtual Account,False
PAY-00489-202509,SME-2024-00489,2025-09,3036249,2025-09-16,2025-09-15,1,Bank Transfer,False
PAY-00489-202510,SME-2024-00489,2025-10,3037885,2025-10-15,2025-10-15,0,Virtual Account,False
PAY-00489-202511,SME-2024-00489,2025-11,3131466,2025-11-16,2025-11-15,1,Bank Transfer,False
PAY-00489-202512,SME-2024-00489,2025-12,3079854,2025-12-16,2025-12-15,1,Cash,False
PAY-00489-202601,SME-2024-00489,2026-01,5219613,2026-01-17,2026-01-15,2,Auto-debit,False
PAY-00489-202602,SME-2024-00489,2026-02,5304640,2026-02-15,2026-02-15,0,Bank Transfer,False
PAY-00489-202603,SME-2024-00489,2026-03,5169471,2026-03-15,2026-03-15,0,Bank Transfer,False
PAY-00489-202604,SME-2024-00489,2026-04,5319314,2026-04-15,2026-04-15,0,Bank Transfer,False
PAY-00489-202605,SME-2024-00489,2026-05,5457784,2026-05-16,2026-05-15,1,Auto-debit,False
PAY-00489-202606,SME-2024-00489,2026-06,5177879,2026-06-17,2026-06-15,2,Virtual Account,False
PAY-00490-202507,SME-2024-00490,2025-07,1914414,2025-07-15,2025-07-15,0,Virtual Account,False
PAY-00490-202508,SME-2024-00490,2025-08,1909596,2025-08-17,2025-08-15,2,Virtual Account,False
PAY-00490-202509,SME-2024-00490,2025-09,1962630,2025-09-16,2025-09-15,1,Auto-debit,False
PAY-00490-202510,SME-2024-00490,2025-10,1953916,2025-10-15,2025-10-15,0,Bank Transfer,False
PAY-00490-202511,SME-2024-00490,2025-11,1905231,2025-11-17,2025-11-15,2,Virtual Account,False
PAY-00490-202512,SME-2024-00490,2025-12,1968488,2025-12-16,2025-12-15,1,Bank Transfer,False
PAY-00490-202601,SME-2024-00490,2026-01,1969187,2026-01-16,2026-01-15,1,Virtual Account,False
PAY-00490-202602,SME-2024-00490,2026-02,1887985,2026-02-17,2026-02-15,2,Virtual Account,False
PAY-00490-202603,SME-2024-00490,2026-03,1980509,2026-03-16,2026-03-15,1,Virtual Account,False
PAY-00490-202604,SME-2024-00490,2026-04,1944155,2026-04-16,2026-04-15,1,Bank Transfer,False
PAY-00490-202605,SME-2024-00490,2026-05,1973431,2026-05-15,2026-05-15,0,Virtual Account,False
PAY-00490-202606,SME-2024-00490,2026-06,1937592,2026-06-18,2026-06-15,3,Auto-debit,False
PAY-00491-202509,SME-2024-00491,2025-09,1814463,2025-09-16,2025-09-15,1,Bank Transfer,False
PAY-00491-202510,SME-2024-00491,2025-10,1723047,2025-10-15,2025-10-15,0,Virtual Account,False
PAY-00491-202511,SME-2024-00491,2025-11,1731225,2025-11-15,2025-11-15,0,Bank Transfer,False
PAY-00491-202512,SME-2024-00491,2025-12,1742322,2025-12-15,2025-12-15,0,Auto-debit,False
PAY-00491-202601,SME-2024-00491,2026-01,1740355,2026-01-15,2026-01-15,0,Auto-debit,False
PAY-00491-202602,SME-2024-00491,2026-02,9068579,2026-02-15,2026-02-15,0,Virtual Account,False
PAY-00491-202603,SME-2024-00491,2026-03,9062736,2026-03-16,2026-03-15,1,Bank Transfer,False
PAY-00491-202604,SME-2024-00491,2026-04,8850037,2026-04-15,2026-04-15,0,Bank Transfer,False
PAY-00491-202605,SME-2024-00491,2026-05,8947704,2026-05-15,2026-05-15,0,Bank Transfer,False
PAY-00491-202606,SME-2024-00491,2026-06,8834003,2026-06-16,2026-06-15,1,Virtual Account,False
PAY-00492-202507,SME-2024-00492,2025-07,6576256,2025-07-15,2025-07-15,0,Virtual Account,False
PAY-00492-202508,SME-2024-00492,2025-08,6519665,2025-08-15,2025-08-15,0,Bank Transfer,False
PAY-00492-202509,SME-2024-00492,2025-09,6563659,2025-09-15,2025-09-15,0,Bank Transfer,False
PAY-00492-202510,SME-2024-00492,2025-10,6418386,2025-10-17,2025-10-15,2,Virtual Account,False
PAY-00492-202511,SME-2024-00492,2025-11,6532256,2025-11-15,2025-11-15,0,Virtual Account,False
PAY-00492-202512,SME-2024-00492,2025-12,6405362,2025-12-15,2025-12-15,0,Bank Transfer,False
PAY-00492-202601,SME-2024-00492,2026-01,6461632,2026-01-15,2026-01-15,0,Virtual Account,False
PAY-00492-202602,SME-2024-00492,2026-02,6718903,2026-02-17,2026-02-15,2,Bank Transfer,False
PAY-00492-202603,SME-2024-00492,2026-03,6485510,2026-03-17,2026-03-15,2,Virtual Account,False
PAY-00492-202604,SME-2024-00492,2026-04,6674122,2026-04-17,2026-04-15,2,Bank Transfer,False
PAY-00492-202605,SME-2024-00492,2026-05,6463408,2026-05-15,2026-05-15,0,Bank Transfer,False
PAY-00492-202606,SME-2024-00492,2026-06,6550517,2026-06-17,2026-06-15,2,Virtual Account,False
PAY-00493-202507,SME-2024-00493,2025-07,1738671,2025-07-15,2025-07-15,0,Virtual Account,False
PAY-00493-202508,SME-2024-00493,2025-08,1740581,2025-08-16,2025-08-15,1,Virtual Account,True
PAY-00493-202509,SME-2024-00493,2025-09,1801878,2025-09-15,2025-09-15,0,Virtual Account,False
PAY-00493-202510,SME-2024-00493,2025-10,1748197,2025-10-15,2025-10-15,0,Auto-debit,False
PAY-00493-202511,SME-2024-00493,2025-11,1832042,2025-11-15,2025-11-15,0,Bank Transfer,False
PAY-00493-202512,SME-2024-00493,2025-12,1830035,2025-12-15,2025-12-15,0,Virtual Account,True
PAY-00493-202601,SME-2024-00493,2026-01,1803399,2026-01-15,2026-01-15,0,Virtual Account,False
PAY-00493-202602,SME-2024-00493,2026-02,1808755,2026-02-15,2026-02-15,0,Cash,False
PAY-00493-202603,SME-2024-00493,2026-03,1779206,2026-03-15,2026-03-15,0,Bank Transfer,False
PAY-00493-202604,SME-2024-00493,2026-04,1743007,2026-04-17,2026-04-15,2,Bank Transfer,False
PAY-00493-202605,SME-2024-00493,2026-05,1842200,2026-05-15,2026-05-15,0,Virtual Account,False
PAY-00493-202606,SME-2024-00493,2026-06,1834938,2026-06-16,2026-06-15,1,Cash,False
PAY-00494-202509,SME-2024-00494,2025-09,1825955,2025-09-15,2025-09-15,0,Bank Transfer,False
PAY-00494-202510,SME-2024-00494,2025-10,1733044,2025-10-15,2025-10-15,0,Bank Transfer,False
PAY-00494-202511,SME-2024-00494,2025-11,1738365,2025-11-15,2025-11-15,0,Virtual Account,False
PAY-00494-202512,SME-2024-00494,2025-12,1820273,2025-12-16,2025-12-15,1,Bank Transfer,False
PAY-00494-202601,SME-2024-00494,2026-01,1804797,2026-01-16,2026-01-15,1,Auto-debit,False
PAY-00494-202602,SME-2024-00494,2026-02,1760691,2026-02-16,2026-02-15,1,Virtual Account,False
PAY-00494-202603,SME-2024-00494,2026-03,1831544,2026-03-15,2026-03-15,0,Cash,False
PAY-00494-202604,SME-2024-00494,2026-04,1801450,2026-04-15,2026-04-15,0,Bank Transfer,False
PAY-00494-202605,SME-2024-00494,2026-05,1758243,2026-05-17,2026-05-15,2,Virtual Account,False
PAY-00494-202606,SME-2024-00494,2026-06,1832881,2026-06-17,2026-06-15,2,Virtual Account,True
PAY-00495-202507,SME-2024-00495,2025-07,4766726,2025-07-15,2025-07-15,0,Virtual Account,False
PAY-00495-202508,SME-2024-00495,2025-08,4607751,2025-08-15,2025-08-15,0,Auto-debit,False
PAY-00495-202509,SME-2024-00495,2025-09,4718467,2025-09-16,2025-09-15,1,Bank Transfer,False
PAY-00495-202510,SME-2024-00495,2025-10,4704645,2025-10-15,2025-10-15,0,Auto-debit,False
PAY-00495-202511,SME-2024-00495,2025-11,4772369,2025-11-15,2025-11-15,0,Bank Transfer,False
PAY-00495-202512,SME-2024-00495,2025-12,4846393,2025-12-15,2025-12-15,0,Bank Transfer,False
PAY-00495-202601,SME-2024-00495,2026-01,4604983,2026-01-17,2026-01-15,2,Virtual Account,False
PAY-00495-202602,SME-2024-00495,2026-02,4795243,2026-02-16,2026-02-15,1,Bank Transfer,False
PAY-00495-202603,SME-2024-00495,2026-03,4650297,2026-03-18,2026-03-15,3,Bank Transfer,False
PAY-00495-202604,SME-2024-00495,2026-04,4845909,2026-04-16,2026-04-15,1,Virtual Account,False
PAY-00495-202605,SME-2024-00495,2026-05,4810289,2026-05-17,2026-05-15,2,Virtual Account,False
PAY-00495-202606,SME-2024-00495,2026-06,4816706,2026-06-17,2026-06-15,2,Virtual Account,False
PAY-00496-202507,SME-2024-00496,2025-07,2088191,2025-07-16,2025-07-15,1,Virtual Account,False
PAY-00496-202508,SME-2024-00496,2025-08,2038840,2025-08-15,2025-08-15,0,Auto-debit,False
PAY-00496-202509,SME-2024-00496,2025-09,2088716,2025-09-16,2025-09-15,1,Auto-debit,False
PAY-00496-202510,SME-2024-00496,2025-10,2021524,2025-10-16,2025-10-15,1,Auto-debit,False
PAY-00496-202511,SME-2024-00496,2025-11,2028541,2025-11-16,2025-11-15,1,Virtual Account,False
PAY-00496-202512,SME-2024-00496,2025-12,2094990,2025-12-16,2025-12-15,1,Bank Transfer,False
PAY-00496-202601,SME-2024-00496,2026-01,2069838,2026-01-15,2026-01-15,0,Bank Transfer,False
PAY-00496-202602,SME-2024-00496,2026-02,2112222,2026-02-16,2026-02-15,1,Cash,False
PAY-00496-202603,SME-2024-00496,2026-03,2089897,2026-03-15,2026-03-15,0,Virtual Account,False
PAY-00496-202604,SME-2024-00496,2026-04,2099799,2026-04-16,2026-04-15,1,Virtual Account,False
PAY-00496-202605,SME-2024-00496,2026-05,1999234,2026-05-17,2026-05-15,2,Auto-debit,False
PAY-00496-202606,SME-2024-00496,2026-06,2001199,2026-06-15,2026-06-15,0,Auto-debit,False
PAY-00497-202510,SME-2024-00497,2025-10,10429561,2025-10-15,2025-10-15,0,Virtual Account,False
PAY-00497-202511,SME-2024-00497,2025-11,10836116,2025-11-15,2025-11-15,0,Auto-debit,False
PAY-00497-202512,SME-2024-00497,2025-12,10889503,2025-12-15,2025-12-15,0,Virtual Account,False
PAY-00497-202601,SME-2024-00497,2026-01,10751687,2026-01-15,2026-01-15,0,Virtual Account,False
PAY-00497-202602,SME-2024-00497,2026-02,10746671,2026-02-15,2026-02-15,0,Virtual Account,False
PAY-00497-202603,SME-2024-00497,2026-03,10311001,2026-03-16,2026-03-15,1,Virtual Account,False
PAY-00497-202604,SME-2024-00497,2026-04,10581891,2026-04-15,2026-04-15,0,Virtual Account,False
PAY-00497-202605,SME-2024-00497,2026-05,10500758,2026-05-17,2026-05-15,2,Bank Transfer,False
PAY-00497-202606,SME-2024-00497,2026-06,10644716,2026-06-17,2026-06-15,2,Auto-debit,False
PAY-00498-202507,SME-2024-00498,2025-07,2745545,2025-07-15,2025-07-15,0,Virtual Account,False
PAY-00498-202508,SME-2024-00498,2025-08,2661054,2025-08-18,2025-08-15,3,Auto-debit,False
PAY-00498-202509,SME-2024-00498,2025-09,2675391,2025-09-16,2025-09-15,1,Virtual Account,False
PAY-00498-202510,SME-2024-00498,2025-10,2751028,2025-10-15,2025-10-15,0,Bank Transfer,False
PAY-00498-202511,SME-2024-00498,2025-11,2699553,2025-11-15,2025-11-15,0,Virtual Account,False
PAY-00498-202512,SME-2024-00498,2025-12,2702977,2025-12-15,2025-12-15,0,Auto-debit,False
PAY-00498-202601,SME-2024-00498,2026-01,2763614,2026-01-15,2026-01-15,0,Virtual Account,False
PAY-00498-202602,SME-2024-00498,2026-02,2651715,2026-02-16,2026-02-15,1,Auto-debit,False
PAY-00498-202603,SME-2024-00498,2026-03,2702757,2026-03-15,2026-03-15,0,Cash,False
PAY-00498-202604,SME-2024-00498,2026-04,2748762,2026-04-17,2026-04-15,2,Auto-debit,False
PAY-00498-202605,SME-2024-00498,2026-05,2701429,2026-05-16,2026-05-15,1,Virtual Account,False
PAY-00498-202606,SME-2024-00498,2026-06,2768548,2026-06-15,2026-06-15,0,Auto-debit,False
PAY-00499-202512,SME-2024-00499,2025-12,1910726,2025-12-18,2025-12-15,3,Auto-debit,False
PAY-00499-202601,SME-2024-00499,2026-01,1944445,2026-01-16,2026-01-15,1,Bank Transfer,False
PAY-00499-202602,SME-2024-00499,2026-02,1951730,2026-02-16,2026-02-15,1,Virtual Account,True
PAY-00499-202603,SME-2024-00499,2026-03,2004657,2026-03-15,2026-03-15,0,Bank Transfer,False
PAY-00499-202604,SME-2024-00499,2026-04,1902648,2026-04-16,2026-04-15,1,Bank Transfer,False
PAY-00499-202605,SME-2024-00499,2026-05,1902169,2026-05-17,2026-05-15,2,Virtual Account,False
PAY-00499-202606,SME-2024-00499,2026-06,1914110,2026-06-15,2026-06-15,0,Virtual Account,False
PAY-00500-202507,SME-2024-00500,2025-07,4161020,2025-07-15,2025-07-15,0,Auto-debit,False
PAY-00500-202508,SME-2024-00500,2025-08,4123093,2025-08-15,2025-08-15,0,Bank Transfer,False
PAY-00500-202509,SME-2024-00500,2025-09,4101691,2025-09-17,2025-09-15,2,Auto-debit,False
PAY-00500-202510,SME-2024-00500,2025-10,4073584,2025-10-15,2025-10-15,0,Virtual Account,False
PAY-00500-202511,SME-2024-00500,2025-11,4162836,2025-11-15,2025-11-15,0,Auto-debit,False
PAY-00500-202512,SME-2024-00500,2025-12,3961228,2025-12-19,2025-12-15,4,Virtual Account,False
PAY-00500-202601,SME-2024-00500,2026-01,4062844,2026-01-15,2026-01-15,0,Bank Transfer,False
PAY-00500-202602,SME-2024-00500,2026-02,4204517,2026-02-16,2026-02-15,1,Auto-debit,False
PAY-00500-202603,SME-2024-00500,2026-03,4108135,2026-03-15,2026-03-15,0,Cash,False
PAY-00500-202604,SME-2024-00500,2026-04,3977320,2026-04-17,2026-04-15,2,Auto-debit,False
PAY-00500-202605,SME-2024-00500,2026-05,4017510,2026-05-15,2026-05-15,0,Virtual Account,False
PAY-00500-202606,SME-2024-00500,2026-06,5555831,2026-06-16,2026-06-15,1,Virtual Account,False
PAY-00501-202507,SME-2024-00501,2025-07,4998294,2025-07-15,2025-07-15,0,Virtual Account,False
PAY-00501-202508,SME-2024-00501,2025-08,4928774,2025-08-15,2025-08-15,0,Virtual Account,False
PAY-00501-202509,SME-2024-00501,2025-09,5057717,2025-09-15,2025-09-15,0,Virtual Account,False
PAY-00501-202510,SME-2024-00501,2025-10,4907071,2025-10-16,2025-10-15,1,Virtual Account,False
PAY-00501-202511,SME-2024-00501,2025-11,5050888,2025-11-15,2025-11-15,0,Bank Transfer,False
PAY-00501-202512,SME-2024-00501,2025-12,4921778,2025-12-16,2025-12-15,1,Virtual Account,False
PAY-00501-202601,SME-2024-00501,2026-01,4961238,2026-01-15,2026-01-15,0,Virtual Account,False
PAY-00501-202602,SME-2024-00501,2026-02,4986231,2026-02-15,2026-02-15,0,Bank Transfer,False
PAY-00501-202603,SME-2024-00501,2026-03,5005040,2026-03-19,2026-03-15,4,Virtual Account,False
PAY-00501-202604,SME-2024-00501,2026-04,5012830,2026-04-18,2026-04-15,3,Bank Transfer,False
PAY-00501-202605,SME-2024-00501,2026-05,4824687,2026-05-17,2026-05-15,2,Auto-debit,False
PAY-00501-202606,SME-2024-00501,2026-06,5049243,2026-06-15,2026-06-15,0,Bank Transfer,False
PAY-00502-202507,SME-2024-00502,2025-07,3357917,2025-07-15,2025-07-15,0,Bank Transfer,False
PAY-00502-202508,SME-2024-00502,2025-08,3362796,2025-08-15,2025-08-15,0,Virtual Account,False
PAY-00502-202509,SME-2024-00502,2025-09,3214322,2025-09-16,2025-09-15,1,Virtual Account,False
PAY-00502-202510,SME-2024-00502,2025-10,3286418,2025-10-17,2025-10-15,2,Bank Transfer,False
PAY-00502-202511,SME-2024-00502,2025-11,3227430,2025-11-15,2025-11-15,0,Virtual Account,False
PAY-00502-202512,SME-2024-00502,2025-12,3211628,2025-12-16,2025-12-15,1,Virtual Account,False
PAY-00502-202601,SME-2024-00502,2026-01,3321913,2026-01-16,2026-01-15,1,Cash,False
PAY-00502-202602,SME-2024-00502,2026-02,3217423,2026-02-16,2026-02-15,1,Bank Transfer,False
PAY-00502-202603,SME-2024-00502,2026-03,3262451,2026-03-16,2026-03-15,1,Bank Transfer,False
PAY-00502-202604,SME-2024-00502,2026-04,3229325,2026-04-15,2026-04-15,0,Virtual Account,False
PAY-00502-202605,SME-2024-00502,2026-05,3276559,2026-05-17,2026-05-15,2,Bank Transfer,False
PAY-00502-202606,SME-2024-00502,2026-06,3349106,2026-06-16,2026-06-15,1,Bank Transfer,False
PAY-00503-202507,SME-2024-00503,2025-07,8167948,2025-07-15,2025-07-15,0,Virtual Account,False
PAY-00503-202508,SME-2024-00503,2025-08,7991822,2025-08-16,2025-08-15,1,Bank Transfer,False
PAY-00503-202509,SME-2024-00503,2025-09,7848995,2025-09-15,2025-09-15,0,Auto-debit,False
PAY-00503-202510,SME-2024-00503,2025-10,7940627,2025-10-15,2025-10-15,0,Virtual Account,False
PAY-00503-202511,SME-2024-00503,2025-11,7872977,2025-11-15,2025-11-15,0,Bank Transfer,False
PAY-00503-202512,SME-2024-00503,2025-12,8020401,2025-12-15,2025-12-15,0,Auto-debit,False
PAY-00503-202601,SME-2024-00503,2026-01,7976689,2026-01-15,2026-01-15,0,Auto-debit,False
PAY-00503-202602,SME-2024-00503,2026-02,8089076,2026-02-15,2026-02-15,0,Virtual Account,False
PAY-00503-202603,SME-2024-00503,2026-03,7891541,2026-03-16,2026-03-15,1,Virtual Account,False
PAY-00503-202604,SME-2024-00503,2026-04,8273856,2026-04-15,2026-04-15,0,Virtual Account,False
PAY-00503-202605,SME-2024-00503,2026-05,7989998,2026-05-16,2026-05-15,1,Auto-debit,False
PAY-00503-202606,SME-2024-00503,2026-06,7842166,2026-06-15,2026-06-15,0,Virtual Account,False
PAY-00504-202507,SME-2024-00504,2025-07,4882511,2025-07-15,2025-07-15,0,Virtual Account,False
PAY-00504-202508,SME-2024-00504,2025-08,4877331,2025-08-15,2025-08-15,0,Auto-debit,False
PAY-00504-202509,SME-2024-00504,2025-09,4899429,2025-09-17,2025-09-15,2,Cash,False
PAY-00504-202510,SME-2024-00504,2025-10,5010971,2025-10-15,2025-10-15,0,Auto-debit,False
PAY-00504-202511,SME-2024-00504,2025-11,4965519,2025-11-16,2025-11-15,1,Bank Transfer,False
PAY-00504-202512,SME-2024-00504,2025-12,4842942,2025-12-15,2025-12-15,0,Cash,False
PAY-00504-202601,SME-2024-00504,2026-01,4944157,2026-01-18,2026-01-15,3,Cash,False
PAY-00504-202602,SME-2024-00504,2026-02,4891000,2026-02-15,2026-02-15,0,Virtual Account,True
PAY-00504-202603,SME-2024-00504,2026-03,4934271,2026-03-16,2026-03-15,1,Auto-debit,False
PAY-00504-202604,SME-2024-00504,2026-04,4956021,2026-04-16,2026-04-15,1,Virtual Account,True
PAY-00504-202605,SME-2024-00504,2026-05,4780973,2026-05-15,2026-05-15,0,Auto-debit,False
PAY-00504-202606,SME-2024-00504,2026-06,4928271,2026-06-15,2026-06-15,0,Bank Transfer,False
PAY-00505-202507,SME-2024-00505,2025-07,2827651,2025-07-15,2025-07-15,0,Virtual Account,False
PAY-00505-202508,SME-2024-00505,2025-08,2715156,2025-08-16,2025-08-15,1,Cash,False
PAY-00505-202509,SME-2024-00505,2025-09,2729518,2025-09-15,2025-09-15,0,Auto-debit,False
PAY-00505-202510,SME-2024-00505,2025-10,2827107,2025-10-15,2025-10-15,0,Auto-debit,False
PAY-00505-202511,SME-2024-00505,2025-11,2857741,2025-11-15,2025-11-15,0,Bank Transfer,False
PAY-00505-202512,SME-2024-00505,2025-12,2793809,2025-12-15,2025-12-15,0,Bank Transfer,False
PAY-00505-202601,SME-2024-00505,2026-01,2815199,2026-01-17,2026-01-15,2,Virtual Account,False
PAY-00505-202602,SME-2024-00505,2026-02,2845108,2026-02-15,2026-02-15,0,Bank Transfer,False
PAY-00505-202603,SME-2024-00505,2026-03,2724107,2026-03-15,2026-03-15,0,Virtual Account,False
PAY-00505-202604,SME-2024-00505,2026-04,2714991,2026-04-15,2026-04-15,0,Bank Transfer,False
PAY-00505-202605,SME-2024-00505,2026-05,2798690,2026-05-15,2026-05-15,0,Virtual Account,False
PAY-00505-202606,SME-2024-00505,2026-06,2743613,2026-06-15,2026-06-15,0,Cash,False
PAY-00506-202512,SME-2024-00506,2025-12,7545281,2025-12-16,2025-12-15,1,Auto-debit,False
PAY-00506-202601,SME-2024-00506,2026-01,7305719,2026-01-17,2026-01-15,2,Virtual Account,False
PAY-00506-202602,SME-2024-00506,2026-02,7578805,2026-02-16,2026-02-15,1,Virtual Account,False
PAY-00506-202603,SME-2024-00506,2026-03,7672749,2026-03-15,2026-03-15,0,Cash,False
PAY-00506-202604,SME-2024-00506,2026-04,7447014,2026-04-16,2026-04-15,1,Virtual Account,False
PAY-00506-202605,SME-2024-00506,2026-05,7621079,2026-05-16,2026-05-15,1,Bank Transfer,False
PAY-00506-202606,SME-2024-00506,2026-06,7677224,2026-06-17,2026-06-15,2,Bank Transfer,False
PAY-00507-202507,SME-2024-00507,2025-07,2518294,2025-07-15,2025-07-15,0,Virtual Account,False
PAY-00507-202508,SME-2024-00507,2025-08,2557507,2025-08-15,2025-08-15,0,Virtual Account,False
PAY-00507-202509,SME-2024-00507,2025-09,2430609,2025-09-15,2025-09-15,0,Auto-debit,False
PAY-00507-202510,SME-2024-00507,2025-10,2479065,2025-10-15,2025-10-15,0,Cash,False
PAY-00507-202511,SME-2024-00507,2025-11,2491574,2025-11-15,2025-11-15,0,Auto-debit,False
PAY-00507-202512,SME-2024-00507,2025-12,2545733,2025-12-15,2025-12-15,0,Virtual Account,False
PAY-00507-202601,SME-2024-00507,2026-01,2527704,2026-01-16,2026-01-15,1,Auto-debit,False
PAY-00507-202602,SME-2024-00507,2026-02,2446636,2026-02-17,2026-02-15,2,Virtual Account,False
PAY-00507-202603,SME-2024-00507,2026-03,2443129,2026-03-15,2026-03-15,0,Bank Transfer,False
PAY-00507-202604,SME-2024-00507,2026-04,2555539,2026-04-15,2026-04-15,0,Virtual Account,False
PAY-00507-202605,SME-2024-00507,2026-05,3545250,2026-05-16,2026-05-15,1,Auto-debit,False
PAY-00507-202606,SME-2024-00507,2026-06,7720764,2026-06-15,2026-06-15,0,Virtual Account,False
PAY-00508-202507,SME-2024-00508,2025-07,1825575,2025-07-15,2025-07-15,0,Virtual Account,False
PAY-00508-202508,SME-2024-00508,2025-08,1846538,2025-08-15,2025-08-15,0,Bank Transfer,False
PAY-00508-202509,SME-2024-00508,2025-09,1768373,2025-09-15,2025-09-15,0,Bank Transfer,False
PAY-00508-202510,SME-2024-00508,2025-10,1798340,2025-10-16,2025-10-15,1,Bank Transfer,False
PAY-00508-202511,SME-2024-00508,2025-11,1840889,2025-11-15,2025-11-15,0,Auto-debit,False
PAY-00508-202512,SME-2024-00508,2025-12,1795520,2025-12-15,2025-12-15,0,Bank Transfer,False
PAY-00508-202601,SME-2024-00508,2026-01,1755452,2026-01-16,2026-01-15,1,Cash,False
PAY-00508-202602,SME-2024-00508,2026-02,1771327,2026-02-15,2026-02-15,0,Virtual Account,False
PAY-00508-202603,SME-2024-00508,2026-03,1848124,2026-03-15,2026-03-15,0,Bank Transfer,False
PAY-00508-202604,SME-2024-00508,2026-04,1812542,2026-04-15,2026-04-15,0,Virtual Account,False
PAY-00508-202605,SME-2024-00508,2026-05,1763642,2026-05-15,2026-05-15,0,Cash,False
PAY-00508-202606,SME-2024-00508,2026-06,1783775,2026-06-16,2026-06-15,1,Auto-debit,False
PAY-00509-202512,SME-2024-00509,2025-12,2779780,2025-12-16,2025-12-15,1,Auto-debit,False
PAY-00509-202601,SME-2024-00509,2026-01,2766637,2026-01-15,2026-01-15,0,Auto-debit,False
PAY-00509-202602,SME-2024-00509,2026-02,2890945,2026-02-17,2026-02-15,2,Bank Transfer,False
PAY-00509-202603,SME-2024-00509,2026-03,2862703,2026-03-15,2026-03-15,0,Virtual Account,False
PAY-00509-202604,SME-2024-00509,2026-04,8172210,2026-04-15,2026-04-15,0,Bank Transfer,False
PAY-00509-202605,SME-2024-00509,2026-05,7937244,2026-05-15,2026-05-15,0,Cash,False
PAY-00509-202606,SME-2024-00509,2026-06,7824451,2026-06-16,2026-06-15,1,Bank Transfer,False
PAY-00510-202507,SME-2024-00510,2025-07,2387816,2025-07-15,2025-07-15,0,Bank Transfer,False
PAY-00510-202508,SME-2024-00510,2025-08,2309623,2025-08-15,2025-08-15,0,Bank Transfer,False
PAY-00510-202509,SME-2024-00510,2025-09,2350859,2025-09-16,2025-09-15,1,Auto-debit,False
PAY-00510-202510,SME-2024-00510,2025-10,2346350,2025-10-16,2025-10-15,1,Auto-debit,False
PAY-00510-202511,SME-2024-00510,2025-11,2396530,2025-11-16,2025-11-15,1,Cash,False
PAY-00510-202512,SME-2024-00510,2025-12,3197489,2025-12-15,2025-12-15,0,Cash,False
PAY-00510-202601,SME-2024-00510,2026-01,3204551,2026-01-17,2026-01-15,2,Virtual Account,False
PAY-00510-202602,SME-2024-00510,2026-02,3218886,2026-02-15,2026-02-15,0,Bank Transfer,False
PAY-00510-202603,SME-2024-00510,2026-03,3141152,2026-03-20,2026-03-15,5,Cash,False
PAY-00510-202604,SME-2024-00510,2026-04,3125929,2026-04-15,2026-04-15,0,Auto-debit,True
PAY-00510-202605,SME-2024-00510,2026-05,3210193,2026-05-17,2026-05-15,2,Virtual Account,False
PAY-00510-202606,SME-2024-00510,2026-06,3288968,2026-06-15,2026-06-15,0,Virtual Account,False
PAY-00511-202507,SME-2024-00511,2025-07,3632382,2025-07-17,2025-07-15,2,Auto-debit,False
PAY-00511-202508,SME-2024-00511,2025-08,3712538,2025-08-15,2025-08-15,0,Auto-debit,False
PAY-00511-202509,SME-2024-00511,2025-09,3651570,2025-09-16,2025-09-15,1,Virtual Account,False
PAY-00511-202510,SME-2024-00511,2025-10,3710648,2025-10-15,2025-10-15,0,Auto-debit,False
PAY-00511-202511,SME-2024-00511,2025-11,3668599,2025-11-15,2025-11-15,0,Virtual Account,False
PAY-00511-202512,SME-2024-00511,2025-12,3663621,2025-12-15,2025-12-15,0,Bank Transfer,False
PAY-00511-202601,SME-2024-00511,2026-01,3627098,2026-01-15,2026-01-15,0,Bank Transfer,False
PAY-00511-202602,SME-2024-00511,2026-02,3707623,2026-02-15,2026-02-15,0,Virtual Account,False
PAY-00511-202603,SME-2024-00511,2026-03,3666793,2026-03-16,2026-03-15,1,Auto-debit,False
PAY-00511-202604,SME-2024-00511,2026-04,3543694,2026-04-16,2026-04-15,1,Auto-debit,False
PAY-00511-202605,SME-2024-00511,2026-05,3605976,2026-05-18,2026-05-15,3,Virtual Account,False
PAY-00511-202606,SME-2024-00511,2026-06,3523887,2026-06-17,2026-06-15,2,Bank Transfer,False
PAY-00512-202507,SME-2024-00512,2025-07,7127447,2025-07-15,2025-07-15,0,Bank Transfer,False
PAY-00512-202508,SME-2024-00512,2025-08,6943087,2025-08-15,2025-08-15,0,Auto-debit,False
PAY-00512-202509,SME-2024-00512,2025-09,6914397,2025-09-16,2025-09-15,1,Cash,False
PAY-00512-202510,SME-2024-00512,2025-10,7046106,2025-10-17,2025-10-15,2,Auto-debit,False
PAY-00512-202511,SME-2024-00512,2025-11,7140728,2025-11-15,2025-11-15,0,Cash,False
PAY-00512-202512,SME-2024-00512,2025-12,7059088,2025-12-15,2025-12-15,0,Bank Transfer,False
PAY-00512-202601,SME-2024-00512,2026-01,7062020,2026-01-15,2026-01-15,0,Virtual Account,False
PAY-00512-202602,SME-2024-00512,2026-02,6844867,2026-02-16,2026-02-15,1,Bank Transfer,False
PAY-00512-202603,SME-2024-00512,2026-03,6813084,2026-03-15,2026-03-15,0,Bank Transfer,False
PAY-00512-202604,SME-2024-00512,2026-04,6945289,2026-04-17,2026-04-15,2,Bank Transfer,False
PAY-00512-202605,SME-2024-00512,2026-05,7016659,2026-05-16,2026-05-15,1,Virtual Account,False
PAY-00512-202606,SME-2024-00512,2026-06,7072926,2026-06-16,2026-06-15,1,Virtual Account,False
PAY-00513-202605,SME-2024-00513,2026-05,2695936,2026-05-17,2026-05-15,2,Virtual Account,False
PAY-00513-202606,SME-2024-00513,2026-06,2789985,2026-06-18,2026-06-15,3,Bank Transfer,False
PAY-00514-202507,SME-2024-00514,2025-07,689752,2025-07-15,2025-07-15,0,Bank Transfer,False
PAY-00514-202508,SME-2024-00514,2025-08,663368,2025-08-16,2025-08-15,1,Virtual Account,False
PAY-00514-202509,SME-2024-00514,2025-09,688096,2025-09-17,2025-09-15,2,Bank Transfer,False
PAY-00514-202510,SME-2024-00514,2025-10,686813,2025-10-16,2025-10-15,1,Auto-debit,False
PAY-00514-202511,SME-2024-00514,2025-11,678124,2025-11-16,2025-11-15,1,Virtual Account,False
PAY-00514-202512,SME-2024-00514,2025-12,677926,2025-12-17,2025-12-15,2,Bank Transfer,False
PAY-00514-202601,SME-2024-00514,2026-01,658909,2026-01-16,2026-01-15,1,Auto-debit,False
PAY-00514-202602,SME-2024-00514,2026-02,687762,2026-02-19,2026-02-15,4,Auto-debit,False
PAY-00514-202603,SME-2024-00514,2026-03,666531,2026-03-15,2026-03-15,0,Virtual Account,False
PAY-00514-202604,SME-2024-00514,2026-04,663721,2026-04-16,2026-04-15,1,Bank Transfer,False
PAY-00514-202605,SME-2024-00514,2026-05,659724,2026-05-15,2026-05-15,0,Virtual Account,False
PAY-00514-202606,SME-2024-00514,2026-06,677653,2026-06-17,2026-06-15,2,Cash,False
PAY-00517-202507,SME-2024-00517,2025-07,14512728,2025-07-15,2025-07-15,0,Auto-debit,False
PAY-00517-202508,SME-2024-00517,2025-08,14708906,2025-08-16,2025-08-15,1,Auto-debit,False
PAY-00517-202509,SME-2024-00517,2025-09,14242089,2025-09-16,2025-09-15,1,Auto-debit,False
PAY-00517-202510,SME-2024-00517,2025-10,14664862,2025-10-16,2025-10-15,1,Virtual Account,False
PAY-00517-202511,SME-2024-00517,2025-11,14851843,2025-11-16,2025-11-15,1,Bank Transfer,False
PAY-00517-202512,SME-2024-00517,2025-12,14404615,2025-12-15,2025-12-15,0,Bank Transfer,False
PAY-00517-202601,SME-2024-00517,2026-01,14359782,2026-01-17,2026-01-15,2,Bank Transfer,False
PAY-00517-202602,SME-2024-00517,2026-02,14266680,2026-02-17,2026-02-15,2,Bank Transfer,False
PAY-00517-202603,SME-2024-00517,2026-03,14301449,2026-03-17,2026-03-15,2,Bank Transfer,True
PAY-00517-202604,SME-2024-00517,2026-04,14420325,2026-04-15,2026-04-15,0,Bank Transfer,True
PAY-00517-202605,SME-2024-00517,2026-05,14214212,2026-05-16,2026-05-15,1,Virtual Account,False
PAY-00517-202606,SME-2024-00517,2026-06,14277820,2026-06-16,2026-06-15,1,Auto-debit,False
PAY-00518-202507,SME-2024-00518,2025-07,1699844,2025-07-15,2025-07-15,0,Bank Transfer,False
PAY-00518-202508,SME-2024-00518,2025-08,1727543,2025-08-15,2025-08-15,0,Virtual Account,False
PAY-00518-202509,SME-2024-00518,2025-09,1737485,2025-09-15,2025-09-15,0,Bank Transfer,False
PAY-00518-202510,SME-2024-00518,2025-10,1732945,2025-10-17,2025-10-15,2,Virtual Account,False
PAY-00518-202511,SME-2024-00518,2025-11,1778803,2025-11-16,2025-11-15,1,Cash,False
PAY-00518-202512,SME-2024-00518,2025-12,1756110,2025-12-16,2025-12-15,1,Bank Transfer,False
PAY-00518-202601,SME-2024-00518,2026-01,1752359,2026-01-15,2026-01-15,0,Bank Transfer,False
PAY-00518-202602,SME-2024-00518,2026-02,1740266,2026-02-15,2026-02-15,0,Virtual Account,False
PAY-00518-202603,SME-2024-00518,2026-03,3494709,2026-03-17,2026-03-15,2,Auto-debit,False
PAY-00518-202604,SME-2024-00518,2026-04,3505324,2026-04-20,2026-04-15,5,Bank Transfer,False
PAY-00518-202605,SME-2024-00518,2026-05,3475125,2026-05-17,2026-05-15,2,Auto-debit,False
PAY-00518-202606,SME-2024-00518,2026-06,3672246,2026-06-16,2026-06-15,1,Bank Transfer,False
PAY-00519-202507,SME-2024-00519,2025-07,2326074,2025-07-15,2025-07-15,0,Virtual Account,False
PAY-00519-202508,SME-2024-00519,2025-08,2447880,2025-08-15,2025-08-15,0,Cash,False
PAY-00519-202509,SME-2024-00519,2025-09,2346123,2025-09-15,2025-09-15,0,Bank Transfer,False
PAY-00519-202510,SME-2024-00519,2025-10,2457057,2025-10-15,2025-10-15,0,Cash,False
PAY-00519-202511,SME-2024-00519,2025-11,2433840,2025-11-17,2025-11-15,2,Virtual Account,False
PAY-00519-202512,SME-2024-00519,2025-12,2337324,2025-12-15,2025-12-15,0,Auto-debit,False
PAY-00519-202601,SME-2024-00519,2026-01,2417272,2026-01-16,2026-01-15,1,Virtual Account,False
PAY-00519-202602,SME-2024-00519,2026-02,2441603,2026-02-15,2026-02-15,0,Bank Transfer,False
PAY-00519-202603,SME-2024-00519,2026-03,2407057,2026-03-15,2026-03-15,0,Auto-debit,False
PAY-00519-202604,SME-2024-00519,2026-04,2355090,2026-04-17,2026-04-15,2,Virtual Account,False
PAY-00519-202605,SME-2024-00519,2026-05,2363954,2026-05-16,2026-05-15,1,Auto-debit,False
PAY-00519-202606,SME-2024-00519,2026-06,2326691,2026-06-19,2026-06-15,4,Virtual Account,False
PAY-00520-202604,SME-2024-00520,2026-04,1002028,2026-04-20,2026-04-15,5,Cash,False
PAY-00520-202605,SME-2024-00520,2026-05,1022437,2026-05-16,2026-05-15,1,Bank Transfer,False
PAY-00520-202606,SME-2024-00520,2026-06,1006076,2026-06-15,2026-06-15,0,Virtual Account,False
PAY-00521-202507,SME-2024-00521,2025-07,657912,2025-07-16,2025-07-15,1,Virtual Account,False
PAY-00521-202508,SME-2024-00521,2025-08,693138,2025-08-15,2025-08-15,0,Virtual Account,False
PAY-00521-202509,SME-2024-00521,2025-09,663386,2025-09-16,2025-09-15,1,Bank Transfer,False
PAY-00521-202510,SME-2024-00521,2025-10,687463,2025-10-17,2025-10-15,2,Virtual Account,False
PAY-00521-202511,SME-2024-00521,2025-11,676262,2025-11-17,2025-11-15,2,Auto-debit,False
PAY-00521-202512,SME-2024-00521,2025-12,687997,2025-12-15,2025-12-15,0,Virtual Account,False
PAY-00521-202601,SME-2024-00521,2026-01,696216,2026-01-17,2026-01-15,2,Auto-debit,False
PAY-00521-202602,SME-2024-00521,2026-02,688852,2026-02-18,2026-02-15,3,Virtual Account,False
PAY-00521-202603,SME-2024-00521,2026-03,696042,2026-03-17,2026-03-15,2,Virtual Account,False
PAY-00521-202604,SME-2024-00521,2026-04,671604,2026-04-16,2026-04-15,1,Bank Transfer,False
PAY-00521-202605,SME-2024-00521,2026-05,689677,2026-05-15,2026-05-15,0,Cash,False
PAY-00521-202606,SME-2024-00521,2026-06,693910,2026-06-16,2026-06-15,1,Virtual Account,False
PAY-00522-202507,SME-2024-00522,2025-07,4259588,2025-07-17,2025-07-15,2,Auto-debit,False
PAY-00522-202508,SME-2024-00522,2025-08,4224192,2025-08-17,2025-08-15,2,Bank Transfer,False
PAY-00522-202509,SME-2024-00522,2025-09,4217339,2025-09-16,2025-09-15,1,Virtual Account,False
PAY-00522-202510,SME-2024-00522,2025-10,4151811,2025-10-16,2025-10-15,1,Virtual Account,False
PAY-00522-202511,SME-2024-00522,2025-11,4207938,2025-11-16,2025-11-15,1,Bank Transfer,False
PAY-00522-202512,SME-2024-00522,2025-12,4315002,2025-12-15,2025-12-15,0,Bank Transfer,False
PAY-00522-202601,SME-2024-00522,2026-01,4196305,2026-01-15,2026-01-15,0,Virtual Account,False
PAY-00522-202602,SME-2024-00522,2026-02,4238593,2026-02-15,2026-02-15,0,Virtual Account,False
PAY-00522-202603,SME-2024-00522,2026-03,4306775,2026-03-15,2026-03-15,0,Bank Transfer,False
PAY-00522-202604,SME-2024-00522,2026-04,4392006,2026-04-15,2026-04-15,0,Virtual Account,False
PAY-00522-202605,SME-2024-00522,2026-05,4202542,2026-05-17,2026-05-15,2,Virtual Account,False
PAY-00522-202606,SME-2024-00522,2026-06,4269410,2026-06-16,2026-06-15,1,Auto-debit,False
PAY-00523-202507,SME-2024-00523,2025-07,5732302,2025-07-15,2025-07-15,0,Virtual Account,False
PAY-00523-202508,SME-2024-00523,2025-08,5929944,2025-08-15,2025-08-15,0,Auto-debit,False
PAY-00523-202509,SME-2024-00523,2025-09,5924249,2025-09-16,2025-09-15,1,Bank Transfer,False
PAY-00523-202510,SME-2024-00523,2025-10,5719595,2025-10-16,2025-10-15,1,Cash,False
PAY-00523-202511,SME-2024-00523,2025-11,5741348,2025-11-16,2025-11-15,1,Virtual Account,False
PAY-00523-202512,SME-2024-00523,2025-12,5762534,2025-12-15,2025-12-15,0,Virtual Account,False
PAY-00523-202601,SME-2024-00523,2026-01,5848577,2026-01-17,2026-01-15,2,Auto-debit,False
PAY-00523-202602,SME-2024-00523,2026-02,5928940,2026-02-16,2026-02-15,1,Virtual Account,False
PAY-00523-202603,SME-2024-00523,2026-03,5850364,2026-03-15,2026-03-15,0,Auto-debit,False
PAY-00523-202604,SME-2024-00523,2026-04,5670271,2026-04-15,2026-04-15,0,Bank Transfer,False
PAY-00523-202605,SME-2024-00523,2026-05,5930178,2026-05-15,2026-05-15,0,Bank Transfer,False
PAY-00523-202606,SME-2024-00523,2026-06,5979745,2026-06-15,2026-06-15,0,Bank Transfer,False
PAY-00524-202507,SME-2024-00524,2025-07,2923792,2025-07-16,2025-07-15,1,Bank Transfer,False
PAY-00524-202508,SME-2024-00524,2025-08,2853449,2025-08-16,2025-08-15,1,Bank Transfer,False
PAY-00524-202509,SME-2024-00524,2025-09,2783561,2025-09-17,2025-09-15,2,Cash,False
PAY-00524-202510,SME-2024-00524,2025-10,2902706,2025-10-15,2025-10-15,0,Virtual Account,False
PAY-00524-202511,SME-2024-00524,2025-11,2821457,2025-11-18,2025-11-15,3,Auto-debit,False
PAY-00524-202512,SME-2024-00524,2025-12,2871280,2025-12-15,2025-12-15,0,Bank Transfer,False
PAY-00524-202601,SME-2024-00524,2026-01,2783751,2026-01-16,2026-01-15,1,Auto-debit,False
PAY-00524-202602,SME-2024-00524,2026-02,2833959,2026-02-15,2026-02-15,0,Virtual Account,False
PAY-00524-202603,SME-2024-00524,2026-03,2867876,2026-03-16,2026-03-15,1,Bank Transfer,False
PAY-00524-202604,SME-2024-00524,2026-04,2793456,2026-04-15,2026-04-15,0,Virtual Account,False
PAY-00524-202605,SME-2024-00524,2026-05,2896912,2026-05-17,2026-05-15,2,Bank Transfer,False
PAY-00524-202606,SME-2024-00524,2026-06,2800998,2026-06-16,2026-06-15,1,Auto-debit,False
PAY-00525-202507,SME-2024-00525,2025-07,2993661,2025-07-16,2025-07-15,1,Auto-debit,False
PAY-00525-202508,SME-2024-00525,2025-08,3053305,2025-08-16,2025-08-15,1,Bank Transfer,False
PAY-00525-202509,SME-2024-00525,2025-09,2941906,2025-09-15,2025-09-15,0,Auto-debit,False
PAY-00525-202510,SME-2024-00525,2025-10,2906125,2025-10-15,2025-10-15,0,Virtual Account,False
PAY-00525-202511,SME-2024-00525,2025-11,3012137,2025-11-15,2025-11-15,0,Bank Transfer,False
PAY-00525-202512,SME-2024-00525,2025-12,2905401,2025-12-18,2025-12-15,3,Bank Transfer,False
PAY-00525-202601,SME-2024-00525,2026-01,3005118,2026-01-16,2026-01-15,1,Virtual Account,False
PAY-00525-202602,SME-2024-00525,2026-02,2972961,2026-02-16,2026-02-15,1,Virtual Account,False
PAY-00525-202603,SME-2024-00525,2026-03,3047703,2026-03-16,2026-03-15,1,Virtual Account,False
PAY-00525-202604,SME-2024-00525,2026-04,2971007,2026-04-18,2026-04-15,3,Virtual Account,True
PAY-00525-202605,SME-2024-00525,2026-05,2991708,2026-05-16,2026-05-15,1,Auto-debit,False
PAY-00525-202606,SME-2024-00525,2026-06,3078241,2026-06-18,2026-06-15,3,Bank Transfer,False
PAY-00526-202507,SME-2024-00526,2025-07,4019290,2025-07-16,2025-07-15,1,Bank Transfer,False
PAY-00526-202508,SME-2024-00526,2025-08,4033482,2025-08-17,2025-08-15,2,Virtual Account,False
PAY-00526-202509,SME-2024-00526,2025-09,4031594,2025-09-16,2025-09-15,1,Virtual Account,False
PAY-00526-202510,SME-2024-00526,2025-10,4096932,2025-10-16,2025-10-15,1,Virtual Account,False
PAY-00526-202511,SME-2024-00526,2025-11,4049716,2025-11-17,2025-11-15,2,Virtual Account,False
PAY-00526-202512,SME-2024-00526,2025-12,3975768,2025-12-19,2025-12-15,4,Virtual Account,False
PAY-00526-202601,SME-2024-00526,2026-01,4143453,2026-01-15,2026-01-15,0,Virtual Account,False
PAY-00526-202602,SME-2024-00526,2026-02,4018176,2026-02-17,2026-02-15,2,Virtual Account,False
PAY-00526-202603,SME-2024-00526,2026-03,3935701,2026-03-18,2026-03-15,3,Bank Transfer,False
PAY-00526-202604,SME-2024-00526,2026-04,4066331,2026-04-17,2026-04-15,2,Bank Transfer,False
PAY-00526-202605,SME-2024-00526,2026-05,4134138,2026-05-17,2026-05-15,2,Virtual Account,False
PAY-00526-202606,SME-2024-00526,2026-06,3914763,2026-06-15,2026-06-15,0,Bank Transfer,False
PAY-00527-202507,SME-2024-00527,2025-07,1204078,2025-07-17,2025-07-15,2,Virtual Account,False
PAY-00527-202508,SME-2024-00527,2025-08,1168735,2025-08-15,2025-08-15,0,Virtual Account,False
PAY-00527-202509,SME-2024-00527,2025-09,1165129,2025-09-15,2025-09-15,0,Cash,False
PAY-00527-202510,SME-2024-00527,2025-10,1156036,2025-10-16,2025-10-15,1,Cash,False
PAY-00527-202511,SME-2024-00527,2025-11,1186730,2025-11-15,2025-11-15,0,Cash,False
PAY-00527-202512,SME-2024-00527,2025-12,1172333,2025-12-19,2025-12-15,4,Virtual Account,False
PAY-00527-202601,SME-2024-00527,2026-01,1182708,2026-01-15,2026-01-15,0,Auto-debit,False
PAY-00527-202602,SME-2024-00527,2026-02,1188421,2026-02-16,2026-02-15,1,Auto-debit,False
PAY-00527-202603,SME-2024-00527,2026-03,1191594,2026-03-17,2026-03-15,2,Bank Transfer,False
PAY-00527-202604,SME-2024-00527,2026-04,1148104,2026-04-16,2026-04-15,1,Virtual Account,False
PAY-00527-202605,SME-2024-00527,2026-05,1183692,2026-05-15,2026-05-15,0,Auto-debit,False
PAY-00527-202606,SME-2024-00527,2026-06,1175780,2026-06-17,2026-06-15,2,Bank Transfer,False
PAY-00528-202507,SME-2024-00528,2025-07,1563056,2025-07-16,2025-07-15,1,Bank Transfer,False
PAY-00528-202508,SME-2024-00528,2025-08,1524518,2025-08-16,2025-08-15,1,Bank Transfer,False
PAY-00528-202509,SME-2024-00528,2025-09,1500919,2025-09-15,2025-09-15,0,Virtual Account,False
PAY-00528-202510,SME-2024-00528,2025-10,1569231,2025-10-15,2025-10-15,0,Auto-debit,False
PAY-00528-202511,SME-2024-00528,2025-11,1567338,2025-11-15,2025-11-15,0,Bank Transfer,False
PAY-00528-202512,SME-2024-00528,2025-12,1549479,2025-12-17,2025-12-15,2,Auto-debit,False
PAY-00528-202601,SME-2024-00528,2026-01,1564963,2026-01-16,2026-01-15,1,Bank Transfer,False
PAY-00528-202602,SME-2024-00528,2026-02,1575471,2026-02-15,2026-02-15,0,Virtual Account,False
PAY-00528-202603,SME-2024-00528,2026-03,1515014,2026-03-16,2026-03-15,1,Virtual Account,False
PAY-00528-202604,SME-2024-00528,2026-04,1505943,2026-04-16,2026-04-15,1,Bank Transfer,False
PAY-00528-202605,SME-2024-00528,2026-05,1547446,2026-05-16,2026-05-15,1,Virtual Account,False
PAY-00528-202606,SME-2024-00528,2026-06,1504577,2026-06-15,2026-06-15,0,Cash,False
PAY-00529-202507,SME-2024-00529,2025-07,1650151,2025-07-16,2025-07-15,1,Auto-debit,False
PAY-00529-202508,SME-2024-00529,2025-08,1653145,2025-08-15,2025-08-15,0,Auto-debit,False
PAY-00529-202509,SME-2024-00529,2025-09,1602262,2025-09-15,2025-09-15,0,Bank Transfer,False
PAY-00529-202510,SME-2024-00529,2025-10,1611090,2025-10-17,2025-10-15,2,Virtual Account,False
PAY-00529-202511,SME-2024-00529,2025-11,1617745,2025-11-15,2025-11-15,0,Bank Transfer,False
PAY-00529-202512,SME-2024-00529,2025-12,1681153,2025-12-15,2025-12-15,0,Cash,False
PAY-00529-202601,SME-2024-00529,2026-01,8256055,2026-01-16,2026-01-15,1,Bank Transfer,False
PAY-00529-202602,SME-2024-00529,2026-02,8293951,2026-02-15,2026-02-15,0,Cash,True
PAY-00529-202603,SME-2024-00529,2026-03,8159930,2026-03-17,2026-03-15,2,Auto-debit,False
PAY-00529-202604,SME-2024-00529,2026-04,7963412,2026-04-15,2026-04-15,0,Virtual Account,False
PAY-00529-202605,SME-2024-00529,2026-05,8327844,2026-05-15,2026-05-15,0,Bank Transfer,False
PAY-00529-202606,SME-2024-00529,2026-06,8092691,2026-06-15,2026-06-15,0,Bank Transfer,False
PAY-00530-202604,SME-2024-00530,2026-04,1894844,2026-04-16,2026-04-15,1,Virtual Account,False
PAY-00530-202605,SME-2024-00530,2026-05,1818718,2026-05-15,2026-05-15,0,Auto-debit,False
PAY-00530-202606,SME-2024-00530,2026-06,1884073,2026-06-16,2026-06-15,1,Bank Transfer,False
PAY-00531-202507,SME-2024-00531,2025-07,1111889,2025-07-15,2025-07-15,0,Virtual Account,False
PAY-00531-202508,SME-2024-00531,2025-08,1145451,2025-08-15,2025-08-15,0,Cash,False
PAY-00531-202509,SME-2024-00531,2025-09,1167619,2025-09-16,2025-09-15,1,Auto-debit,False
PAY-00531-202510,SME-2024-00531,2025-10,1104755,2025-10-17,2025-10-15,2,Virtual Account,False
PAY-00531-202511,SME-2024-00531,2025-11,1111806,2025-11-17,2025-11-15,2,Virtual Account,False
PAY-00531-202512,SME-2024-00531,2025-12,1123724,2025-12-15,2025-12-15,0,Virtual Account,False
PAY-00531-202601,SME-2024-00531,2026-01,1139637,2026-01-18,2026-01-15,3,Virtual Account,False
PAY-00531-202602,SME-2024-00531,2026-02,1144670,2026-02-15,2026-02-15,0,Auto-debit,False
PAY-00531-202603,SME-2024-00531,2026-03,1165456,2026-03-15,2026-03-15,0,Auto-debit,False
PAY-00531-202604,SME-2024-00531,2026-04,1147993,2026-04-15,2026-04-15,0,Bank Transfer,False
PAY-00531-202605,SME-2024-00531,2026-05,1122098,2026-05-19,2026-05-15,4,Virtual Account,False
PAY-00531-202606,SME-2024-00531,2026-06,1167336,2026-06-17,2026-06-15,2,Virtual Account,False
PAY-00532-202507,SME-2024-00532,2025-07,2096632,2025-07-15,2025-07-15,0,Virtual Account,False
PAY-00532-202508,SME-2024-00532,2025-08,2078478,2025-08-16,2025-08-15,1,Virtual Account,False
PAY-00532-202509,SME-2024-00532,2025-09,2084530,2025-09-16,2025-09-15,1,Virtual Account,False
PAY-00532-202510,SME-2024-00532,2025-10,2063553,2025-10-15,2025-10-15,0,Auto-debit,False
PAY-00532-202511,SME-2024-00532,2025-11,2084700,2025-11-15,2025-11-15,0,Virtual Account,False
PAY-00532-202512,SME-2024-00532,2025-12,2068290,2025-12-15,2025-12-15,0,Auto-debit,False
PAY-00532-202601,SME-2024-00532,2026-01,2144656,2026-01-15,2026-01-15,0,Auto-debit,False
PAY-00532-202602,SME-2024-00532,2026-02,2036461,2026-02-16,2026-02-15,1,Auto-debit,False
PAY-00532-202603,SME-2024-00532,2026-03,2143536,2026-03-18,2026-03-15,3,Auto-debit,False
PAY-00532-202604,SME-2024-00532,2026-04,2106200,2026-04-17,2026-04-15,2,Bank Transfer,False
PAY-00532-202605,SME-2024-00532,2026-05,2074856,2026-05-17,2026-05-15,2,Cash,False
PAY-00532-202606,SME-2024-00532,2026-06,2105015,2026-06-17,2026-06-15,2,Auto-debit,False
PAY-00533-202507,SME-2024-00533,2025-07,3512401,2025-07-15,2025-07-15,0,Virtual Account,False
PAY-00533-202508,SME-2024-00533,2025-08,3649655,2025-08-15,2025-08-15,0,Bank Transfer,False
PAY-00533-202509,SME-2024-00533,2025-09,3630453,2025-09-15,2025-09-15,0,Virtual Account,False
PAY-00533-202510,SME-2024-00533,2025-10,3654922,2025-10-15,2025-10-15,0,Bank Transfer,False
PAY-00533-202511,SME-2024-00533,2025-11,3654186,2025-11-15,2025-11-15,0,Virtual Account,False
PAY-00533-202512,SME-2024-00533,2025-12,3545750,2025-12-17,2025-12-15,2,Auto-debit,False
PAY-00533-202601,SME-2024-00533,2026-01,3498481,2026-01-16,2026-01-15,1,Virtual Account,False
PAY-00533-202602,SME-2024-00533,2026-02,3597637,2026-02-16,2026-02-15,1,Cash,False
PAY-00533-202603,SME-2024-00533,2026-03,3507005,2026-03-16,2026-03-15,1,Auto-debit,False
PAY-00533-202604,SME-2024-00533,2026-04,3532848,2026-04-17,2026-04-15,2,Cash,False
PAY-00533-202605,SME-2024-00533,2026-05,3668625,2026-05-18,2026-05-15,3,Virtual Account,False
PAY-00533-202606,SME-2024-00533,2026-06,3632327,2026-06-15,2026-06-15,0,Cash,False
PAY-00534-202507,SME-2024-00534,2025-07,3299416,2025-07-15,2025-07-15,0,Bank Transfer,False
PAY-00534-202508,SME-2024-00534,2025-08,3340496,2025-08-17,2025-08-15,2,Virtual Account,False
PAY-00534-202509,SME-2024-00534,2025-09,3262426,2025-09-17,2025-09-15,2,Virtual Account,False
PAY-00534-202510,SME-2024-00534,2025-10,3200812,2025-10-16,2025-10-15,1,Virtual Account,False
PAY-00534-202511,SME-2024-00534,2025-11,3262911,2025-11-15,2025-11-15,0,Auto-debit,False
PAY-00534-202512,SME-2024-00534,2025-12,979796,2025-12-18,2025-12-15,3,Virtual Account,False
PAY-00534-202601,SME-2024-00534,2026-01,957860,2026-01-16,2026-01-15,1,Bank Transfer,False
PAY-00534-202602,SME-2024-00534,2026-02,986338,2026-02-15,2026-02-15,0,Virtual Account,False
PAY-00534-202603,SME-2024-00534,2026-03,1008783,2026-03-15,2026-03-15,0,Bank Transfer,False
PAY-00534-202604,SME-2024-00534,2026-04,989005,2026-04-15,2026-04-15,0,Auto-debit,False
PAY-00534-202605,SME-2024-00534,2026-05,978309,2026-05-16,2026-05-15,1,Virtual Account,False
PAY-00534-202606,SME-2024-00534,2026-06,993786,2026-06-16,2026-06-15,1,Auto-debit,False
PAY-00535-202507,SME-2024-00535,2025-07,2396226,2025-07-15,2025-07-15,0,Virtual Account,True
PAY-00535-202508,SME-2024-00535,2025-08,2387434,2025-08-16,2025-08-15,1,Virtual Account,False
PAY-00535-202509,SME-2024-00535,2025-09,2441745,2025-09-15,2025-09-15,0,Auto-debit,False
PAY-00535-202510,SME-2024-00535,2025-10,7618932,2025-10-15,2025-10-15,0,Virtual Account,False
PAY-00535-202511,SME-2024-00535,2025-11,7831525,2025-11-15,2025-11-15,0,Bank Transfer,False
PAY-00535-202512,SME-2024-00535,2025-12,7933095,2025-12-15,2025-12-15,0,Bank Transfer,False
PAY-00535-202601,SME-2024-00535,2026-01,7978436,2026-01-15,2026-01-15,0,Virtual Account,False
PAY-00535-202602,SME-2024-00535,2026-02,7873802,2026-02-17,2026-02-15,2,Bank Transfer,False
PAY-00535-202603,SME-2024-00535,2026-03,7847745,2026-03-18,2026-03-15,3,Cash,False
PAY-00535-202604,SME-2024-00535,2026-04,8028094,2026-04-17,2026-04-15,2,Virtual Account,False
PAY-00535-202605,SME-2024-00535,2026-05,8055736,2026-05-16,2026-05-15,1,Bank Transfer,False
PAY-00535-202606,SME-2024-00535,2026-06,7754688,2026-06-17,2026-06-15,2,Virtual Account,False
PAY-00537-202507,SME-2024-00537,2025-07,1644304,2025-07-15,2025-07-15,0,Cash,False
PAY-00537-202508,SME-2024-00537,2025-08,1633371,2025-08-16,2025-08-15,1,Virtual Account,False
PAY-00537-202509,SME-2024-00537,2025-09,1655442,2025-09-15,2025-09-15,0,Virtual Account,False
PAY-00537-202510,SME-2024-00537,2025-10,1667544,2025-10-15,2025-10-15,0,Bank Transfer,False
PAY-00537-202511,SME-2024-00537,2025-11,1620439,2025-11-15,2025-11-15,0,Cash,False
PAY-00537-202512,SME-2024-00537,2025-12,1622985,2025-12-16,2025-12-15,1,Virtual Account,False
PAY-00537-202601,SME-2024-00537,2026-01,1658663,2026-01-17,2026-01-15,2,Bank Transfer,False
PAY-00537-202602,SME-2024-00537,2026-02,1647974,2026-02-15,2026-02-15,0,Virtual Account,False
PAY-00537-202603,SME-2024-00537,2026-03,1662678,2026-03-15,2026-03-15,0,Auto-debit,False
PAY-00537-202604,SME-2024-00537,2026-04,1669130,2026-04-15,2026-04-15,0,Bank Transfer,False
PAY-00537-202605,SME-2024-00537,2026-05,1632574,2026-05-16,2026-05-15,1,Virtual Account,False
PAY-00537-202606,SME-2024-00537,2026-06,1631171,2026-06-15,2026-06-15,0,Virtual Account,False
PAY-00538-202507,SME-2024-00538,2025-07,1192297,2025-07-15,2025-07-15,0,Virtual Account,False
PAY-00538-202508,SME-2024-00538,2025-08,1140307,2025-08-16,2025-08-15,1,Virtual Account,False
PAY-00538-202509,SME-2024-00538,2025-09,1143090,2025-09-15,2025-09-15,0,Bank Transfer,False
PAY-00538-202510,SME-2024-00538,2025-10,1182663,2025-10-15,2025-10-15,0,Cash,False
PAY-00538-202511,SME-2024-00538,2025-11,1187876,2025-11-16,2025-11-15,1,Bank Transfer,False
PAY-00538-202512,SME-2024-00538,2025-12,1146051,2025-12-16,2025-12-15,1,Virtual Account,False
PAY-00538-202601,SME-2024-00538,2026-01,1155397,2026-01-16,2026-01-15,1,Virtual Account,False
PAY-00538-202602,SME-2024-00538,2026-02,1141792,2026-02-16,2026-02-15,1,Bank Transfer,False
PAY-00538-202603,SME-2024-00538,2026-03,3920247,2026-03-16,2026-03-15,1,Cash,False
PAY-00538-202604,SME-2024-00538,2026-04,4029585,2026-04-16,2026-04-15,1,Virtual Account,False
PAY-00538-202605,SME-2024-00538,2026-05,4043269,2026-05-15,2026-05-15,0,Auto-debit,False
PAY-00538-202606,SME-2024-00538,2026-06,3937805,2026-06-16,2026-06-15,1,Bank Transfer,False
PAY-00539-202507,SME-2024-00539,2025-07,1216766,2025-07-17,2025-07-15,2,Virtual Account,False
PAY-00539-202508,SME-2024-00539,2025-08,1213699,2025-08-15,2025-08-15,0,Virtual Account,True
PAY-00539-202509,SME-2024-00539,2025-09,1230031,2025-09-15,2025-09-15,0,Virtual Account,False
PAY-00539-202510,SME-2024-00539,2025-10,1261751,2025-10-17,2025-10-15,2,Auto-debit,False
PAY-00539-202511,SME-2024-00539,2025-11,1235704,2025-11-16,2025-11-15,1,Virtual Account,False
PAY-00539-202512,SME-2024-00539,2025-12,1247451,2025-12-17,2025-12-15,2,Virtual Account,False
PAY-00539-202601,SME-2024-00539,2026-01,1258691,2026-01-15,2026-01-15,0,Virtual Account,False
PAY-00539-202602,SME-2024-00539,2026-02,1254835,2026-02-16,2026-02-15,1,Virtual Account,False
PAY-00539-202603,SME-2024-00539,2026-03,1218774,2026-03-16,2026-03-15,1,Virtual Account,False
PAY-00539-202604,SME-2024-00539,2026-04,1272303,2026-04-18,2026-04-15,3,Bank Transfer,False
PAY-00539-202605,SME-2024-00539,2026-05,1212844,2026-05-16,2026-05-15,1,Bank Transfer,False
PAY-00539-202606,SME-2024-00539,2026-06,1218766,2026-06-20,2026-06-15,5,Auto-debit,False
PAY-00540-202507,SME-2024-00540,2025-07,2751014,2025-07-16,2025-07-15,1,Virtual Account,False
PAY-00540-202508,SME-2024-00540,2025-08,2852224,2025-08-16,2025-08-15,1,Auto-debit,False
PAY-00540-202509,SME-2024-00540,2025-09,2746659,2025-09-15,2025-09-15,0,Virtual Account,False
PAY-00540-202510,SME-2024-00540,2025-10,2742014,2025-10-16,2025-10-15,1,Bank Transfer,False
PAY-00540-202511,SME-2024-00540,2025-11,2743064,2025-11-16,2025-11-15,1,Auto-debit,False
PAY-00540-202512,SME-2024-00540,2025-12,2732002,2025-12-15,2025-12-15,0,Auto-debit,False
PAY-00540-202601,SME-2024-00540,2026-01,2861481,2026-01-17,2026-01-15,2,Auto-debit,False
PAY-00540-202602,SME-2024-00540,2026-02,2807005,2026-02-16,2026-02-15,1,Bank Transfer,False
PAY-00540-202603,SME-2024-00540,2026-03,2814661,2026-03-16,2026-03-15,1,Bank Transfer,False
PAY-00540-202604,SME-2024-00540,2026-04,2756767,2026-04-16,2026-04-15,1,Auto-debit,False
PAY-00540-202605,SME-2024-00540,2026-05,2854572,2026-05-15,2026-05-15,0,Cash,False
PAY-00540-202606,SME-2024-00540,2026-06,2797071,2026-06-16,2026-06-15,1,Virtual Account,False
PAY-00541-202508,SME-2024-00541,2025-08,2141433,2025-08-16,2025-08-15,1,Virtual Account,False
PAY-00541-202509,SME-2024-00541,2025-09,2147948,2025-09-15,2025-09-15,0,Bank Transfer,True
PAY-00541-202510,SME-2024-00541,2025-10,2110622,2025-10-16,2025-10-15,1,Virtual Account,False
PAY-00541-202511,SME-2024-00541,2025-11,2043368,2025-11-15,2025-11-15,0,Bank Transfer,False
PAY-00541-202512,SME-2024-00541,2025-12,2072145,2025-12-17,2025-12-15,2,Cash,False
PAY-00541-202601,SME-2024-00541,2026-01,2062656,2026-01-16,2026-01-15,1,Virtual Account,False
PAY-00541-202602,SME-2024-00541,2026-02,2129965,2026-02-16,2026-02-15,1,Virtual Account,False
PAY-00541-202603,SME-2024-00541,2026-03,2095036,2026-03-17,2026-03-15,2,Auto-debit,False
PAY-00541-202604,SME-2024-00541,2026-04,2076854,2026-04-17,2026-04-15,2,Cash,False
PAY-00541-202605,SME-2024-00541,2026-05,2084911,2026-05-16,2026-05-15,1,Bank Transfer,False
PAY-00541-202606,SME-2024-00541,2026-06,2050369,2026-06-15,2026-06-15,0,Bank Transfer,False
PAY-00542-202508,SME-2024-00542,2025-08,5941874,2025-08-16,2025-08-15,1,Auto-debit,False
PAY-00542-202509,SME-2024-00542,2025-09,5793512,2025-09-15,2025-09-15,0,Auto-debit,False
PAY-00542-202510,SME-2024-00542,2025-10,5808446,2025-10-15,2025-10-15,0,Bank Transfer,False
PAY-00542-202511,SME-2024-00542,2025-11,6088492,2025-11-16,2025-11-15,1,Virtual Account,False
PAY-00542-202512,SME-2024-00542,2025-12,5934665,2025-12-16,2025-12-15,1,Virtual Account,False
PAY-00542-202601,SME-2024-00542,2026-01,5815023,2026-01-16,2026-01-15,1,Auto-debit,False
PAY-00542-202602,SME-2024-00542,2026-02,6062515,2026-02-16,2026-02-15,1,Bank Transfer,False
PAY-00542-202603,SME-2024-00542,2026-03,5969466,2026-03-18,2026-03-15,3,Virtual Account,False
PAY-00542-202604,SME-2024-00542,2026-04,6075243,2026-04-15,2026-04-15,0,Auto-debit,False
PAY-00542-202605,SME-2024-00542,2026-05,5814971,2026-05-16,2026-05-15,1,Cash,False
PAY-00542-202606,SME-2024-00542,2026-06,5808388,2026-06-16,2026-06-15,1,Bank Transfer,False
PAY-00543-202507,SME-2024-00543,2025-07,3131125,2025-07-15,2025-07-15,0,Auto-debit,False
PAY-00543-202508,SME-2024-00543,2025-08,3180563,2025-08-15,2025-08-15,0,Cash,False
PAY-00543-202509,SME-2024-00543,2025-09,3151362,2025-09-16,2025-09-15,1,Auto-debit,False
PAY-00543-202510,SME-2024-00543,2025-10,3153239,2025-10-15,2025-10-15,0,Virtual Account,False
PAY-00543-202511,SME-2024-00543,2025-11,3191831,2025-11-17,2025-11-15,2,Bank Transfer,False
PAY-00543-202512,SME-2024-00543,2025-12,3187354,2025-12-17,2025-12-15,2,Bank Transfer,False
PAY-00543-202601,SME-2024-00543,2026-01,3151719,2026-01-15,2026-01-15,0,Virtual Account,False
PAY-00543-202602,SME-2024-00543,2026-02,3133955,2026-02-16,2026-02-15,1,Bank Transfer,False
PAY-00543-202603,SME-2024-00543,2026-03,3195940,2026-03-16,2026-03-15,1,Bank Transfer,False
PAY-00543-202604,SME-2024-00543,2026-04,3267677,2026-04-17,2026-04-15,2,Auto-debit,False
PAY-00543-202605,SME-2024-00543,2026-05,3227465,2026-05-17,2026-05-15,2,Virtual Account,False
PAY-00543-202606,SME-2024-00543,2026-06,6402772,2026-06-16,2026-06-15,1,Virtual Account,False
PAY-00544-202507,SME-2024-00544,2025-07,4001376,2025-07-15,2025-07-15,0,Virtual Account,False
PAY-00544-202508,SME-2024-00544,2025-08,3943817,2025-08-15,2025-08-15,0,Virtual Account,False
PAY-00544-202509,SME-2024-00544,2025-09,4052120,2025-09-15,2025-09-15,0,Auto-debit,False
PAY-00544-202510,SME-2024-00544,2025-10,4155417,2025-10-15,2025-10-15,0,Bank Transfer,False
PAY-00544-202511,SME-2024-00544,2025-11,7299272,2025-11-15,2025-11-15,0,Cash,False
PAY-00544-202512,SME-2024-00544,2025-12,7079772,2025-12-15,2025-12-15,0,Bank Transfer,False
PAY-00544-202601,SME-2024-00544,2026-01,7262914,2026-01-15,2026-01-15,0,Bank Transfer,False
PAY-00544-202602,SME-2024-00544,2026-02,7123825,2026-02-17,2026-02-15,2,Bank Transfer,False
PAY-00544-202603,SME-2024-00544,2026-03,7249980,2026-03-16,2026-03-15,1,Virtual Account,False
PAY-00544-202604,SME-2024-00544,2026-04,7240231,2026-04-16,2026-04-15,1,Cash,False
PAY-00544-202605,SME-2024-00544,2026-05,7225669,2026-05-17,2026-05-15,2,Cash,False
PAY-00544-202606,SME-2024-00544,2026-06,6975136,2026-06-16,2026-06-15,1,Bank Transfer,False
PAY-00545-202507,SME-2024-00545,2025-07,3063076,2025-07-15,2025-07-15,0,Auto-debit,False
PAY-00545-202508,SME-2024-00545,2025-08,3065972,2025-08-15,2025-08-15,0,Cash,False
PAY-00545-202509,SME-2024-00545,2025-09,3123576,2025-09-15,2025-09-15,0,Bank Transfer,False
PAY-00545-202510,SME-2024-00545,2025-10,2984878,2025-10-15,2025-10-15,0,Bank Transfer,False
PAY-00545-202511,SME-2024-00545,2025-11,3074424,2025-11-16,2025-11-15,1,Auto-debit,False
PAY-00545-202512,SME-2024-00545,2025-12,3153238,2025-12-17,2025-12-15,2,Bank Transfer,False
PAY-00545-202601,SME-2024-00545,2026-01,3077195,2026-01-15,2026-01-15,0,Virtual Account,False
PAY-00545-202602,SME-2024-00545,2026-02,3117371,2026-02-15,2026-02-15,0,Cash,False
PAY-00545-202603,SME-2024-00545,2026-03,2987869,2026-03-17,2026-03-15,2,Virtual Account,False
PAY-00545-202604,SME-2024-00545,2026-04,3020463,2026-04-17,2026-04-15,2,Auto-debit,False
PAY-00545-202605,SME-2024-00545,2026-05,3055225,2026-05-17,2026-05-15,2,Cash,False
PAY-00545-202606,SME-2024-00545,2026-06,3121976,2026-06-15,2026-06-15,0,Bank Transfer,False
PAY-00546-202507,SME-2024-00546,2025-07,793162,2025-07-15,2025-07-15,0,Virtual Account,False
PAY-00546-202508,SME-2024-00546,2025-08,806423,2025-08-15,2025-08-15,0,Bank Transfer,False
PAY-00546-202509,SME-2024-00546,2025-09,811455,2025-09-15,2025-09-15,0,Virtual Account,False
PAY-00546-202510,SME-2024-00546,2025-10,771124,2025-10-15,2025-10-15,0,Cash,False
PAY-00546-202511,SME-2024-00546,2025-11,786049,2025-11-16,2025-11-15,1,Virtual Account,False
PAY-00546-202512,SME-2024-00546,2025-12,800005,2025-12-16,2025-12-15,1,Bank Transfer,False
PAY-00546-202601,SME-2024-00546,2026-01,790527,2026-01-16,2026-01-15,1,Virtual Account,False
PAY-00546-202602,SME-2024-00546,2026-02,769103,2026-02-15,2026-02-15,0,Auto-debit,False
PAY-00546-202603,SME-2024-00546,2026-03,771447,2026-03-17,2026-03-15,2,Auto-debit,False
PAY-00546-202604,SME-2024-00546,2026-04,783584,2026-04-16,2026-04-15,1,Virtual Account,False
PAY-00546-202605,SME-2024-00546,2026-05,807671,2026-05-15,2026-05-15,0,Bank Transfer,False
PAY-00546-202606,SME-2024-00546,2026-06,797518,2026-06-17,2026-06-15,2,Virtual Account,False
PAY-00547-202511,SME-2024-00547,2025-11,1692189,2025-11-16,2025-11-15,1,Bank Transfer,False
PAY-00547-202512,SME-2024-00547,2025-12,1704508,2025-12-15,2025-12-15,0,Virtual Account,False
PAY-00547-202601,SME-2024-00547,2026-01,1664806,2026-01-17,2026-01-15,2,Auto-debit,False
PAY-00547-202602,SME-2024-00547,2026-02,1713674,2026-02-18,2026-02-15,3,Bank Transfer,False
PAY-00547-202603,SME-2024-00547,2026-03,1691234,2026-03-15,2026-03-15,0,Bank Transfer,False
PAY-00547-202604,SME-2024-00547,2026-04,1739752,2026-04-17,2026-04-15,2,Auto-debit,False
PAY-00547-202605,SME-2024-00547,2026-05,1686397,2026-05-16,2026-05-15,1,Virtual Account,False
PAY-00547-202606,SME-2024-00547,2026-06,1694138,2026-06-16,2026-06-15,1,Bank Transfer,False
PAY-00548-202512,SME-2024-00548,2025-12,4687682,2025-12-17,2025-12-15,2,Cash,False
PAY-00548-202601,SME-2024-00548,2026-01,4620918,2026-01-16,2026-01-15,1,Auto-debit,False
PAY-00548-202602,SME-2024-00548,2026-02,4530438,2026-02-15,2026-02-15,0,Auto-debit,False
PAY-00548-202603,SME-2024-00548,2026-03,4704357,2026-03-17,2026-03-15,2,Virtual Account,False
PAY-00548-202604,SME-2024-00548,2026-04,4729097,2026-04-15,2026-04-15,0,Virtual Account,False
PAY-00548-202605,SME-2024-00548,2026-05,4653379,2026-05-17,2026-05-15,2,Virtual Account,False
PAY-00548-202606,SME-2024-00548,2026-06,4685402,2026-06-16,2026-06-15,1,Virtual Account,False
PAY-00549-202507,SME-2024-00549,2025-07,3198775,2025-07-16,2025-07-15,1,Bank Transfer,False
PAY-00549-202508,SME-2024-00549,2025-08,3213808,2025-08-16,2025-08-15,1,Cash,False
PAY-00549-202509,SME-2024-00549,2025-09,3225255,2025-09-15,2025-09-15,0,Auto-debit,False
PAY-00549-202510,SME-2024-00549,2025-10,3229817,2025-10-15,2025-10-15,0,Virtual Account,False
PAY-00549-202511,SME-2024-00549,2025-11,3242057,2025-11-16,2025-11-15,1,Virtual Account,False
PAY-00549-202512,SME-2024-00549,2025-12,3218168,2025-12-16,2025-12-15,1,Cash,False
PAY-00549-202601,SME-2024-00549,2026-01,3277261,2026-01-16,2026-01-15,1,Virtual Account,False
PAY-00549-202602,SME-2024-00549,2026-02,3187978,2026-02-15,2026-02-15,0,Virtual Account,False
PAY-00549-202603,SME-2024-00549,2026-03,3178250,2026-03-16,2026-03-15,1,Cash,False
PAY-00549-202604,SME-2024-00549,2026-04,3297749,2026-04-15,2026-04-15,0,Cash,False
PAY-00549-202605,SME-2024-00549,2026-05,3239877,2026-05-15,2026-05-15,0,Cash,False
PAY-00549-202606,SME-2024-00549,2026-06,3171015,2026-06-16,2026-06-15,1,Virtual Account,False
PAY-00550-202507,SME-2024-00550,2025-07,10563497,2025-07-16,2025-07-15,1,Auto-debit,False
PAY-00550-202508,SME-2024-00550,2025-08,10663130,2025-08-16,2025-08-15,1,Virtual Account,False
PAY-00550-202509,SME-2024-00550,2025-09,10614628,2025-09-15,2025-09-15,0,Virtual Account,False
PAY-00550-202510,SME-2024-00550,2025-10,10670377,2025-10-15,2025-10-15,0,Virtual Account,False
PAY-00550-202511,SME-2024-00550,2025-11,10539741,2025-11-16,2025-11-15,1,Bank Transfer,False
PAY-00550-202512,SME-2024-00550,2025-12,10396742,2025-12-16,2025-12-15,1,Bank Transfer,False
PAY-00550-202601,SME-2024-00550,2026-01,10188274,2026-01-15,2026-01-15,0,Auto-debit,False
PAY-00550-202602,SME-2024-00550,2026-02,10366599,2026-02-17,2026-02-15,2,Auto-debit,False
PAY-00550-202603,SME-2024-00550,2026-03,10250782,2026-03-16,2026-03-15,1,Cash,False
PAY-00550-202604,SME-2024-00550,2026-04,10541333,2026-04-15,2026-04-15,0,Virtual Account,False
PAY-00550-202605,SME-2024-00550,2026-05,10509338,2026-05-15,2026-05-15,0,Virtual Account,False
PAY-00550-202606,SME-2024-00550,2026-06,10492422,2026-06-19,2026-06-15,4,Virtual Account,False
PAY-00551-202507,SME-2024-00551,2025-07,1072903,2025-07-16,2025-07-15,1,Bank Transfer,False
PAY-00551-202508,SME-2024-00551,2025-08,1071116,2025-08-16,2025-08-15,1,Virtual Account,False
PAY-00551-202509,SME-2024-00551,2025-09,1125213,2025-09-18,2025-09-15,3,Auto-debit,False
PAY-00551-202510,SME-2024-00551,2025-10,1100322,2025-10-15,2025-10-15,0,Auto-debit,False
PAY-00551-202511,SME-2024-00551,2025-11,1111292,2025-11-16,2025-11-15,1,Virtual Account,False
PAY-00551-202512,SME-2024-00551,2025-12,1097995,2025-12-15,2025-12-15,0,Virtual Account,True
PAY-00551-202601,SME-2024-00551,2026-01,1102831,2026-01-16,2026-01-15,1,Virtual Account,False
PAY-00551-202602,SME-2024-00551,2026-02,1123663,2026-02-16,2026-02-15,1,Cash,False
PAY-00551-202603,SME-2024-00551,2026-03,1106599,2026-03-16,2026-03-15,1,Bank Transfer,False
PAY-00551-202604,SME-2024-00551,2026-04,1103920,2026-04-15,2026-04-15,0,Virtual Account,False
PAY-00551-202605,SME-2024-00551,2026-05,1124475,2026-05-16,2026-05-15,1,Bank Transfer,False
PAY-00551-202606,SME-2024-00551,2026-06,1101217,2026-06-15,2026-06-15,0,Virtual Account,False
PAY-00552-202507,SME-2024-00552,2025-07,1432332,2025-07-16,2025-07-15,1,Cash,False
PAY-00552-202508,SME-2024-00552,2025-08,1429470,2025-08-16,2025-08-15,1,Bank Transfer,False
PAY-00552-202509,SME-2024-00552,2025-09,1435060,2025-09-15,2025-09-15,0,Auto-debit,False
PAY-00552-202510,SME-2024-00552,2025-10,1451909,2025-10-16,2025-10-15,1,Bank Transfer,False
PAY-00552-202511,SME-2024-00552,2025-11,2149651,2025-11-16,2025-11-15,1,Bank Transfer,False
PAY-00552-202512,SME-2024-00552,2025-12,2268820,2025-12-15,2025-12-15,0,Cash,False
PAY-00552-202601,SME-2024-00552,2026-01,2219817,2026-01-15,2026-01-15,0,Bank Transfer,False
PAY-00552-202602,SME-2024-00552,2026-02,2252358,2026-02-16,2026-02-15,1,Cash,False
PAY-00552-202603,SME-2024-00552,2026-03,2168328,2026-03-17,2026-03-15,2,Virtual Account,False
PAY-00552-202604,SME-2024-00552,2026-04,2241924,2026-04-17,2026-04-15,2,Virtual Account,False
PAY-00552-202605,SME-2024-00552,2026-05,2151262,2026-05-16,2026-05-15,1,Auto-debit,False
PAY-00552-202606,SME-2024-00552,2026-06,2198594,2026-06-17,2026-06-15,2,Virtual Account,False
PAY-00553-202507,SME-2024-00553,2025-07,2882693,2025-07-16,2025-07-15,1,Auto-debit,False
PAY-00553-202508,SME-2024-00553,2025-08,2819848,2025-08-15,2025-08-15,0,Virtual Account,False
PAY-00553-202509,SME-2024-00553,2025-09,2934370,2025-09-15,2025-09-15,0,Virtual Account,False
PAY-00553-202510,SME-2024-00553,2025-10,2951683,2025-10-15,2025-10-15,0,Bank Transfer,False
PAY-00553-202511,SME-2024-00553,2025-11,2884087,2025-11-16,2025-11-15,1,Bank Transfer,False
PAY-00553-202512,SME-2024-00553,2025-12,2839615,2025-12-15,2025-12-15,0,Auto-debit,False
PAY-00553-202601,SME-2024-00553,2026-01,2945486,2026-01-18,2026-01-15,3,Virtual Account,False
PAY-00553-202602,SME-2024-00553,2026-02,2941085,2026-02-16,2026-02-15,1,Virtual Account,False
PAY-00553-202603,SME-2024-00553,2026-03,2936597,2026-03-17,2026-03-15,2,Bank Transfer,False
PAY-00553-202604,SME-2024-00553,2026-04,2865020,2026-04-15,2026-04-15,0,Bank Transfer,False
PAY-00553-202605,SME-2024-00553,2026-05,2915555,2026-05-16,2026-05-15,1,Auto-debit,False
PAY-00553-202606,SME-2024-00553,2026-06,2867738,2026-06-15,2026-06-15,0,Bank Transfer,False
PAY-00554-202507,SME-2024-00554,2025-07,6594391,2025-07-15,2025-07-15,0,Virtual Account,False
PAY-00554-202508,SME-2024-00554,2025-08,6428652,2025-08-15,2025-08-15,0,Auto-debit,False
PAY-00554-202509,SME-2024-00554,2025-09,6618527,2025-09-16,2025-09-15,1,Auto-debit,False
PAY-00554-202510,SME-2024-00554,2025-10,6354523,2025-10-17,2025-10-15,2,Cash,False
PAY-00554-202511,SME-2024-00554,2025-11,6570540,2025-11-16,2025-11-15,1,Virtual Account,False
PAY-00554-202512,SME-2024-00554,2025-12,6532949,2025-12-17,2025-12-15,2,Virtual Account,False
PAY-00554-202601,SME-2024-00554,2026-01,6545375,2026-01-16,2026-01-15,1,Virtual Account,False
PAY-00554-202602,SME-2024-00554,2026-02,6673762,2026-02-16,2026-02-15,1,Auto-debit,False
PAY-00554-202603,SME-2024-00554,2026-03,6477095,2026-03-15,2026-03-15,0,Bank Transfer,False
PAY-00554-202604,SME-2024-00554,2026-04,6540017,2026-04-15,2026-04-15,0,Auto-debit,False
PAY-00554-202605,SME-2024-00554,2026-05,6692610,2026-05-15,2026-05-15,0,Auto-debit,False
PAY-00554-202606,SME-2024-00554,2026-06,6401480,2026-06-19,2026-06-15,4,Bank Transfer,True
PAY-00555-202507,SME-2024-00555,2025-07,793752,2025-07-16,2025-07-15,1,Virtual Account,False
PAY-00555-202508,SME-2024-00555,2025-08,802944,2025-08-15,2025-08-15,0,Virtual Account,False
PAY-00555-202509,SME-2024-00555,2025-09,821135,2025-09-15,2025-09-15,0,Auto-debit,False
PAY-00555-202510,SME-2024-00555,2025-10,820108,2025-10-16,2025-10-15,1,Virtual Account,False
PAY-00555-202511,SME-2024-00555,2025-11,805287,2025-11-15,2025-11-15,0,Virtual Account,False
PAY-00555-202512,SME-2024-00555,2025-12,829313,2025-12-16,2025-12-15,1,Cash,False
PAY-00555-202601,SME-2024-00555,2026-01,804069,2026-01-16,2026-01-15,1,Bank Transfer,False
PAY-00555-202602,SME-2024-00555,2026-02,789044,2026-02-16,2026-02-15,1,Bank Transfer,False
PAY-00555-202603,SME-2024-00555,2026-03,828658,2026-03-15,2026-03-15,0,Bank Transfer,False
PAY-00555-202604,SME-2024-00555,2026-04,814011,2026-04-16,2026-04-15,1,Bank Transfer,False
PAY-00555-202605,SME-2024-00555,2026-05,837420,2026-05-15,2026-05-15,0,Virtual Account,False
PAY-00555-202606,SME-2024-00555,2026-06,1753533,2026-06-16,2026-06-15,1,Auto-debit,False
PAY-00556-202606,SME-2024-00556,2026-06,2211399,2026-06-15,2026-06-15,0,Auto-debit,False
PAY-00557-202507,SME-2024-00557,2025-07,2692378,2025-07-16,2025-07-15,1,Virtual Account,False
PAY-00557-202508,SME-2024-00557,2025-08,2746502,2025-08-16,2025-08-15,1,Cash,False
PAY-00557-202509,SME-2024-00557,2025-09,2752593,2025-09-15,2025-09-15,0,Auto-debit,False
PAY-00557-202510,SME-2024-00557,2025-10,2703720,2025-10-15,2025-10-15,0,Bank Transfer,False
PAY-00557-202511,SME-2024-00557,2025-11,2662761,2025-11-15,2025-11-15,0,Bank Transfer,False
PAY-00557-202512,SME-2024-00557,2025-12,2684987,2025-12-17,2025-12-15,2,Virtual Account,False
PAY-00557-202601,SME-2024-00557,2026-01,2745943,2026-01-16,2026-01-15,1,Virtual Account,False
PAY-00557-202602,SME-2024-00557,2026-02,2736716,2026-02-18,2026-02-15,3,Bank Transfer,False
PAY-00557-202603,SME-2024-00557,2026-03,2745089,2026-03-16,2026-03-15,1,Virtual Account,False
PAY-00557-202604,SME-2024-00557,2026-04,2742377,2026-04-15,2026-04-15,0,Bank Transfer,False
PAY-00557-202605,SME-2024-00557,2026-05,2755585,2026-05-15,2026-05-15,0,Virtual Account,True
PAY-00557-202606,SME-2024-00557,2026-06,2615983,2026-06-16,2026-06-15,1,Bank Transfer,False
PAY-00558-202507,SME-2024-00558,2025-07,1258757,2025-07-15,2025-07-15,0,Virtual Account,False
PAY-00558-202508,SME-2024-00558,2025-08,1299718,2025-08-15,2025-08-15,0,Virtual Account,False
PAY-00558-202509,SME-2024-00558,2025-09,1246722,2025-09-15,2025-09-15,0,Bank Transfer,False
PAY-00558-202510,SME-2024-00558,2025-10,1290602,2025-10-17,2025-10-15,2,Auto-debit,False
PAY-00558-202511,SME-2024-00558,2025-11,1254371,2025-11-15,2025-11-15,0,Bank Transfer,False
PAY-00558-202512,SME-2024-00558,2025-12,1279137,2025-12-16,2025-12-15,1,Bank Transfer,False
PAY-00558-202601,SME-2024-00558,2026-01,1270824,2026-01-17,2026-01-15,2,Virtual Account,False
PAY-00558-202602,SME-2024-00558,2026-02,1262963,2026-02-16,2026-02-15,1,Virtual Account,False
PAY-00558-202603,SME-2024-00558,2026-03,1255468,2026-03-16,2026-03-15,1,Virtual Account,False
PAY-00558-202604,SME-2024-00558,2026-04,1301010,2026-04-15,2026-04-15,0,Bank Transfer,False
PAY-00558-202605,SME-2024-00558,2026-05,1256419,2026-05-16,2026-05-15,1,Bank Transfer,False
PAY-00558-202606,SME-2024-00558,2026-06,1297345,2026-06-16,2026-06-15,1,Bank Transfer,False
PAY-00559-202507,SME-2024-00559,2025-07,3866010,2025-07-16,2025-07-15,1,Virtual Account,False
PAY-00559-202508,SME-2024-00559,2025-08,3962042,2025-08-15,2025-08-15,0,Virtual Account,False
PAY-00559-202509,SME-2024-00559,2025-09,3951395,2025-09-16,2025-09-15,1,Auto-debit,True
PAY-00559-202510,SME-2024-00559,2025-10,3951392,2025-10-15,2025-10-15,0,Auto-debit,False
PAY-00559-202511,SME-2024-00559,2025-11,3897339,2025-11-15,2025-11-15,0,Auto-debit,False
PAY-00559-202512,SME-2024-00559,2025-12,3809561,2025-12-15,2025-12-15,0,Bank Transfer,False
PAY-00559-202601,SME-2024-00559,2026-01,3951477,2026-01-16,2026-01-15,1,Bank Transfer,True
PAY-00559-202602,SME-2024-00559,2026-02,3843380,2026-02-16,2026-02-15,1,Auto-debit,False
PAY-00559-202603,SME-2024-00559,2026-03,3891467,2026-03-18,2026-03-15,3,Auto-debit,False
PAY-00559-202604,SME-2024-00559,2026-04,3811572,2026-04-15,2026-04-15,0,Bank Transfer,False
PAY-00559-202605,SME-2024-00559,2026-05,3864639,2026-05-15,2026-05-15,0,Virtual Account,False
PAY-00559-202606,SME-2024-00559,2026-06,3809671,2026-06-16,2026-06-15,1,Auto-debit,False
PAY-00560-202605,SME-2024-00560,2026-05,634155,2026-05-18,2026-05-15,3,Virtual Account,False
PAY-00560-202606,SME-2024-00560,2026-06,646378,2026-06-16,2026-06-15,1,Virtual Account,False
PAY-00561-202606,SME-2024-00561,2026-06,2416891,2026-06-16,2026-06-15,1,Auto-debit,False
PAY-00562-202507,SME-2024-00562,2025-07,2689298,2025-07-15,2025-07-15,0,Auto-debit,False
PAY-00562-202508,SME-2024-00562,2025-08,2714455,2025-08-16,2025-08-15,1,Virtual Account,False
PAY-00562-202509,SME-2024-00562,2025-09,2758372,2025-09-15,2025-09-15,0,Virtual Account,False
PAY-00562-202510,SME-2024-00562,2025-10,2734706,2025-10-17,2025-10-15,2,Virtual Account,False
PAY-00562-202511,SME-2024-00562,2025-11,2749594,2025-11-19,2025-11-15,4,Virtual Account,False
PAY-00562-202512,SME-2024-00562,2025-12,2705428,2025-12-15,2025-12-15,0,Bank Transfer,False
PAY-00562-202601,SME-2024-00562,2026-01,2726756,2026-01-16,2026-01-15,1,Auto-debit,False
PAY-00562-202602,SME-2024-00562,2026-02,2644683,2026-02-16,2026-02-15,1,Cash,False
PAY-00562-202603,SME-2024-00562,2026-03,2727635,2026-03-16,2026-03-15,1,Virtual Account,False
PAY-00562-202604,SME-2024-00562,2026-04,2672171,2026-04-15,2026-04-15,0,Virtual Account,False
PAY-00562-202605,SME-2024-00562,2026-05,2645298,2026-05-18,2026-05-15,3,Bank Transfer,False
PAY-00562-202606,SME-2024-00562,2026-06,2667794,2026-06-17,2026-06-15,2,Cash,False
PAY-00563-202508,SME-2024-00563,2025-08,5841397,2025-08-15,2025-08-15,0,Bank Transfer,False
PAY-00563-202509,SME-2024-00563,2025-09,6029984,2025-09-15,2025-09-15,0,Virtual Account,False
PAY-00563-202510,SME-2024-00563,2025-10,5919231,2025-10-17,2025-10-15,2,Bank Transfer,False
PAY-00563-202511,SME-2024-00563,2025-11,5882274,2025-11-16,2025-11-15,1,Bank Transfer,False
PAY-00563-202512,SME-2024-00563,2025-12,6995872,2025-12-15,2025-12-15,0,Virtual Account,False
PAY-00563-202601,SME-2024-00563,2026-01,7196577,2026-01-16,2026-01-15,1,Virtual Account,False
PAY-00563-202602,SME-2024-00563,2026-02,7268949,2026-02-17,2026-02-15,2,Virtual Account,False
PAY-00563-202603,SME-2024-00563,2026-03,7197502,2026-03-17,2026-03-15,2,Auto-debit,False
PAY-00563-202604,SME-2024-00563,2026-04,7391658,2026-04-16,2026-04-15,1,Bank Transfer,False
PAY-00563-202605,SME-2024-00563,2026-05,7250800,2026-05-17,2026-05-15,2,Auto-debit,False
PAY-00563-202606,SME-2024-00563,2026-06,7170019,2026-06-17,2026-06-15,2,Bank Transfer,False
PAY-00564-202507,SME-2024-00564,2025-07,1259990,2025-07-17,2025-07-15,2,Cash,False
PAY-00564-202508,SME-2024-00564,2025-08,1227389,2025-08-15,2025-08-15,0,Virtual Account,False
PAY-00564-202509,SME-2024-00564,2025-09,1201933,2025-09-16,2025-09-15,1,Virtual Account,False
PAY-00564-202510,SME-2024-00564,2025-10,1194944,2025-10-15,2025-10-15,0,Auto-debit,False
PAY-00564-202511,SME-2024-00564,2025-11,1200315,2025-11-16,2025-11-15,1,Cash,False
PAY-00564-202512,SME-2024-00564,2025-12,1229320,2025-12-16,2025-12-15,1,Virtual Account,True
PAY-00564-202601,SME-2024-00564,2026-01,1215087,2026-01-15,2026-01-15,0,Bank Transfer,False
PAY-00564-202602,SME-2024-00564,2026-02,1219121,2026-02-16,2026-02-15,1,Bank Transfer,False
PAY-00564-202603,SME-2024-00564,2026-03,1256354,2026-03-16,2026-03-15,1,Bank Transfer,False
PAY-00564-202604,SME-2024-00564,2026-04,1246456,2026-04-17,2026-04-15,2,Cash,False
PAY-00564-202605,SME-2024-00564,2026-05,1221877,2026-05-17,2026-05-15,2,Auto-debit,False
PAY-00564-202606,SME-2024-00564,2026-06,1262786,2026-06-18,2026-06-15,3,Bank Transfer,False
PAY-00565-202507,SME-2024-00565,2025-07,3300463,2025-07-15,2025-07-15,0,Virtual Account,False
PAY-00565-202508,SME-2024-00565,2025-08,3186575,2025-08-15,2025-08-15,0,Virtual Account,True
PAY-00565-202509,SME-2024-00565,2025-09,3287005,2025-09-16,2025-09-15,1,Virtual Account,False
PAY-00565-202510,SME-2024-00565,2025-10,3322908,2025-10-16,2025-10-15,1,Auto-debit,False
PAY-00565-202511,SME-2024-00565,2025-11,3322067,2025-11-15,2025-11-15,0,Virtual Account,False
PAY-00565-202512,SME-2024-00565,2025-12,4586782,2025-12-15,2025-12-15,0,Auto-debit,False
PAY-00565-202601,SME-2024-00565,2026-01,4598553,2026-01-18,2026-01-15,3,Virtual Account,False
PAY-00565-202602,SME-2024-00565,2026-02,4560201,2026-02-16,2026-02-15,1,Bank Transfer,False
PAY-00565-202603,SME-2024-00565,2026-03,4708092,2026-03-16,2026-03-15,1,Cash,False
PAY-00565-202604,SME-2024-00565,2026-04,4572010,2026-04-15,2026-04-15,0,Bank Transfer,False
PAY-00565-202605,SME-2024-00565,2026-05,6999574,2026-05-16,2026-05-15,1,Auto-debit,False
PAY-00565-202606,SME-2024-00565,2026-06,7070851,2026-06-15,2026-06-15,0,Bank Transfer,False
PAY-00566-202512,SME-2024-00566,2025-12,2033725,2025-12-16,2025-12-15,1,Virtual Account,False
PAY-00566-202601,SME-2024-00566,2026-01,1978809,2026-01-16,2026-01-15,1,Auto-debit,False
PAY-00566-202602,SME-2024-00566,2026-02,2005563,2026-02-15,2026-02-15,0,Virtual Account,False
PAY-00566-202603,SME-2024-00566,2026-03,2034295,2026-03-15,2026-03-15,0,Bank Transfer,False
PAY-00566-202604,SME-2024-00566,2026-04,2026211,2026-04-20,2026-04-15,5,Virtual Account,False
PAY-00566-202605,SME-2024-00566,2026-05,2034101,2026-05-17,2026-05-15,2,Virtual Account,False
PAY-00566-202606,SME-2024-00566,2026-06,1977166,2026-06-15,2026-06-15,0,Virtual Account,False
PAY-00567-202507,SME-2024-00567,2025-07,10271933,2025-07-15,2025-07-15,0,Auto-debit,False
PAY-00567-202508,SME-2024-00567,2025-08,10223179,2025-08-15,2025-08-15,0,Bank Transfer,False
PAY-00567-202509,SME-2024-00567,2025-09,10170477,2025-09-15,2025-09-15,0,Bank Transfer,False
PAY-00567-202510,SME-2024-00567,2025-10,10367571,2025-10-15,2025-10-15,0,Cash,False
PAY-00567-202511,SME-2024-00567,2025-11,10204978,2025-11-17,2025-11-15,2,Auto-debit,False
PAY-00567-202512,SME-2024-00567,2025-12,9888923,2025-12-17,2025-12-15,2,Auto-debit,False
PAY-00567-202601,SME-2024-00567,2026-01,9804266,2026-01-16,2026-01-15,1,Virtual Account,False
PAY-00567-202602,SME-2024-00567,2026-02,10219804,2026-02-17,2026-02-15,2,Bank Transfer,False
PAY-00567-202603,SME-2024-00567,2026-03,9882342,2026-03-15,2026-03-15,0,Bank Transfer,False
PAY-00567-202604,SME-2024-00567,2026-04,9899229,2026-04-15,2026-04-15,0,Virtual Account,False
PAY-00567-202605,SME-2024-00567,2026-05,9769728,2026-05-15,2026-05-15,0,Bank Transfer,False
PAY-00567-202606,SME-2024-00567,2026-06,9783608,2026-06-19,2026-06-15,4,Virtual Account,False
PAY-00568-202507,SME-2024-00568,2025-07,3000155,2025-07-15,2025-07-15,0,Virtual Account,False
PAY-00568-202508,SME-2024-00568,2025-08,2980180,2025-08-16,2025-08-15,1,Cash,False
PAY-00568-202509,SME-2024-00568,2025-09,2905940,2025-09-15,2025-09-15,0,Auto-debit,False
PAY-00568-202510,SME-2024-00568,2025-10,3036704,2025-10-15,2025-10-15,0,Virtual Account,False
PAY-00568-202511,SME-2024-00568,2025-11,2951371,2025-11-15,2025-11-15,0,Bank Transfer,False
PAY-00568-202512,SME-2024-00568,2025-12,3035333,2025-12-15,2025-12-15,0,Bank Transfer,False
PAY-00568-202601,SME-2024-00568,2026-01,2893884,2026-01-15,2026-01-15,0,Cash,False
PAY-00568-202602,SME-2024-00568,2026-02,3033521,2026-02-16,2026-02-15,1,Bank Transfer,False
PAY-00568-202603,SME-2024-00568,2026-03,2881024,2026-03-15,2026-03-15,0,Cash,False
PAY-00568-202604,SME-2024-00568,2026-04,2973731,2026-04-17,2026-04-15,2,Auto-debit,False
PAY-00568-202605,SME-2024-00568,2026-05,2869548,2026-05-15,2026-05-15,0,Auto-debit,False
PAY-00568-202606,SME-2024-00568,2026-06,3008452,2026-06-16,2026-06-15,1,Virtual Account,False
PAY-00569-202512,SME-2024-00569,2025-12,4476611,2025-12-15,2025-12-15,0,Auto-debit,False
PAY-00569-202601,SME-2024-00569,2026-01,4366392,2026-01-15,2026-01-15,0,Bank Transfer,False
PAY-00569-202602,SME-2024-00569,2026-02,4285852,2026-02-18,2026-02-15,3,Auto-debit,False
PAY-00569-202603,SME-2024-00569,2026-03,4327850,2026-03-15,2026-03-15,0,Cash,False
PAY-00569-202604,SME-2024-00569,2026-04,4435181,2026-04-15,2026-04-15,0,Virtual Account,False
PAY-00569-202605,SME-2024-00569,2026-05,4369194,2026-05-15,2026-05-15,0,Bank Transfer,False
PAY-00569-202606,SME-2024-00569,2026-06,4306046,2026-06-17,2026-06-15,2,Virtual Account,False
PAY-00570-202507,SME-2024-00570,2025-07,3457308,2025-07-16,2025-07-15,1,Cash,False
PAY-00570-202508,SME-2024-00570,2025-08,3543843,2025-08-15,2025-08-15,0,Virtual Account,False
PAY-00570-202509,SME-2024-00570,2025-09,3559383,2025-09-18,2025-09-15,3,Virtual Account,False
PAY-00570-202510,SME-2024-00570,2025-10,3547124,2025-10-18,2025-10-15,3,Auto-debit,False
PAY-00570-202511,SME-2024-00570,2025-11,3424921,2025-11-16,2025-11-15,1,Virtual Account,False
PAY-00570-202512,SME-2024-00570,2025-12,3520602,2025-12-16,2025-12-15,1,Bank Transfer,True
PAY-00570-202601,SME-2024-00570,2026-01,3532613,2026-01-15,2026-01-15,0,Bank Transfer,False
PAY-00570-202602,SME-2024-00570,2026-02,3495506,2026-02-16,2026-02-15,1,Virtual Account,False
PAY-00570-202603,SME-2024-00570,2026-03,3514325,2026-03-16,2026-03-15,1,Virtual Account,False
PAY-00570-202604,SME-2024-00570,2026-04,3422253,2026-04-16,2026-04-15,1,Virtual Account,False
PAY-00570-202605,SME-2024-00570,2026-05,3433348,2026-05-16,2026-05-15,1,Virtual Account,False
PAY-00570-202606,SME-2024-00570,2026-06,3446290,2026-06-15,2026-06-15,0,Virtual Account,False
PAY-00571-202507,SME-2024-00571,2025-07,1510102,2025-07-15,2025-07-15,0,Auto-debit,False
PAY-00571-202508,SME-2024-00571,2025-08,1546788,2025-08-16,2025-08-15,1,Bank Transfer,False
PAY-00571-202509,SME-2024-00571,2025-09,1571457,2025-09-16,2025-09-15,1,Auto-debit,False
PAY-00571-202510,SME-2024-00571,2025-10,1524160,2025-10-16,2025-10-15,1,Bank Transfer,False
PAY-00571-202511,SME-2024-00571,2025-11,1556691,2025-11-15,2025-11-15,0,Bank Transfer,False
PAY-00571-202512,SME-2024-00571,2025-12,1498076,2025-12-16,2025-12-15,1,Virtual Account,False
PAY-00571-202601,SME-2024-00571,2026-01,2777552,2026-01-15,2026-01-15,0,Virtual Account,False
PAY-00571-202602,SME-2024-00571,2026-02,2731540,2026-02-16,2026-02-15,1,Auto-debit,False
PAY-00571-202603,SME-2024-00571,2026-03,2713181,2026-03-16,2026-03-15,1,Auto-debit,False
PAY-00571-202604,SME-2024-00571,2026-04,2737817,2026-04-16,2026-04-15,1,Auto-debit,False
PAY-00571-202605,SME-2024-00571,2026-05,2769416,2026-05-19,2026-05-15,4,Bank Transfer,True
PAY-00571-202606,SME-2024-00571,2026-06,2637260,2026-06-17,2026-06-15,2,Bank Transfer,False
PAY-00572-202507,SME-2024-00572,2025-07,5820395,2025-07-16,2025-07-15,1,Virtual Account,False
PAY-00572-202508,SME-2024-00572,2025-08,5715367,2025-08-15,2025-08-15,0,Bank Transfer,False
PAY-00572-202509,SME-2024-00572,2025-09,5875738,2025-09-15,2025-09-15,0,Virtual Account,False
PAY-00572-202510,SME-2024-00572,2025-10,5958046,2025-10-15,2025-10-15,0,Bank Transfer,False
PAY-00572-202511,SME-2024-00572,2025-11,5747837,2025-11-15,2025-11-15,0,Virtual Account,False
PAY-00572-202512,SME-2024-00572,2025-12,6003499,2025-12-16,2025-12-15,1,Bank Transfer,False
PAY-00572-202601,SME-2024-00572,2026-01,5781993,2026-01-16,2026-01-15,1,Virtual Account,False
PAY-00572-202602,SME-2024-00572,2026-02,5923073,2026-02-15,2026-02-15,0,Virtual Account,False
PAY-00572-202603,SME-2024-00572,2026-03,5799915,2026-03-16,2026-03-15,1,Bank Transfer,False
PAY-00572-202604,SME-2024-00572,2026-04,5678873,2026-04-15,2026-04-15,0,Bank Transfer,False
PAY-00572-202605,SME-2024-00572,2026-05,5948433,2026-05-16,2026-05-15,1,Auto-debit,False
PAY-00572-202606,SME-2024-00572,2026-06,9115924,2026-06-17,2026-06-15,2,Bank Transfer,False
PAY-00573-202507,SME-2024-00573,2025-07,1432496,2025-07-15,2025-07-15,0,Auto-debit,False
PAY-00573-202508,SME-2024-00573,2025-08,1395565,2025-08-15,2025-08-15,0,Cash,False
PAY-00573-202509,SME-2024-00573,2025-09,1434935,2025-09-15,2025-09-15,0,Auto-debit,False
PAY-00573-202510,SME-2024-00573,2025-10,1464708,2025-10-15,2025-10-15,0,Bank Transfer,False
PAY-00573-202511,SME-2024-00573,2025-11,1419586,2025-11-15,2025-11-15,0,Cash,False
PAY-00573-202512,SME-2024-00573,2025-12,1426486,2025-12-16,2025-12-15,1,Bank Transfer,False
PAY-00573-202601,SME-2024-00573,2026-01,1420865,2026-01-16,2026-01-15,1,Virtual Account,False
PAY-00573-202602,SME-2024-00573,2026-02,1412782,2026-02-15,2026-02-15,0,Bank Transfer,False
PAY-00573-202603,SME-2024-00573,2026-03,1411644,2026-03-17,2026-03-15,2,Auto-debit,False
PAY-00573-202604,SME-2024-00573,2026-04,1387191,2026-04-17,2026-04-15,2,Virtual Account,False
PAY-00573-202605,SME-2024-00573,2026-05,1422904,2026-05-16,2026-05-15,1,Virtual Account,False
PAY-00573-202606,SME-2024-00573,2026-06,1417023,2026-06-18,2026-06-15,3,Bank Transfer,False
PAY-00574-202507,SME-2024-00574,2025-07,10862036,2025-07-17,2025-07-15,2,Auto-debit,False
PAY-00574-202508,SME-2024-00574,2025-08,10983998,2025-08-15,2025-08-15,0,Virtual Account,False
PAY-00574-202509,SME-2024-00574,2025-09,10980124,2025-09-15,2025-09-15,0,Auto-debit,False
PAY-00574-202510,SME-2024-00574,2025-10,11132592,2025-10-16,2025-10-15,1,Virtual Account,False
PAY-00574-202511,SME-2024-00574,2025-11,11140716,2025-11-15,2025-11-15,0,Virtual Account,False
PAY-00574-202512,SME-2024-00574,2025-12,11306326,2025-12-16,2025-12-15,1,Auto-debit,False
PAY-00574-202601,SME-2024-00574,2026-01,10800902,2026-01-16,2026-01-15,1,Auto-debit,False
PAY-00574-202602,SME-2024-00574,2026-02,10812820,2026-02-16,2026-02-15,1,Virtual Account,False
PAY-00574-202603,SME-2024-00574,2026-03,10988533,2026-03-18,2026-03-15,3,Cash,False
PAY-00574-202604,SME-2024-00574,2026-04,11045842,2026-04-20,2026-04-15,5,Bank Transfer,False
PAY-00574-202605,SME-2024-00574,2026-05,11318336,2026-05-15,2026-05-15,0,Bank Transfer,False
PAY-00574-202606,SME-2024-00574,2026-06,10799521,2026-06-15,2026-06-15,0,Cash,False
PAY-00576-202507,SME-2024-00576,2025-07,5148303,2025-07-15,2025-07-15,0,Virtual Account,False
PAY-00576-202508,SME-2024-00576,2025-08,5274103,2025-08-15,2025-08-15,0,Auto-debit,False
PAY-00576-202509,SME-2024-00576,2025-09,5118932,2025-09-15,2025-09-15,0,Bank Transfer,False
PAY-00576-202510,SME-2024-00576,2025-10,5134848,2025-10-16,2025-10-15,1,Bank Transfer,False
PAY-00576-202511,SME-2024-00576,2025-11,5131519,2025-11-16,2025-11-15,1,Bank Transfer,False
PAY-00576-202512,SME-2024-00576,2025-12,5390434,2025-12-15,2025-12-15,0,Auto-debit,False
PAY-00576-202601,SME-2024-00576,2026-01,5208851,2026-01-17,2026-01-15,2,Virtual Account,False
PAY-00576-202602,SME-2024-00576,2026-02,5155466,2026-02-15,2026-02-15,0,Virtual Account,False
PAY-00576-202603,SME-2024-00576,2026-03,5128988,2026-03-16,2026-03-15,1,Virtual Account,False
PAY-00576-202604,SME-2024-00576,2026-04,5243831,2026-04-15,2026-04-15,0,Virtual Account,False
PAY-00576-202605,SME-2024-00576,2026-05,5205776,2026-05-17,2026-05-15,2,Auto-debit,False
PAY-00576-202606,SME-2024-00576,2026-06,5103546,2026-06-15,2026-06-15,0,Auto-debit,False
PAY-00577-202507,SME-2024-00577,2025-07,3102440,2025-07-15,2025-07-15,0,Virtual Account,False
PAY-00577-202508,SME-2024-00577,2025-08,2963975,2025-08-16,2025-08-15,1,Auto-debit,False
PAY-00577-202509,SME-2024-00577,2025-09,2937799,2025-09-16,2025-09-15,1,Virtual Account,False
PAY-00577-202510,SME-2024-00577,2025-10,3017048,2025-10-15,2025-10-15,0,Bank Transfer,False
PAY-00577-202511,SME-2024-00577,2025-11,3060036,2025-11-15,2025-11-15,0,Virtual Account,False
PAY-00577-202512,SME-2024-00577,2025-12,2957816,2025-12-17,2025-12-15,2,Auto-debit,False
PAY-00577-202601,SME-2024-00577,2026-01,3098195,2026-01-17,2026-01-15,2,Virtual Account,False
PAY-00577-202602,SME-2024-00577,2026-02,2970103,2026-02-15,2026-02-15,0,Virtual Account,False
PAY-00577-202603,SME-2024-00577,2026-03,3023217,2026-03-17,2026-03-15,2,Virtual Account,True
PAY-00577-202604,SME-2024-00577,2026-04,2993369,2026-04-16,2026-04-15,1,Bank Transfer,False
PAY-00577-202605,SME-2024-00577,2026-05,3022624,2026-05-15,2026-05-15,0,Virtual Account,False
PAY-00577-202606,SME-2024-00577,2026-06,2966482,2026-06-17,2026-06-15,2,Auto-debit,False
PAY-00578-202507,SME-2024-00578,2025-07,5826414,2025-07-15,2025-07-15,0,Cash,False
PAY-00578-202508,SME-2024-00578,2025-08,5789904,2025-08-16,2025-08-15,1,Auto-debit,False
PAY-00578-202509,SME-2024-00578,2025-09,5709570,2025-09-15,2025-09-15,0,Virtual Account,False
PAY-00578-202510,SME-2024-00578,2025-10,6589448,2025-10-15,2025-10-15,0,Virtual Account,False
PAY-00578-202511,SME-2024-00578,2025-11,6605632,2025-11-18,2025-11-15,3,Auto-debit,False
PAY-00578-202512,SME-2024-00578,2025-12,6931442,2025-12-16,2025-12-15,1,Virtual Account,False
PAY-00578-202601,SME-2024-00578,2026-01,6822754,2026-01-16,2026-01-15,1,Virtual Account,False
PAY-00578-202602,SME-2024-00578,2026-02,6814010,2026-02-15,2026-02-15,0,Bank Transfer,False
PAY-00578-202603,SME-2024-00578,2026-03,6807611,2026-03-15,2026-03-15,0,Virtual Account,False
PAY-00578-202604,SME-2024-00578,2026-04,6600443,2026-04-16,2026-04-15,1,Bank Transfer,False
PAY-00578-202605,SME-2024-00578,2026-05,6926744,2026-05-16,2026-05-15,1,Bank Transfer,False
PAY-00578-202606,SME-2024-00578,2026-06,6979992,2026-06-15,2026-06-15,0,Bank Transfer,False
PAY-00579-202507,SME-2024-00579,2025-07,1355640,2025-07-16,2025-07-15,1,Auto-debit,False
PAY-00579-202508,SME-2024-00579,2025-08,1389301,2025-08-18,2025-08-15,3,Bank Transfer,True
PAY-00579-202509,SME-2024-00579,2025-09,1373571,2025-09-15,2025-09-15,0,Virtual Account,False
PAY-00579-202510,SME-2024-00579,2025-10,1397274,2025-10-16,2025-10-15,1,Virtual Account,False
PAY-00579-202511,SME-2024-00579,2025-11,1373825,2025-11-15,2025-11-15,0,Bank Transfer,False
PAY-00579-202512,SME-2024-00579,2025-12,1364927,2025-12-16,2025-12-15,1,Bank Transfer,False
PAY-00579-202601,SME-2024-00579,2026-01,1415878,2026-01-16,2026-01-15,1,Auto-debit,False
PAY-00579-202602,SME-2024-00579,2026-02,1380775,2026-02-15,2026-02-15,0,Virtual Account,False
PAY-00579-202603,SME-2024-00579,2026-03,1349750,2026-03-16,2026-03-15,1,Virtual Account,False
PAY-00579-202604,SME-2024-00579,2026-04,1420795,2026-04-16,2026-04-15,1,Bank Transfer,False
PAY-00579-202605,SME-2024-00579,2026-05,1355945,2026-05-16,2026-05-15,1,Bank Transfer,False
PAY-00579-202606,SME-2024-00579,2026-06,1367071,2026-06-16,2026-06-15,1,Bank Transfer,False
PAY-00580-202507,SME-2024-00580,2025-07,4018765,2025-07-18,2025-07-15,3,Virtual Account,False
PAY-00580-202508,SME-2024-00580,2025-08,4088270,2025-08-15,2025-08-15,0,Bank Transfer,False
PAY-00580-202509,SME-2024-00580,2025-09,3955875,2025-09-15,2025-09-15,0,Virtual Account,False
PAY-00580-202510,SME-2024-00580,2025-10,4075071,2025-10-16,2025-10-15,1,Auto-debit,False
PAY-00580-202511,SME-2024-00580,2025-11,4091111,2025-11-15,2025-11-15,0,Auto-debit,False
PAY-00580-202512,SME-2024-00580,2025-12,3996797,2025-12-17,2025-12-15,2,Virtual Account,False
PAY-00580-202601,SME-2024-00580,2026-01,4145695,2026-01-16,2026-01-15,1,Cash,False
PAY-00580-202602,SME-2024-00580,2026-02,4031200,2026-02-16,2026-02-15,1,Cash,False
PAY-00580-202603,SME-2024-00580,2026-03,4076489,2026-03-15,2026-03-15,0,Virtual Account,False
PAY-00580-202604,SME-2024-00580,2026-04,3961062,2026-04-16,2026-04-15,1,Virtual Account,False
PAY-00580-202605,SME-2024-00580,2026-05,4074246,2026-05-17,2026-05-15,2,Bank Transfer,False
PAY-00580-202606,SME-2024-00580,2026-06,4051236,2026-06-15,2026-06-15,0,Cash,False
PAY-00581-202507,SME-2024-00581,2025-07,1986083,2025-07-16,2025-07-15,1,Cash,False
PAY-00581-202508,SME-2024-00581,2025-08,2011841,2025-08-16,2025-08-15,1,Virtual Account,False
PAY-00581-202509,SME-2024-00581,2025-09,1998984,2025-09-15,2025-09-15,0,Auto-debit,False
PAY-00581-202510,SME-2024-00581,2025-10,1928225,2025-10-15,2025-10-15,0,Virtual Account,False
PAY-00581-202511,SME-2024-00581,2025-11,1969166,2025-11-15,2025-11-15,0,Auto-debit,False
PAY-00581-202512,SME-2024-00581,2025-12,2026870,2025-12-18,2025-12-15,3,Virtual Account,False
PAY-00581-202601,SME-2024-00581,2026-01,1935877,2026-01-18,2026-01-15,3,Virtual Account,False
PAY-00581-202602,SME-2024-00581,2026-02,1949426,2026-02-15,2026-02-15,0,Virtual Account,False
PAY-00581-202603,SME-2024-00581,2026-03,1994990,2026-03-16,2026-03-15,1,Cash,True
PAY-00581-202604,SME-2024-00581,2026-04,2041713,2026-04-15,2026-04-15,0,Bank Transfer,False
PAY-00581-202605,SME-2024-00581,2026-05,1947422,2026-05-15,2026-05-15,0,Auto-debit,False
PAY-00581-202606,SME-2024-00581,2026-06,1952438,2026-06-18,2026-06-15,3,Virtual Account,False
PAY-00582-202507,SME-2024-00582,2025-07,12015700,2025-07-15,2025-07-15,0,Bank Transfer,False
PAY-00582-202508,SME-2024-00582,2025-08,11725190,2025-08-15,2025-08-15,0,Virtual Account,False
PAY-00582-202509,SME-2024-00582,2025-09,12139972,2025-09-15,2025-09-15,0,Virtual Account,False
PAY-00582-202510,SME-2024-00582,2025-10,11847916,2025-10-15,2025-10-15,0,Auto-debit,False
PAY-00582-202511,SME-2024-00582,2025-11,12057128,2025-11-15,2025-11-15,0,Virtual Account,False
PAY-00582-202512,SME-2024-00582,2025-12,11994712,2025-12-16,2025-12-15,1,Auto-debit,True
PAY-00582-202601,SME-2024-00582,2026-01,11940417,2026-01-18,2026-01-15,3,Virtual Account,False
PAY-00582-202602,SME-2024-00582,2026-02,11498655,2026-02-18,2026-02-15,3,Bank Transfer,False
PAY-00582-202603,SME-2024-00582,2026-03,11743020,2026-03-16,2026-03-15,1,Auto-debit,False
PAY-00582-202604,SME-2024-00582,2026-04,11897833,2026-04-17,2026-04-15,2,Virtual Account,False
PAY-00582-202605,SME-2024-00582,2026-05,11860943,2026-05-17,2026-05-15,2,Virtual Account,False
PAY-00582-202606,SME-2024-00582,2026-06,11485152,2026-06-16,2026-06-15,1,Bank Transfer,True
PAY-00583-202507,SME-2024-00583,2025-07,2158843,2025-07-15,2025-07-15,0,Cash,False
PAY-00583-202508,SME-2024-00583,2025-08,2199955,2025-08-15,2025-08-15,0,Bank Transfer,False
PAY-00583-202509,SME-2024-00583,2025-09,2195331,2025-09-16,2025-09-15,1,Bank Transfer,False
PAY-00583-202510,SME-2024-00583,2025-10,2242595,2025-10-15,2025-10-15,0,Virtual Account,False
PAY-00583-202511,SME-2024-00583,2025-11,2252368,2025-11-15,2025-11-15,0,Bank Transfer,False
PAY-00583-202512,SME-2024-00583,2025-12,2199056,2025-12-17,2025-12-15,2,Cash,False
PAY-00583-202601,SME-2024-00583,2026-01,2215361,2026-01-15,2026-01-15,0,Bank Transfer,False
PAY-00583-202602,SME-2024-00583,2026-02,2287217,2026-02-16,2026-02-15,1,Auto-debit,False
PAY-00583-202603,SME-2024-00583,2026-03,2265472,2026-03-15,2026-03-15,0,Bank Transfer,False
PAY-00583-202604,SME-2024-00583,2026-04,2284389,2026-04-18,2026-04-15,3,Virtual Account,False
PAY-00583-202605,SME-2024-00583,2026-05,2159293,2026-05-17,2026-05-15,2,Auto-debit,False
PAY-00583-202606,SME-2024-00583,2026-06,2213278,2026-06-16,2026-06-15,1,Cash,False
PAY-00584-202507,SME-2024-00584,2025-07,6990767,2025-07-16,2025-07-15,1,Auto-debit,False
PAY-00584-202508,SME-2024-00584,2025-08,7057992,2025-08-15,2025-08-15,0,Auto-debit,False
PAY-00584-202509,SME-2024-00584,2025-09,7222802,2025-09-15,2025-09-15,0,Virtual Account,False
PAY-00584-202510,SME-2024-00584,2025-10,7040224,2025-10-15,2025-10-15,0,Virtual Account,False
PAY-00584-202511,SME-2024-00584,2025-11,7138982,2025-11-15,2025-11-15,0,Bank Transfer,False
PAY-00584-202512,SME-2024-00584,2025-12,7137216,2025-12-15,2025-12-15,0,Bank Transfer,False
PAY-00584-202601,SME-2024-00584,2026-01,7056161,2026-01-15,2026-01-15,0,Virtual Account,True
PAY-00584-202602,SME-2024-00584,2026-02,7371918,2026-02-15,2026-02-15,0,Bank Transfer,False
PAY-00584-202603,SME-2024-00584,2026-03,7048666,2026-03-15,2026-03-15,0,Bank Transfer,False
PAY-00584-202604,SME-2024-00584,2026-04,7066438,2026-04-15,2026-04-15,0,Cash,False
PAY-00584-202605,SME-2024-00584,2026-05,7315111,2026-05-17,2026-05-15,2,Virtual Account,False
PAY-00584-202606,SME-2024-00584,2026-06,7159755,2026-06-15,2026-06-15,0,Bank Transfer,False
PAY-00585-202507,SME-2024-00585,2025-07,1302256,2025-07-15,2025-07-15,0,Cash,False
PAY-00585-202508,SME-2024-00585,2025-08,1320785,2025-08-16,2025-08-15,1,Virtual Account,False
PAY-00585-202509,SME-2024-00585,2025-09,1325306,2025-09-15,2025-09-15,0,Cash,False
PAY-00585-202510,SME-2024-00585,2025-10,1302770,2025-10-15,2025-10-15,0,Bank Transfer,False
PAY-00585-202511,SME-2024-00585,2025-11,1291618,2025-11-15,2025-11-15,0,Virtual Account,False
PAY-00585-202512,SME-2024-00585,2025-12,1259901,2025-12-15,2025-12-15,0,Virtual Account,False
PAY-00585-202601,SME-2024-00585,2026-01,1301789,2026-01-15,2026-01-15,0,Auto-debit,False
PAY-00585-202602,SME-2024-00585,2026-02,1271890,2026-02-15,2026-02-15,0,Virtual Account,False
PAY-00585-202603,SME-2024-00585,2026-03,1256229,2026-03-15,2026-03-15,0,Bank Transfer,False
PAY-00585-202604,SME-2024-00585,2026-04,1311193,2026-04-16,2026-04-15,1,Virtual Account,False
PAY-00585-202605,SME-2024-00585,2026-05,1313479,2026-05-15,2026-05-15,0,Virtual Account,False
PAY-00585-202606,SME-2024-00585,2026-06,1261217,2026-06-15,2026-06-15,0,Virtual Account,True
PAY-00586-202507,SME-2024-00586,2025-07,1603226,2025-07-15,2025-07-15,0,Virtual Account,False
PAY-00586-202508,SME-2024-00586,2025-08,1659875,2025-08-15,2025-08-15,0,Bank Transfer,False
PAY-00586-202509,SME-2024-00586,2025-09,1578803,2025-09-15,2025-09-15,0,Auto-debit,False
PAY-00586-202510,SME-2024-00586,2025-10,1674015,2025-10-18,2025-10-15,3,Virtual Account,False
PAY-00586-202511,SME-2024-00586,2025-11,1616716,2025-11-16,2025-11-15,1,Virtual Account,False
PAY-00586-202512,SME-2024-00586,2025-12,1626571,2025-12-16,2025-12-15,1,Virtual Account,False
PAY-00586-202601,SME-2024-00586,2026-01,1655132,2026-01-16,2026-01-15,1,Virtual Account,False
PAY-00586-202602,SME-2024-00586,2026-02,1592133,2026-02-16,2026-02-15,1,Virtual Account,False
PAY-00586-202603,SME-2024-00586,2026-03,1604265,2026-03-16,2026-03-15,1,Auto-debit,False
PAY-00586-202604,SME-2024-00586,2026-04,1584511,2026-04-18,2026-04-15,3,Auto-debit,False
PAY-00586-202605,SME-2024-00586,2026-05,1597172,2026-05-17,2026-05-15,2,Virtual Account,False
PAY-00586-202606,SME-2024-00586,2026-06,1654578,2026-06-16,2026-06-15,1,Bank Transfer,False
PAY-00587-202507,SME-2024-00587,2025-07,1979450,2025-07-16,2025-07-15,1,Auto-debit,False
PAY-00587-202508,SME-2024-00587,2025-08,1919571,2025-08-16,2025-08-15,1,Bank Transfer,False
PAY-00587-202509,SME-2024-00587,2025-09,1939265,2025-09-16,2025-09-15,1,Auto-debit,False
PAY-00587-202510,SME-2024-00587,2025-10,2010887,2025-10-15,2025-10-15,0,Cash,False
PAY-00587-202511,SME-2024-00587,2025-11,1929334,2025-11-17,2025-11-15,2,Virtual Account,False
PAY-00587-202512,SME-2024-00587,2025-12,1987541,2025-12-15,2025-12-15,0,Virtual Account,False
PAY-00587-202601,SME-2024-00587,2026-01,1983240,2026-01-16,2026-01-15,1,Auto-debit,False
PAY-00587-202602,SME-2024-00587,2026-02,1995476,2026-02-15,2026-02-15,0,Virtual Account,False
PAY-00587-202603,SME-2024-00587,2026-03,1926646,2026-03-16,2026-03-15,1,Virtual Account,False
PAY-00587-202604,SME-2024-00587,2026-04,1991018,2026-04-15,2026-04-15,0,Virtual Account,False
PAY-00587-202605,SME-2024-00587,2026-05,1955091,2026-05-16,2026-05-15,1,Virtual Account,False
PAY-00587-202606,SME-2024-00587,2026-06,1936176,2026-06-16,2026-06-15,1,Virtual Account,False
PAY-00588-202507,SME-2024-00588,2025-07,513803,2025-07-17,2025-07-15,2,Virtual Account,False
PAY-00588-202508,SME-2024-00588,2025-08,509904,2025-08-16,2025-08-15,1,Bank Transfer,False
PAY-00588-202509,SME-2024-00588,2025-09,504831,2025-09-15,2025-09-15,0,Bank Transfer,False
PAY-00588-202510,SME-2024-00588,2025-10,503357,2025-10-16,2025-10-15,1,Virtual Account,False
PAY-00588-202511,SME-2024-00588,2025-11,510318,2025-11-16,2025-11-15,1,Auto-debit,False
PAY-00588-202512,SME-2024-00588,2025-12,501994,2025-12-16,2025-12-15,1,Virtual Account,False
PAY-00588-202601,SME-2024-00588,2026-01,505651,2026-01-15,2026-01-15,0,Virtual Account,False
PAY-00588-202602,SME-2024-00588,2026-02,508638,2026-02-15,2026-02-15,0,Bank Transfer,False
PAY-00588-202603,SME-2024-00588,2026-03,520606,2026-03-15,2026-03-15,0,Virtual Account,False
PAY-00588-202604,SME-2024-00588,2026-04,516267,2026-04-18,2026-04-15,3,Bank Transfer,False
PAY-00588-202605,SME-2024-00588,2026-05,507053,2026-05-17,2026-05-15,2,Bank Transfer,False
PAY-00588-202606,SME-2024-00588,2026-06,518579,2026-06-16,2026-06-15,1,Bank Transfer,False
PAY-00589-202605,SME-2024-00589,2026-05,786189,2026-05-15,2026-05-15,0,Bank Transfer,False
PAY-00589-202606,SME-2024-00589,2026-06,801964,2026-06-17,2026-06-15,2,Virtual Account,False
PAY-00590-202507,SME-2024-00590,2025-07,4433736,2025-07-16,2025-07-15,1,Auto-debit,False
PAY-00590-202508,SME-2024-00590,2025-08,4552944,2025-08-15,2025-08-15,0,Auto-debit,False
PAY-00590-202509,SME-2024-00590,2025-09,4417612,2025-09-17,2025-09-15,2,Virtual Account,False
PAY-00590-202510,SME-2024-00590,2025-10,4496980,2025-10-16,2025-10-15,1,Cash,False
PAY-00590-202511,SME-2024-00590,2025-11,4619344,2025-11-17,2025-11-15,2,Auto-debit,False
PAY-00590-202512,SME-2024-00590,2025-12,4444435,2025-12-17,2025-12-15,2,Cash,False
PAY-00590-202601,SME-2024-00590,2026-01,4496205,2026-01-17,2026-01-15,2,Virtual Account,False
PAY-00590-202602,SME-2024-00590,2026-02,4494952,2026-02-16,2026-02-15,1,Virtual Account,False
PAY-00590-202603,SME-2024-00590,2026-03,4510414,2026-03-15,2026-03-15,0,Virtual Account,False
PAY-00590-202604,SME-2024-00590,2026-04,4381713,2026-04-16,2026-04-15,1,Auto-debit,False
PAY-00590-202605,SME-2024-00590,2026-05,4614127,2026-05-17,2026-05-15,2,Bank Transfer,False
PAY-00590-202606,SME-2024-00590,2026-06,4485711,2026-06-15,2026-06-15,0,Auto-debit,False
PAY-00591-202606,SME-2024-00591,2026-06,1654095,2026-06-16,2026-06-15,1,Bank Transfer,False
PAY-00592-202507,SME-2024-00592,2025-07,2573238,2025-07-15,2025-07-15,0,Virtual Account,False
PAY-00592-202508,SME-2024-00592,2025-08,2641314,2025-08-17,2025-08-15,2,Auto-debit,False
PAY-00592-202509,SME-2024-00592,2025-09,2645300,2025-09-15,2025-09-15,0,Virtual Account,False
PAY-00592-202510,SME-2024-00592,2025-10,2632411,2025-10-16,2025-10-15,1,Bank Transfer,False
PAY-00592-202511,SME-2024-00592,2025-11,2550021,2025-11-16,2025-11-15,1,Virtual Account,False
PAY-00592-202512,SME-2024-00592,2025-12,2618569,2025-12-16,2025-12-15,1,Virtual Account,False
PAY-00592-202601,SME-2024-00592,2026-01,2538715,2026-01-16,2026-01-15,1,Virtual Account,False
PAY-00592-202602,SME-2024-00592,2026-02,2578088,2026-02-15,2026-02-15,0,Virtual Account,False
PAY-00592-202603,SME-2024-00592,2026-03,2565845,2026-03-15,2026-03-15,0,Virtual Account,False
PAY-00592-202604,SME-2024-00592,2026-04,2522295,2026-04-15,2026-04-15,0,Virtual Account,False
PAY-00592-202605,SME-2024-00592,2026-05,2557109,2026-05-17,2026-05-15,2,Virtual Account,True
PAY-00592-202606,SME-2024-00592,2026-06,2648423,2026-06-17,2026-06-15,2,Auto-debit,False
PAY-00593-202508,SME-2024-00593,2025-08,3786772,2025-08-17,2025-08-15,2,Virtual Account,False
PAY-00593-202509,SME-2024-00593,2025-09,3812408,2025-09-15,2025-09-15,0,Cash,False
PAY-00593-202510,SME-2024-00593,2025-10,5350889,2025-10-15,2025-10-15,0,Bank Transfer,False
PAY-00593-202511,SME-2024-00593,2025-11,5373868,2025-11-17,2025-11-15,2,Cash,False
PAY-00593-202512,SME-2024-00593,2025-12,5534342,2025-12-15,2025-12-15,0,Virtual Account,False
PAY-00593-202601,SME-2024-00593,2026-01,5610369,2026-01-15,2026-01-15,0,Bank Transfer,False
PAY-00593-202602,SME-2024-00593,2026-02,5380194,2026-02-16,2026-02-15,1,Bank Transfer,False
PAY-00593-202603,SME-2024-00593,2026-03,5432503,2026-03-17,2026-03-15,2,Bank Transfer,False
PAY-00593-202604,SME-2024-00593,2026-04,5631711,2026-04-17,2026-04-15,2,Bank Transfer,False
PAY-00593-202605,SME-2024-00593,2026-05,5396733,2026-05-16,2026-05-15,1,Virtual Account,False
PAY-00593-202606,SME-2024-00593,2026-06,5469804,2026-06-15,2026-06-15,0,Virtual Account,False
PAY-00594-202510,SME-2024-00594,2025-10,1728629,2025-10-16,2025-10-15,1,Virtual Account,False
PAY-00594-202511,SME-2024-00594,2025-11,1740394,2025-11-16,2025-11-15,1,Virtual Account,False
PAY-00594-202512,SME-2024-00594,2025-12,1721207,2025-12-15,2025-12-15,0,Auto-debit,False
PAY-00594-202601,SME-2024-00594,2026-01,1726105,2026-01-16,2026-01-15,1,Cash,False
PAY-00594-202602,SME-2024-00594,2026-02,1674330,2026-02-15,2026-02-15,0,Virtual Account,False
PAY-00594-202603,SME-2024-00594,2026-03,1689478,2026-03-17,2026-03-15,2,Bank Transfer,False
PAY-00594-202604,SME-2024-00594,2026-04,1711401,2026-04-15,2026-04-15,0,Virtual Account,False
PAY-00594-202605,SME-2024-00594,2026-05,1645200,2026-05-15,2026-05-15,0,Virtual Account,False
PAY-00594-202606,SME-2024-00594,2026-06,1740928,2026-06-16,2026-06-15,1,Cash,False
PAY-00595-202507,SME-2024-00595,2025-07,2895504,2025-07-16,2025-07-15,1,Virtual Account,False
PAY-00595-202508,SME-2024-00595,2025-08,2991245,2025-08-18,2025-08-15,3,Virtual Account,False
PAY-00595-202509,SME-2024-00595,2025-09,2831742,2025-09-16,2025-09-15,1,Bank Transfer,False
PAY-00595-202510,SME-2024-00595,2025-10,3904588,2025-10-15,2025-10-15,0,Bank Transfer,False
PAY-00595-202511,SME-2024-00595,2025-11,3750631,2025-11-16,2025-11-15,1,Virtual Account,False
PAY-00595-202512,SME-2024-00595,2025-12,3852341,2025-12-15,2025-12-15,0,Bank Transfer,True
PAY-00595-202601,SME-2024-00595,2026-01,3887957,2026-01-15,2026-01-15,0,Bank Transfer,False
PAY-00595-202602,SME-2024-00595,2026-02,3750088,2026-02-15,2026-02-15,0,Auto-debit,False
PAY-00595-202603,SME-2024-00595,2026-03,3923869,2026-03-15,2026-03-15,0,Virtual Account,False
PAY-00595-202604,SME-2024-00595,2026-04,3767772,2026-04-16,2026-04-15,1,Virtual Account,False
PAY-00595-202605,SME-2024-00595,2026-05,5513770,2026-05-16,2026-05-15,1,Virtual Account,False
PAY-00595-202606,SME-2024-00595,2026-06,5346697,2026-06-15,2026-06-15,0,Bank Transfer,False
PAY-00596-202604,SME-2024-00596,2026-04,2240245,2026-04-15,2026-04-15,0,Cash,False
PAY-00596-202605,SME-2024-00596,2026-05,2308735,2026-05-16,2026-05-15,1,Bank Transfer,False
PAY-00596-202606,SME-2024-00596,2026-06,2213778,2026-06-15,2026-06-15,0,Virtual Account,False
PAY-00597-202507,SME-2024-00597,2025-07,9396446,2025-07-15,2025-07-15,0,Virtual Account,False
PAY-00597-202508,SME-2024-00597,2025-08,9428407,2025-08-16,2025-08-15,1,Bank Transfer,False
PAY-00597-202509,SME-2024-00597,2025-09,9865057,2025-09-15,2025-09-15,0,Cash,False
PAY-00597-202510,SME-2024-00597,2025-10,9557490,2025-10-17,2025-10-15,2,Bank Transfer,False
PAY-00597-202511,SME-2024-00597,2025-11,9763266,2025-11-15,2025-11-15,0,Bank Transfer,False
PAY-00597-202512,SME-2024-00597,2025-12,9600009,2025-12-15,2025-12-15,0,Virtual Account,False
PAY-00597-202601,SME-2024-00597,2026-01,9786116,2026-01-15,2026-01-15,0,Cash,False
PAY-00597-202602,SME-2024-00597,2026-02,9865227,2026-02-16,2026-02-15,1,Virtual Account,False
PAY-00597-202603,SME-2024-00597,2026-03,9887119,2026-03-15,2026-03-15,0,Bank Transfer,False
PAY-00597-202604,SME-2024-00597,2026-04,9626166,2026-04-17,2026-04-15,2,Virtual Account,False
PAY-00597-202605,SME-2024-00597,2026-05,9589976,2026-05-17,2026-05-15,2,Auto-debit,False
PAY-00597-202606,SME-2024-00597,2026-06,9736087,2026-06-18,2026-06-15,3,Bank Transfer,False
PAY-00598-202507,SME-2024-00598,2025-07,5074141,2025-07-16,2025-07-15,1,Bank Transfer,False
PAY-00598-202508,SME-2024-00598,2025-08,5123824,2025-08-18,2025-08-15,3,Bank Transfer,False
PAY-00598-202509,SME-2024-00598,2025-09,4995915,2025-09-16,2025-09-15,1,Bank Transfer,False
PAY-00598-202510,SME-2024-00598,2025-10,4998641,2025-10-15,2025-10-15,0,Virtual Account,False
PAY-00598-202511,SME-2024-00598,2025-11,9213052,2025-11-15,2025-11-15,0,Auto-debit,False
PAY-00598-202512,SME-2024-00598,2025-12,9250479,2025-12-16,2025-12-15,1,Virtual Account,False
PAY-00598-202601,SME-2024-00598,2026-01,9000339,2026-01-16,2026-01-15,1,Bank Transfer,False
PAY-00598-202602,SME-2024-00598,2026-02,9049547,2026-02-17,2026-02-15,2,Bank Transfer,False
PAY-00598-202603,SME-2024-00598,2026-03,8992550,2026-03-16,2026-03-15,1,Bank Transfer,False
PAY-00598-202604,SME-2024-00598,2026-04,8967658,2026-04-16,2026-04-15,1,Virtual Account,False
PAY-00598-202605,SME-2024-00598,2026-05,8874003,2026-05-16,2026-05-15,1,Virtual Account,False
PAY-00598-202606,SME-2024-00598,2026-06,9247005,2026-06-15,2026-06-15,0,Auto-debit,False
PAY-00599-202507,SME-2024-00599,2025-07,1214027,2025-07-15,2025-07-15,0,Auto-debit,False
PAY-00599-202508,SME-2024-00599,2025-08,1197656,2025-08-15,2025-08-15,0,Auto-debit,False
PAY-00599-202509,SME-2024-00599,2025-09,1157031,2025-09-15,2025-09-15,0,Bank Transfer,False
PAY-00599-202510,SME-2024-00599,2025-10,1200865,2025-10-16,2025-10-15,1,Virtual Account,False
PAY-00599-202511,SME-2024-00599,2025-11,1196923,2025-11-15,2025-11-15,0,Virtual Account,False
PAY-00599-202512,SME-2024-00599,2025-12,1220628,2025-12-15,2025-12-15,0,Virtual Account,False
PAY-00599-202601,SME-2024-00599,2026-01,1210611,2026-01-16,2026-01-15,1,Bank Transfer,False
PAY-00599-202602,SME-2024-00599,2026-02,1183300,2026-02-15,2026-02-15,0,Auto-debit,False
PAY-00599-202603,SME-2024-00599,2026-03,1214971,2026-03-16,2026-03-15,1,Bank Transfer,False
PAY-00599-202604,SME-2024-00599,2026-04,1196365,2026-04-16,2026-04-15,1,Bank Transfer,False
PAY-00599-202605,SME-2024-00599,2026-05,1193074,2026-05-15,2026-05-15,0,Auto-debit,False
PAY-00599-202606,SME-2024-00599,2026-06,1185182,2026-06-16,2026-06-15,1,Auto-debit,False
PAY-00600-202605,SME-2024-00600,2026-05,1600084,2026-05-16,2026-05-15,1,Virtual Account,False
PAY-00600-202606,SME-2024-00600,2026-06,1541387,2026-06-15,2026-06-15,0,Virtual Account,False
PAY-00601-202603,SME-2024-00601,2026-03,3024112,2026-03-15,2026-03-15,0,Cash,False
PAY-00601-202604,SME-2024-00601,2026-04,3098956,2026-04-16,2026-04-15,1,Virtual Account,False
PAY-00601-202605,SME-2024-00601,2026-05,3058266,2026-05-17,2026-05-15,2,Bank Transfer,False
PAY-00601-202606,SME-2024-00601,2026-06,2984970,2026-06-17,2026-06-15,2,Virtual Account,True
PAY-00604-202603,SME-2024-00604,2026-03,1164883,2026-03-15,2026-03-15,0,Virtual Account,False
PAY-00604-202604,SME-2024-00604,2026-04,1141374,2026-04-15,2026-04-15,0,Cash,False
PAY-00604-202605,SME-2024-00604,2026-05,1114581,2026-05-15,2026-05-15,0,Virtual Account,False
PAY-00604-202606,SME-2024-00604,2026-06,1115239,2026-06-16,2026-06-15,1,Bank Transfer,False
PAY-00606-202606,SME-2024-00606,2026-06,1016940,2026-06-15,2026-06-15,0,Cash,False
PAY-00608-202602,SME-2024-00608,2026-02,2181663,2026-02-16,2026-02-15,1,Auto-debit,False
PAY-00608-202603,SME-2024-00608,2026-03,2147813,2026-03-15,2026-03-15,0,Bank Transfer,False
PAY-00608-202604,SME-2024-00608,2026-04,2125844,2026-04-15,2026-04-15,0,Auto-debit,False
PAY-00608-202605,SME-2024-00608,2026-05,2170448,2026-05-18,2026-05-15,3,Virtual Account,False
PAY-00608-202606,SME-2024-00608,2026-06,2152945,2026-06-16,2026-06-15,1,Cash,False
PAY-00609-202603,SME-2024-00609,2026-03,6152178,2026-03-16,2026-03-15,1,Virtual Account,False
PAY-00609-202604,SME-2024-00609,2026-04,6415317,2026-04-18,2026-04-15,3,Virtual Account,False
PAY-00609-202605,SME-2024-00609,2026-05,6289298,2026-05-16,2026-05-15,1,Virtual Account,False
PAY-00609-202606,SME-2024-00609,2026-06,6287227,2026-06-15,2026-06-15,0,Auto-debit,False
PAY-00610-202602,SME-2024-00610,2026-02,953417,2026-02-17,2026-02-15,2,Bank Transfer,False
PAY-00610-202603,SME-2024-00610,2026-03,921513,2026-03-16,2026-03-15,1,Virtual Account,False
PAY-00610-202604,SME-2024-00610,2026-04,931234,2026-04-16,2026-04-15,1,Bank Transfer,False
PAY-00610-202605,SME-2024-00610,2026-05,948271,2026-05-16,2026-05-15,1,Virtual Account,False
PAY-00610-202606,SME-2024-00610,2026-06,903914,2026-06-16,2026-06-15,1,Virtual Account,False
PAY-00612-202605,SME-2024-00612,2026-05,2221562,2026-05-15,2026-05-15,0,Cash,False
PAY-00612-202606,SME-2024-00612,2026-06,2256299,2026-06-17,2026-06-15,2,Auto-debit,False
PAY-00613-202606,SME-2024-00613,2026-06,2062508,2026-06-19,2026-06-15,4,Virtual Account,True
PAY-00615-202604,SME-2024-00615,2026-04,4246505,2026-04-16,2026-04-15,1,Bank Transfer,False
PAY-00615-202605,SME-2024-00615,2026-05,4276244,2026-05-17,2026-05-15,2,Virtual Account,False
PAY-00615-202606,SME-2024-00615,2026-06,4262740,2026-06-17,2026-06-15,2,Bank Transfer,False
PAY-00616-202604,SME-2024-00616,2026-04,4685970,2026-04-17,2026-04-15,2,Bank Transfer,False
PAY-00616-202605,SME-2024-00616,2026-05,4720880,2026-05-15,2026-05-15,0,Cash,False
PAY-00616-202606,SME-2024-00616,2026-06,4834034,2026-06-18,2026-06-15,3,Bank Transfer,False
PAY-00617-202606,SME-2024-00617,2026-06,2236321,2026-06-15,2026-06-15,0,Cash,False
PAY-00618-202605,SME-2024-00618,2026-05,589386,2026-05-15,2026-05-15,0,Virtual Account,False
PAY-00618-202606,SME-2024-00618,2026-06,584141,2026-06-16,2026-06-15,1,Bank Transfer,False
PAY-00620-202606,SME-2024-00620,2026-06,3523446,2026-06-18,2026-06-15,3,Auto-debit,False
PAY-00621-202604,SME-2024-00621,2026-04,1930451,2026-04-16,2026-04-15,1,Bank Transfer,False
PAY-00621-202605,SME-2024-00621,2026-05,1873969,2026-05-18,2026-05-15,3,Virtual Account,False
PAY-00621-202606,SME-2024-00621,2026-06,1933116,2026-06-15,2026-06-15,0,Auto-debit,False
PAY-00622-202605,SME-2024-00622,2026-05,4388706,2026-05-17,2026-05-15,2,Virtual Account,False
PAY-00622-202606,SME-2024-00622,2026-06,4604805,2026-06-18,2026-06-15,3,Cash,False
PAY-00623-202606,SME-2024-00623,2026-06,3528340,2026-06-16,2026-06-15,1,Virtual Account,False
PAY-00625-202606,SME-2024-00625,2026-06,3329861,2026-06-15,2026-06-15,0,Virtual Account,False
PAY-00626-202606,SME-2024-00626,2026-06,6584144,2026-06-17,2026-06-15,2,Virtual Account,False
PAY-00628-202605,SME-2024-00628,2026-05,4379024,2026-05-16,2026-05-15,1,Virtual Account,False
PAY-00628-202606,SME-2024-00628,2026-06,4379252,2026-06-15,2026-06-15,0,Cash,False
PAY-00629-202604,SME-2024-00629,2026-04,1609490,2026-04-15,2026-04-15,0,Virtual Account,False
PAY-00629-202605,SME-2024-00629,2026-05,1596927,2026-05-15,2026-05-15,0,Virtual Account,False
PAY-00629-202606,SME-2024-00629,2026-06,1659729,2026-06-16,2026-06-15,1,Auto-debit,False
PAY-00630-202602,SME-2024-00630,2026-02,6927775,2026-02-15,2026-02-15,0,Bank Transfer,False
PAY-00630-202603,SME-2024-00630,2026-03,7190897,2026-03-18,2026-03-15,3,Bank Transfer,False
PAY-00630-202604,SME-2024-00630,2026-04,7117413,2026-04-16,2026-04-15,1,Virtual Account,False
PAY-00630-202605,SME-2024-00630,2026-05,7096064,2026-05-16,2026-05-15,1,Virtual Account,False
PAY-00630-202606,SME-2024-00630,2026-06,7059060,2026-06-15,2026-06-15,0,Cash,False
PAY-00631-202604,SME-2024-00631,2026-04,8980038,2026-04-16,2026-04-15,1,Virtual Account,False
PAY-00631-202605,SME-2024-00631,2026-05,8877815,2026-05-16,2026-05-15,1,Bank Transfer,False
PAY-00631-202606,SME-2024-00631,2026-06,8715024,2026-06-15,2026-06-15,0,Bank Transfer,False
PAY-00632-202602,SME-2024-00632,2026-02,1592003,2026-02-18,2026-02-15,3,Virtual Account,False
PAY-00632-202603,SME-2024-00632,2026-03,1597311,2026-03-16,2026-03-15,1,Virtual Account,False
PAY-00632-202604,SME-2024-00632,2026-04,1520349,2026-04-16,2026-04-15,1,Bank Transfer,False
PAY-00632-202605,SME-2024-00632,2026-05,1564086,2026-05-15,2026-05-15,0,Auto-debit,False
PAY-00632-202606,SME-2024-00632,2026-06,1598568,2026-06-17,2026-06-15,2,Auto-debit,False
PAY-00633-202604,SME-2024-00633,2026-04,2609550,2026-04-17,2026-04-15,2,Virtual Account,False
PAY-00633-202605,SME-2024-00633,2026-05,2689943,2026-05-16,2026-05-15,1,Bank Transfer,False
PAY-00633-202606,SME-2024-00633,2026-06,2543727,2026-06-16,2026-06-15,1,Bank Transfer,False
PAY-00634-202604,SME-2024-00634,2026-04,4935182,2026-04-15,2026-04-15,0,Bank Transfer,False
PAY-00634-202605,SME-2024-00634,2026-05,5068807,2026-05-15,2026-05-15,0,Virtual Account,False
PAY-00634-202606,SME-2024-00634,2026-06,5096827,2026-06-16,2026-06-15,1,Cash,False
PAY-00635-202605,SME-2024-00635,2026-05,1445471,2026-05-16,2026-05-15,1,Bank Transfer,False
PAY-00635-202606,SME-2024-00635,2026-06,1502860,2026-06-17,2026-06-15,2,Cash,False
PAY-00636-202605,SME-2024-00636,2026-05,874947,2026-05-15,2026-05-15,0,Bank Transfer,False
PAY-00636-202606,SME-2024-00636,2026-06,868302,2026-06-15,2026-06-15,0,Virtual Account,False
PAY-00637-202605,SME-2024-00637,2026-05,2686992,2026-05-15,2026-05-15,0,Bank Transfer,False
PAY-00637-202606,SME-2024-00637,2026-06,2607061,2026-06-16,2026-06-15,1,Bank Transfer,False
PAY-00638-202606,SME-2024-00638,2026-06,7658469,2026-06-15,2026-06-15,0,Virtual Account,False
PAY-00639-202605,SME-2024-00639,2026-05,3509787,2026-05-17,2026-05-15,2,Auto-debit,False
PAY-00639-202606,SME-2024-00639,2026-06,3547933,2026-06-15,2026-06-15,0,Virtual Account,False
PAY-00641-202602,SME-2024-00641,2026-02,7816235,2026-02-17,2026-02-15,2,Virtual Account,False
PAY-00641-202603,SME-2024-00641,2026-03,7708657,2026-03-17,2026-03-15,2,Bank Transfer,False
PAY-00641-202604,SME-2024-00641,2026-04,7666363,2026-04-15,2026-04-15,0,Bank Transfer,False
PAY-00641-202605,SME-2024-00641,2026-05,8099344,2026-05-16,2026-05-15,1,Cash,False
PAY-00641-202606,SME-2024-00641,2026-06,7718516,2026-06-17,2026-06-15,2,Virtual Account,False
PAY-00643-202605,SME-2024-00643,2026-05,2031823,2026-05-17,2026-05-15,2,Auto-debit,False
PAY-00643-202606,SME-2024-00643,2026-06,2055121,2026-06-17,2026-06-15,2,Bank Transfer,False
PAY-00644-202602,SME-2024-00644,2026-02,5631052,2026-02-18,2026-02-15,3,Virtual Account,False
PAY-00644-202603,SME-2024-00644,2026-03,5671604,2026-03-16,2026-03-15,1,Bank Transfer,False
PAY-00644-202604,SME-2024-00644,2026-04,5477633,2026-04-15,2026-04-15,0,Cash,False
PAY-00644-202605,SME-2024-00644,2026-05,5653849,2026-05-16,2026-05-15,1,Auto-debit,False
PAY-00644-202606,SME-2024-00644,2026-06,5639217,2026-06-16,2026-06-15,1,Auto-debit,False
PAY-00645-202606,SME-2024-00645,2026-06,1649984,2026-06-16,2026-06-15,1,Bank Transfer,False
PAY-00646-202606,SME-2024-00646,2026-06,1906787,2026-06-18,2026-06-15,3,Bank Transfer,False
PAY-00647-202603,SME-2024-00647,2026-03,2728637,2026-03-15,2026-03-15,0,Bank Transfer,False
PAY-00647-202604,SME-2024-00647,2026-04,2774627,2026-04-15,2026-04-15,0,Virtual Account,False
PAY-00647-202605,SME-2024-00647,2026-05,2736203,2026-05-15,2026-05-15,0,Virtual Account,False
PAY-00647-202606,SME-2024-00647,2026-06,2695598,2026-06-16,2026-06-15,1,Bank Transfer,False
PAY-00648-202603,SME-2024-00648,2026-03,7352350,2026-03-18,2026-03-15,3,Bank Transfer,False
PAY-00648-202604,SME-2024-00648,2026-04,7036776,2026-04-18,2026-04-15,3,Auto-debit,False
PAY-00648-202605,SME-2024-00648,2026-05,7106072,2026-05-16,2026-05-15,1,Auto-debit,False
PAY-00648-202606,SME-2024-00648,2026-06,7119510,2026-06-17,2026-06-15,2,Bank Transfer,False
PAY-00649-202603,SME-2024-00649,2026-03,4078544,2026-03-17,2026-03-15,2,Virtual Account,False
PAY-00649-202604,SME-2024-00649,2026-04,3989701,2026-04-16,2026-04-15,1,Virtual Account,False
PAY-00649-202605,SME-2024-00649,2026-05,4069709,2026-05-16,2026-05-15,1,Cash,False
PAY-00649-202606,SME-2024-00649,2026-06,4009073,2026-06-15,2026-06-15,0,Virtual Account,False
PAY-00650-202605,SME-2024-00650,2026-05,6341748,2026-05-15,2026-05-15,0,Virtual Account,False
PAY-00650-202606,SME-2024-00650,2026-06,6266878,2026-06-15,2026-06-15,0,Auto-debit,False
PAY-00651-202604,SME-2024-00651,2026-04,2322595,2026-04-16,2026-04-15,1,Cash,False
PAY-00651-202605,SME-2024-00651,2026-05,2316240,2026-05-15,2026-05-15,0,Virtual Account,False
PAY-00651-202606,SME-2024-00651,2026-06,2331857,2026-06-16,2026-06-15,1,Auto-debit,False
PAY-00652-202604,SME-2024-00652,2026-04,5154239,2026-04-15,2026-04-15,0,Auto-debit,False
PAY-00652-202605,SME-2024-00652,2026-05,4950947,2026-05-15,2026-05-15,0,Bank Transfer,False
PAY-00652-202606,SME-2024-00652,2026-06,5143814,2026-06-15,2026-06-15,0,Virtual Account,False
PAY-00653-202603,SME-2024-00653,2026-03,854414,2026-03-17,2026-03-15,2,Virtual Account,False
PAY-00653-202604,SME-2024-00653,2026-04,837273,2026-04-18,2026-04-15,3,Bank Transfer,False
PAY-00653-202605,SME-2024-00653,2026-05,852280,2026-05-15,2026-05-15,0,Virtual Account,True
PAY-00653-202606,SME-2024-00653,2026-06,824283,2026-06-15,2026-06-15,0,Virtual Account,False
PAY-00654-202604,SME-2024-00654,2026-04,4927350,2026-04-16,2026-04-15,1,Virtual Account,False
PAY-00654-202605,SME-2024-00654,2026-05,4917075,2026-05-18,2026-05-15,3,Auto-debit,False
PAY-00654-202606,SME-2024-00654,2026-06,4971769,2026-06-17,2026-06-15,2,Virtual Account,False
PAY-00655-202605,SME-2024-00655,2026-05,3605675,2026-05-17,2026-05-15,2,Cash,False
PAY-00655-202606,SME-2024-00655,2026-06,3512644,2026-06-15,2026-06-15,0,Bank Transfer,False
PAY-00656-202603,SME-2024-00656,2026-03,1038472,2026-03-16,2026-03-15,1,Virtual Account,False
PAY-00656-202604,SME-2024-00656,2026-04,1069870,2026-04-17,2026-04-15,2,Bank Transfer,False
PAY-00656-202605,SME-2024-00656,2026-05,1054421,2026-05-16,2026-05-15,1,Virtual Account,False
PAY-00656-202606,SME-2024-00656,2026-06,1072110,2026-06-18,2026-06-15,3,Virtual Account,False
PAY-00657-202604,SME-2024-00657,2026-04,3499022,2026-04-16,2026-04-15,1,Virtual Account,False
PAY-00657-202605,SME-2024-00657,2026-05,3604067,2026-05-18,2026-05-15,3,Virtual Account,False
PAY-00657-202606,SME-2024-00657,2026-06,3514619,2026-06-16,2026-06-15,1,Virtual Account,False
PAY-00658-202603,SME-2024-00658,2026-03,7951608,2026-03-16,2026-03-15,1,Auto-debit,False
PAY-00658-202604,SME-2024-00658,2026-04,7865694,2026-04-15,2026-04-15,0,Cash,False
PAY-00658-202605,SME-2024-00658,2026-05,7838276,2026-05-15,2026-05-15,0,Bank Transfer,False
PAY-00658-202606,SME-2024-00658,2026-06,8028719,2026-06-16,2026-06-15,1,Bank Transfer,False
PAY-00659-202602,SME-2024-00659,2026-02,4478314,2026-02-15,2026-02-15,0,Cash,False
PAY-00659-202603,SME-2024-00659,2026-03,4596112,2026-03-17,2026-03-15,2,Bank Transfer,False
PAY-00659-202604,SME-2024-00659,2026-04,4547066,2026-04-15,2026-04-15,0,Bank Transfer,False
PAY-00659-202605,SME-2024-00659,2026-05,4520094,2026-05-16,2026-05-15,1,Virtual Account,False
PAY-00659-202606,SME-2024-00659,2026-06,4496166,2026-06-16,2026-06-15,1,Virtual Account,True
PAY-00660-202605,SME-2024-00660,2026-05,3180256,2026-05-15,2026-05-15,0,Virtual Account,False
PAY-00660-202606,SME-2024-00660,2026-06,3128739,2026-06-18,2026-06-15,3,Auto-debit,False
PAY-00661-202603,SME-2024-00661,2026-03,3538793,2026-03-15,2026-03-15,0,Auto-debit,False
PAY-00661-202604,SME-2024-00661,2026-04,3386458,2026-04-16,2026-04-15,1,Virtual Account,False
PAY-00661-202605,SME-2024-00661,2026-05,3424997,2026-05-18,2026-05-15,3,Bank Transfer,False
PAY-00661-202606,SME-2024-00661,2026-06,3398186,2026-06-15,2026-06-15,0,Auto-debit,False
PAY-00663-202604,SME-2024-00663,2026-04,1472819,2026-04-15,2026-04-15,0,Virtual Account,False
PAY-00663-202605,SME-2024-00663,2026-05,1437006,2026-05-17,2026-05-15,2,Cash,False
PAY-00663-202606,SME-2024-00663,2026-06,1456326,2026-06-15,2026-06-15,0,Virtual Account,False
PAY-00665-202605,SME-2024-00665,2026-05,1488290,2026-05-17,2026-05-15,2,Auto-debit,False
PAY-00665-202606,SME-2024-00665,2026-06,1468272,2026-06-15,2026-06-15,0,Cash,False
PAY-00666-202603,SME-2024-00666,2026-03,5036808,2026-03-15,2026-03-15,0,Virtual Account,False
PAY-00666-202604,SME-2024-00666,2026-04,5111206,2026-04-16,2026-04-15,1,Bank Transfer,False
PAY-00666-202605,SME-2024-00666,2026-05,4905373,2026-05-16,2026-05-15,1,Bank Transfer,False
PAY-00666-202606,SME-2024-00666,2026-06,4976277,2026-06-16,2026-06-15,1,Virtual Account,False
PAY-00667-202603,SME-2024-00667,2026-03,2365309,2026-03-17,2026-03-15,2,Virtual Account,False
PAY-00667-202604,SME-2024-00667,2026-04,2426344,2026-04-15,2026-04-15,0,Virtual Account,False
PAY-00667-202605,SME-2024-00667,2026-05,2389578,2026-05-16,2026-05-15,1,Bank Transfer,False
PAY-00667-202606,SME-2024-00667,2026-06,2439547,2026-06-16,2026-06-15,1,Bank Transfer,True
PAY-00668-202605,SME-2024-00668,2026-05,1599476,2026-05-16,2026-05-15,1,Bank Transfer,False
PAY-00668-202606,SME-2024-00668,2026-06,1565719,2026-06-16,2026-06-15,1,Bank Transfer,False
PAY-00669-202604,SME-2024-00669,2026-04,744248,2026-04-18,2026-04-15,3,Bank Transfer,False
PAY-00669-202605,SME-2024-00669,2026-05,766570,2026-05-15,2026-05-15,0,Bank Transfer,False
PAY-00669-202606,SME-2024-00669,2026-06,752717,2026-06-16,2026-06-15,1,Cash,False
PAY-00670-202604,SME-2024-00670,2026-04,5905652,2026-04-17,2026-04-15,2,Virtual Account,False
PAY-00670-202605,SME-2024-00670,2026-05,5777485,2026-05-17,2026-05-15,2,Bank Transfer,False
PAY-00670-202606,SME-2024-00670,2026-06,5831068,2026-06-15,2026-06-15,0,Auto-debit,False
PAY-00671-202605,SME-2024-00671,2026-05,2797468,2026-05-15,2026-05-15,0,Auto-debit,False
PAY-00671-202606,SME-2024-00671,2026-06,2847275,2026-06-16,2026-06-15,1,Bank Transfer,False
PAY-00672-202602,SME-2024-00672,2026-02,2303476,2026-02-15,2026-02-15,0,Bank Transfer,False
PAY-00672-202603,SME-2024-00672,2026-03,2326089,2026-03-17,2026-03-15,2,Bank Transfer,False
PAY-00672-202604,SME-2024-00672,2026-04,2293046,2026-04-17,2026-04-15,2,Virtual Account,False
PAY-00672-202605,SME-2024-00672,2026-05,2425461,2026-05-18,2026-05-15,3,Virtual Account,False
PAY-00672-202606,SME-2024-00672,2026-06,2950994,2026-06-15,2026-06-15,0,Cash,False
PAY-00673-202603,SME-2024-00673,2026-03,3381013,2026-03-18,2026-03-15,3,Auto-debit,False
PAY-00673-202604,SME-2024-00673,2026-04,3491468,2026-04-18,2026-04-15,3,Virtual Account,False
PAY-00673-202605,SME-2024-00673,2026-05,3430241,2026-05-16,2026-05-15,1,Bank Transfer,False
PAY-00673-202606,SME-2024-00673,2026-06,3430775,2026-06-16,2026-06-15,1,Virtual Account,False
PAY-00675-202602,SME-2024-00675,2026-02,1277742,2026-02-15,2026-02-15,0,Auto-debit,True
PAY-00675-202603,SME-2024-00675,2026-03,1269331,2026-03-17,2026-03-15,2,Virtual Account,False
PAY-00675-202604,SME-2024-00675,2026-04,1287432,2026-04-15,2026-04-15,0,Bank Transfer,False
PAY-00675-202605,SME-2024-00675,2026-05,1289455,2026-05-16,2026-05-15,1,Bank Transfer,False
PAY-00675-202606,SME-2024-00675,2026-06,1289233,2026-06-15,2026-06-15,0,Virtual Account,False
PAY-00677-202602,SME-2024-00677,2026-02,2652335,2026-02-17,2026-02-15,2,Auto-debit,False
PAY-00677-202603,SME-2024-00677,2026-03,2693406,2026-03-15,2026-03-15,0,Bank Transfer,False
PAY-00677-202604,SME-2024-00677,2026-04,2556272,2026-04-17,2026-04-15,2,Bank Transfer,False
PAY-00677-202605,SME-2024-00677,2026-05,2583193,2026-05-16,2026-05-15,1,Bank Transfer,False
PAY-00677-202606,SME-2024-00677,2026-06,2550297,2026-06-15,2026-06-15,0,Bank Transfer,False
PAY-00678-202604,SME-2024-00678,2026-04,1273066,2026-04-15,2026-04-15,0,Virtual Account,False
PAY-00678-202605,SME-2024-00678,2026-05,1318038,2026-05-16,2026-05-15,1,Auto-debit,False
PAY-00678-202606,SME-2024-00678,2026-06,1324350,2026-06-15,2026-06-15,0,Bank Transfer,False
PAY-00679-202606,SME-2024-00679,2026-06,4566831,2026-06-15,2026-06-15,0,Virtual Account,False
PAY-00680-202605,SME-2024-00680,2026-05,911889,2026-05-15,2026-05-15,0,Bank Transfer,False
PAY-00680-202606,SME-2024-00680,2026-06,922706,2026-06-18,2026-06-15,3,Bank Transfer,False
PAY-00681-202606,SME-2024-00681,2026-06,9552076,2026-06-15,2026-06-15,0,Virtual Account,False
PAY-00682-202602,SME-2024-00682,2026-02,606030,2026-02-19,2026-02-15,4,Virtual Account,False
PAY-00682-202603,SME-2024-00682,2026-03,575369,2026-03-16,2026-03-15,1,Bank Transfer,False
PAY-00682-202604,SME-2024-00682,2026-04,596786,2026-04-17,2026-04-15,2,Bank Transfer,False
PAY-00682-202605,SME-2024-00682,2026-05,579201,2026-05-16,2026-05-15,1,Auto-debit,False
PAY-00682-202606,SME-2024-00682,2026-06,599942,2026-06-15,2026-06-15,0,Virtual Account,False
PAY-00683-202604,SME-2024-00683,2026-04,2706675,2026-04-15,2026-04-15,0,Bank Transfer,False
PAY-00683-202605,SME-2024-00683,2026-05,2681808,2026-05-16,2026-05-15,1,Virtual Account,False
PAY-00683-202606,SME-2024-00683,2026-06,2770157,2026-06-15,2026-06-15,0,Virtual Account,False
PAY-00684-202603,SME-2024-00684,2026-03,1225288,2026-03-18,2026-03-15,3,Auto-debit,False
PAY-00684-202604,SME-2024-00684,2026-04,1265775,2026-04-15,2026-04-15,0,Auto-debit,False
PAY-00684-202605,SME-2024-00684,2026-05,1222270,2026-05-18,2026-05-15,3,Virtual Account,False
PAY-00684-202606,SME-2024-00684,2026-06,1235827,2026-06-16,2026-06-15,1,Virtual Account,False
PAY-00685-202603,SME-2024-00685,2026-03,1216187,2026-03-15,2026-03-15,0,Bank Transfer,False
PAY-00685-202604,SME-2024-00685,2026-04,1258469,2026-04-18,2026-04-15,3,Bank Transfer,False
PAY-00685-202605,SME-2024-00685,2026-05,1261445,2026-05-16,2026-05-15,1,Virtual Account,False
PAY-00685-202606,SME-2024-00685,2026-06,1212649,2026-06-16,2026-06-15,1,Auto-debit,False
PAY-00686-202602,SME-2024-00686,2026-02,1330231,2026-02-18,2026-02-15,3,Auto-debit,False
PAY-00686-202603,SME-2024-00686,2026-03,1339020,2026-03-15,2026-03-15,0,Bank Transfer,False
PAY-00686-202604,SME-2024-00686,2026-04,1351299,2026-04-16,2026-04-15,1,Virtual Account,False
PAY-00686-202605,SME-2024-00686,2026-05,1361903,2026-05-16,2026-05-15,1,Virtual Account,False
PAY-00686-202606,SME-2024-00686,2026-06,1300194,2026-06-16,2026-06-15,1,Virtual Account,False
PAY-00688-202603,SME-2024-00688,2026-03,5140813,2026-03-17,2026-03-15,2,Virtual Account,False
PAY-00688-202604,SME-2024-00688,2026-04,5124775,2026-04-17,2026-04-15,2,Auto-debit,False
PAY-00688-202605,SME-2024-00688,2026-05,4921600,2026-05-16,2026-05-15,1,Virtual Account,False
PAY-00688-202606,SME-2024-00688,2026-06,4911322,2026-06-16,2026-06-15,1,Virtual Account,True
PAY-00690-202604,SME-2024-00690,2026-04,4732816,2026-04-16,2026-04-15,1,Bank Transfer,False
PAY-00690-202605,SME-2024-00690,2026-05,4639578,2026-05-16,2026-05-15,1,Cash,False
PAY-00690-202606,SME-2024-00690,2026-06,4526697,2026-06-17,2026-06-15,2,Cash,False
PAY-00691-202602,SME-2024-00691,2026-02,1741820,2026-02-15,2026-02-15,0,Virtual Account,False
PAY-00691-202603,SME-2024-00691,2026-03,1819995,2026-03-15,2026-03-15,0,Bank Transfer,False
PAY-00691-202604,SME-2024-00691,2026-04,1740998,2026-04-19,2026-04-15,4,Bank Transfer,False
PAY-00691-202605,SME-2024-00691,2026-05,5346309,2026-05-16,2026-05-15,1,Bank Transfer,False
PAY-00691-202606,SME-2024-00691,2026-06,5145501,2026-06-16,2026-06-15,1,Bank Transfer,False
PAY-00692-202603,SME-2024-00692,2026-03,1714527,2026-03-16,2026-03-15,1,Cash,False
PAY-00692-202604,SME-2024-00692,2026-04,1752334,2026-04-16,2026-04-15,1,Bank Transfer,False
PAY-00692-202605,SME-2024-00692,2026-05,1698725,2026-05-15,2026-05-15,0,Auto-debit,False
PAY-00692-202606,SME-2024-00692,2026-06,1763220,2026-06-15,2026-06-15,0,Virtual Account,False
PAY-00693-202604,SME-2024-00693,2026-04,1087056,2026-04-16,2026-04-15,1,Bank Transfer,False
PAY-00693-202605,SME-2024-00693,2026-05,1104922,2026-05-15,2026-05-15,0,Bank Transfer,False
PAY-00693-202606,SME-2024-00693,2026-06,1135287,2026-06-18,2026-06-15,3,Auto-debit,False
PAY-00694-202603,SME-2024-00694,2026-03,10334427,2026-03-19,2026-03-15,4,Cash,True
PAY-00694-202604,SME-2024-00694,2026-04,10858087,2026-04-16,2026-04-15,1,Bank Transfer,False
PAY-00694-202605,SME-2024-00694,2026-05,10642421,2026-05-15,2026-05-15,0,Bank Transfer,False
PAY-00694-202606,SME-2024-00694,2026-06,10733110,2026-06-15,2026-06-15,0,Auto-debit,False
PAY-00695-202605,SME-2024-00695,2026-05,1262655,2026-05-16,2026-05-15,1,Auto-debit,False
PAY-00695-202606,SME-2024-00695,2026-06,1274681,2026-06-16,2026-06-15,1,Auto-debit,False
PAY-00696-202602,SME-2024-00696,2026-02,1206847,2026-02-17,2026-02-15,2,Virtual Account,False
PAY-00696-202603,SME-2024-00696,2026-03,1259886,2026-03-15,2026-03-15,0,Auto-debit,False
PAY-00696-202604,SME-2024-00696,2026-04,1262208,2026-04-15,2026-04-15,0,Bank Transfer,True
PAY-00696-202605,SME-2024-00696,2026-05,1264726,2026-05-17,2026-05-15,2,Virtual Account,False
PAY-00696-202606,SME-2024-00696,2026-06,1254997,2026-06-16,2026-06-15,1,Virtual Account,False
PAY-00697-202604,SME-2024-00697,2026-04,3795879,2026-04-15,2026-04-15,0,Virtual Account,False
PAY-00697-202605,SME-2024-00697,2026-05,3725243,2026-05-15,2026-05-15,0,Virtual Account,False
PAY-00697-202606,SME-2024-00697,2026-06,3744754,2026-06-16,2026-06-15,1,Virtual Account,False
PAY-00698-202606,SME-2024-00698,2026-06,2344638,2026-06-15,2026-06-15,0,Auto-debit,False
PAY-00699-202605,SME-2024-00699,2026-05,3687207,2026-05-17,2026-05-15,2,Bank Transfer,True
PAY-00699-202606,SME-2024-00699,2026-06,3634052,2026-06-17,2026-06-15,2,Virtual Account,False
PAY-00702-202603,SME-2024-00702,2026-03,1227726,2026-03-16,2026-03-15,1,Auto-debit,False
PAY-00702-202604,SME-2024-00702,2026-04,1282909,2026-04-16,2026-04-15,1,Virtual Account,False
PAY-00702-202605,SME-2024-00702,2026-05,1254121,2026-05-15,2026-05-15,0,Bank Transfer,False
PAY-00702-202606,SME-2024-00702,2026-06,1242801,2026-06-15,2026-06-15,0,Virtual Account,False
PAY-00703-202606,SME-2024-00703,2026-06,1001852,2026-06-17,2026-06-15,2,Bank Transfer,False
PAY-00704-202604,SME-2024-00704,2026-04,800649,2026-04-18,2026-04-15,3,Bank Transfer,False
PAY-00704-202605,SME-2024-00704,2026-05,832764,2026-05-16,2026-05-15,1,Virtual Account,False
PAY-00704-202606,SME-2024-00704,2026-06,829739,2026-06-16,2026-06-15,1,Bank Transfer,False
PAY-00705-202604,SME-2024-00705,2026-04,1166363,2026-04-17,2026-04-15,2,Cash,False
PAY-00705-202605,SME-2024-00705,2026-05,1124483,2026-05-15,2026-05-15,0,Virtual Account,False
PAY-00705-202606,SME-2024-00705,2026-06,1166739,2026-06-16,2026-06-15,1,Virtual Account,False
PAY-00706-202602,SME-2024-00706,2026-02,542841,2026-02-17,2026-02-15,2,Virtual Account,False
PAY-00706-202603,SME-2024-00706,2026-03,549973,2026-03-17,2026-03-15,2,Auto-debit,False
PAY-00706-202604,SME-2024-00706,2026-04,557680,2026-04-15,2026-04-15,0,Bank Transfer,False
PAY-00706-202605,SME-2024-00706,2026-05,565310,2026-05-17,2026-05-15,2,Virtual Account,False
PAY-00706-202606,SME-2024-00706,2026-06,539063,2026-06-16,2026-06-15,1,Virtual Account,False
PAY-00708-202602,SME-2024-00708,2026-02,3383439,2026-02-16,2026-02-15,1,Virtual Account,False
PAY-00708-202603,SME-2024-00708,2026-03,3378140,2026-03-15,2026-03-15,0,Auto-debit,False
PAY-00708-202604,SME-2024-00708,2026-04,3449169,2026-04-16,2026-04-15,1,Auto-debit,False
PAY-00708-202605,SME-2024-00708,2026-05,3459698,2026-05-17,2026-05-15,2,Bank Transfer,False
PAY-00708-202606,SME-2024-00708,2026-06,3451837,2026-06-16,2026-06-15,1,Bank Transfer,False
PAY-00709-202603,SME-2024-00709,2026-03,3041244,2026-03-16,2026-03-15,1,Auto-debit,False
PAY-00709-202604,SME-2024-00709,2026-04,2918886,2026-04-16,2026-04-15,1,Auto-debit,False
PAY-00709-202605,SME-2024-00709,2026-05,3026580,2026-05-15,2026-05-15,0,Virtual Account,False
PAY-00709-202606,SME-2024-00709,2026-06,2923942,2026-06-16,2026-06-15,1,Bank Transfer,False
PAY-00710-202604,SME-2024-00710,2026-04,6572130,2026-04-15,2026-04-15,0,Virtual Account,False
PAY-00710-202605,SME-2024-00710,2026-05,6629821,2026-05-16,2026-05-15,1,Bank Transfer,False
PAY-00710-202606,SME-2024-00710,2026-06,6576261,2026-06-17,2026-06-15,2,Virtual Account,False
PAY-00711-202606,SME-2024-00711,2026-06,6390557,2026-06-16,2026-06-15,1,Bank Transfer,False
PAY-00712-202606,SME-2024-00712,2026-06,690835,2026-06-17,2026-06-15,2,Bank Transfer,False
PAY-00714-202602,SME-2024-00714,2026-02,2448178,2026-02-16,2026-02-15,1,Virtual Account,False
PAY-00714-202603,SME-2024-00714,2026-03,2489733,2026-03-17,2026-03-15,2,Virtual Account,False
PAY-00714-202604,SME-2024-00714,2026-04,2468182,2026-04-17,2026-04-15,2,Virtual Account,False
PAY-00714-202605,SME-2024-00714,2026-05,2463084,2026-05-16,2026-05-15,1,Bank Transfer,True
PAY-00714-202606,SME-2024-00714,2026-06,2543403,2026-06-17,2026-06-15,2,Cash,False
PAY-00715-202605,SME-2024-00715,2026-05,1931616,2026-05-16,2026-05-15,1,Virtual Account,False
PAY-00715-202606,SME-2024-00715,2026-06,1874311,2026-06-17,2026-06-15,2,Auto-debit,True
PAY-00716-202605,SME-2024-00716,2026-05,5714569,2026-05-15,2026-05-15,0,Bank Transfer,False
PAY-00716-202606,SME-2024-00716,2026-06,5842483,2026-06-16,2026-06-15,1,Cash,True
PAY-00717-202605,SME-2024-00717,2026-05,7490965,2026-05-15,2026-05-15,0,Bank Transfer,False
PAY-00717-202606,SME-2024-00717,2026-06,7391779,2026-06-15,2026-06-15,0,Bank Transfer,False
PAY-00718-202604,SME-2024-00718,2026-04,3110788,2026-04-15,2026-04-15,0,Auto-debit,False
PAY-00718-202605,SME-2024-00718,2026-05,3145793,2026-05-17,2026-05-15,2,Virtual Account,False
PAY-00718-202606,SME-2024-00718,2026-06,3161831,2026-06-15,2026-06-15,0,Auto-debit,False
PAY-00719-202602,SME-2024-00719,2026-02,1221743,2026-02-16,2026-02-15,1,Auto-debit,False
PAY-00719-202603,SME-2024-00719,2026-03,1230992,2026-03-16,2026-03-15,1,Bank Transfer,False
PAY-00719-202604,SME-2024-00719,2026-04,1206365,2026-04-16,2026-04-15,1,Bank Transfer,False
PAY-00719-202605,SME-2024-00719,2026-05,1213879,2026-05-18,2026-05-15,3,Virtual Account,False
PAY-00719-202606,SME-2024-00719,2026-06,4642966,2026-06-16,2026-06-15,1,Bank Transfer,True
PAY-00722-202603,SME-2024-00722,2026-03,2080052,2026-03-15,2026-03-15,0,Bank Transfer,False
PAY-00722-202604,SME-2024-00722,2026-04,2143335,2026-04-15,2026-04-15,0,Virtual Account,False
PAY-00722-202605,SME-2024-00722,2026-05,2096057,2026-05-15,2026-05-15,0,Bank Transfer,False
PAY-00722-202606,SME-2024-00722,2026-06,2191018,2026-06-16,2026-06-15,1,Bank Transfer,False
PAY-00723-202605,SME-2024-00723,2026-05,435064,2026-05-15,2026-05-15,0,Cash,False
PAY-00723-202606,SME-2024-00723,2026-06,445608,2026-06-16,2026-06-15,1,Virtual Account,False
PAY-00724-202606,SME-2024-00724,2026-06,729221,2026-06-18,2026-06-15,3,Auto-debit,False
PAY-00727-202603,SME-2024-00727,2026-03,4390911,2026-03-17,2026-03-15,2,Auto-debit,False
PAY-00727-202604,SME-2024-00727,2026-04,4372434,2026-04-15,2026-04-15,0,Bank Transfer,False
PAY-00727-202605,SME-2024-00727,2026-05,4590106,2026-05-15,2026-05-15,0,Virtual Account,False
PAY-00727-202606,SME-2024-00727,2026-06,4597808,2026-06-16,2026-06-15,1,Virtual Account,False
PAY-00728-202603,SME-2024-00728,2026-03,2092816,2026-03-16,2026-03-15,1,Bank Transfer,False
PAY-00728-202604,SME-2024-00728,2026-04,2045794,2026-04-16,2026-04-15,1,Bank Transfer,False
PAY-00728-202605,SME-2024-00728,2026-05,2079787,2026-05-16,2026-05-15,1,Auto-debit,False
PAY-00728-202606,SME-2024-00728,2026-06,2013705,2026-06-15,2026-06-15,0,Cash,False
PAY-00730-202603,SME-2024-00730,2026-03,1256216,2026-03-16,2026-03-15,1,Auto-debit,False
PAY-00730-202604,SME-2024-00730,2026-04,1263237,2026-04-16,2026-04-15,1,Bank Transfer,True
PAY-00730-202605,SME-2024-00730,2026-05,1213459,2026-05-16,2026-05-15,1,Bank Transfer,False
PAY-00730-202606,SME-2024-00730,2026-06,1207363,2026-06-16,2026-06-15,1,Auto-debit,False
PAY-00731-202604,SME-2024-00731,2026-04,4262036,2026-04-16,2026-04-15,1,Bank Transfer,False
PAY-00731-202605,SME-2024-00731,2026-05,4216171,2026-05-16,2026-05-15,1,Bank Transfer,False
PAY-00731-202606,SME-2024-00731,2026-06,4230956,2026-06-16,2026-06-15,1,Virtual Account,False
PAY-00732-202603,SME-2024-00732,2026-03,4910608,2026-03-15,2026-03-15,0,Virtual Account,False
PAY-00732-202604,SME-2024-00732,2026-04,5027024,2026-04-15,2026-04-15,0,Auto-debit,True
PAY-00732-202605,SME-2024-00732,2026-05,4778397,2026-05-17,2026-05-15,2,Auto-debit,False
PAY-00732-202606,SME-2024-00732,2026-06,4938748,2026-06-16,2026-06-15,1,Auto-debit,False
PAY-00733-202603,SME-2024-00733,2026-03,2452399,2026-03-15,2026-03-15,0,Virtual Account,False
PAY-00733-202604,SME-2024-00733,2026-04,2421420,2026-04-15,2026-04-15,0,Bank Transfer,False
PAY-00733-202605,SME-2024-00733,2026-05,2378990,2026-05-15,2026-05-15,0,Bank Transfer,False
PAY-00733-202606,SME-2024-00733,2026-06,2458343,2026-06-17,2026-06-15,2,Bank Transfer,False
PAY-00734-202605,SME-2024-00734,2026-05,1713619,2026-05-15,2026-05-15,0,Bank Transfer,False
PAY-00734-202606,SME-2024-00734,2026-06,1678329,2026-06-16,2026-06-15,1,Auto-debit,False
PAY-00735-202602,SME-2024-00735,2026-02,1024969,2026-02-15,2026-02-15,0,Bank Transfer,False
PAY-00735-202603,SME-2024-00735,2026-03,1034038,2026-03-16,2026-03-15,1,Bank Transfer,False
PAY-00735-202604,SME-2024-00735,2026-04,1062705,2026-04-15,2026-04-15,0,Cash,False
PAY-00735-202605,SME-2024-00735,2026-05,1023179,2026-05-16,2026-05-15,1,Cash,False
PAY-00735-202606,SME-2024-00735,2026-06,1033007,2026-06-17,2026-06-15,2,Virtual Account,False
PAY-00736-202606,SME-2024-00736,2026-06,2618409,2026-06-15,2026-06-15,0,Bank Transfer,False
PAY-00738-202602,SME-2024-00738,2026-02,2854555,2026-02-15,2026-02-15,0,Virtual Account,False
PAY-00738-202603,SME-2024-00738,2026-03,2905741,2026-03-15,2026-03-15,0,Bank Transfer,True
PAY-00738-202604,SME-2024-00738,2026-04,2961031,2026-04-17,2026-04-15,2,Auto-debit,False
PAY-00738-202605,SME-2024-00738,2026-05,4824859,2026-05-15,2026-05-15,0,Auto-debit,False
PAY-00738-202606,SME-2024-00738,2026-06,4918639,2026-06-16,2026-06-15,1,Auto-debit,False
PAY-00739-202606,SME-2024-00739,2026-06,1278866,2026-06-16,2026-06-15,1,Auto-debit,False
PAY-00740-202605,SME-2024-00740,2026-05,9565195,2026-05-15,2026-05-15,0,Virtual Account,False
PAY-00740-202606,SME-2024-00740,2026-06,9921687,2026-06-17,2026-06-15,2,Cash,False
PAY-00741-202605,SME-2024-00741,2026-05,2405345,2026-05-16,2026-05-15,1,Virtual Account,False
PAY-00741-202606,SME-2024-00741,2026-06,2399650,2026-06-16,2026-06-15,1,Cash,False
PAY-00742-202606,SME-2024-00742,2026-06,4559104,2026-06-16,2026-06-15,1,Bank Transfer,False
PAY-00745-202602,SME-2024-00745,2026-02,2428637,2026-02-16,2026-02-15,1,Bank Transfer,False
PAY-00745-202603,SME-2024-00745,2026-03,2415204,2026-03-16,2026-03-15,1,Auto-debit,False
PAY-00745-202604,SME-2024-00745,2026-04,2333082,2026-04-15,2026-04-15,0,Bank Transfer,False
PAY-00745-202605,SME-2024-00745,2026-05,2414380,2026-05-17,2026-05-15,2,Virtual Account,False
PAY-00745-202606,SME-2024-00745,2026-06,2424495,2026-06-18,2026-06-15,3,Virtual Account,False
PAY-00746-202605,SME-2024-00746,2026-05,1878091,2026-05-17,2026-05-15,2,Virtual Account,False
PAY-00746-202606,SME-2024-00746,2026-06,1909655,2026-06-17,2026-06-15,2,Auto-debit,False
PAY-00747-202605,SME-2024-00747,2026-05,2852808,2026-05-16,2026-05-15,1,Auto-debit,False
PAY-00747-202606,SME-2024-00747,2026-06,2723056,2026-06-15,2026-06-15,0,Bank Transfer,False
PAY-00748-202603,SME-2024-00748,2026-03,710771,2026-03-17,2026-03-15,2,Virtual Account,False
PAY-00748-202604,SME-2024-00748,2026-04,738088,2026-04-16,2026-04-15,1,Virtual Account,False
PAY-00748-202605,SME-2024-00748,2026-05,741868,2026-05-15,2026-05-15,0,Cash,False
PAY-00748-202606,SME-2024-00748,2026-06,721190,2026-06-15,2026-06-15,0,Bank Transfer,False
PAY-00749-202602,SME-2024-00749,2026-02,4024477,2026-02-17,2026-02-15,2,Auto-debit,False
PAY-00749-202603,SME-2024-00749,2026-03,4058646,2026-03-15,2026-03-15,0,Virtual Account,False
PAY-00749-202604,SME-2024-00749,2026-04,3929962,2026-04-15,2026-04-15,0,Auto-debit,False
PAY-00749-202605,SME-2024-00749,2026-05,4012288,2026-05-15,2026-05-15,0,Cash,False
PAY-00749-202606,SME-2024-00749,2026-06,3938112,2026-06-15,2026-06-15,0,Virtual Account,False
PAY-00750-202603,SME-2024-00750,2026-03,3556514,2026-03-15,2026-03-15,0,Cash,False
PAY-00750-202604,SME-2024-00750,2026-04,3670731,2026-04-15,2026-04-15,0,Auto-debit,False
PAY-00750-202605,SME-2024-00750,2026-05,3543777,2026-05-15,2026-05-15,0,Virtual Account,True
PAY-00750-202606,SME-2024-00750,2026-06,3674613,2026-06-17,2026-06-15,2,Cash,False
PAY-00751-202604,SME-2024-00751,2026-04,1300738,2026-04-15,2026-04-15,0,Virtual Account,False
PAY-00751-202605,SME-2024-00751,2026-05,1257559,2026-05-17,2026-05-15,2,Virtual Account,False
PAY-00751-202606,SME-2024-00751,2026-06,1299243,2026-06-15,2026-06-15,0,Virtual Account,False
PAY-00752-202605,SME-2024-00752,2026-05,2161057,2026-05-16,2026-05-15,1,Virtual Account,True
PAY-00752-202606,SME-2024-00752,2026-06,2166816,2026-06-17,2026-06-15,2,Virtual Account,False
PAY-00753-202605,SME-2024-00753,2026-05,4293445,2026-05-16,2026-05-15,1,Virtual Account,False
PAY-00753-202606,SME-2024-00753,2026-06,4445825,2026-06-16,2026-06-15,1,Bank Transfer,False
PAY-00754-202605,SME-2024-00754,2026-05,1319027,2026-05-15,2026-05-15,0,Cash,False
PAY-00754-202606,SME-2024-00754,2026-06,1335645,2026-06-15,2026-06-15,0,Virtual Account,False
PAY-00755-202604,SME-2024-00755,2026-04,1565101,2026-04-16,2026-04-15,1,Bank Transfer,False
PAY-00755-202605,SME-2024-00755,2026-05,1631036,2026-05-18,2026-05-15,3,Bank Transfer,False
PAY-00755-202606,SME-2024-00755,2026-06,1628772,2026-06-15,2026-06-15,0,Virtual Account,False
PAY-00756-202605,SME-2024-00756,2026-05,4504074,2026-05-15,2026-05-15,0,Bank Transfer,False
PAY-00756-202606,SME-2024-00756,2026-06,4593672,2026-06-16,2026-06-15,1,Auto-debit,False
PAY-00757-202602,SME-2024-00757,2026-02,3808538,2026-02-17,2026-02-15,2,Virtual Account,False
PAY-00757-202603,SME-2024-00757,2026-03,3792386,2026-03-15,2026-03-15,0,Auto-debit,False
PAY-00757-202604,SME-2024-00757,2026-04,3854545,2026-04-15,2026-04-15,0,Bank Transfer,False
PAY-00757-202605,SME-2024-00757,2026-05,3743578,2026-05-15,2026-05-15,0,Virtual Account,False
PAY-00757-202606,SME-2024-00757,2026-06,3817895,2026-06-15,2026-06-15,0,Virtual Account,False
PAY-00758-202604,SME-2024-00758,2026-04,2546200,2026-04-17,2026-04-15,2,Auto-debit,False
PAY-00758-202605,SME-2024-00758,2026-05,2682009,2026-05-15,2026-05-15,0,Virtual Account,False
PAY-00758-202606,SME-2024-00758,2026-06,2687528,2026-06-16,2026-06-15,1,Auto-debit,False
PAY-00759-202603,SME-2024-00759,2026-03,1651113,2026-03-15,2026-03-15,0,Virtual Account,False
PAY-00759-202604,SME-2024-00759,2026-04,1685850,2026-04-16,2026-04-15,1,Virtual Account,False
PAY-00759-202605,SME-2024-00759,2026-05,1688076,2026-05-16,2026-05-15,1,Cash,False
PAY-00759-202606,SME-2024-00759,2026-06,1622084,2026-06-15,2026-06-15,0,Auto-debit,False
PAY-00760-202602,SME-2024-00760,2026-02,8870102,2026-02-17,2026-02-15,2,Virtual Account,False
PAY-00760-202603,SME-2024-00760,2026-03,8617303,2026-03-15,2026-03-15,0,Virtual Account,False
PAY-00760-202604,SME-2024-00760,2026-04,8708375,2026-04-17,2026-04-15,2,Auto-debit,False
PAY-00760-202605,SME-2024-00760,2026-05,8478287,2026-05-18,2026-05-15,3,Virtual Account,False
PAY-00760-202606,SME-2024-00760,2026-06,8678317,2026-06-16,2026-06-15,1,Virtual Account,False
PAY-00761-202602,SME-2024-00761,2026-02,4487530,2026-02-16,2026-02-15,1,Auto-debit,False
PAY-00761-202603,SME-2024-00761,2026-03,4325388,2026-03-17,2026-03-15,2,Auto-debit,False
PAY-00761-202604,SME-2024-00761,2026-04,4444474,2026-04-15,2026-04-15,0,Bank Transfer,False
PAY-00761-202605,SME-2024-00761,2026-05,4479911,2026-05-15,2026-05-15,0,Virtual Account,False
PAY-00761-202606,SME-2024-00761,2026-06,4475915,2026-06-17,2026-06-15,2,Auto-debit,False
PAY-00762-202606,SME-2024-00762,2026-06,1965741,2026-06-15,2026-06-15,0,Virtual Account,False
PAY-00764-202603,SME-2024-00764,2026-03,3995487,2026-03-20,2026-03-15,5,Auto-debit,False
PAY-00764-202604,SME-2024-00764,2026-04,4090381,2026-04-15,2026-04-15,0,Virtual Account,False
PAY-00764-202605,SME-2024-00764,2026-05,3993377,2026-05-16,2026-05-15,1,Virtual Account,False
PAY-00764-202606,SME-2024-00764,2026-06,4119201,2026-06-18,2026-06-15,3,Auto-debit,False
PAY-00765-202602,SME-2024-00765,2026-02,1448209,2026-02-17,2026-02-15,2,Bank Transfer,False
PAY-00765-202603,SME-2024-00765,2026-03,1421347,2026-03-17,2026-03-15,2,Auto-debit,False
PAY-00765-202604,SME-2024-00765,2026-04,1476647,2026-04-18,2026-04-15,3,Virtual Account,False
PAY-00765-202605,SME-2024-00765,2026-05,8543843,2026-05-18,2026-05-15,3,Auto-debit,False
PAY-00765-202606,SME-2024-00765,2026-06,8660165,2026-06-16,2026-06-15,1,Virtual Account,False
PAY-00766-202603,SME-2024-00766,2026-03,1831876,2026-03-16,2026-03-15,1,Cash,False
PAY-00766-202604,SME-2024-00766,2026-04,1822680,2026-04-16,2026-04-15,1,Bank Transfer,False
PAY-00766-202605,SME-2024-00766,2026-05,1844277,2026-05-17,2026-05-15,2,Bank Transfer,False
PAY-00766-202606,SME-2024-00766,2026-06,1899450,2026-06-16,2026-06-15,1,Virtual Account,False
PAY-00767-202604,SME-2024-00767,2026-04,1319788,2026-04-16,2026-04-15,1,Virtual Account,False
PAY-00767-202605,SME-2024-00767,2026-05,1369532,2026-05-16,2026-05-15,1,Bank Transfer,False
PAY-00767-202606,SME-2024-00767,2026-06,1314428,2026-06-18,2026-06-15,3,Virtual Account,True
PAY-00768-202602,SME-2024-00768,2026-02,1849742,2026-02-18,2026-02-15,3,Virtual Account,False
PAY-00768-202603,SME-2024-00768,2026-03,1841943,2026-03-19,2026-03-15,4,Cash,False
PAY-00768-202604,SME-2024-00768,2026-04,1879732,2026-04-15,2026-04-15,0,Bank Transfer,False
PAY-00768-202605,SME-2024-00768,2026-05,1838074,2026-05-15,2026-05-15,0,Bank Transfer,False
PAY-00768-202606,SME-2024-00768,2026-06,1877016,2026-06-15,2026-06-15,0,Bank Transfer,False
PAY-00769-202606,SME-2024-00769,2026-06,1530143,2026-06-15,2026-06-15,0,Bank Transfer,False
PAY-00771-202602,SME-2024-00771,2026-02,1536369,2026-02-15,2026-02-15,0,Bank Transfer,False
PAY-00771-202603,SME-2024-00771,2026-03,1519395,2026-03-18,2026-03-15,3,Auto-debit,False
PAY-00771-202604,SME-2024-00771,2026-04,1534375,2026-04-15,2026-04-15,0,Bank Transfer,False
PAY-00771-202605,SME-2024-00771,2026-05,1572739,2026-05-16,2026-05-15,1,Virtual Account,False
PAY-00771-202606,SME-2024-00771,2026-06,1519027,2026-06-15,2026-06-15,0,Bank Transfer,True
PAY-00772-202603,SME-2024-00772,2026-03,1504035,2026-03-17,2026-03-15,2,Virtual Account,False
PAY-00772-202604,SME-2024-00772,2026-04,1564860,2026-04-15,2026-04-15,0,Virtual Account,False
PAY-00772-202605,SME-2024-00772,2026-05,1556111,2026-05-15,2026-05-15,0,Virtual Account,False
PAY-00772-202606,SME-2024-00772,2026-06,1534331,2026-06-16,2026-06-15,1,Virtual Account,False
PAY-00773-202602,SME-2024-00773,2026-02,1179896,2026-02-16,2026-02-15,1,Virtual Account,False
PAY-00773-202603,SME-2024-00773,2026-03,1159774,2026-03-17,2026-03-15,2,Bank Transfer,False
PAY-00773-202604,SME-2024-00773,2026-04,1173868,2026-04-16,2026-04-15,1,Virtual Account,False
PAY-00773-202605,SME-2024-00773,2026-05,1177698,2026-05-16,2026-05-15,1,Virtual Account,False
PAY-00773-202606,SME-2024-00773,2026-06,3180982,2026-06-17,2026-06-15,2,Auto-debit,True
PAY-00774-202605,SME-2024-00774,2026-05,2756516,2026-05-15,2026-05-15,0,Bank Transfer,False
PAY-00774-202606,SME-2024-00774,2026-06,2764334,2026-06-16,2026-06-15,1,Virtual Account,False
PAY-00776-202604,SME-2024-00776,2026-04,2553511,2026-04-18,2026-04-15,3,Bank Transfer,False
PAY-00776-202605,SME-2024-00776,2026-05,2527795,2026-05-17,2026-05-15,2,Virtual Account,False
PAY-00776-202606,SME-2024-00776,2026-06,2490156,2026-06-15,2026-06-15,0,Bank Transfer,False
PAY-00777-202602,SME-2024-00777,2026-02,5606755,2026-02-15,2026-02-15,0,Bank Transfer,False
PAY-00777-202603,SME-2024-00777,2026-03,5778983,2026-03-18,2026-03-15,3,Auto-debit,False
PAY-00777-202604,SME-2024-00777,2026-04,5468724,2026-04-18,2026-04-15,3,Cash,False
PAY-00777-202605,SME-2024-00777,2026-05,5702946,2026-05-19,2026-05-15,4,Virtual Account,False
PAY-00777-202606,SME-2024-00777,2026-06,5581528,2026-06-19,2026-06-15,4,Auto-debit,False
PAY-00778-202605,SME-2024-00778,2026-05,2150748,2026-05-16,2026-05-15,1,Cash,False
PAY-00778-202606,SME-2024-00778,2026-06,2039393,2026-06-17,2026-06-15,2,Virtual Account,False
PAY-00780-202605,SME-2024-00780,2026-05,3426540,2026-05-15,2026-05-15,0,Virtual Account,False
PAY-00780-202606,SME-2024-00780,2026-06,3468379,2026-06-15,2026-06-15,0,Auto-debit,False
PAY-00782-202606,SME-2024-00782,2026-06,1811847,2026-06-16,2026-06-15,1,Bank Transfer,False
PAY-00783-202603,SME-2024-00783,2026-03,3414540,2026-03-16,2026-03-15,1,Auto-debit,False
PAY-00783-202604,SME-2024-00783,2026-04,3525300,2026-04-17,2026-04-15,2,Virtual Account,False
PAY-00783-202605,SME-2024-00783,2026-05,3546962,2026-05-17,2026-05-15,2,Bank Transfer,False
PAY-00783-202606,SME-2024-00783,2026-06,3521271,2026-06-15,2026-06-15,0,Virtual Account,False
PAY-00784-202603,SME-2024-00784,2026-03,567368,2026-03-15,2026-03-15,0,Virtual Account,False
PAY-00784-202604,SME-2024-00784,2026-04,580552,2026-04-15,2026-04-15,0,Cash,False
PAY-00784-202605,SME-2024-00784,2026-05,556013,2026-05-15,2026-05-15,0,Bank Transfer,True
PAY-00784-202606,SME-2024-00784,2026-06,571199,2026-06-15,2026-06-15,0,Auto-debit,True
PAY-00785-202604,SME-2024-00785,2026-04,3136652,2026-04-15,2026-04-15,0,Virtual Account,False
PAY-00785-202605,SME-2024-00785,2026-05,3031474,2026-05-17,2026-05-15,2,Virtual Account,False
PAY-00785-202606,SME-2024-00785,2026-06,3179003,2026-06-15,2026-06-15,0,Auto-debit,False
PAY-00786-202604,SME-2024-00786,2026-04,4891762,2026-04-17,2026-04-15,2,Virtual Account,False
PAY-00786-202605,SME-2024-00786,2026-05,4898074,2026-05-17,2026-05-15,2,Bank Transfer,False
PAY-00786-202606,SME-2024-00786,2026-06,4952551,2026-06-16,2026-06-15,1,Virtual Account,False
PAY-00787-202606,SME-2024-00787,2026-06,1991950,2026-06-16,2026-06-15,1,Virtual Account,False
PAY-00788-202602,SME-2024-00788,2026-02,1019562,2026-02-16,2026-02-15,1,Bank Transfer,False
PAY-00788-202603,SME-2024-00788,2026-03,990983,2026-03-16,2026-03-15,1,Bank Transfer,False
PAY-00788-202604,SME-2024-00788,2026-04,1012432,2026-04-15,2026-04-15,0,Virtual Account,False
PAY-00788-202605,SME-2024-00788,2026-05,1009761,2026-05-15,2026-05-15,0,Virtual Account,True
PAY-00788-202606,SME-2024-00788,2026-06,962656,2026-06-16,2026-06-15,1,Virtual Account,False
PAY-00790-202605,SME-2024-00790,2026-05,5481451,2026-05-15,2026-05-15,0,Virtual Account,False
PAY-00790-202606,SME-2024-00790,2026-06,5435707,2026-06-16,2026-06-15,1,Auto-debit,False
PAY-00792-202606,SME-2024-00792,2026-06,9987139,2026-06-16,2026-06-15,1,Auto-debit,False
PAY-00793-202605,SME-2024-00793,2026-05,1941297,2026-05-15,2026-05-15,0,Bank Transfer,False
PAY-00793-202606,SME-2024-00793,2026-06,2024320,2026-06-15,2026-06-15,0,Auto-debit,False
PAY-00794-202603,SME-2024-00794,2026-03,1840592,2026-03-15,2026-03-15,0,Bank Transfer,False
PAY-00794-202604,SME-2024-00794,2026-04,1811815,2026-04-15,2026-04-15,0,Virtual Account,False
PAY-00794-202605,SME-2024-00794,2026-05,1818445,2026-05-15,2026-05-15,0,Virtual Account,False
PAY-00794-202606,SME-2024-00794,2026-06,1824836,2026-06-16,2026-06-15,1,Auto-debit,False
PAY-00795-202604,SME-2024-00795,2026-04,9465544,2026-04-17,2026-04-15,2,Auto-debit,False
PAY-00795-202605,SME-2024-00795,2026-05,9266121,2026-05-16,2026-05-15,1,Bank Transfer,False
PAY-00795-202606,SME-2024-00795,2026-06,9187526,2026-06-16,2026-06-15,1,Bank Transfer,False
PAY-00796-202604,SME-2024-00796,2026-04,5384331,2026-04-16,2026-04-15,1,Auto-debit,False
PAY-00796-202605,SME-2024-00796,2026-05,5320309,2026-05-15,2026-05-15,0,Virtual Account,False
PAY-00796-202606,SME-2024-00796,2026-06,5304337,2026-06-16,2026-06-15,1,Bank Transfer,False
PAY-00797-202605,SME-2024-00797,2026-05,2370133,2026-05-17,2026-05-15,2,Bank Transfer,False
PAY-00797-202606,SME-2024-00797,2026-06,2397834,2026-06-15,2026-06-15,0,Auto-debit,False
PAY-00798-202606,SME-2024-00798,2026-06,3008308,2026-06-15,2026-06-15,0,Auto-debit,False
PAY-00799-202605,SME-2024-00799,2026-05,659349,2026-05-15,2026-05-15,0,Virtual Account,True
PAY-00799-202606,SME-2024-00799,2026-06,626473,2026-06-16,2026-06-15,1,Auto-debit,False
PAY-00800-202604,SME-2024-00800,2026-04,2108028,2026-04-17,2026-04-15,2,Bank Transfer,False
PAY-00800-202605,SME-2024-00800,2026-05,2127610,2026-05-16,2026-05-15,1,Auto-debit,False
PAY-00800-202606,SME-2024-00800,2026-06,2184301,2026-06-15,2026-06-15,0,Cash,False
PAY-00801-202605,SME-2024-00801,2026-05,2685528,2026-05-16,2026-05-15,1,Virtual Account,False
PAY-00801-202606,SME-2024-00801,2026-06,2621465,2026-06-17,2026-06-15,2,Bank Transfer,False
PAY-00802-202602,SME-2024-00802,2026-02,978181,2026-02-15,2026-02-15,0,Cash,False
PAY-00802-202603,SME-2024-00802,2026-03,979583,2026-03-16,2026-03-15,1,Virtual Account,False
PAY-00802-202604,SME-2024-00802,2026-04,984696,2026-04-16,2026-04-15,1,Bank Transfer,False
PAY-00802-202605,SME-2024-00802,2026-05,1004586,2026-05-15,2026-05-15,0,Auto-debit,False
PAY-00802-202606,SME-2024-00802,2026-06,1007163,2026-06-17,2026-06-15,2,Virtual Account,False
PAY-00803-202604,SME-2024-00803,2026-04,3275769,2026-04-16,2026-04-15,1,Auto-debit,False
PAY-00803-202605,SME-2024-00803,2026-05,3245091,2026-05-15,2026-05-15,0,Bank Transfer,False
PAY-00803-202606,SME-2024-00803,2026-06,3183464,2026-06-18,2026-06-15,3,Auto-debit,False
PAY-00804-202606,SME-2024-00804,2026-06,826927,2026-06-15,2026-06-15,0,Virtual Account,False
PAY-00807-202604,SME-2024-00807,2026-04,1450719,2026-04-16,2026-04-15,1,Bank Transfer,False
PAY-00807-202605,SME-2024-00807,2026-05,1458471,2026-05-17,2026-05-15,2,Virtual Account,False
PAY-00807-202606,SME-2024-00807,2026-06,1424949,2026-06-17,2026-06-15,2,Virtual Account,False
PAY-00808-202605,SME-2024-00808,2026-05,1170495,2026-05-17,2026-05-15,2,Cash,False
PAY-00808-202606,SME-2024-00808,2026-06,1189885,2026-06-15,2026-06-15,0,Virtual Account,False
PAY-00809-202605,SME-2024-00809,2026-05,1668031,2026-05-15,2026-05-15,0,Bank Transfer,False
PAY-00809-202606,SME-2024-00809,2026-06,1744644,2026-06-15,2026-06-15,0,Bank Transfer,False
PAY-00810-202604,SME-2024-00810,2026-04,4740395,2026-04-15,2026-04-15,0,Auto-debit,False
PAY-00810-202605,SME-2024-00810,2026-05,4887564,2026-05-17,2026-05-15,2,Virtual Account,False
PAY-00810-202606,SME-2024-00810,2026-06,4945830,2026-06-15,2026-06-15,0,Auto-debit,False
PAY-00811-202606,SME-2024-00811,2026-06,1040598,2026-06-15,2026-06-15,0,Virtual Account,True
PAY-00812-202605,SME-2024-00812,2026-05,1798107,2026-05-16,2026-05-15,1,Auto-debit,False
PAY-00812-202606,SME-2024-00812,2026-06,1774901,2026-06-16,2026-06-15,1,Virtual Account,False
PAY-00813-202605,SME-2024-00813,2026-05,3317536,2026-05-16,2026-05-15,1,Bank Transfer,False
PAY-00813-202606,SME-2024-00813,2026-06,3466134,2026-06-16,2026-06-15,1,Auto-debit,False
PAY-00814-202606,SME-2024-00814,2026-06,2447063,2026-06-18,2026-06-15,3,Virtual Account,False
PAY-00815-202603,SME-2024-00815,2026-03,2810349,2026-03-15,2026-03-15,0,Virtual Account,True
PAY-00815-202604,SME-2024-00815,2026-04,2882429,2026-04-16,2026-04-15,1,Bank Transfer,False
PAY-00815-202605,SME-2024-00815,2026-05,2723062,2026-05-18,2026-05-15,3,Bank Transfer,False
PAY-00815-202606,SME-2024-00815,2026-06,2768141,2026-06-16,2026-06-15,1,Bank Transfer,False
PAY-00816-202602,SME-2024-00816,2026-02,1726087,2026-02-16,2026-02-15,1,Cash,True
PAY-00816-202603,SME-2024-00816,2026-03,1782441,2026-03-17,2026-03-15,2,Bank Transfer,False
PAY-00816-202604,SME-2024-00816,2026-04,1706600,2026-04-16,2026-04-15,1,Bank Transfer,False
PAY-00816-202605,SME-2024-00816,2026-05,1727411,2026-05-16,2026-05-15,1,Cash,False
PAY-00816-202606,SME-2024-00816,2026-06,1740506,2026-06-17,2026-06-15,2,Virtual Account,False
PAY-00817-202605,SME-2024-00817,2026-05,3421260,2026-05-15,2026-05-15,0,Bank Transfer,False
PAY-00817-202606,SME-2024-00817,2026-06,3468575,2026-06-16,2026-06-15,1,Virtual Account,False
PAY-00818-202604,SME-2024-00818,2026-04,5264263,2026-04-16,2026-04-15,1,Virtual Account,False
PAY-00818-202605,SME-2024-00818,2026-05,5224838,2026-05-15,2026-05-15,0,Auto-debit,False
PAY-00818-202606,SME-2024-00818,2026-06,5156930,2026-06-16,2026-06-15,1,Virtual Account,False
PAY-00819-202606,SME-2024-00819,2026-06,2671694,2026-06-17,2026-06-15,2,Virtual Account,False
PAY-00820-202603,SME-2024-00820,2026-03,1224010,2026-03-16,2026-03-15,1,Bank Transfer,False
PAY-00820-202604,SME-2024-00820,2026-04,1177727,2026-04-15,2026-04-15,0,Bank Transfer,False
PAY-00820-202605,SME-2024-00820,2026-05,1236314,2026-05-15,2026-05-15,0,Bank Transfer,False
PAY-00820-202606,SME-2024-00820,2026-06,1221340,2026-06-17,2026-06-15,2,Auto-debit,False
PAY-00821-202604,SME-2024-00821,2026-04,1579395,2026-04-15,2026-04-15,0,Cash,False
PAY-00821-202605,SME-2024-00821,2026-05,1591188,2026-05-16,2026-05-15,1,Virtual Account,False
PAY-00821-202606,SME-2024-00821,2026-06,1634417,2026-06-16,2026-06-15,1,Bank Transfer,False
PAY-00823-202603,SME-2024-00823,2026-03,1488833,2026-03-19,2026-03-15,4,Bank Transfer,False
PAY-00823-202604,SME-2024-00823,2026-04,1530939,2026-04-16,2026-04-15,1,Virtual Account,False
PAY-00823-202605,SME-2024-00823,2026-05,1480521,2026-05-15,2026-05-15,0,Virtual Account,False
PAY-00823-202606,SME-2024-00823,2026-06,1475625,2026-06-17,2026-06-15,2,Bank Transfer,False
PAY-00824-202603,SME-2024-00824,2026-03,1252407,2026-03-17,2026-03-15,2,Auto-debit,False
PAY-00824-202604,SME-2024-00824,2026-04,1269843,2026-04-18,2026-04-15,3,Auto-debit,False
PAY-00824-202605,SME-2024-00824,2026-05,1321784,2026-05-17,2026-05-15,2,Bank Transfer,False
PAY-00824-202606,SME-2024-00824,2026-06,1294459,2026-06-17,2026-06-15,2,Virtual Account,True
PAY-00825-202606,SME-2024-00825,2026-06,1751615,2026-06-18,2026-06-15,3,Bank Transfer,False
PAY-00826-202603,SME-2024-00826,2026-03,2924370,2026-03-17,2026-03-15,2,Virtual Account,False
PAY-00826-202604,SME-2024-00826,2026-04,2877477,2026-04-16,2026-04-15,1,Virtual Account,False
PAY-00826-202605,SME-2024-00826,2026-05,2922212,2026-05-16,2026-05-15,1,Bank Transfer,False
PAY-00826-202606,SME-2024-00826,2026-06,2924148,2026-06-16,2026-06-15,1,Bank Transfer,True
PAY-00827-202606,SME-2024-00827,2026-06,3348884,2026-06-15,2026-06-15,0,Bank Transfer,False
PAY-00828-202604,SME-2024-00828,2026-04,2034131,2026-04-17,2026-04-15,2,Bank Transfer,False
PAY-00828-202605,SME-2024-00828,2026-05,2061708,2026-05-16,2026-05-15,1,Bank Transfer,False
PAY-00828-202606,SME-2024-00828,2026-06,2025451,2026-06-21,2026-06-15,6,Virtual Account,False
PAY-00829-202602,SME-2024-00829,2026-02,3489423,2026-02-16,2026-02-15,1,Cash,False
PAY-00829-202603,SME-2024-00829,2026-03,3542798,2026-03-15,2026-03-15,0,Virtual Account,False
PAY-00829-202604,SME-2024-00829,2026-04,3554067,2026-04-16,2026-04-15,1,Virtual Account,False
PAY-00829-202605,SME-2024-00829,2026-05,3597588,2026-05-16,2026-05-15,1,Bank Transfer,False
PAY-00829-202606,SME-2024-00829,2026-06,3539322,2026-06-16,2026-06-15,1,Cash,False
PAY-00830-202605,SME-2024-00830,2026-05,1627328,2026-05-16,2026-05-15,1,Bank Transfer,False
PAY-00830-202606,SME-2024-00830,2026-06,1695259,2026-06-17,2026-06-15,2,Virtual Account,False
PAY-00831-202603,SME-2024-00831,2026-03,1513714,2026-03-16,2026-03-15,1,Auto-debit,False
PAY-00831-202604,SME-2024-00831,2026-04,1522741,2026-04-15,2026-04-15,0,Bank Transfer,False
PAY-00831-202605,SME-2024-00831,2026-05,1591819,2026-05-16,2026-05-15,1,Bank Transfer,False
PAY-00831-202606,SME-2024-00831,2026-06,1558972,2026-06-16,2026-06-15,1,Virtual Account,False
PAY-00832-202606,SME-2024-00832,2026-06,2396174,2026-06-15,2026-06-15,0,Bank Transfer,False
PAY-00833-202604,SME-2024-00833,2026-04,1327449,2026-04-15,2026-04-15,0,Bank Transfer,False
PAY-00833-202605,SME-2024-00833,2026-05,1318866,2026-05-18,2026-05-15,3,Virtual Account,False
PAY-00833-202606,SME-2024-00833,2026-06,1291946,2026-06-18,2026-06-15,3,Auto-debit,False
PAY-00834-202603,SME-2024-00834,2026-03,1707598,2026-03-16,2026-03-15,1,Virtual Account,False
PAY-00834-202604,SME-2024-00834,2026-04,1668768,2026-04-15,2026-04-15,0,Virtual Account,False
PAY-00834-202605,SME-2024-00834,2026-05,1635882,2026-05-15,2026-05-15,0,Bank Transfer,False
PAY-00834-202606,SME-2024-00834,2026-06,1620039,2026-06-15,2026-06-15,0,Virtual Account,False
PAY-00835-202603,SME-2024-00835,2026-03,1195044,2026-03-16,2026-03-15,1,Virtual Account,False
PAY-00835-202604,SME-2024-00835,2026-04,1158933,2026-04-16,2026-04-15,1,Virtual Account,False
PAY-00835-202605,SME-2024-00835,2026-05,1148792,2026-05-15,2026-05-15,0,Virtual Account,False
PAY-00835-202606,SME-2024-00835,2026-06,1167065,2026-06-15,2026-06-15,0,Auto-debit,False
PAY-00837-202606,SME-2024-00837,2026-06,3872177,2026-06-16,2026-06-15,1,Virtual Account,False
PAY-00838-202606,SME-2024-00838,2026-06,1302636,2026-06-15,2026-06-15,0,Bank Transfer,False
PAY-00839-202606,SME-2024-00839,2026-06,1410544,2026-06-15,2026-06-15,0,Bank Transfer,False
PAY-00840-202606,SME-2024-00840,2026-06,9710790,2026-06-16,2026-06-15,1,Virtual Account,False
PAY-00841-202603,SME-2024-00841,2026-03,1727682,2026-03-16,2026-03-15,1,Virtual Account,False
PAY-00841-202604,SME-2024-00841,2026-04,1713113,2026-04-15,2026-04-15,0,Auto-debit,False
PAY-00841-202605,SME-2024-00841,2026-05,1765782,2026-05-15,2026-05-15,0,Virtual Account,False
PAY-00841-202606,SME-2024-00841,2026-06,1742471,2026-06-15,2026-06-15,0,Virtual Account,False
PAY-00842-202605,SME-2024-00842,2026-05,2738533,2026-05-17,2026-05-15,2,Auto-debit,False
PAY-00842-202606,SME-2024-00842,2026-06,2588284,2026-06-15,2026-06-15,0,Virtual Account,False
PAY-00843-202604,SME-2024-00843,2026-04,1320974,2026-04-16,2026-04-15,1,Virtual Account,False
PAY-00843-202605,SME-2024-00843,2026-05,1317730,2026-05-15,2026-05-15,0,Auto-debit,False
PAY-00843-202606,SME-2024-00843,2026-06,1265123,2026-06-16,2026-06-15,1,Virtual Account,False
PAY-00844-202606,SME-2024-00844,2026-06,3961082,2026-06-16,2026-06-15,1,Cash,False
PAY-00845-202605,SME-2024-00845,2026-05,1580861,2026-05-16,2026-05-15,1,Bank Transfer,False
PAY-00845-202606,SME-2024-00845,2026-06,1598944,2026-06-15,2026-06-15,0,Virtual Account,False
PAY-00846-202603,SME-2024-00846,2026-03,794183,2026-03-15,2026-03-15,0,Virtual Account,False
PAY-00846-202604,SME-2024-00846,2026-04,761559,2026-04-15,2026-04-15,0,Bank Transfer,False
PAY-00846-202605,SME-2024-00846,2026-05,788719,2026-05-15,2026-05-15,0,Bank Transfer,False
PAY-00846-202606,SME-2024-00846,2026-06,780531,2026-06-15,2026-06-15,0,Bank Transfer,False
PAY-00847-202603,SME-2024-00847,2026-03,2361147,2026-03-18,2026-03-15,3,Bank Transfer,False
PAY-00847-202604,SME-2024-00847,2026-04,2317862,2026-04-16,2026-04-15,1,Auto-debit,False
PAY-00847-202605,SME-2024-00847,2026-05,2348141,2026-05-16,2026-05-15,1,Virtual Account,False
PAY-00847-202606,SME-2024-00847,2026-06,2418913,2026-06-16,2026-06-15,1,Auto-debit,False
PAY-00848-202602,SME-2024-00848,2026-02,9627355,2026-02-16,2026-02-15,1,Virtual Account,True
PAY-00848-202603,SME-2024-00848,2026-03,10070826,2026-03-15,2026-03-15,0,Auto-debit,False
PAY-00848-202604,SME-2024-00848,2026-04,9895580,2026-04-16,2026-04-15,1,Virtual Account,False
PAY-00848-202605,SME-2024-00848,2026-05,10066021,2026-05-18,2026-05-15,3,Virtual Account,False
PAY-00848-202606,SME-2024-00848,2026-06,9965948,2026-06-15,2026-06-15,0,Virtual Account,False
PAY-00852-202507,SME-2024-00852,2025-07,1002710,2025-07-18,2025-07-15,3,Virtual Account,True
PAY-00852-202508,SME-2024-00852,2025-08,1030354,2025-08-23,2025-08-15,8,Virtual Account,True
PAY-00852-202509,SME-2024-00852,2025-09,1048318,2025-09-21,2025-09-15,6,Virtual Account,True
PAY-00852-202510,SME-2024-00852,2025-10,1009332,2025-10-28,2025-10-15,13,Cash,False
PAY-00852-202511,SME-2024-00852,2025-11,1030693,2025-11-22,2025-11-15,7,Bank Transfer,False
PAY-00852-202512,SME-2024-00852,2025-12,1018643,2025-12-30,2025-12-15,15,Virtual Account,False
PAY-00852-202601,SME-2024-00852,2026-01,1002959,2026-01-24,2026-01-15,9,Bank Transfer,False
PAY-00852-202602,SME-2024-00852,2026-02,1005141,2026-03-05,2026-02-15,18,Virtual Account,False
PAY-00852-202603,SME-2024-00852,2026-03,1046783,2026-03-31,2026-03-15,16,Cash,False
PAY-00852-202604,SME-2024-00852,2026-04,1036605,2026-05-01,2026-04-15,16,Bank Transfer,True
PAY-00852-202605,SME-2024-00852,2026-05,1045389,2026-05-31,2026-05-15,16,Auto-debit,True
PAY-00852-202606,SME-2024-00852,2026-06,999388,2026-07-01,2026-06-15,16,Virtual Account,True
PAY-00853-202511,SME-2024-00853,2025-11,2133808,2025-11-20,2025-11-15,5,Virtual Account,False
PAY-00853-202512,SME-2024-00853,2025-12,2186855,2025-12-27,2025-12-15,12,Virtual Account,True
PAY-00853-202601,SME-2024-00853,2026-01,2126370,2026-01-30,2026-01-15,15,Virtual Account,False
PAY-00853-202602,SME-2024-00853,2026-02,2173634,2026-02-25,2026-02-15,10,Virtual Account,True
PAY-00853-202603,SME-2024-00853,2026-03,2198852,2026-03-31,2026-03-15,16,Auto-debit,False
PAY-00853-202604,SME-2024-00853,2026-04,2152074,2026-04-28,2026-04-15,13,Bank Transfer,True
PAY-00853-202605,SME-2024-00853,2026-05,2146292,2026-05-27,2026-05-15,12,Virtual Account,True
PAY-00853-202606,SME-2024-00853,2026-06,2079667,2026-07-02,2026-06-15,17,Cash,True
PAY-00854-202507,SME-2024-00854,2025-07,7484992,2025-07-19,2025-07-15,4,Bank Transfer,True
PAY-00854-202508,SME-2024-00854,2025-08,7225825,2025-08-16,2025-08-15,1,Cash,False
PAY-00854-202509,SME-2024-00854,2025-09,7308050,2025-09-22,2025-09-15,7,Virtual Account,False
PAY-00854-202510,SME-2024-00854,2025-10,7274838,2025-10-25,2025-10-15,10,Auto-debit,False
PAY-00854-202511,SME-2024-00854,2025-11,7160750,2025-11-27,2025-11-15,12,Auto-debit,False
PAY-00854-202512,SME-2024-00854,2025-12,7512262,2025-12-29,2025-12-15,14,Bank Transfer,False
PAY-00854-202601,SME-2024-00854,2026-01,7378874,2026-01-28,2026-01-15,13,Cash,True
PAY-00854-202602,SME-2024-00854,2026-02,7142022,2026-03-01,2026-02-15,14,Auto-debit,False
PAY-00854-202603,SME-2024-00854,2026-03,7574592,2026-03-31,2026-03-15,16,Virtual Account,False
PAY-00854-202604,SME-2024-00854,2026-04,7450222,2026-04-28,2026-04-15,13,Bank Transfer,True
PAY-00854-202605,SME-2024-00854,2026-05,7190289,2026-06-02,2026-05-15,18,Bank Transfer,True
PAY-00854-202606,SME-2024-00854,2026-06,7410364,2026-07-04,2026-06-15,19,Bank Transfer,True
PAY-00855-202507,SME-2024-00855,2025-07,7435595,2025-07-18,2025-07-15,3,Virtual Account,False
PAY-00855-202508,SME-2024-00855,2025-08,7450097,2025-08-18,2025-08-15,3,Virtual Account,False
PAY-00855-202509,SME-2024-00855,2025-09,7446339,2025-09-23,2025-09-15,8,Bank Transfer,False
PAY-00855-202510,SME-2024-00855,2025-10,7366621,2025-10-19,2025-10-15,4,Auto-debit,False
PAY-00855-202511,SME-2024-00855,2025-11,7148807,2025-11-27,2025-11-15,12,Bank Transfer,False
PAY-00855-202512,SME-2024-00855,2025-12,7185480,2025-12-25,2025-12-15,10,Bank Transfer,False
PAY-00855-202601,SME-2024-00855,2026-01,7477132,2026-01-30,2026-01-15,15,Auto-debit,False
PAY-00855-202602,SME-2024-00855,2026-02,7491495,2026-03-01,2026-02-15,14,Virtual Account,False
PAY-00855-202603,SME-2024-00855,2026-03,7518888,2026-04-01,2026-03-15,17,Auto-debit,False
PAY-00855-202604,SME-2024-00855,2026-04,7554640,2026-05-04,2026-04-15,19,Virtual Account,True
PAY-00855-202605,SME-2024-00855,2026-05,7252797,2026-05-28,2026-05-15,13,Virtual Account,True
PAY-00855-202606,SME-2024-00855,2026-06,7412863,2026-07-04,2026-06-15,19,Virtual Account,False
PAY-00856-202605,SME-2024-00856,2026-05,698935,2026-05-31,2026-05-15,16,Virtual Account,True
PAY-00856-202606,SME-2024-00856,2026-06,698800,2026-07-01,2026-06-15,16,Virtual Account,True
PAY-00857-202509,SME-2024-00857,2025-09,2636948,2025-09-21,2025-09-15,6,Auto-debit,False
PAY-00857-202510,SME-2024-00857,2025-10,2708806,2025-10-17,2025-10-15,2,Virtual Account,False
PAY-00857-202511,SME-2024-00857,2025-11,2747648,2025-11-22,2025-11-15,7,Bank Transfer,False
PAY-00857-202512,SME-2024-00857,2025-12,2655135,2025-12-24,2025-12-15,9,Cash,False
PAY-00857-202601,SME-2024-00857,2026-01,2764825,2026-01-26,2026-01-15,11,Auto-debit,True
PAY-00857-202602,SME-2024-00857,2026-02,2778404,2026-03-03,2026-02-15,16,Virtual Account,False
PAY-00857-202603,SME-2024-00857,2026-03,2776781,2026-03-28,2026-03-15,13,Bank Transfer,True
PAY-00857-202604,SME-2024-00857,2026-04,2749422,2026-04-30,2026-04-15,15,Cash,True
PAY-00857-202605,SME-2024-00857,2026-05,2782414,2026-05-26,2026-05-15,11,Bank Transfer,False
PAY-00857-202606,SME-2024-00857,2026-06,2780331,2026-07-07,2026-06-15,22,Virtual Account,False
PAY-00858-202507,SME-2024-00858,2025-07,776431,2025-07-23,2025-07-15,8,Auto-debit,False
PAY-00858-202508,SME-2024-00858,2025-08,774622,2025-08-20,2025-08-15,5,Virtual Account,False
PAY-00858-202509,SME-2024-00858,2025-09,784513,2025-09-23,2025-09-15,8,Cash,False
PAY-00858-202510,SME-2024-00858,2025-10,779457,2025-10-23,2025-10-15,8,Bank Transfer,False
PAY-00858-202511,SME-2024-00858,2025-11,761391,2025-11-23,2025-11-15,8,Bank Transfer,True
PAY-00858-202512,SME-2024-00858,2025-12,786517,2025-12-25,2025-12-15,10,Bank Transfer,True
PAY-00858-202601,SME-2024-00858,2026-01,783784,2026-01-30,2026-01-15,15,Bank Transfer,False
PAY-00858-202602,SME-2024-00858,2026-02,768545,2026-03-02,2026-02-15,15,Bank Transfer,False
PAY-00858-202603,SME-2024-00858,2026-03,777344,2026-04-04,2026-03-15,20,Virtual Account,True
PAY-00858-202604,SME-2024-00858,2026-04,796672,2026-05-04,2026-04-15,19,Virtual Account,True
PAY-00858-202605,SME-2024-00858,2026-05,801419,2026-06-03,2026-05-15,19,Virtual Account,True
PAY-00858-202606,SME-2024-00858,2026-06,778509,2026-07-05,2026-06-15,20,Bank Transfer,True
PAY-00859-202507,SME-2024-00859,2025-07,2743403,2025-07-17,2025-07-15,2,Virtual Account,True
PAY-00859-202508,SME-2024-00859,2025-08,2653638,2025-08-25,2025-08-15,10,Bank Transfer,False
PAY-00859-202509,SME-2024-00859,2025-09,2623632,2025-09-24,2025-09-15,9,Cash,False
PAY-00859-202510,SME-2024-00859,2025-10,2664562,2025-10-22,2025-10-15,7,Virtual Account,True
PAY-00859-202511,SME-2024-00859,2025-11,2717522,2025-12-01,2025-11-15,16,Auto-debit,True
PAY-00860-202602,SME-2024-00860,2026-02,2092675,2026-03-02,2026-02-15,15,Cash,False
PAY-00860-202603,SME-2024-00860,2026-03,1990565,2026-03-29,2026-03-15,14,Virtual Account,False
PAY-00860-202604,SME-2024-00860,2026-04,2018739,2026-04-30,2026-04-15,15,Bank Transfer,True
PAY-00860-202605,SME-2024-00860,2026-05,1980552,2026-06-05,2026-05-15,21,Bank Transfer,True
PAY-00860-202606,SME-2024-00860,2026-06,1991436,2026-07-04,2026-06-15,19,Virtual Account,False
PAY-00861-202507,SME-2024-00861,2025-07,1905522,2025-07-24,2025-07-15,9,Virtual Account,True
PAY-00861-202508,SME-2024-00861,2025-08,1946736,2025-08-20,2025-08-15,5,Virtual Account,True
PAY-00861-202509,SME-2024-00861,2025-09,1939929,2025-09-21,2025-09-15,6,Virtual Account,False
PAY-00861-202510,SME-2024-00861,2025-10,1933278,2025-10-29,2025-10-15,14,Auto-debit,True
PAY-00861-202511,SME-2024-00861,2025-11,1946957,2025-11-24,2025-11-15,9,Virtual Account,True
PAY-00861-202512,SME-2024-00861,2025-12,1916634,2025-12-28,2025-12-15,13,Virtual Account,True
PAY-00861-202601,SME-2024-00861,2026-01,1902243,2026-01-28,2026-01-15,13,Bank Transfer,True
PAY-00861-202602,SME-2024-00861,2026-02,1952733,2026-03-02,2026-02-15,15,Auto-debit,False
PAY-00861-202603,SME-2024-00861,2026-03,1957290,2026-03-25,2026-03-15,10,Auto-debit,False
PAY-00861-202604,SME-2024-00861,2026-04,1997100,2026-04-27,2026-04-15,12,Auto-debit,True
PAY-00861-202605,SME-2024-00861,2026-05,1930792,2026-06-02,2026-05-15,18,Auto-debit,True
PAY-00861-202606,SME-2024-00861,2026-06,1958741,2026-07-07,2026-06-15,22,Bank Transfer,True
PAY-00862-202507,SME-2024-00862,2025-07,3689842,2025-07-18,2025-07-15,3,Auto-debit,True
PAY-00862-202508,SME-2024-00862,2025-08,3605099,2025-08-22,2025-08-15,7,Virtual Account,False
PAY-00862-202509,SME-2024-00862,2025-09,3569441,2025-09-20,2025-09-15,5,Bank Transfer,True
PAY-00862-202510,SME-2024-00862,2025-10,3578945,2025-10-26,2025-10-15,11,Bank Transfer,False
PAY-00862-202511,SME-2024-00862,2025-11,3558739,2025-11-29,2025-11-15,14,Virtual Account,True
PAY-00862-202512,SME-2024-00862,2025-12,3516767,2025-12-27,2025-12-15,12,Bank Transfer,False
PAY-00862-202601,SME-2024-00862,2026-01,3571645,2026-01-24,2026-01-15,9,Virtual Account,False
PAY-00862-202602,SME-2024-00862,2026-02,3633167,2026-02-27,2026-02-15,12,Cash,False
PAY-00862-202603,SME-2024-00862,2026-03,3549295,2026-04-02,2026-03-15,18,Bank Transfer,True
PAY-00862-202604,SME-2024-00862,2026-04,3645740,2026-05-01,2026-04-15,16,Cash,True
PAY-00862-202605,SME-2024-00862,2026-05,3502946,2026-06-03,2026-05-15,19,Bank Transfer,True
PAY-00862-202606,SME-2024-00862,2026-06,3654663,2026-07-05,2026-06-15,20,Auto-debit,True
PAY-00863-202507,SME-2024-00863,2025-07,2461015,2025-07-21,2025-07-15,6,Bank Transfer,False
PAY-00863-202508,SME-2024-00863,2025-08,2549696,2025-08-23,2025-08-15,8,Auto-debit,False
PAY-00863-202509,SME-2024-00863,2025-09,2512120,2025-09-22,2025-09-15,7,Virtual Account,True
PAY-00863-202510,SME-2024-00863,2025-10,2548620,2025-10-25,2025-10-15,10,Bank Transfer,False
PAY-00863-202511,SME-2024-00863,2025-11,2505487,2025-11-24,2025-11-15,9,Bank Transfer,False
PAY-00863-202512,SME-2024-00863,2025-12,2559457,2025-12-27,2025-12-15,12,Bank Transfer,False
PAY-00863-202601,SME-2024-00863,2026-01,2522097,2026-01-24,2026-01-15,9,Bank Transfer,False
PAY-00863-202602,SME-2024-00863,2026-02,2478782,2026-03-07,2026-02-15,20,Bank Transfer,True
PAY-00863-202603,SME-2024-00863,2026-03,2554357,2026-03-30,2026-03-15,15,Virtual Account,False
PAY-00863-202604,SME-2024-00863,2026-04,2528294,2026-04-29,2026-04-15,14,Virtual Account,True
PAY-00863-202605,SME-2024-00863,2026-05,2456096,2026-05-30,2026-05-15,15,Virtual Account,True
PAY-00863-202606,SME-2024-00863,2026-06,2523041,2026-07-09,2026-06-15,24,Virtual Account,True
PAY-00864-202507,SME-2024-00864,2025-07,1477516,2025-07-23,2025-07-15,8,Auto-debit,True
PAY-00864-202508,SME-2024-00864,2025-08,1494409,2025-08-23,2025-08-15,8,Virtual Account,True
PAY-00864-202509,SME-2024-00864,2025-09,1455535,2025-09-24,2025-09-15,9,Bank Transfer,True
PAY-00864-202510,SME-2024-00864,2025-10,1437802,2025-10-25,2025-10-15,10,Virtual Account,True
PAY-00864-202511,SME-2024-00864,2025-11,1487481,2025-11-25,2025-11-15,10,Virtual Account,True
PAY-00864-202512,SME-2024-00864,2025-12,1464498,2025-12-22,2025-12-15,7,Virtual Account,False
PAY-00864-202601,SME-2024-00864,2026-01,1462596,2026-01-29,2026-01-15,14,Auto-debit,True
PAY-00864-202602,SME-2024-00864,2026-02,1459872,2026-02-25,2026-02-15,10,Virtual Account,True
PAY-00864-202603,SME-2024-00864,2026-03,1446336,2026-03-31,2026-03-15,16,Bank Transfer,True
PAY-00864-202604,SME-2024-00864,2026-04,1473148,2026-04-25,2026-04-15,10,Virtual Account,False
PAY-00864-202605,SME-2024-00864,2026-05,1489645,2026-05-31,2026-05-15,16,Bank Transfer,True
PAY-00864-202606,SME-2024-00864,2026-06,1439813,2026-07-06,2026-06-15,21,Bank Transfer,True
PAY-00865-202510,SME-2024-00865,2025-10,4014442,2025-10-21,2025-10-15,6,Virtual Account,False
PAY-00865-202511,SME-2024-00865,2025-11,4073484,2025-11-25,2025-11-15,10,Bank Transfer,False
PAY-00865-202512,SME-2024-00865,2025-12,4003338,2025-12-25,2025-12-15,10,Virtual Account,True
PAY-00865-202601,SME-2024-00865,2026-01,4052508,2026-01-25,2026-01-15,10,Virtual Account,True
PAY-00865-202602,SME-2024-00865,2026-02,3952343,2026-02-25,2026-02-15,10,Bank Transfer,False
PAY-00865-202603,SME-2024-00865,2026-03,4032559,2026-03-20,2026-03-15,5,Bank Transfer,False
PAY-00865-202604,SME-2024-00865,2026-04,3997955,2026-04-29,2026-04-15,14,Cash,True
PAY-00865-202605,SME-2024-00865,2026-05,4098534,2026-06-04,2026-05-15,20,Bank Transfer,True
PAY-00865-202606,SME-2024-00865,2026-06,6075882,2026-07-03,2026-06-15,18,Auto-debit,True
PAY-00866-202507,SME-2024-00866,2025-07,2461924,2025-07-19,2025-07-15,4,Auto-debit,False
PAY-00866-202508,SME-2024-00866,2025-08,2369955,2025-08-25,2025-08-15,10,Auto-debit,False
PAY-00866-202509,SME-2024-00866,2025-09,2442511,2025-09-23,2025-09-15,8,Bank Transfer,False
PAY-00866-202510,SME-2024-00866,2025-10,2439271,2025-10-26,2025-10-15,11,Bank Transfer,False
PAY-00866-202511,SME-2024-00866,2025-11,2380437,2025-11-26,2025-11-15,11,Cash,True
PAY-00866-202512,SME-2024-00866,2025-12,2474050,2025-12-26,2025-12-15,11,Virtual Account,False
PAY-00866-202601,SME-2024-00866,2026-01,2475249,2026-02-08,2026-01-15,24,Auto-debit,True
PAY-00866-202602,SME-2024-00866,2026-02,2424616,2026-02-25,2026-02-15,10,Bank Transfer,False
PAY-00866-202603,SME-2024-00866,2026-03,2448029,2026-04-03,2026-03-15,19,Auto-debit,False
PAY-00866-202604,SME-2024-00866,2026-04,2375593,2026-04-29,2026-04-15,14,Virtual Account,False
PAY-00866-202605,SME-2024-00866,2026-05,2421386,2026-06-01,2026-05-15,17,Virtual Account,False
PAY-00866-202606,SME-2024-00866,2026-06,2455268,2026-07-03,2026-06-15,18,Virtual Account,False
PAY-00867-202507,SME-2024-00867,2025-07,8117768,2025-07-18,2025-07-15,3,Virtual Account,False
PAY-00867-202508,SME-2024-00867,2025-08,8263841,2025-08-24,2025-08-15,9,Auto-debit,False
PAY-00867-202509,SME-2024-00867,2025-09,7976989,2025-09-24,2025-09-15,9,Auto-debit,True
PAY-00867-202510,SME-2024-00867,2025-10,8096340,2025-10-25,2025-10-15,10,Bank Transfer,True
PAY-00867-202511,SME-2024-00867,2025-11,8267835,2025-11-28,2025-11-15,13,Virtual Account,True
PAY-00867-202512,SME-2024-00867,2025-12,7971416,2025-12-24,2025-12-15,9,Virtual Account,True
PAY-00867-202601,SME-2024-00867,2026-01,8272299,2026-01-30,2026-01-15,15,Cash,True
PAY-00867-202602,SME-2024-00867,2026-02,8170206,2026-02-28,2026-02-15,13,Virtual Account,True
PAY-00867-202603,SME-2024-00867,2026-03,8187608,2026-04-09,2026-03-15,25,Virtual Account,True
PAY-00867-202604,SME-2024-00867,2026-04,8111218,2026-05-01,2026-04-15,16,Bank Transfer,True
PAY-00867-202605,SME-2024-00867,2026-05,8218868,2026-05-30,2026-05-15,15,Bank Transfer,True
PAY-00867-202606,SME-2024-00867,2026-06,7959866,2026-07-12,2026-06-15,27,Cash,True
PAY-00868-202507,SME-2024-00868,2025-07,1538855,2025-07-25,2025-07-15,10,Virtual Account,False
PAY-00868-202508,SME-2024-00868,2025-08,1551585,2025-08-19,2025-08-15,4,Bank Transfer,True
PAY-00868-202509,SME-2024-00868,2025-09,1576039,2025-09-23,2025-09-15,8,Virtual Account,False
PAY-00868-202510,SME-2024-00868,2025-10,1523039,2025-10-23,2025-10-15,8,Bank Transfer,True
PAY-00868-202511,SME-2024-00868,2025-11,1570960,2025-11-23,2025-11-15,8,Auto-debit,False
PAY-00868-202512,SME-2024-00868,2025-12,1572629,2025-12-25,2025-12-15,10,Bank Transfer,True
PAY-00868-202601,SME-2024-00868,2026-01,1543844,2026-01-29,2026-01-15,14,Bank Transfer,True
PAY-00868-202602,SME-2024-00868,2026-02,3810106,2026-03-08,2026-02-15,21,Virtual Account,True
PAY-00868-202603,SME-2024-00868,2026-03,3906741,2026-03-31,2026-03-15,16,Virtual Account,True
PAY-00868-202604,SME-2024-00868,2026-04,3883038,2026-05-03,2026-04-15,18,Bank Transfer,False
PAY-00868-202605,SME-2024-00868,2026-05,3786434,2026-05-31,2026-05-15,16,Bank Transfer,True
PAY-00868-202606,SME-2024-00868,2026-06,3920235,2026-07-01,2026-06-15,16,Virtual Account,True
PAY-00869-202507,SME-2024-00869,2025-07,3388752,2025-07-21,2025-07-15,6,Virtual Account,False
PAY-00869-202508,SME-2024-00869,2025-08,3552639,2025-08-20,2025-08-15,5,Virtual Account,False
PAY-00869-202509,SME-2024-00869,2025-09,3570482,2025-09-20,2025-09-15,5,Virtual Account,True
PAY-00869-202510,SME-2024-00869,2025-10,3409613,2025-10-19,2025-10-15,4,Virtual Account,False
PAY-00869-202511,SME-2024-00869,2025-11,3454465,2025-11-23,2025-11-15,8,Cash,True
PAY-00869-202512,SME-2024-00869,2025-12,5261299,2025-12-25,2025-12-15,10,Virtual Account,True
PAY-00869-202601,SME-2024-00869,2026-01,5084067,2026-01-27,2026-01-15,12,Virtual Account,True
PAY-00869-202602,SME-2024-00869,2026-02,1632994,2026-02-26,2026-02-15,11,Auto-debit,True
PAY-00869-202603,SME-2024-00869,2026-03,1690348,2026-03-27,2026-03-15,12,Virtual Account,True
PAY-00869-202604,SME-2024-00869,2026-04,1707819,2026-05-01,2026-04-15,16,Bank Transfer,True
PAY-00871-202507,SME-2024-00871,2025-07,1213520,2025-07-16,2025-07-15,1,Bank Transfer,False
PAY-00871-202508,SME-2024-00871,2025-08,1227515,2025-08-20,2025-08-15,5,Virtual Account,True
PAY-00871-202509,SME-2024-00871,2025-09,1256716,2025-09-23,2025-09-15,8,Virtual Account,False
PAY-00871-202510,SME-2024-00871,2025-10,1263008,2025-10-18,2025-10-15,3,Bank Transfer,False
PAY-00871-202511,SME-2024-00871,2025-11,1271286,2025-11-20,2025-11-15,5,Cash,False
PAY-00871-202512,SME-2024-00871,2025-12,1242036,2025-12-26,2025-12-15,11,Virtual Account,False
PAY-00871-202601,SME-2024-00871,2026-01,1275566,2026-02-02,2026-01-15,18,Bank Transfer,True
PAY-00871-202602,SME-2024-00871,2026-02,1235164,2026-03-11,2026-02-15,24,Bank Transfer,True
PAY-00871-202603,SME-2024-00871,2026-03,1238797,2026-03-24,2026-03-15,9,Auto-debit,True
PAY-00871-202604,SME-2024-00871,2026-04,1228484,2026-05-03,2026-04-15,18,Cash,False
PAY-00871-202605,SME-2024-00871,2026-05,1215839,2026-05-29,2026-05-15,14,Auto-debit,True
PAY-00871-202606,SME-2024-00871,2026-06,1239917,2026-06-28,2026-06-15,13,Bank Transfer,True
PAY-00872-202507,SME-2024-00872,2025-07,1399832,2025-07-21,2025-07-15,6,Auto-debit,True
PAY-00872-202508,SME-2024-00872,2025-08,1409351,2025-08-26,2025-08-15,11,Virtual Account,False
PAY-00872-202509,SME-2024-00872,2025-09,1391066,2025-09-22,2025-09-15,7,Auto-debit,False
PAY-00872-202510,SME-2024-00872,2025-10,1397135,2025-10-28,2025-10-15,13,Virtual Account,True
PAY-00872-202511,SME-2024-00872,2025-11,1450859,2025-11-25,2025-11-15,10,Bank Transfer,True
PAY-00872-202512,SME-2024-00872,2025-12,1433137,2025-12-25,2025-12-15,10,Auto-debit,True
PAY-00872-202601,SME-2024-00872,2026-01,1443897,2026-01-29,2026-01-15,14,Virtual Account,True
PAY-00872-202602,SME-2024-00872,2026-02,1420079,2026-03-03,2026-02-15,16,Bank Transfer,True
PAY-00872-202603,SME-2024-00872,2026-03,1417227,2026-03-28,2026-03-15,13,Virtual Account,False
PAY-00872-202604,SME-2024-00872,2026-04,1378907,2026-05-03,2026-04-15,18,Cash,True
PAY-00872-202605,SME-2024-00872,2026-05,1461401,2026-05-27,2026-05-15,12,Bank Transfer,True
PAY-00872-202606,SME-2024-00872,2026-06,1431044,2026-07-01,2026-06-15,16,Auto-debit,True
PAY-00873-202606,SME-2024-00873,2026-06,1216845,2026-07-09,2026-06-15,24,Virtual Account,True
PAY-00874-202507,SME-2024-00874,2025-07,3871664,2025-07-19,2025-07-15,4,Virtual Account,False
PAY-00874-202508,SME-2024-00874,2025-08,3893220,2025-08-19,2025-08-15,4,Virtual Account,False
PAY-00874-202509,SME-2024-00874,2025-09,3884694,2025-09-23,2025-09-15,8,Bank Transfer,False
PAY-00874-202510,SME-2024-00874,2025-10,3815800,2025-10-24,2025-10-15,9,Bank Transfer,True
PAY-00874-202511,SME-2024-00874,2025-11,3918597,2025-11-25,2025-11-15,10,Bank Transfer,True
PAY-00874-202512,SME-2024-00874,2025-12,3890449,2025-12-25,2025-12-15,10,Auto-debit,False
PAY-00874-202601,SME-2024-00874,2026-01,3805022,2026-02-01,2026-01-15,17,Virtual Account,False
PAY-00874-202602,SME-2024-00874,2026-02,3849566,2026-02-28,2026-02-15,13,Virtual Account,True
PAY-00874-202603,SME-2024-00874,2026-03,3795850,2026-03-29,2026-03-15,14,Virtual Account,True
PAY-00874-202604,SME-2024-00874,2026-04,4009289,2026-05-03,2026-04-15,18,Virtual Account,True
PAY-00874-202605,SME-2024-00874,2026-05,3821667,2026-06-03,2026-05-15,19,Bank Transfer,True
PAY-00874-202606,SME-2024-00874,2026-06,3870227,2026-07-05,2026-06-15,20,Virtual Account,True
PAY-00875-202511,SME-2024-00875,2025-11,5155771,2025-11-23,2025-11-15,8,Auto-debit,False
PAY-00875-202512,SME-2024-00875,2025-12,5213311,2025-12-28,2025-12-15,13,Auto-debit,False
PAY-00875-202601,SME-2024-00875,2026-01,8206600,2026-01-30,2026-01-15,15,Auto-debit,True
PAY-00875-202602,SME-2024-00875,2026-02,8380200,2026-02-22,2026-02-15,7,Bank Transfer,False
PAY-00875-202603,SME-2024-00875,2026-03,8517513,2026-03-30,2026-03-15,15,Bank Transfer,False
PAY-00875-202604,SME-2024-00875,2026-04,8213120,2026-04-26,2026-04-15,11,Virtual Account,False
PAY-00875-202605,SME-2024-00875,2026-05,8545339,2026-05-29,2026-05-15,14,Auto-debit,True
PAY-00875-202606,SME-2024-00875,2026-06,8157775,2026-06-29,2026-06-15,14,Bank Transfer,True
PAY-00876-202507,SME-2024-00876,2025-07,7444655,2025-07-24,2025-07-15,9,Virtual Account,False
PAY-00876-202508,SME-2024-00876,2025-08,7466442,2025-08-22,2025-08-15,7,Virtual Account,False
PAY-00876-202509,SME-2024-00876,2025-09,7674224,2025-09-27,2025-09-15,12,Virtual Account,False
PAY-00876-202510,SME-2024-00876,2025-10,7665142,2025-10-21,2025-10-15,6,Cash,False
PAY-00876-202511,SME-2024-00876,2025-11,7301305,2025-11-22,2025-11-15,7,Virtual Account,True
PAY-00876-202512,SME-2024-00876,2025-12,7267381,2025-12-22,2025-12-15,7,Bank Transfer,False
PAY-00876-202601,SME-2024-00876,2026-01,7579276,2026-01-29,2026-01-15,14,Bank Transfer,True
PAY-00876-202602,SME-2024-00876,2026-02,7580109,2026-03-05,2026-02-15,18,Bank Transfer,False
PAY-00876-202603,SME-2024-00876,2026-03,7281576,2026-03-30,2026-03-15,15,Auto-debit,True
PAY-00876-202604,SME-2024-00876,2026-04,7446071,2026-05-08,2026-04-15,23,Virtual Account,True
PAY-00876-202605,SME-2024-00876,2026-05,7366814,2026-06-03,2026-05-15,19,Bank Transfer,True
PAY-00876-202606,SME-2024-00876,2026-06,7474305,2026-07-06,2026-06-15,21,Auto-debit,True
PAY-00877-202507,SME-2024-00877,2025-07,987391,2025-07-21,2025-07-15,6,Bank Transfer,True
PAY-00877-202508,SME-2024-00877,2025-08,965509,2025-08-23,2025-08-15,8,Virtual Account,False
PAY-00877-202509,SME-2024-00877,2025-09,970964,2025-09-20,2025-09-15,5,Bank Transfer,False
PAY-00877-202510,SME-2024-00877,2025-10,986077,2025-10-24,2025-10-15,9,Virtual Account,False
PAY-00877-202511,SME-2024-00877,2025-11,1013482,2025-11-25,2025-11-15,10,Bank Transfer,True
PAY-00877-202512,SME-2024-00877,2025-12,1002451,2025-12-27,2025-12-15,12,Virtual Account,False
PAY-00877-202601,SME-2024-00877,2026-01,995637,2026-01-27,2026-01-15,12,Virtual Account,True
PAY-00877-202602,SME-2024-00877,2026-02,1014647,2026-02-25,2026-02-15,10,Bank Transfer,True
PAY-00877-202603,SME-2024-00877,2026-03,983715,2026-03-28,2026-03-15,13,Bank Transfer,False
PAY-00877-202604,SME-2024-00877,2026-04,982158,2026-05-02,2026-04-15,17,Bank Transfer,False
PAY-00877-202605,SME-2024-00877,2026-05,960476,2026-06-05,2026-05-15,21,Virtual Account,True
PAY-00877-202606,SME-2024-00877,2026-06,1012633,2026-07-05,2026-06-15,20,Virtual Account,True
PAY-00878-202507,SME-2024-00878,2025-07,1193645,2025-07-18,2025-07-15,3,Virtual Account,False
PAY-00878-202508,SME-2024-00878,2025-08,1196646,2025-08-23,2025-08-15,8,Auto-debit,False
PAY-00879-202507,SME-2024-00879,2025-07,2849669,2025-07-17,2025-07-15,2,Bank Transfer,False
PAY-00879-202508,SME-2024-00879,2025-08,2813674,2025-08-20,2025-08-15,5,Virtual Account,False
PAY-00879-202509,SME-2024-00879,2025-09,2738140,2025-09-24,2025-09-15,9,Bank Transfer,False
PAY-00879-202510,SME-2024-00879,2025-10,2841139,2025-10-20,2025-10-15,5,Auto-debit,False
PAY-00879-202511,SME-2024-00879,2025-11,2880461,2025-12-01,2025-11-15,16,Bank Transfer,False
PAY-00879-202512,SME-2024-00879,2025-12,2811176,2025-12-27,2025-12-15,12,Bank Transfer,True
PAY-00879-202601,SME-2024-00879,2026-01,2813159,2026-01-25,2026-01-15,10,Bank Transfer,True
PAY-00879-202602,SME-2024-00879,2026-02,2852999,2026-02-24,2026-02-15,9,Cash,False
PAY-00879-202603,SME-2024-00879,2026-03,2858754,2026-04-04,2026-03-15,20,Virtual Account,True
PAY-00879-202604,SME-2024-00879,2026-04,2827438,2026-04-28,2026-04-15,13,Bank Transfer,True
PAY-00879-202605,SME-2024-00879,2026-05,2868306,2026-05-30,2026-05-15,15,Virtual Account,False
PAY-00879-202606,SME-2024-00879,2026-06,2782658,2026-06-29,2026-06-15,14,Cash,True
PAY-00880-202507,SME-2024-00880,2025-07,1764970,2025-07-19,2025-07-15,4,Auto-debit,False
PAY-00880-202508,SME-2024-00880,2025-08,1774825,2025-08-22,2025-08-15,7,Virtual Account,False
PAY-00880-202509,SME-2024-00880,2025-09,1840563,2025-09-21,2025-09-15,6,Virtual Account,False
PAY-00880-202510,SME-2024-00880,2025-10,1846685,2025-10-19,2025-10-15,4,Virtual Account,False
PAY-00880-202511,SME-2024-00880,2025-11,1811467,2025-11-18,2025-11-15,3,Cash,False
PAY-00880-202512,SME-2024-00880,2025-12,1859238,2025-12-27,2025-12-15,12,Virtual Account,True
PAY-00880-202601,SME-2024-00880,2026-01,1820813,2026-01-26,2026-01-15,11,Virtual Account,True
PAY-00880-202602,SME-2024-00880,2026-02,1813246,2026-03-02,2026-02-15,15,Cash,False
PAY-00880-202603,SME-2024-00880,2026-03,1795094,2026-03-26,2026-03-15,11,Auto-debit,True
PAY-00880-202604,SME-2024-00880,2026-04,1766593,2026-05-01,2026-04-15,16,Bank Transfer,True
PAY-00880-202605,SME-2024-00880,2026-05,1769888,2026-06-05,2026-05-15,21,Virtual Account,True
PAY-00880-202606,SME-2024-00880,2026-06,1868541,2026-07-05,2026-06-15,20,Auto-debit,True
PAY-00881-202507,SME-2024-00881,2025-07,2559433,2025-07-22,2025-07-15,7,Virtual Account,False
PAY-00881-202508,SME-2024-00881,2025-08,2630953,2025-08-15,2025-08-15,0,Auto-debit,True
PAY-00881-202509,SME-2024-00881,2025-09,2653269,2025-09-24,2025-09-15,9,Auto-debit,False
PAY-00881-202510,SME-2024-00881,2025-10,2670768,2025-10-20,2025-10-15,5,Auto-debit,True
PAY-00881-202511,SME-2024-00881,2025-11,2555139,2025-11-29,2025-11-15,14,Virtual Account,False
PAY-00881-202512,SME-2024-00881,2025-12,2697149,2025-12-23,2025-12-15,8,Bank Transfer,False
PAY-00881-202601,SME-2024-00881,2026-01,2668773,2026-01-24,2026-01-15,9,Bank Transfer,False
PAY-00881-202602,SME-2024-00881,2026-02,6087858,2026-03-03,2026-02-15,16,Auto-debit,False
PAY-00881-202603,SME-2024-00881,2026-03,5969090,2026-03-27,2026-03-15,12,Bank Transfer,False
PAY-00881-202604,SME-2024-00881,2026-04,5893609,2026-04-29,2026-04-15,14,Auto-debit,True
PAY-00881-202605,SME-2024-00881,2026-05,5835660,2026-06-04,2026-05-15,20,Virtual Account,True
PAY-00881-202606,SME-2024-00881,2026-06,5861454,2026-07-05,2026-06-15,20,Virtual Account,True
PAY-00882-202605,SME-2024-00882,2026-05,1132308,2026-05-30,2026-05-15,15,Bank Transfer,True
PAY-00882-202606,SME-2024-00882,2026-06,1100648,2026-06-29,2026-06-15,14,Virtual Account,True
PAY-00883-202601,SME-2024-00883,2026-01,1043215,2026-01-21,2026-01-15,6,Virtual Account,True
PAY-00883-202602,SME-2024-00883,2026-02,1077868,2026-02-26,2026-02-15,11,Bank Transfer,True
PAY-00883-202603,SME-2024-00883,2026-03,1059938,2026-03-27,2026-03-15,12,Auto-debit,True
PAY-00883-202604,SME-2024-00883,2026-04,1072614,2026-04-26,2026-04-15,11,Virtual Account,False
PAY-00883-202605,SME-2024-00883,2026-05,1087782,2026-05-28,2026-05-15,13,Virtual Account,True
PAY-00883-202606,SME-2024-00883,2026-06,1084594,2026-07-03,2026-06-15,18,Bank Transfer,False
PAY-00884-202511,SME-2024-00884,2025-11,1844528,2025-11-20,2025-11-15,5,Bank Transfer,False
PAY-00884-202512,SME-2024-00884,2025-12,1807658,2025-12-22,2025-12-15,7,Virtual Account,False
PAY-00884-202601,SME-2024-00884,2026-01,1849247,2026-01-26,2026-01-15,11,Auto-debit,True
PAY-00884-202602,SME-2024-00884,2026-02,1799159,2026-02-26,2026-02-15,11,Auto-debit,False
PAY-00884-202603,SME-2024-00884,2026-03,1843808,2026-03-29,2026-03-15,14,Bank Transfer,False
PAY-00884-202604,SME-2024-00884,2026-04,1778308,2026-04-28,2026-04-15,13,Cash,True
PAY-00884-202605,SME-2024-00884,2026-05,1823216,2026-05-22,2026-05-15,7,Auto-debit,False
PAY-00884-202606,SME-2024-00884,2026-06,1854934,2026-06-27,2026-06-15,12,Bank Transfer,True
PAY-00885-202507,SME-2024-00885,2025-07,3095451,2025-07-21,2025-07-15,6,Virtual Account,True
PAY-00885-202508,SME-2024-00885,2025-08,3047269,2025-08-19,2025-08-15,4,Auto-debit,False
PAY-00885-202509,SME-2024-00885,2025-09,3081417,2025-09-20,2025-09-15,5,Bank Transfer,False
PAY-00885-202510,SME-2024-00885,2025-10,2981244,2025-10-24,2025-10-15,9,Cash,False
PAY-00885-202511,SME-2024-00885,2025-11,3015374,2025-11-27,2025-11-15,12,Virtual Account,True
PAY-00885-202512,SME-2024-00885,2025-12,2926946,2025-12-27,2025-12-15,12,Virtual Account,True
PAY-00885-202601,SME-2024-00885,2026-01,2973420,2026-02-01,2026-01-15,17,Bank Transfer,True
PAY-00885-202602,SME-2024-00885,2026-02,3048349,2026-03-01,2026-02-15,14,Virtual Account,False
PAY-00885-202603,SME-2024-00885,2026-03,2976369,2026-03-28,2026-03-15,13,Auto-debit,True
PAY-00885-202604,SME-2024-00885,2026-04,3019255,2026-05-04,2026-04-15,19,Cash,True
PAY-00885-202605,SME-2024-00885,2026-05,2966889,2026-06-01,2026-05-15,17,Auto-debit,True
PAY-00885-202606,SME-2024-00885,2026-06,3030140,2026-07-03,2026-06-15,18,Cash,True
PAY-00886-202511,SME-2024-00886,2025-11,2918402,2025-11-21,2025-11-15,6,Virtual Account,False
PAY-00886-202512,SME-2024-00886,2025-12,2954111,2025-12-27,2025-12-15,12,Virtual Account,False
PAY-00886-202601,SME-2024-00886,2026-01,2813032,2026-01-25,2026-01-15,10,Virtual Account,True
PAY-00886-202602,SME-2024-00886,2026-02,2922631,2026-02-26,2026-02-15,11,Virtual Account,True
PAY-00886-202603,SME-2024-00886,2026-03,2940321,2026-03-31,2026-03-15,16,Virtual Account,True
PAY-00886-202604,SME-2024-00886,2026-04,2881524,2026-04-28,2026-04-15,13,Bank Transfer,False
PAY-00886-202605,SME-2024-00886,2026-05,2843303,2026-06-04,2026-05-15,20,Virtual Account,True
PAY-00886-202606,SME-2024-00886,2026-06,2806391,2026-06-30,2026-06-15,15,Auto-debit,False
PAY-00887-202604,SME-2024-00887,2026-04,1812801,2026-05-03,2026-04-15,18,Virtual Account,False
PAY-00887-202605,SME-2024-00887,2026-05,1825978,2026-05-26,2026-05-15,11,Virtual Account,True
PAY-00887-202606,SME-2024-00887,2026-06,1870333,2026-07-03,2026-06-15,18,Cash,True
PAY-00888-202507,SME-2024-00888,2025-07,904564,2025-07-22,2025-07-15,7,Auto-debit,False
PAY-00888-202508,SME-2024-00888,2025-08,916352,2025-08-22,2025-08-15,7,Bank Transfer,False
PAY-00888-202509,SME-2024-00888,2025-09,881845,2025-09-20,2025-09-15,5,Cash,True
PAY-00888-202510,SME-2024-00888,2025-10,875846,2025-10-31,2025-10-15,16,Virtual Account,False
PAY-00888-202511,SME-2024-00888,2025-11,864365,2025-12-01,2025-11-15,16,Virtual Account,False
PAY-00888-202512,SME-2024-00888,2025-12,880429,2025-12-29,2025-12-15,14,Virtual Account,False
PAY-00888-202601,SME-2024-00888,2026-01,890684,2026-01-27,2026-01-15,12,Bank Transfer,False
PAY-00888-202602,SME-2024-00888,2026-02,875091,2026-02-28,2026-02-15,13,Virtual Account,True
PAY-00888-202603,SME-2024-00888,2026-03,911404,2026-03-30,2026-03-15,15,Virtual Account,False
PAY-00888-202604,SME-2024-00888,2026-04,909448,2026-04-29,2026-04-15,14,Bank Transfer,True
PAY-00888-202605,SME-2024-00888,2026-05,914332,2026-05-31,2026-05-15,16,Virtual Account,True
PAY-00888-202606,SME-2024-00888,2026-06,877913,2026-07-04,2026-06-15,19,Bank Transfer,True
PAY-00889-202604,SME-2024-00889,2026-04,952644,2026-05-08,2026-04-15,23,Virtual Account,False
PAY-00889-202605,SME-2024-00889,2026-05,915189,2026-06-01,2026-05-15,17,Virtual Account,False
PAY-00889-202606,SME-2024-00889,2026-06,931010,2026-07-09,2026-06-15,24,Auto-debit,True
PAY-00890-202507,SME-2024-00890,2025-07,1293905,2025-07-20,2025-07-15,5,Cash,True
PAY-00890-202508,SME-2024-00890,2025-08,1275854,2025-08-22,2025-08-15,7,Virtual Account,True
PAY-00890-202509,SME-2024-00890,2025-09,1295758,2025-09-20,2025-09-15,5,Bank Transfer,False
PAY-00890-202510,SME-2024-00890,2025-10,1330081,2025-10-26,2025-10-15,11,Cash,False
PAY-00890-202511,SME-2024-00890,2025-11,1342440,2025-11-24,2025-11-15,9,Virtual Account,False
PAY-00890-202512,SME-2024-00890,2025-12,1282384,2025-12-26,2025-12-15,11,Virtual Account,True
PAY-00890-202601,SME-2024-00890,2026-01,1301090,2026-02-01,2026-01-15,17,Auto-debit,True
PAY-00890-202602,SME-2024-00890,2026-02,1286016,2026-02-27,2026-02-15,12,Auto-debit,True
PAY-00890-202603,SME-2024-00890,2026-03,1309001,2026-04-06,2026-03-15,22,Bank Transfer,True
PAY-00890-202604,SME-2024-00890,2026-04,1285462,2026-05-05,2026-04-15,20,Bank Transfer,True
PAY-00890-202605,SME-2024-00890,2026-05,1272729,2026-05-29,2026-05-15,14,Virtual Account,True
PAY-00890-202606,SME-2024-00890,2026-06,1332867,2026-07-03,2026-06-15,18,Auto-debit,True
PAY-00891-202507,SME-2024-00891,2025-07,4640454,2025-07-20,2025-07-15,5,Auto-debit,False
PAY-00891-202508,SME-2024-00891,2025-08,4835992,2025-08-24,2025-08-15,9,Virtual Account,False
PAY-00891-202509,SME-2024-00891,2025-09,4696160,2025-09-22,2025-09-15,7,Bank Transfer,False
PAY-00891-202510,SME-2024-00891,2025-10,4799270,2025-10-24,2025-10-15,9,Bank Transfer,False
PAY-00891-202511,SME-2024-00891,2025-11,4823743,2025-11-23,2025-11-15,8,Bank Transfer,True
PAY-00891-202512,SME-2024-00891,2025-12,4754123,2025-12-23,2025-12-15,8,Bank Transfer,True
PAY-00891-202601,SME-2024-00891,2026-01,4691415,2026-01-30,2026-01-15,15,Bank Transfer,False
PAY-00891-202602,SME-2024-00891,2026-02,4642270,2026-03-03,2026-02-15,16,Virtual Account,False
PAY-00891-202603,SME-2024-00891,2026-03,4630053,2026-04-04,2026-03-15,20,Virtual Account,False
PAY-00891-202604,SME-2024-00891,2026-04,4873160,2026-05-05,2026-04-15,20,Virtual Account,True
PAY-00891-202605,SME-2024-00891,2026-05,4660183,2026-06-04,2026-05-15,20,Virtual Account,True
PAY-00891-202606,SME-2024-00891,2026-06,4854497,2026-07-02,2026-06-15,17,Cash,True
PAY-00892-202511,SME-2024-00892,2025-11,1862003,2025-11-22,2025-11-15,7,Virtual Account,True
PAY-00892-202512,SME-2024-00892,2025-12,1877929,2025-12-28,2025-12-15,13,Virtual Account,False
PAY-00892-202601,SME-2024-00892,2026-01,1892483,2026-01-28,2026-01-15,13,Bank Transfer,False
PAY-00892-202602,SME-2024-00892,2026-02,1796934,2026-02-23,2026-02-15,8,Auto-debit,True
PAY-00892-202603,SME-2024-00892,2026-03,1864613,2026-03-26,2026-03-15,11,Bank Transfer,False
PAY-00892-202604,SME-2024-00892,2026-04,1833887,2026-05-01,2026-04-15,16,Cash,True
PAY-00892-202605,SME-2024-00892,2026-05,1893087,2026-06-03,2026-05-15,19,Auto-debit,True
PAY-00892-202606,SME-2024-00892,2026-06,1884099,2026-07-02,2026-06-15,17,Bank Transfer,True
PAY-00893-202507,SME-2024-00893,2025-07,8176442,2025-07-16,2025-07-15,1,Bank Transfer,False
PAY-00893-202508,SME-2024-00893,2025-08,8278848,2025-08-18,2025-08-15,3,Virtual Account,True
PAY-00893-202509,SME-2024-00893,2025-09,7984518,2025-09-23,2025-09-15,8,Bank Transfer,True
PAY-00893-202510,SME-2024-00893,2025-10,7980209,2025-10-28,2025-10-15,13,Virtual Account,False
PAY-00893-202511,SME-2024-00893,2025-11,7889687,2025-11-23,2025-11-15,8,Bank Transfer,True
PAY-00893-202512,SME-2024-00893,2025-12,8189490,2025-12-28,2025-12-15,13,Virtual Account,False
PAY-00893-202601,SME-2024-00893,2026-01,8049439,2026-01-26,2026-01-15,11,Bank Transfer,True
PAY-00893-202602,SME-2024-00893,2026-02,8256993,2026-02-28,2026-02-15,13,Cash,False
PAY-00893-202603,SME-2024-00893,2026-03,8243716,2026-03-27,2026-03-15,12,Cash,False
PAY-00893-202604,SME-2024-00893,2026-04,8037626,2026-05-03,2026-04-15,18,Virtual Account,True
PAY-00893-202605,SME-2024-00893,2026-05,7968276,2026-05-31,2026-05-15,16,Virtual Account,False
PAY-00893-202606,SME-2024-00893,2026-06,8207247,2026-06-27,2026-06-15,12,Auto-debit,True
PAY-00894-202507,SME-2024-00894,2025-07,991687,2025-07-20,2025-07-15,5,Auto-debit,False
PAY-00894-202508,SME-2024-00894,2025-08,983133,2025-08-24,2025-08-15,9,Virtual Account,False
PAY-00894-202509,SME-2024-00894,2025-09,957074,2025-09-22,2025-09-15,7,Virtual Account,False
PAY-00894-202510,SME-2024-00894,2025-10,1001216,2025-10-25,2025-10-15,10,Virtual Account,True
PAY-00894-202511,SME-2024-00894,2025-11,949011,2025-11-29,2025-11-15,14,Cash,True
PAY-00894-202512,SME-2024-00894,2025-12,971942,2025-12-24,2025-12-15,9,Auto-debit,True
PAY-00894-202601,SME-2024-00894,2026-01,972992,2026-01-31,2026-01-15,16,Cash,False
PAY-00894-202602,SME-2024-00894,2026-02,981729,2026-02-28,2026-02-15,13,Bank Transfer,False
PAY-00894-202603,SME-2024-00894,2026-03,1000058,2026-04-03,2026-03-15,19,Auto-debit,False
PAY-00894-202604,SME-2024-00894,2026-04,951536,2026-04-28,2026-04-15,13,Virtual Account,True
PAY-00894-202605,SME-2024-00894,2026-05,951126,2026-05-29,2026-05-15,14,Cash,True
PAY-00894-202606,SME-2024-00894,2026-06,998048,2026-06-29,2026-06-15,14,Bank Transfer,True
PAY-00896-202507,SME-2024-00896,2025-07,3026782,2025-07-20,2025-07-15,5,Virtual Account,True
PAY-00896-202508,SME-2024-00896,2025-08,2921768,2025-08-23,2025-08-15,8,Virtual Account,False
PAY-00896-202509,SME-2024-00896,2025-09,2880086,2025-09-20,2025-09-15,5,Virtual Account,True
PAY-00896-202510,SME-2024-00896,2025-10,2937023,2025-10-26,2025-10-15,11,Cash,False
PAY-00896-202511,SME-2024-00896,2025-11,2952874,2025-12-04,2025-11-15,19,Virtual Account,True
PAY-00896-202512,SME-2024-00896,2025-12,2877198,2025-12-29,2025-12-15,14,Virtual Account,True
PAY-00896-202601,SME-2024-00896,2026-01,2929777,2026-01-23,2026-01-15,8,Virtual Account,False
PAY-00896-202602,SME-2024-00896,2026-02,3006256,2026-03-01,2026-02-15,14,Virtual Account,False
PAY-00896-202603,SME-2024-00896,2026-03,2921916,2026-04-01,2026-03-15,17,Bank Transfer,True
PAY-00896-202604,SME-2024-00896,2026-04,3013825,2026-05-03,2026-04-15,18,Bank Transfer,True
PAY-00896-202605,SME-2024-00896,2026-05,3039456,2026-05-26,2026-05-15,11,Cash,True
PAY-00896-202606,SME-2024-00896,2026-06,2924730,2026-07-02,2026-06-15,17,Cash,True
PAY-00897-202605,SME-2024-00897,2026-05,2769025,2026-05-26,2026-05-15,11,Virtual Account,False
PAY-00897-202606,SME-2024-00897,2026-06,2677316,2026-07-07,2026-06-15,22,Bank Transfer,False
PAY-00898-202507,SME-2024-00898,2025-07,5556607,2025-07-22,2025-07-15,7,Bank Transfer,False
PAY-00898-202508,SME-2024-00898,2025-08,5686358,2025-08-24,2025-08-15,9,Auto-debit,True
PAY-00898-202509,SME-2024-00898,2025-09,5691303,2025-09-19,2025-09-15,4,Virtual Account,True
PAY-00898-202510,SME-2024-00898,2025-10,10516686,2025-10-21,2025-10-15,6,Auto-debit,False
PAY-00898-202511,SME-2024-00898,2025-11,10687955,2025-11-21,2025-11-15,6,Virtual Account,False
PAY-00898-202512,SME-2024-00898,2025-12,10550790,2025-12-29,2025-12-15,14,Virtual Account,False
PAY-00898-202601,SME-2024-00898,2026-01,10341328,2026-01-23,2026-01-15,8,Cash,False
PAY-00898-202602,SME-2024-00898,2026-02,10663249,2026-02-28,2026-02-15,13,Bank Transfer,True
PAY-00898-202603,SME-2024-00898,2026-03,10242102,2026-03-24,2026-03-15,9,Virtual Account,False
PAY-00898-202604,SME-2024-00898,2026-04,10524213,2026-05-01,2026-04-15,16,Auto-debit,True
PAY-00898-202605,SME-2024-00898,2026-05,10498349,2026-06-01,2026-05-15,17,Virtual Account,True
PAY-00898-202606,SME-2024-00898,2026-06,10241557,2026-06-29,2026-06-15,14,Auto-debit,True
PAY-00899-202507,SME-2024-00899,2025-07,2064553,2025-07-19,2025-07-15,4,Bank Transfer,False
PAY-00899-202508,SME-2024-00899,2025-08,2145737,2025-08-25,2025-08-15,10,Virtual Account,False
PAY-00899-202509,SME-2024-00899,2025-09,2153290,2025-09-20,2025-09-15,5,Virtual Account,True
PAY-00899-202510,SME-2024-00899,2025-10,2103786,2025-10-22,2025-10-15,7,Auto-debit,False
PAY-00899-202511,SME-2024-00899,2025-11,2076004,2025-11-20,2025-11-15,5,Bank Transfer,False
PAY-00899-202512,SME-2024-00899,2025-12,4331816,2025-12-23,2025-12-15,8,Virtual Account,False
PAY-00899-202601,SME-2024-00899,2026-01,4193982,2026-01-28,2026-01-15,13,Auto-debit,False
PAY-00899-202602,SME-2024-00899,2026-02,4295966,2026-03-07,2026-02-15,20,Virtual Account,False
PAY-00899-202603,SME-2024-00899,2026-03,4240155,2026-03-25,2026-03-15,10,Virtual Account,True
PAY-00899-202604,SME-2024-00899,2026-04,4363963,2026-05-03,2026-04-15,18,Bank Transfer,True
PAY-00899-202605,SME-2024-00899,2026-05,4283631,2026-06-02,2026-05-15,18,Auto-debit,True
PAY-00899-202606,SME-2024-00899,2026-06,4308694,2026-07-01,2026-06-15,16,Cash,True
PAY-00900-202507,SME-2024-00900,2025-07,2019141,2025-07-19,2025-07-15,4,Virtual Account,False
PAY-00900-202508,SME-2024-00900,2025-08,2009958,2025-08-24,2025-08-15,9,Virtual Account,True
PAY-00900-202509,SME-2024-00900,2025-09,2064554,2025-09-21,2025-09-15,6,Bank Transfer,True
PAY-00900-202510,SME-2024-00900,2025-10,2079846,2025-10-25,2025-10-15,10,Virtual Account,False
PAY-00900-202511,SME-2024-00900,2025-11,2031062,2025-12-01,2025-11-15,16,Auto-debit,False
PAY-00900-202512,SME-2024-00900,2025-12,2017055,2025-12-31,2025-12-15,16,Bank Transfer,False
PAY-00900-202601,SME-2024-00900,2026-01,2059823,2026-02-07,2026-01-15,23,Virtual Account,False
PAY-00900-202602,SME-2024-00900,2026-02,2034395,2026-02-27,2026-02-15,12,Virtual Account,False
PAY-00900-202603,SME-2024-00900,2026-03,2079469,2026-04-02,2026-03-15,18,Cash,True
PAY-00900-202604,SME-2024-00900,2026-04,2015280,2026-05-04,2026-04-15,19,Auto-debit,True
PAY-00900-202605,SME-2024-00900,2026-05,2004937,2026-05-29,2026-05-15,14,Virtual Account,True
PAY-00900-202606,SME-2024-00900,2026-06,2037313,2026-06-30,2026-06-15,15,Auto-debit,True
PAY-00901-202507,SME-2024-00901,2025-07,1457333,2025-07-16,2025-07-15,1,Virtual Account,False
PAY-00901-202508,SME-2024-00901,2025-08,1448364,2025-08-23,2025-08-15,8,Virtual Account,False
PAY-00901-202509,SME-2024-00901,2025-09,1455805,2025-09-20,2025-09-15,5,Virtual Account,True
PAY-00901-202510,SME-2024-00901,2025-10,1443909,2025-10-25,2025-10-15,10,Bank Transfer,False
PAY-00901-202511,SME-2024-00901,2025-11,1451660,2025-11-26,2025-11-15,11,Cash,True
PAY-00901-202512,SME-2024-00901,2025-12,1457073,2025-12-25,2025-12-15,10,Auto-debit,True
PAY-00901-202601,SME-2024-00901,2026-01,1437039,2026-01-26,2026-01-15,11,Auto-debit,True
PAY-00901-202602,SME-2024-00901,2026-02,1386352,2026-02-24,2026-02-15,9,Bank Transfer,True
PAY-00901-202603,SME-2024-00901,2026-03,1449488,2026-03-31,2026-03-15,16,Virtual Account,True
PAY-00901-202604,SME-2024-00901,2026-04,1404735,2026-05-07,2026-04-15,22,Auto-debit,True
PAY-00901-202605,SME-2024-00901,2026-05,1429838,2026-06-02,2026-05-15,18,Bank Transfer,True
PAY-00901-202606,SME-2024-00901,2026-06,1432284,2026-07-02,2026-06-15,17,Virtual Account,True
PAY-00902-202507,SME-2024-00902,2025-07,2747780,2025-07-16,2025-07-15,1,Virtual Account,True
PAY-00902-202508,SME-2024-00902,2025-08,2749087,2025-08-24,2025-08-15,9,Bank Transfer,False
PAY-00902-202509,SME-2024-00902,2025-09,2736696,2025-09-21,2025-09-15,6,Auto-debit,False
PAY-00902-202510,SME-2024-00902,2025-10,2670938,2025-10-24,2025-10-15,9,Auto-debit,False
PAY-00902-202511,SME-2024-00902,2025-11,2779796,2025-11-22,2025-11-15,7,Virtual Account,True
PAY-00902-202512,SME-2024-00902,2025-12,2674984,2026-01-04,2025-12-15,20,Bank Transfer,True
PAY-00902-202601,SME-2024-00902,2026-01,2751770,2026-01-21,2026-01-15,6,Auto-debit,True
PAY-00902-202602,SME-2024-00902,2026-02,2757689,2026-02-25,2026-02-15,10,Virtual Account,True
PAY-00902-202603,SME-2024-00902,2026-03,2708519,2026-03-26,2026-03-15,11,Auto-debit,False
PAY-00902-202604,SME-2024-00902,2026-04,2785406,2026-04-29,2026-04-15,14,Bank Transfer,True
PAY-00902-202605,SME-2024-00902,2026-05,2812370,2026-05-31,2026-05-15,16,Auto-debit,True
PAY-00902-202606,SME-2024-00902,2026-06,2748643,2026-06-29,2026-06-15,14,Virtual Account,True
PAY-00903-202507,SME-2024-00903,2025-07,3148940,2025-07-22,2025-07-15,7,Virtual Account,False
PAY-00903-202508,SME-2024-00903,2025-08,3030883,2025-08-26,2025-08-15,11,Virtual Account,False
PAY-00903-202509,SME-2024-00903,2025-09,3007262,2025-09-23,2025-09-15,8,Virtual Account,False
PAY-00903-202510,SME-2024-00903,2025-10,3028508,2025-10-25,2025-10-15,10,Virtual Account,False
PAY-00903-202511,SME-2024-00903,2025-11,3066121,2025-11-25,2025-11-15,10,Virtual Account,True
PAY-00903-202512,SME-2024-00903,2025-12,3065531,2025-12-24,2025-12-15,9,Cash,False
PAY-00903-202601,SME-2024-00903,2026-01,3168736,2026-01-24,2026-01-15,9,Auto-debit,True
PAY-00903-202602,SME-2024-00903,2026-02,3096538,2026-02-26,2026-02-15,11,Virtual Account,False
PAY-00903-202603,SME-2024-00903,2026-03,3152300,2026-03-28,2026-03-15,13,Bank Transfer,True
PAY-00903-202604,SME-2024-00903,2026-04,3095204,2026-05-01,2026-04-15,16,Auto-debit,True
PAY-00903-202605,SME-2024-00903,2026-05,3028808,2026-06-02,2026-05-15,18,Bank Transfer,True
PAY-00903-202606,SME-2024-00903,2026-06,3168765,2026-07-04,2026-06-15,19,Auto-debit,True
PAY-00904-202507,SME-2024-00904,2025-07,1263270,2025-07-19,2025-07-15,4,Cash,True
PAY-00904-202508,SME-2024-00904,2025-08,1270254,2025-08-21,2025-08-15,6,Virtual Account,False
PAY-00904-202509,SME-2024-00904,2025-09,1251774,2025-09-24,2025-09-15,9,Auto-debit,False
PAY-00904-202510,SME-2024-00904,2025-10,1232384,2025-10-23,2025-10-15,8,Virtual Account,False
PAY-00904-202511,SME-2024-00904,2025-11,1243310,2025-11-23,2025-11-15,8,Virtual Account,False
PAY-00904-202512,SME-2024-00904,2025-12,1255889,2025-12-24,2025-12-15,9,Auto-debit,False
PAY-00904-202601,SME-2024-00904,2026-01,1262996,2026-01-22,2026-01-15,7,Bank Transfer,False
PAY-00904-202602,SME-2024-00904,2026-02,1247381,2026-02-23,2026-02-15,8,Auto-debit,True
PAY-00904-202603,SME-2024-00904,2026-03,1199913,2026-03-27,2026-03-15,12,Bank Transfer,False
PAY-00904-202604,SME-2024-00904,2026-04,1203329,2026-05-11,2026-04-15,26,Cash,False
PAY-00904-202605,SME-2024-00904,2026-05,1219811,2026-06-08,2026-05-15,24,Virtual Account,True
PAY-00904-202606,SME-2024-00904,2026-06,1230931,2026-07-08,2026-06-15,23,Bank Transfer,True
PAY-00905-202507,SME-2024-00905,2025-07,846037,2025-07-18,2025-07-15,3,Bank Transfer,False
PAY-00905-202508,SME-2024-00905,2025-08,830562,2025-08-19,2025-08-15,4,Auto-debit,False
PAY-00905-202509,SME-2024-00905,2025-09,870218,2025-09-29,2025-09-15,14,Bank Transfer,True
PAY-00905-202510,SME-2024-00905,2025-10,871029,2025-10-26,2025-10-15,11,Bank Transfer,False
PAY-00905-202511,SME-2024-00905,2025-11,822847,2025-11-25,2025-11-15,10,Auto-debit,False
PAY-00905-202512,SME-2024-00905,2025-12,850738,2025-12-28,2025-12-15,13,Auto-debit,True
PAY-00905-202601,SME-2024-00905,2026-01,849006,2026-01-26,2026-01-15,11,Auto-debit,True
PAY-00905-202602,SME-2024-00905,2026-02,831471,2026-03-07,2026-02-15,20,Bank Transfer,False
PAY-00905-202603,SME-2024-00905,2026-03,825119,2026-03-25,2026-03-15,10,Bank Transfer,True
PAY-00905-202604,SME-2024-00905,2026-04,840337,2026-05-06,2026-04-15,21,Virtual Account,True
PAY-00905-202605,SME-2024-00905,2026-05,864701,2026-06-07,2026-05-15,23,Virtual Account,True
PAY-00905-202606,SME-2024-00905,2026-06,859674,2026-07-04,2026-06-15,19,Virtual Account,True
PAY-00906-202510,SME-2024-00906,2025-10,7718838,2025-10-24,2025-10-15,9,Auto-debit,True
PAY-00906-202511,SME-2024-00906,2025-11,13602070,2025-11-20,2025-11-15,5,Virtual Account,True
PAY-00906-202512,SME-2024-00906,2025-12,13521316,2026-01-06,2025-12-15,22,Auto-debit,True
PAY-00906-202601,SME-2024-00906,2026-01,13675373,2026-01-23,2026-01-15,8,Auto-debit,True
PAY-00906-202602,SME-2024-00906,2026-02,13905760,2026-03-05,2026-02-15,18,Auto-debit,True
PAY-00906-202603,SME-2024-00906,2026-03,14040232,2026-03-29,2026-03-15,14,Cash,False
PAY-00906-202604,SME-2024-00906,2026-04,13989623,2026-05-10,2026-04-15,25,Virtual Account,False
PAY-00906-202605,SME-2024-00906,2026-05,13579391,2026-05-29,2026-05-15,14,Virtual Account,True
PAY-00906-202606,SME-2024-00906,2026-06,13917600,2026-07-10,2026-06-15,25,Cash,True
PAY-00907-202604,SME-2024-00907,2026-04,5088717,2026-04-27,2026-04-15,12,Bank Transfer,True
PAY-00907-202605,SME-2024-00907,2026-05,5084913,2026-05-24,2026-05-15,9,Virtual Account,True
PAY-00907-202606,SME-2024-00907,2026-06,5178627,2026-07-05,2026-06-15,20,Bank Transfer,True
PAY-00908-202511,SME-2024-00908,2025-11,2276502,2025-11-23,2025-11-15,8,Bank Transfer,False
PAY-00908-202512,SME-2024-00908,2025-12,2257154,2025-12-29,2025-12-15,14,Bank Transfer,False
PAY-00908-202601,SME-2024-00908,2026-01,2294031,2026-01-24,2026-01-15,9,Bank Transfer,True
PAY-00908-202602,SME-2024-00908,2026-02,2287302,2026-02-27,2026-02-15,12,Cash,True
PAY-00908-202603,SME-2024-00908,2026-03,2263196,2026-03-26,2026-03-15,11,Virtual Account,True
PAY-00908-202604,SME-2024-00908,2026-04,2297605,2026-04-25,2026-04-15,10,Auto-debit,False
PAY-00908-202605,SME-2024-00908,2026-05,2294522,2026-05-31,2026-05-15,16,Bank Transfer,False
PAY-00908-202606,SME-2024-00908,2026-06,2232483,2026-06-21,2026-06-15,6,Virtual Account,True
PAY-00910-202507,SME-2024-00910,2025-07,3942020,2025-07-24,2025-07-15,9,Virtual Account,False
PAY-00910-202508,SME-2024-00910,2025-08,4003493,2025-08-20,2025-08-15,5,Auto-debit,False
PAY-00910-202509,SME-2024-00910,2025-09,3916861,2025-09-21,2025-09-15,6,Virtual Account,True
PAY-00910-202510,SME-2024-00910,2025-10,3880393,2025-10-25,2025-10-15,10,Bank Transfer,True
PAY-00910-202511,SME-2024-00910,2025-11,4086031,2025-11-22,2025-11-15,7,Virtual Account,False
PAY-00910-202512,SME-2024-00910,2025-12,7065969,2025-12-26,2025-12-15,11,Auto-debit,False
PAY-00910-202601,SME-2024-00910,2026-01,7105088,2026-01-25,2026-01-15,10,Auto-debit,False
PAY-00910-202602,SME-2024-00910,2026-02,6994182,2026-03-05,2026-02-15,18,Bank Transfer,True
PAY-00910-202603,SME-2024-00910,2026-03,7154621,2026-03-23,2026-03-15,8,Bank Transfer,True
PAY-00910-202604,SME-2024-00910,2026-04,7128298,2026-05-05,2026-04-15,20,Bank Transfer,True
PAY-00910-202605,SME-2024-00910,2026-05,7222828,2026-06-07,2026-05-15,23,Virtual Account,True
PAY-00910-202606,SME-2024-00910,2026-06,6947211,2026-07-04,2026-06-15,19,Bank Transfer,True
PAY-00911-202507,SME-2024-00911,2025-07,1049919,2025-07-18,2025-07-15,3,Virtual Account,False
PAY-00911-202508,SME-2024-00911,2025-08,1064025,2025-08-20,2025-08-15,5,Bank Transfer,False
PAY-00911-202509,SME-2024-00911,2025-09,1057865,2025-09-19,2025-09-15,4,Bank Transfer,True
PAY-00911-202510,SME-2024-00911,2025-10,1057284,2025-10-16,2025-10-15,1,Virtual Account,True
PAY-00911-202511,SME-2024-00911,2025-11,1018594,2025-11-26,2025-11-15,11,Bank Transfer,True
PAY-00911-202512,SME-2024-00911,2025-12,1058536,2025-12-28,2025-12-15,13,Virtual Account,False
PAY-00911-202601,SME-2024-00911,2026-01,1066622,2026-01-30,2026-01-15,15,Virtual Account,True
PAY-00911-202602,SME-2024-00911,2026-02,1030040,2026-02-22,2026-02-15,7,Bank Transfer,True
PAY-00911-202603,SME-2024-00911,2026-03,1046936,2026-03-27,2026-03-15,12,Auto-debit,True
PAY-00911-202604,SME-2024-00911,2026-04,1031667,2026-04-24,2026-04-15,9,Cash,True
PAY-00911-202605,SME-2024-00911,2026-05,1022109,2026-06-07,2026-05-15,23,Virtual Account,True
PAY-00911-202606,SME-2024-00911,2026-06,1055754,2026-07-03,2026-06-15,18,Bank Transfer,True
PAY-00913-202507,SME-2024-00913,2025-07,3029417,2025-07-20,2025-07-15,5,Auto-debit,False
PAY-00913-202508,SME-2024-00913,2025-08,3065745,2025-08-25,2025-08-15,10,Cash,False
PAY-00913-202509,SME-2024-00913,2025-09,3097414,2025-09-24,2025-09-15,9,Auto-debit,False
PAY-00913-202510,SME-2024-00913,2025-10,3147323,2025-10-26,2025-10-15,11,Bank Transfer,True
PAY-00913-202511,SME-2024-00913,2025-11,3024867,2025-11-25,2025-11-15,10,Bank Transfer,False
PAY-00913-202512,SME-2024-00913,2025-12,2995694,2025-12-23,2025-12-15,8,Virtual Account,True
PAY-00913-202601,SME-2024-00913,2026-01,2991330,2026-01-23,2026-01-15,8,Cash,True
PAY-00913-202602,SME-2024-00913,2026-02,3037210,2026-03-03,2026-02-15,16,Bank Transfer,False
PAY-00913-202603,SME-2024-00913,2026-03,3017776,2026-03-29,2026-03-15,14,Virtual Account,True
PAY-00913-202604,SME-2024-00913,2026-04,2980736,2026-05-03,2026-04-15,18,Virtual Account,True
PAY-00913-202605,SME-2024-00913,2026-05,3139119,2026-06-03,2026-05-15,19,Virtual Account,True
PAY-00913-202606,SME-2024-00913,2026-06,3028531,2026-06-29,2026-06-15,14,Cash,True
PAY-00914-202507,SME-2024-00914,2025-07,3479349,2025-07-19,2025-07-15,4,Virtual Account,True
PAY-00914-202508,SME-2024-00914,2025-08,3473723,2025-08-23,2025-08-15,8,Auto-debit,False
PAY-00914-202509,SME-2024-00914,2025-09,3492694,2025-09-23,2025-09-15,8,Auto-debit,False
PAY-00914-202510,SME-2024-00914,2025-10,3505641,2025-10-20,2025-10-15,5,Virtual Account,True
PAY-00914-202511,SME-2024-00914,2025-11,3416101,2025-11-25,2025-11-15,10,Bank Transfer,True
PAY-00914-202512,SME-2024-00914,2025-12,3540023,2026-01-01,2025-12-15,17,Virtual Account,True
PAY-00914-202601,SME-2024-00914,2026-01,3504031,2026-01-27,2026-01-15,12,Virtual Account,True
PAY-00914-202602,SME-2024-00914,2026-02,3490352,2026-03-03,2026-02-15,16,Auto-debit,True
PAY-00914-202603,SME-2024-00914,2026-03,3424713,2026-04-01,2026-03-15,17,Virtual Account,True
PAY-00914-202604,SME-2024-00914,2026-04,3458330,2026-05-02,2026-04-15,17,Bank Transfer,True
PAY-00914-202605,SME-2024-00914,2026-05,3518853,2026-06-01,2026-05-15,17,Cash,True
PAY-00914-202606,SME-2024-00914,2026-06,3508701,2026-07-07,2026-06-15,22,Bank Transfer,True
PAY-00915-202601,SME-2024-00915,2026-01,4802289,2026-01-24,2026-01-15,9,Cash,True
PAY-00915-202602,SME-2024-00915,2026-02,4579026,2026-02-25,2026-02-15,10,Bank Transfer,False
PAY-00915-202603,SME-2024-00915,2026-03,4592277,2026-03-28,2026-03-15,13,Auto-debit,True
PAY-00915-202604,SME-2024-00915,2026-04,4644097,2026-04-28,2026-04-15,13,Bank Transfer,False
PAY-00915-202605,SME-2024-00915,2026-05,4636016,2026-05-30,2026-05-15,15,Virtual Account,True
PAY-00915-202606,SME-2024-00915,2026-06,4731180,2026-07-06,2026-06-15,21,Auto-debit,True
PAY-00916-202507,SME-2024-00916,2025-07,591455,2025-07-17,2025-07-15,2,Bank Transfer,False
PAY-00916-202508,SME-2024-00916,2025-08,597652,2025-08-20,2025-08-15,5,Virtual Account,False
PAY-00916-202509,SME-2024-00916,2025-09,602496,2025-09-24,2025-09-15,9,Virtual Account,True
PAY-00916-202510,SME-2024-00916,2025-10,596131,2025-10-19,2025-10-15,4,Bank Transfer,False
PAY-00916-202511,SME-2024-00916,2025-11,601323,2025-11-26,2025-11-15,11,Auto-debit,False
PAY-00916-202512,SME-2024-00916,2025-12,603120,2025-12-22,2025-12-15,7,Bank Transfer,False
PAY-00916-202601,SME-2024-00916,2026-01,593636,2026-01-27,2026-01-15,12,Auto-debit,False
PAY-00916-202602,SME-2024-00916,2026-02,591490,2026-03-01,2026-02-15,14,Virtual Account,False
PAY-00916-202603,SME-2024-00916,2026-03,602854,2026-04-03,2026-03-15,19,Auto-debit,True
PAY-00916-202604,SME-2024-00916,2026-04,581341,2026-04-26,2026-04-15,11,Bank Transfer,True
PAY-00916-202605,SME-2024-00916,2026-05,608390,2026-06-07,2026-05-15,23,Auto-debit,True
PAY-00916-202606,SME-2024-00916,2026-06,594977,2026-07-10,2026-06-15,25,Bank Transfer,True
PAY-00917-202508,SME-2024-00917,2025-08,1712230,2025-08-20,2025-08-15,5,Bank Transfer,False
PAY-00917-202509,SME-2024-00917,2025-09,1735564,2025-09-26,2025-09-15,11,Virtual Account,False
PAY-00917-202510,SME-2024-00917,2025-10,1794762,2025-10-24,2025-10-15,9,Auto-debit,False
PAY-00917-202511,SME-2024-00917,2025-11,1783203,2025-11-24,2025-11-15,9,Virtual Account,True
PAY-00917-202512,SME-2024-00917,2025-12,1733391,2025-12-28,2025-12-15,13,Virtual Account,False
PAY-00917-202601,SME-2024-00917,2026-01,1718740,2026-01-31,2026-01-15,16,Bank Transfer,True
PAY-00917-202602,SME-2024-00917,2026-02,1755717,2026-03-07,2026-02-15,20,Virtual Account,True
PAY-00917-202603,SME-2024-00917,2026-03,1782234,2026-03-28,2026-03-15,13,Virtual Account,True
PAY-00917-202604,SME-2024-00917,2026-04,1788498,2026-05-04,2026-04-15,19,Bank Transfer,True
PAY-00917-202605,SME-2024-00917,2026-05,1789293,2026-06-08,2026-05-15,24,Bank Transfer,False
PAY-00917-202606,SME-2024-00917,2026-06,1719671,2026-07-12,2026-06-15,27,Bank Transfer,True
PAY-00918-202507,SME-2024-00918,2025-07,1392346,2025-07-22,2025-07-15,7,Auto-debit,False
PAY-00918-202508,SME-2024-00918,2025-08,1419410,2025-08-22,2025-08-15,7,Bank Transfer,False
PAY-00918-202509,SME-2024-00918,2025-09,1391690,2025-09-18,2025-09-15,3,Bank Transfer,False
PAY-00918-202510,SME-2024-00918,2025-10,1401106,2025-10-24,2025-10-15,9,Virtual Account,False
PAY-00918-202511,SME-2024-00918,2025-11,1403052,2025-11-20,2025-11-15,5,Virtual Account,False
PAY-00918-202512,SME-2024-00918,2025-12,1412552,2025-12-27,2025-12-15,12,Virtual Account,False
PAY-00918-202601,SME-2024-00918,2026-01,1357935,2026-01-24,2026-01-15,9,Virtual Account,True
PAY-00918-202602,SME-2024-00918,2026-02,1424023,2026-02-27,2026-02-15,12,Virtual Account,True
PAY-00918-202603,SME-2024-00918,2026-03,1408233,2026-04-04,2026-03-15,20,Virtual Account,True
PAY-00918-202604,SME-2024-00918,2026-04,1408893,2026-05-09,2026-04-15,24,Bank Transfer,False
PAY-00918-202605,SME-2024-00918,2026-05,1410279,2026-06-06,2026-05-15,22,Virtual Account,True
PAY-00918-202606,SME-2024-00918,2026-06,1355892,2026-07-08,2026-06-15,23,Virtual Account,True
PAY-00919-202507,SME-2024-00919,2025-07,5557872,2025-07-21,2025-07-15,6,Cash,False
PAY-00919-202508,SME-2024-00919,2025-08,5717929,2025-08-18,2025-08-15,3,Cash,False
PAY-00919-202509,SME-2024-00919,2025-09,5725739,2025-09-24,2025-09-15,9,Virtual Account,False
PAY-00919-202510,SME-2024-00919,2025-10,5597641,2025-10-29,2025-10-15,14,Virtual Account,True
PAY-00919-202511,SME-2024-00919,2025-11,5664295,2025-11-29,2025-11-15,14,Auto-debit,False
PAY-00919-202512,SME-2024-00919,2025-12,5754226,2025-12-27,2025-12-15,12,Bank Transfer,True
PAY-00919-202601,SME-2024-00919,2026-01,5662113,2026-01-26,2026-01-15,11,Bank Transfer,True
PAY-00919-202602,SME-2024-00919,2026-02,5586580,2026-03-04,2026-02-15,17,Auto-debit,True
PAY-00919-202603,SME-2024-00919,2026-03,5591230,2026-03-25,2026-03-15,10,Virtual Account,False
PAY-00919-202604,SME-2024-00919,2026-04,5688732,2026-04-30,2026-04-15,15,Bank Transfer,True
PAY-00919-202605,SME-2024-00919,2026-05,5539225,2026-05-27,2026-05-15,12,Virtual Account,True
PAY-00919-202606,SME-2024-00919,2026-06,5873374,2026-07-11,2026-06-15,26,Bank Transfer,True
PAY-00920-202507,SME-2024-00920,2025-07,2097925,2025-07-17,2025-07-15,2,Bank Transfer,False
PAY-00920-202508,SME-2024-00920,2025-08,2065069,2025-08-23,2025-08-15,8,Virtual Account,False
PAY-00920-202509,SME-2024-00920,2025-09,2034298,2025-09-25,2025-09-15,10,Virtual Account,True
PAY-00920-202510,SME-2024-00920,2025-10,2085868,2025-10-25,2025-10-15,10,Virtual Account,False
PAY-00920-202511,SME-2024-00920,2025-11,2088838,2025-12-01,2025-11-15,16,Virtual Account,True
PAY-00920-202512,SME-2024-00920,2025-12,2075181,2025-12-22,2025-12-15,7,Auto-debit,True
PAY-00920-202601,SME-2024-00920,2026-01,2000351,2026-01-24,2026-01-15,9,Bank Transfer,False
PAY-00920-202602,SME-2024-00920,2026-02,2082696,2026-02-26,2026-02-15,11,Bank Transfer,True
PAY-00920-202603,SME-2024-00920,2026-03,2054017,2026-03-28,2026-03-15,13,Virtual Account,True
PAY-00920-202604,SME-2024-00920,2026-04,2079379,2026-05-03,2026-04-15,18,Cash,False
PAY-00920-202605,SME-2024-00920,2026-05,2082734,2026-06-06,2026-05-15,22,Virtual Account,True
PAY-00920-202606,SME-2024-00920,2026-06,2027490,2026-07-03,2026-06-15,18,Virtual Account,True
PAY-00921-202511,SME-2024-00921,2025-11,2752386,2025-11-25,2025-11-15,10,Virtual Account,False
PAY-00921-202512,SME-2024-00921,2025-12,2723446,2025-12-23,2025-12-15,8,Virtual Account,False
PAY-00921-202601,SME-2024-00921,2026-01,2782629,2026-01-27,2026-01-15,12,Virtual Account,True
PAY-00921-202602,SME-2024-00921,2026-02,2787707,2026-02-27,2026-02-15,12,Bank Transfer,False
PAY-00921-202603,SME-2024-00921,2026-03,2786019,2026-04-04,2026-03-15,20,Cash,False
PAY-00921-202604,SME-2024-00921,2026-04,2800751,2026-04-29,2026-04-15,14,Bank Transfer,True
PAY-00921-202605,SME-2024-00921,2026-05,2823716,2026-06-04,2026-05-15,20,Virtual Account,True
PAY-00921-202606,SME-2024-00921,2026-06,2871075,2026-07-04,2026-06-15,19,Virtual Account,True
PAY-00922-202507,SME-2024-00922,2025-07,2636984,2025-07-16,2025-07-15,1,Cash,False
PAY-00922-202508,SME-2024-00922,2025-08,2631850,2025-08-25,2025-08-15,10,Bank Transfer,False
PAY-00922-202509,SME-2024-00922,2025-09,2678386,2025-09-18,2025-09-15,3,Bank Transfer,True
PAY-00922-202510,SME-2024-00922,2025-10,2640420,2025-10-24,2025-10-15,9,Cash,False
PAY-00922-202511,SME-2024-00922,2025-11,2696314,2025-11-22,2025-11-15,7,Bank Transfer,False
PAY-00922-202512,SME-2024-00922,2025-12,2658282,2025-12-24,2025-12-15,9,Virtual Account,True
PAY-00922-202601,SME-2024-00922,2026-01,2709890,2026-02-03,2026-01-15,19,Bank Transfer,False
PAY-00922-202602,SME-2024-00922,2026-02,2738388,2026-02-27,2026-02-15,12,Virtual Account,True
PAY-00922-202603,SME-2024-00922,2026-03,2709744,2026-03-27,2026-03-15,12,Virtual Account,True
PAY-00922-202604,SME-2024-00922,2026-04,2667626,2026-05-05,2026-04-15,20,Cash,True
PAY-00922-202605,SME-2024-00922,2026-05,2680933,2026-05-29,2026-05-15,14,Virtual Account,True
PAY-00922-202606,SME-2024-00922,2026-06,2718079,2026-06-30,2026-06-15,15,Bank Transfer,True
PAY-00923-202606,SME-2024-00923,2026-06,4256447,2026-06-30,2026-06-15,15,Virtual Account,True
PAY-00924-202509,SME-2024-00924,2025-09,1567228,2025-09-18,2025-09-15,3,Virtual Account,False
PAY-00924-202510,SME-2024-00924,2025-10,1537206,2025-10-22,2025-10-15,7,Virtual Account,False
PAY-00924-202511,SME-2024-00924,2025-11,1567654,2025-11-23,2025-11-15,8,Virtual Account,False
PAY-00924-202512,SME-2024-00924,2025-12,1529448,2025-12-28,2025-12-15,13,Cash,True
PAY-00924-202601,SME-2024-00924,2026-01,1588239,2026-01-25,2026-01-15,10,Virtual Account,True
PAY-00924-202602,SME-2024-00924,2026-02,1579574,2026-02-24,2026-02-15,9,Virtual Account,False
PAY-00924-202603,SME-2024-00924,2026-03,1501917,2026-04-01,2026-03-15,17,Virtual Account,True
PAY-00924-202604,SME-2024-00924,2026-04,1572560,2026-05-05,2026-04-15,20,Virtual Account,True
PAY-00924-202605,SME-2024-00924,2026-05,1506748,2026-05-29,2026-05-15,14,Virtual Account,False
PAY-00924-202606,SME-2024-00924,2026-06,1511153,2026-07-02,2026-06-15,17,Auto-debit,True
PAY-00925-202508,SME-2024-00925,2025-08,4063917,2025-08-19,2025-08-15,4,Virtual Account,True
PAY-00925-202509,SME-2024-00925,2025-09,4042046,2025-09-27,2025-09-15,12,Virtual Account,True
PAY-00925-202510,SME-2024-00925,2025-10,4158460,2025-10-25,2025-10-15,10,Virtual Account,False
PAY-00925-202511,SME-2024-00925,2025-11,4052434,2025-11-30,2025-11-15,15,Virtual Account,False
PAY-00925-202512,SME-2024-00925,2025-12,4107845,2025-12-20,2025-12-15,5,Virtual Account,False
PAY-00925-202601,SME-2024-00925,2026-01,4253150,2026-01-26,2026-01-15,11,Bank Transfer,False
PAY-00925-202602,SME-2024-00925,2026-02,4043118,2026-03-02,2026-02-15,15,Bank Transfer,True
PAY-00925-202603,SME-2024-00925,2026-03,4098079,2026-04-06,2026-03-15,22,Virtual Account,True
PAY-00925-202604,SME-2024-00925,2026-04,4234764,2026-04-29,2026-04-15,14,Cash,True
PAY-00925-202605,SME-2024-00925,2026-05,4048821,2026-05-30,2026-05-15,15,Virtual Account,True
PAY-00925-202606,SME-2024-00925,2026-06,4158552,2026-06-29,2026-06-15,14,Bank Transfer,False
PAY-00926-202511,SME-2024-00926,2025-11,2281707,2025-11-17,2025-11-15,2,Auto-debit,False
PAY-00926-202512,SME-2024-00926,2025-12,2324522,2025-12-26,2025-12-15,11,Bank Transfer,False
PAY-00926-202601,SME-2024-00926,2026-01,2284041,2026-01-25,2026-01-15,10,Bank Transfer,False
PAY-00926-202602,SME-2024-00926,2026-02,2273960,2026-02-23,2026-02-15,8,Auto-debit,False
PAY-00926-202603,SME-2024-00926,2026-03,2272038,2026-03-31,2026-03-15,16,Virtual Account,True
PAY-00926-202604,SME-2024-00926,2026-04,2200971,2026-05-04,2026-04-15,19,Virtual Account,True
PAY-00926-202605,SME-2024-00926,2026-05,2326625,2026-05-31,2026-05-15,16,Bank Transfer,False
PAY-00926-202606,SME-2024-00926,2026-06,2256530,2026-06-29,2026-06-15,14,Virtual Account,True
PAY-00927-202507,SME-2024-00927,2025-07,2909539,2025-07-23,2025-07-15,8,Auto-debit,True
PAY-00927-202508,SME-2024-00927,2025-08,2943424,2025-08-19,2025-08-15,4,Auto-debit,False
PAY-00927-202509,SME-2024-00927,2025-09,2935136,2025-09-28,2025-09-15,13,Cash,False
PAY-00927-202510,SME-2024-00927,2025-10,2909440,2025-10-27,2025-10-15,12,Virtual Account,True
PAY-00927-202511,SME-2024-00927,2025-11,2873240,2025-11-26,2025-11-15,11,Cash,True
PAY-00927-202512,SME-2024-00927,2025-12,3017745,2025-12-28,2025-12-15,13,Auto-debit,True
PAY-00927-202601,SME-2024-00927,2026-01,2918829,2026-01-23,2026-01-15,8,Bank Transfer,True
PAY-00927-202602,SME-2024-00927,2026-02,2919355,2026-02-27,2026-02-15,12,Cash,True
PAY-00927-202603,SME-2024-00927,2026-03,2911194,2026-03-23,2026-03-15,8,Bank Transfer,True
PAY-00927-202604,SME-2024-00927,2026-04,2987320,2026-04-20,2026-04-15,5,Auto-debit,False
PAY-00927-202605,SME-2024-00927,2026-05,2983208,2026-06-10,2026-05-15,26,Virtual Account,True
PAY-00927-202606,SME-2024-00927,2026-06,2958877,2026-07-08,2026-06-15,23,Virtual Account,True
PAY-00928-202507,SME-2024-00928,2025-07,2481978,2025-07-19,2025-07-15,4,Virtual Account,False
PAY-00928-202508,SME-2024-00928,2025-08,2371387,2025-08-21,2025-08-15,6,Bank Transfer,False
PAY-00928-202509,SME-2024-00928,2025-09,2501304,2025-09-25,2025-09-15,10,Bank Transfer,True
PAY-00928-202510,SME-2024-00928,2025-10,2409886,2025-10-23,2025-10-15,8,Auto-debit,True
PAY-00928-202511,SME-2024-00928,2025-11,2471499,2025-11-23,2025-11-15,8,Bank Transfer,False
PAY-00928-202512,SME-2024-00928,2025-12,2476095,2026-01-03,2025-12-15,19,Bank Transfer,False
PAY-00928-202601,SME-2024-00928,2026-01,2424721,2026-01-22,2026-01-15,7,Auto-debit,True
PAY-00928-202602,SME-2024-00928,2026-02,2442795,2026-02-27,2026-02-15,12,Bank Transfer,True
PAY-00928-202603,SME-2024-00928,2026-03,2407365,2026-04-05,2026-03-15,21,Bank Transfer,True
PAY-00928-202604,SME-2024-00928,2026-04,2483718,2026-04-27,2026-04-15,12,Auto-debit,False
PAY-00928-202605,SME-2024-00928,2026-05,2490449,2026-06-04,2026-05-15,20,Auto-debit,True
PAY-00928-202606,SME-2024-00928,2026-06,2392787,2026-07-10,2026-06-15,25,Bank Transfer,True
PAY-00929-202507,SME-2024-00929,2025-07,6198098,2025-07-18,2025-07-15,3,Bank Transfer,True
PAY-00929-202508,SME-2024-00929,2025-08,6212268,2025-08-23,2025-08-15,8,Auto-debit,False
PAY-00929-202509,SME-2024-00929,2025-09,6306022,2025-09-23,2025-09-15,8,Bank Transfer,True
PAY-00929-202510,SME-2024-00929,2025-10,6309715,2025-10-24,2025-10-15,9,Auto-debit,False
PAY-00929-202511,SME-2024-00929,2025-11,6308751,2025-11-25,2025-11-15,10,Bank Transfer,False
PAY-00929-202512,SME-2024-00929,2025-12,6388136,2025-12-26,2025-12-15,11,Virtual Account,True
PAY-00929-202601,SME-2024-00929,2026-01,6178868,2026-01-26,2026-01-15,11,Virtual Account,False
PAY-00929-202602,SME-2024-00929,2026-02,6437417,2026-02-28,2026-02-15,13,Bank Transfer,False
PAY-00929-202603,SME-2024-00929,2026-03,6217079,2026-03-30,2026-03-15,15,Virtual Account,True
PAY-00929-202604,SME-2024-00929,2026-04,6290562,2026-04-26,2026-04-15,11,Auto-debit,True
PAY-00929-202605,SME-2024-00929,2026-05,6243254,2026-06-01,2026-05-15,17,Auto-debit,False
PAY-00929-202606,SME-2024-00929,2026-06,6325706,2026-06-30,2026-06-15,15,Bank Transfer,True
PAY-00930-202512,SME-2024-00930,2025-12,1762524,2025-12-20,2025-12-15,5,Virtual Account,False
PAY-00930-202601,SME-2024-00930,2026-01,1805951,2026-01-20,2026-01-15,5,Auto-debit,False
PAY-00930-202602,SME-2024-00930,2026-02,1799854,2026-02-26,2026-02-15,11,Virtual Account,False
PAY-00930-202603,SME-2024-00930,2026-03,1793572,2026-03-29,2026-03-15,14,Auto-debit,True
PAY-00930-202604,SME-2024-00930,2026-04,1830434,2026-04-23,2026-04-15,8,Auto-debit,False
PAY-00930-202605,SME-2024-00930,2026-05,1845848,2026-05-31,2026-05-15,16,Auto-debit,False
PAY-00930-202606,SME-2024-00930,2026-06,1846692,2026-06-28,2026-06-15,13,Bank Transfer,True
PAY-00931-202507,SME-2024-00931,2025-07,1526744,2025-07-18,2025-07-15,3,Virtual Account,True
PAY-00931-202508,SME-2024-00931,2025-08,1536851,2025-08-23,2025-08-15,8,Cash,False
PAY-00931-202509,SME-2024-00931,2025-09,1482726,2025-09-18,2025-09-15,3,Auto-debit,False
PAY-00931-202510,SME-2024-00931,2025-10,1523325,2025-10-25,2025-10-15,10,Cash,False
PAY-00931-202511,SME-2024-00931,2025-11,1506737,2025-11-23,2025-11-15,8,Virtual Account,False
PAY-00931-202512,SME-2024-00931,2025-12,1522670,2025-12-26,2025-12-15,11,Virtual Account,True
PAY-00931-202601,SME-2024-00931,2026-01,1511324,2026-01-27,2026-01-15,12,Virtual Account,True
PAY-00931-202602,SME-2024-00931,2026-02,1524715,2026-03-06,2026-02-15,19,Bank Transfer,True
PAY-00931-202603,SME-2024-00931,2026-03,1494851,2026-04-05,2026-03-15,21,Virtual Account,True
PAY-00931-202604,SME-2024-00931,2026-04,1452866,2026-04-26,2026-04-15,11,Virtual Account,True
PAY-00931-202605,SME-2024-00931,2026-05,1536382,2026-06-01,2026-05-15,17,Auto-debit,False
PAY-00931-202606,SME-2024-00931,2026-06,1535813,2026-07-03,2026-06-15,18,Bank Transfer,True
PAY-00932-202507,SME-2024-00932,2025-07,7462431,2025-07-16,2025-07-15,1,Virtual Account,False
PAY-00932-202508,SME-2024-00932,2025-08,7460461,2025-08-22,2025-08-15,7,Virtual Account,True
PAY-00932-202509,SME-2024-00932,2025-09,7258965,2025-09-21,2025-09-15,6,Bank Transfer,False
PAY-00932-202510,SME-2024-00932,2025-10,7099566,2025-10-24,2025-10-15,9,Virtual Account,False
PAY-00932-202511,SME-2024-00932,2025-11,7467601,2025-11-23,2025-11-15,8,Cash,False
PAY-00932-202512,SME-2024-00932,2025-12,7132036,2025-12-31,2025-12-15,16,Bank Transfer,False
PAY-00932-202601,SME-2024-00932,2026-01,7118941,2026-01-28,2026-01-15,13,Virtual Account,False
PAY-00932-202602,SME-2024-00932,2026-02,7496556,2026-02-24,2026-02-15,9,Bank Transfer,True
PAY-00932-202603,SME-2024-00932,2026-03,7101108,2026-03-28,2026-03-15,13,Auto-debit,True
PAY-00932-202604,SME-2024-00932,2026-04,7310696,2026-05-02,2026-04-15,17,Virtual Account,False
PAY-00932-202605,SME-2024-00932,2026-05,7407196,2026-06-03,2026-05-15,19,Auto-debit,True
PAY-00932-202606,SME-2024-00932,2026-06,7134768,2026-07-04,2026-06-15,19,Bank Transfer,True
PAY-00933-202507,SME-2024-00933,2025-07,1946809,2025-07-21,2025-07-15,6,Auto-debit,False
PAY-00933-202508,SME-2024-00933,2025-08,1964246,2025-08-18,2025-08-15,3,Virtual Account,True
PAY-00933-202509,SME-2024-00933,2025-09,1910851,2025-09-22,2025-09-15,7,Bank Transfer,False
PAY-00933-202510,SME-2024-00933,2025-10,1929216,2025-10-25,2025-10-15,10,Virtual Account,False
PAY-00933-202511,SME-2024-00933,2025-11,1962003,2025-11-29,2025-11-15,14,Bank Transfer,True
PAY-00933-202512,SME-2024-00933,2025-12,1958835,2025-12-26,2025-12-15,11,Virtual Account,True
PAY-00933-202601,SME-2024-00933,2026-01,1916207,2026-01-28,2026-01-15,13,Virtual Account,False
PAY-00933-202602,SME-2024-00933,2026-02,1916679,2026-02-28,2026-02-15,13,Bank Transfer,True
PAY-00933-202603,SME-2024-00933,2026-03,1909604,2026-03-29,2026-03-15,14,Auto-debit,True
PAY-00933-202604,SME-2024-00933,2026-04,1985176,2026-04-29,2026-04-15,14,Virtual Account,False
PAY-00933-202605,SME-2024-00933,2026-05,1927396,2026-05-29,2026-05-15,14,Virtual Account,True
PAY-00933-202606,SME-2024-00933,2026-06,1896806,2026-07-03,2026-06-15,18,Bank Transfer,True
PAY-00934-202507,SME-2024-00934,2025-07,3009390,2025-07-19,2025-07-15,4,Bank Transfer,False
PAY-00934-202508,SME-2024-00934,2025-08,2959412,2025-08-21,2025-08-15,6,Auto-debit,False
PAY-00934-202509,SME-2024-00934,2025-09,2993231,2025-09-24,2025-09-15,9,Virtual Account,False
PAY-00934-202510,SME-2024-00934,2025-10,5080162,2025-10-24,2025-10-15,9,Bank Transfer,False
PAY-00934-202511,SME-2024-00934,2025-11,5214548,2025-11-27,2025-11-15,12,Bank Transfer,False
PAY-00934-202512,SME-2024-00934,2025-12,5366519,2025-12-25,2025-12-15,10,Virtual Account,False
PAY-00934-202601,SME-2024-00934,2026-01,5338758,2026-01-30,2026-01-15,15,Virtual Account,True
PAY-00934-202602,SME-2024-00934,2026-02,5253600,2026-03-04,2026-02-15,17,Virtual Account,True
PAY-00934-202603,SME-2024-00934,2026-03,5372609,2026-03-27,2026-03-15,12,Bank Transfer,True
PAY-00934-202604,SME-2024-00934,2026-04,5260228,2026-05-01,2026-04-15,16,Bank Transfer,True
PAY-00934-202605,SME-2024-00934,2026-05,5293749,2026-06-04,2026-05-15,20,Bank Transfer,True
PAY-00934-202606,SME-2024-00934,2026-06,5376064,2026-06-22,2026-06-15,7,Auto-debit,True
PAY-00935-202507,SME-2024-00935,2025-07,1741851,2025-07-20,2025-07-15,5,Auto-debit,False
PAY-00935-202508,SME-2024-00935,2025-08,1749430,2025-08-21,2025-08-15,6,Virtual Account,False
PAY-00935-202509,SME-2024-00935,2025-09,1677910,2025-09-24,2025-09-15,9,Bank Transfer,True
PAY-00935-202510,SME-2024-00935,2025-10,1719996,2025-10-18,2025-10-15,3,Virtual Account,False
PAY-00935-202511,SME-2024-00935,2025-11,1738348,2025-11-24,2025-11-15,9,Bank Transfer,True
PAY-00935-202512,SME-2024-00935,2025-12,1696385,2025-12-23,2025-12-15,8,Auto-debit,True
PAY-00935-202601,SME-2024-00935,2026-01,1740434,2026-01-26,2026-01-15,11,Auto-debit,True
PAY-00935-202602,SME-2024-00935,2026-02,1737707,2026-03-08,2026-02-15,21,Virtual Account,False
PAY-00935-202603,SME-2024-00935,2026-03,1742296,2026-04-03,2026-03-15,19,Auto-debit,True
PAY-00935-202604,SME-2024-00935,2026-04,1682876,2026-04-30,2026-04-15,15,Bank Transfer,True
PAY-00935-202605,SME-2024-00935,2026-05,1750563,2026-06-01,2026-05-15,17,Bank Transfer,False
PAY-00935-202606,SME-2024-00935,2026-06,1741575,2026-07-02,2026-06-15,17,Bank Transfer,True
PAY-00936-202507,SME-2024-00936,2025-07,5710666,2025-07-25,2025-07-15,10,Bank Transfer,False
PAY-00936-202508,SME-2024-00936,2025-08,5689204,2025-08-18,2025-08-15,3,Auto-debit,False
PAY-00936-202509,SME-2024-00936,2025-09,5848312,2025-09-26,2025-09-15,11,Bank Transfer,False
PAY-00936-202510,SME-2024-00936,2025-10,5906181,2025-10-27,2025-10-15,12,Auto-debit,True
PAY-00936-202511,SME-2024-00936,2025-11,5758812,2025-11-25,2025-11-15,10,Cash,False
PAY-00936-202512,SME-2024-00936,2025-12,5796567,2025-12-25,2025-12-15,10,Cash,False
PAY-00936-202601,SME-2024-00936,2026-01,6015035,2026-01-29,2026-01-15,14,Virtual Account,True
PAY-00936-202602,SME-2024-00936,2026-02,6005818,2026-02-28,2026-02-15,13,Cash,True
PAY-00936-202603,SME-2024-00936,2026-03,5850196,2026-03-26,2026-03-15,11,Auto-debit,True
PAY-00936-202604,SME-2024-00936,2026-04,5990601,2026-04-28,2026-04-15,13,Cash,False
PAY-00936-202605,SME-2024-00936,2026-05,5867590,2026-06-06,2026-05-15,22,Virtual Account,False
PAY-00936-202606,SME-2024-00936,2026-06,8829914,2026-06-30,2026-06-15,15,Virtual Account,False
PAY-00937-202507,SME-2024-00937,2025-07,3467154,2025-07-18,2025-07-15,3,Auto-debit,False
PAY-00937-202508,SME-2024-00937,2025-08,3367670,2025-08-22,2025-08-15,7,Bank Transfer,False
PAY-00937-202509,SME-2024-00937,2025-09,3373935,2025-09-24,2025-09-15,9,Virtual Account,False
PAY-00937-202510,SME-2024-00937,2025-10,3395991,2025-10-23,2025-10-15,8,Bank Transfer,False
PAY-00937-202511,SME-2024-00937,2025-11,3372009,2025-11-18,2025-11-15,3,Virtual Account,False
PAY-00937-202512,SME-2024-00937,2025-12,3550608,2025-12-27,2025-12-15,12,Cash,False
PAY-00937-202601,SME-2024-00937,2026-01,3490278,2026-01-26,2026-01-15,11,Auto-debit,False
PAY-00937-202602,SME-2024-00937,2026-02,3521492,2026-02-28,2026-02-15,13,Virtual Account,False
PAY-00937-202603,SME-2024-00937,2026-03,3427066,2026-04-01,2026-03-15,17,Virtual Account,True
PAY-00937-202604,SME-2024-00937,2026-04,3362425,2026-05-01,2026-04-15,16,Virtual Account,False
PAY-00937-202605,SME-2024-00937,2026-05,3530763,2026-06-02,2026-05-15,18,Virtual Account,True
PAY-00937-202606,SME-2024-00937,2026-06,3449405,2026-07-08,2026-06-15,23,Virtual Account,True
PAY-00938-202507,SME-2024-00938,2025-07,2052903,2025-07-19,2025-07-15,4,Virtual Account,True
PAY-00938-202508,SME-2024-00938,2025-08,1964637,2025-08-21,2025-08-15,6,Bank Transfer,False
PAY-00938-202509,SME-2024-00938,2025-09,1999285,2025-09-21,2025-09-15,6,Virtual Account,False
PAY-00938-202510,SME-2024-00938,2025-10,2976252,2025-10-23,2025-10-15,8,Bank Transfer,False
PAY-00938-202511,SME-2024-00938,2025-11,2863485,2025-12-04,2025-11-15,19,Virtual Account,False
PAY-00938-202512,SME-2024-00938,2025-12,2949423,2025-12-29,2025-12-15,14,Auto-debit,False
PAY-00938-202601,SME-2024-00938,2026-01,2978057,2026-02-03,2026-01-15,19,Auto-debit,False
PAY-00938-202602,SME-2024-00938,2026-02,2918429,2026-03-05,2026-02-15,18,Virtual Account,False
PAY-00938-202603,SME-2024-00938,2026-03,2979372,2026-04-07,2026-03-15,23,Cash,False
PAY-00938-202604,SME-2024-00938,2026-04,2858751,2026-05-02,2026-04-15,17,Cash,True
PAY-00938-202605,SME-2024-00938,2026-05,2961983,2026-06-02,2026-05-15,18,Virtual Account,True
PAY-00938-202606,SME-2024-00938,2026-06,2913331,2026-07-06,2026-06-15,21,Virtual Account,True
PAY-00939-202507,SME-2024-00939,2025-07,1752421,2025-07-16,2025-07-15,1,Cash,False
PAY-00939-202508,SME-2024-00939,2025-08,1815969,2025-08-19,2025-08-15,4,Virtual Account,False
PAY-00939-202509,SME-2024-00939,2025-09,1743682,2025-09-20,2025-09-15,5,Cash,False
PAY-00939-202510,SME-2024-00939,2025-10,1809343,2025-10-22,2025-10-15,7,Bank Transfer,True
PAY-00939-202511,SME-2024-00939,2025-11,1803504,2025-11-28,2025-11-15,13,Cash,True
PAY-00939-202512,SME-2024-00939,2025-12,3609999,2025-12-28,2025-12-15,13,Auto-debit,False
PAY-00939-202601,SME-2024-00939,2026-01,3487669,2026-01-27,2026-01-15,12,Bank Transfer,True
PAY-00939-202602,SME-2024-00939,2026-02,3553287,2026-02-26,2026-02-15,11,Cash,True
PAY-00939-202603,SME-2024-00939,2026-03,3675416,2026-03-26,2026-03-15,11,Bank Transfer,True
PAY-00939-202604,SME-2024-00939,2026-04,3529320,2026-05-10,2026-04-15,25,Cash,True
PAY-00939-202605,SME-2024-00939,2026-05,3515750,2026-06-03,2026-05-15,19,Bank Transfer,False
PAY-00939-202606,SME-2024-00939,2026-06,3521841,2026-07-08,2026-06-15,23,Auto-debit,True
PAY-00940-202507,SME-2024-00940,2025-07,2910507,2025-07-21,2025-07-15,6,Auto-debit,False
PAY-00940-202508,SME-2024-00940,2025-08,2798925,2025-08-18,2025-08-15,3,Bank Transfer,False
PAY-00940-202509,SME-2024-00940,2025-09,2861111,2025-09-20,2025-09-15,5,Bank Transfer,False
PAY-00940-202510,SME-2024-00940,2025-10,2920116,2025-10-25,2025-10-15,10,Virtual Account,False
PAY-00940-202511,SME-2024-00940,2025-11,2787193,2025-11-23,2025-11-15,8,Auto-debit,False
PAY-00940-202512,SME-2024-00940,2025-12,2945292,2025-12-29,2025-12-15,14,Cash,False
PAY-00940-202601,SME-2024-00940,2026-01,2876068,2026-01-30,2026-01-15,15,Virtual Account,False
PAY-00940-202602,SME-2024-00940,2026-02,2888090,2026-03-02,2026-02-15,15,Auto-debit,True
PAY-00940-202603,SME-2024-00940,2026-03,2819875,2026-04-02,2026-03-15,18,Auto-debit,False
PAY-00940-202604,SME-2024-00940,2026-04,2858739,2026-05-02,2026-04-15,17,Bank Transfer,False
PAY-00940-202605,SME-2024-00940,2026-05,2811618,2026-06-02,2026-05-15,18,Virtual Account,True
PAY-00940-202606,SME-2024-00940,2026-06,2847314,2026-07-08,2026-06-15,23,Auto-debit,True
PAY-00941-202601,SME-2024-00941,2026-01,1991567,2026-01-24,2026-01-15,9,Bank Transfer,False
PAY-00941-202602,SME-2024-00941,2026-02,2073118,2026-02-23,2026-02-15,8,Virtual Account,False
PAY-00941-202603,SME-2024-00941,2026-03,1982223,2026-03-25,2026-03-15,10,Virtual Account,True
PAY-00941-202604,SME-2024-00941,2026-04,2042952,2026-04-21,2026-04-15,6,Virtual Account,True
PAY-00941-202605,SME-2024-00941,2026-05,2050799,2026-05-26,2026-05-15,11,Bank Transfer,True
PAY-00941-202606,SME-2024-00941,2026-06,2041941,2026-06-25,2026-06-15,10,Virtual Account,False
PAY-00942-202507,SME-2024-00942,2025-07,5141684,2025-07-23,2025-07-15,8,Auto-debit,False
PAY-00942-202508,SME-2024-00942,2025-08,5135129,2025-08-20,2025-08-15,5,Bank Transfer,False
PAY-00942-202509,SME-2024-00942,2025-09,4949599,2025-09-21,2025-09-15,6,Virtual Account,True
PAY-00942-202510,SME-2024-00942,2025-10,4976321,2025-10-30,2025-10-15,15,Auto-debit,True
PAY-00942-202511,SME-2024-00942,2025-11,4930735,2025-11-27,2025-11-15,12,Auto-debit,False
PAY-00942-202512,SME-2024-00942,2025-12,4951195,2025-12-24,2025-12-15,9,Auto-debit,True
PAY-00942-202601,SME-2024-00942,2026-01,5178038,2026-01-29,2026-01-15,14,Virtual Account,False
PAY-00942-202602,SME-2024-00942,2026-02,5108848,2026-02-26,2026-02-15,11,Auto-debit,False
PAY-00942-202603,SME-2024-00942,2026-03,5165911,2026-03-27,2026-03-15,12,Virtual Account,True
PAY-00942-202604,SME-2024-00942,2026-04,5101058,2026-05-01,2026-04-15,16,Virtual Account,True
PAY-00942-202605,SME-2024-00942,2026-05,5071326,2026-06-02,2026-05-15,18,Virtual Account,False
PAY-00942-202606,SME-2024-00942,2026-06,5023654,2026-07-06,2026-06-15,21,Virtual Account,True
PAY-00943-202507,SME-2024-00943,2025-07,1593827,2025-07-19,2025-07-15,4,Cash,False
PAY-00943-202508,SME-2024-00943,2025-08,1643989,2025-08-23,2025-08-15,8,Virtual Account,True
PAY-00943-202509,SME-2024-00943,2025-09,1634500,2025-09-23,2025-09-15,8,Bank Transfer,True
PAY-00943-202510,SME-2024-00943,2025-10,1598945,2025-10-25,2025-10-15,10,Auto-debit,False
PAY-00943-202511,SME-2024-00943,2025-11,1627858,2025-11-27,2025-11-15,12,Virtual Account,False
PAY-00943-202512,SME-2024-00943,2025-12,1640368,2025-12-29,2025-12-15,14,Auto-debit,True
PAY-00943-202601,SME-2024-00943,2026-01,1680640,2026-01-26,2026-01-15,11,Auto-debit,True
PAY-00943-202602,SME-2024-00943,2026-02,1655626,2026-02-21,2026-02-15,6,Virtual Account,False
PAY-00943-202603,SME-2024-00943,2026-03,1628457,2026-03-30,2026-03-15,15,Virtual Account,False
PAY-00943-202604,SME-2024-00943,2026-04,1652797,2026-05-08,2026-04-15,23,Auto-debit,False
PAY-00943-202605,SME-2024-00943,2026-05,1642909,2026-05-31,2026-05-15,16,Virtual Account,True
PAY-00943-202606,SME-2024-00943,2026-06,1674112,2026-07-02,2026-06-15,17,Virtual Account,True
PAY-00944-202508,SME-2024-00944,2025-08,3636371,2025-08-21,2025-08-15,6,Virtual Account,True
PAY-00944-202509,SME-2024-00944,2025-09,3691569,2025-09-24,2025-09-15,9,Auto-debit,True
PAY-00944-202510,SME-2024-00944,2025-10,3625774,2025-10-22,2025-10-15,7,Bank Transfer,True
PAY-00944-202511,SME-2024-00944,2025-11,3685220,2025-11-28,2025-11-15,13,Virtual Account,False
PAY-00945-202507,SME-2024-00945,2025-07,3062247,2025-07-21,2025-07-15,6,Virtual Account,False
PAY-00945-202508,SME-2024-00945,2025-08,3082151,2025-08-21,2025-08-15,6,Bank Transfer,False
PAY-00945-202509,SME-2024-00945,2025-09,3106234,2025-09-20,2025-09-15,5,Bank Transfer,False
PAY-00945-202510,SME-2024-00945,2025-10,3118038,2025-10-22,2025-10-15,7,Virtual Account,False
PAY-00945-202511,SME-2024-00945,2025-11,3140000,2025-11-25,2025-11-15,10,Cash,True
PAY-00945-202512,SME-2024-00945,2025-12,3067505,2025-12-26,2025-12-15,11,Bank Transfer,False
PAY-00945-202601,SME-2024-00945,2026-01,3126003,2026-01-27,2026-01-15,12,Auto-debit,True
PAY-00945-202602,SME-2024-00945,2026-02,3165608,2026-02-22,2026-02-15,7,Auto-debit,True
PAY-00945-202603,SME-2024-00945,2026-03,3149831,2026-03-27,2026-03-15,12,Virtual Account,True
PAY-00945-202604,SME-2024-00945,2026-04,3145031,2026-05-04,2026-04-15,19,Virtual Account,True
PAY-00945-202605,SME-2024-00945,2026-05,3085159,2026-05-31,2026-05-15,16,Auto-debit,True
PAY-00945-202606,SME-2024-00945,2026-06,3074652,2026-07-06,2026-06-15,21,Bank Transfer,True
PAY-00946-202507,SME-2024-00946,2025-07,1263219,2025-07-18,2025-07-15,3,Virtual Account,False
PAY-00946-202508,SME-2024-00946,2025-08,1283047,2025-08-20,2025-08-15,5,Virtual Account,False
PAY-00946-202509,SME-2024-00946,2025-09,1216687,2025-09-25,2025-09-15,10,Cash,True
PAY-00946-202510,SME-2024-00946,2025-10,1255531,2025-10-25,2025-10-15,10,Cash,False
PAY-00946-202511,SME-2024-00946,2025-11,1264669,2025-11-21,2025-11-15,6,Virtual Account,False
PAY-00946-202512,SME-2024-00946,2025-12,1274071,2025-12-24,2025-12-15,9,Auto-debit,True
PAY-00946-202601,SME-2024-00946,2026-01,1249910,2026-01-30,2026-01-15,15,Virtual Account,True
PAY-00946-202602,SME-2024-00946,2026-02,1286694,2026-02-28,2026-02-15,13,Auto-debit,True
PAY-00946-202603,SME-2024-00946,2026-03,1283488,2026-03-31,2026-03-15,16,Virtual Account,True
PAY-00946-202604,SME-2024-00946,2026-04,1281393,2026-04-29,2026-04-15,14,Virtual Account,True
PAY-00946-202605,SME-2024-00946,2026-05,1268428,2026-06-08,2026-05-15,24,Cash,True
PAY-00946-202606,SME-2024-00946,2026-06,1224280,2026-06-30,2026-06-15,15,Bank Transfer,True
PAY-00947-202507,SME-2024-00947,2025-07,1395597,2025-07-17,2025-07-15,2,Auto-debit,False
PAY-00947-202508,SME-2024-00947,2025-08,1445002,2025-08-21,2025-08-15,6,Cash,True
PAY-00947-202509,SME-2024-00947,2025-09,1405918,2025-09-27,2025-09-15,12,Cash,True
PAY-00947-202510,SME-2024-00947,2025-10,1422944,2025-10-21,2025-10-15,6,Bank Transfer,True
PAY-00947-202511,SME-2024-00947,2025-11,1392194,2025-11-23,2025-11-15,8,Cash,True
PAY-00947-202512,SME-2024-00947,2025-12,1436846,2025-12-24,2025-12-15,9,Auto-debit,False
PAY-00947-202601,SME-2024-00947,2026-01,1446190,2026-01-29,2026-01-15,14,Bank Transfer,False
PAY-00947-202602,SME-2024-00947,2026-02,1376977,2026-03-04,2026-02-15,17,Auto-debit,True
PAY-00947-202603,SME-2024-00947,2026-03,3307497,2026-03-27,2026-03-15,12,Virtual Account,False
PAY-00947-202604,SME-2024-00947,2026-04,3267813,2026-05-02,2026-04-15,17,Cash,True
PAY-00947-202605,SME-2024-00947,2026-05,3389349,2026-06-08,2026-05-15,24,Cash,True
PAY-00947-202606,SME-2024-00947,2026-06,3445049,2026-07-09,2026-06-15,24,Bank Transfer,True
PAY-00948-202507,SME-2024-00948,2025-07,2494033,2025-07-20,2025-07-15,5,Virtual Account,False
PAY-00948-202508,SME-2024-00948,2025-08,2437937,2025-08-21,2025-08-15,6,Bank Transfer,True
PAY-00948-202509,SME-2024-00948,2025-09,2393695,2025-09-19,2025-09-15,4,Bank Transfer,False
PAY-00948-202510,SME-2024-00948,2025-10,2522193,2025-10-21,2025-10-15,6,Bank Transfer,False
PAY-00948-202511,SME-2024-00948,2025-11,2462513,2025-11-24,2025-11-15,9,Virtual Account,True
PAY-00948-202512,SME-2024-00948,2025-12,2419610,2025-12-25,2025-12-15,10,Bank Transfer,False
PAY-00948-202601,SME-2024-00948,2026-01,2497029,2026-01-26,2026-01-15,11,Bank Transfer,False
PAY-00948-202602,SME-2024-00948,2026-02,2454848,2026-03-04,2026-02-15,17,Bank Transfer,True
PAY-00948-202603,SME-2024-00948,2026-03,2401861,2026-04-01,2026-03-15,17,Virtual Account,False
PAY-00948-202604,SME-2024-00948,2026-04,2436171,2026-04-30,2026-04-15,15,Virtual Account,False
PAY-00948-202605,SME-2024-00948,2026-05,2431925,2026-05-31,2026-05-15,16,Bank Transfer,True
PAY-00948-202606,SME-2024-00948,2026-06,2387588,2026-07-05,2026-06-15,20,Virtual Account,True
PAY-00950-202507,SME-2024-00950,2025-07,2064916,2025-07-20,2025-07-15,5,Bank Transfer,True
PAY-00950-202508,SME-2024-00950,2025-08,2083116,2025-08-24,2025-08-15,9,Virtual Account,False
PAY-00950-202509,SME-2024-00950,2025-09,2135058,2025-09-23,2025-09-15,8,Bank Transfer,False
PAY-00950-202510,SME-2024-00950,2025-10,2158855,2025-10-27,2025-10-15,12,Cash,False
PAY-00950-202511,SME-2024-00950,2025-11,2136104,2025-11-27,2025-11-15,12,Bank Transfer,True
PAY-00950-202512,SME-2024-00950,2025-12,2175792,2025-12-26,2025-12-15,11,Virtual Account,False
PAY-00950-202601,SME-2024-00950,2026-01,2155904,2026-02-02,2026-01-15,18,Cash,True
PAY-00950-202602,SME-2024-00950,2026-02,2117455,2026-02-25,2026-02-15,10,Bank Transfer,False
PAY-00950-202603,SME-2024-00950,2026-03,2131795,2026-03-28,2026-03-15,13,Cash,False
PAY-00950-202604,SME-2024-00950,2026-04,2060515,2026-04-29,2026-04-15,14,Cash,True
PAY-00950-202605,SME-2024-00950,2026-05,2163594,2026-05-29,2026-05-15,14,Cash,False
PAY-00950-202606,SME-2024-00950,2026-06,2088507,2026-07-03,2026-06-15,18,Bank Transfer,True
PAY-00951-202507,SME-2024-00951,2025-07,2342352,2025-07-17,2025-07-15,2,Bank Transfer,False
PAY-00951-202508,SME-2024-00951,2025-08,2258450,2025-08-17,2025-08-15,2,Bank Transfer,False
PAY-00951-202509,SME-2024-00951,2025-09,2269640,2025-09-22,2025-09-15,7,Bank Transfer,True
PAY-00951-202510,SME-2024-00951,2025-10,2305730,2025-10-25,2025-10-15,10,Virtual Account,True
PAY-00951-202511,SME-2024-00951,2025-11,2319636,2025-11-28,2025-11-15,13,Bank Transfer,False
PAY-00951-202512,SME-2024-00951,2025-12,2364244,2026-01-02,2025-12-15,18,Auto-debit,True
PAY-00951-202601,SME-2024-00951,2026-01,2244353,2026-01-23,2026-01-15,8,Virtual Account,False
PAY-00951-202602,SME-2024-00951,2026-02,2263647,2026-03-05,2026-02-15,18,Bank Transfer,True
PAY-00951-202603,SME-2024-00951,2026-03,2330862,2026-03-29,2026-03-15,14,Virtual Account,True
PAY-00951-202604,SME-2024-00951,2026-04,2334145,2026-05-02,2026-04-15,17,Cash,True
PAY-00951-202605,SME-2024-00951,2026-05,2301636,2026-05-31,2026-05-15,16,Virtual Account,True
PAY-00951-202606,SME-2024-00951,2026-06,2254535,2026-07-04,2026-06-15,19,Virtual Account,True
PAY-00952-202507,SME-2024-00952,2025-07,7904699,2025-07-20,2025-07-15,5,Bank Transfer,False
PAY-00952-202508,SME-2024-00952,2025-08,7725266,2025-08-27,2025-08-15,12,Bank Transfer,True
PAY-00952-202509,SME-2024-00952,2025-09,7636390,2025-09-22,2025-09-15,7,Bank Transfer,False
PAY-00952-202510,SME-2024-00952,2025-10,7828882,2025-10-28,2025-10-15,13,Auto-debit,False
PAY-00952-202511,SME-2024-00952,2025-11,7993642,2025-11-29,2025-11-15,14,Auto-debit,True
PAY-00952-202512,SME-2024-00952,2025-12,7729324,2025-12-25,2025-12-15,10,Cash,False
PAY-00952-202601,SME-2024-00952,2026-01,7830376,2026-01-22,2026-01-15,7,Bank Transfer,True
PAY-00952-202602,SME-2024-00952,2026-02,7756871,2026-03-02,2026-02-15,15,Virtual Account,True
PAY-00952-202603,SME-2024-00952,2026-03,7869676,2026-03-27,2026-03-15,12,Cash,False
PAY-00952-202604,SME-2024-00952,2026-04,7597483,2026-04-30,2026-04-15,15,Virtual Account,True
PAY-00952-202605,SME-2024-00952,2026-05,7636205,2026-05-29,2026-05-15,14,Virtual Account,True
PAY-00952-202606,SME-2024-00952,2026-06,7683713,2026-07-02,2026-06-15,17,Bank Transfer,True
PAY-00953-202512,SME-2024-00953,2025-12,1733491,2025-12-26,2025-12-15,11,Auto-debit,False
PAY-00953-202601,SME-2024-00953,2026-01,1760111,2026-01-21,2026-01-15,6,Cash,True
PAY-00953-202602,SME-2024-00953,2026-02,1715654,2026-02-19,2026-02-15,4,Cash,False
PAY-00953-202603,SME-2024-00953,2026-03,1671023,2026-03-27,2026-03-15,12,Virtual Account,True
PAY-00953-202604,SME-2024-00953,2026-04,1689061,2026-05-01,2026-04-15,16,Auto-debit,False
PAY-00953-202605,SME-2024-00953,2026-05,1698321,2026-05-23,2026-05-15,8,Virtual Account,True
PAY-00953-202606,SME-2024-00953,2026-06,1684775,2026-07-02,2026-06-15,17,Virtual Account,True
PAY-00954-202511,SME-2024-00954,2025-11,6036603,2025-11-21,2025-11-15,6,Cash,False
PAY-00954-202512,SME-2024-00954,2025-12,5879805,2025-12-31,2025-12-15,16,Auto-debit,True
PAY-00954-202601,SME-2024-00954,2026-01,5953300,2026-02-02,2026-01-15,18,Virtual Account,False
PAY-00954-202602,SME-2024-00954,2026-02,5784962,2026-03-03,2026-02-15,16,Virtual Account,False
PAY-00954-202603,SME-2024-00954,2026-03,5828578,2026-03-30,2026-03-15,15,Bank Transfer,True
PAY-00954-202604,SME-2024-00954,2026-04,6003329,2026-05-01,2026-04-15,16,Bank Transfer,True
PAY-00954-202605,SME-2024-00954,2026-05,5881751,2026-05-28,2026-05-15,13,Virtual Account,True
PAY-00954-202606,SME-2024-00954,2026-06,5888595,2026-07-06,2026-06-15,21,Auto-debit,True
PAY-00955-202507,SME-2024-00955,2025-07,2338708,2025-07-22,2025-07-15,7,Cash,False
PAY-00955-202508,SME-2024-00955,2025-08,2411939,2025-08-18,2025-08-15,3,Bank Transfer,False
PAY-00955-202509,SME-2024-00955,2025-09,2358682,2025-09-24,2025-09-15,9,Virtual Account,False
PAY-00955-202510,SME-2024-00955,2025-10,2416635,2025-10-24,2025-10-15,9,Cash,True
PAY-00955-202511,SME-2024-00955,2025-11,5274437,2025-11-30,2025-11-15,15,Virtual Account,True
PAY-00955-202512,SME-2024-00955,2025-12,5156097,2025-12-23,2025-12-15,8,Auto-debit,False
PAY-00955-202601,SME-2024-00955,2026-01,5384160,2026-01-28,2026-01-15,13,Bank Transfer,False
PAY-00955-202602,SME-2024-00955,2026-02,5220697,2026-03-01,2026-02-15,14,Virtual Account,True
PAY-00955-202603,SME-2024-00955,2026-03,5150257,2026-03-29,2026-03-15,14,Cash,True
PAY-00955-202604,SME-2024-00955,2026-04,5124731,2026-04-29,2026-04-15,14,Bank Transfer,True
PAY-00955-202605,SME-2024-00955,2026-05,5197033,2026-06-05,2026-05-15,21,Virtual Account,True
PAY-00955-202606,SME-2024-00955,2026-06,5147452,2026-07-09,2026-06-15,24,Auto-debit,True
PAY-00956-202508,SME-2024-00956,2025-08,1234254,2025-08-21,2025-08-15,6,Virtual Account,False
PAY-00956-202509,SME-2024-00956,2025-09,1244089,2025-09-23,2025-09-15,8,Virtual Account,True
PAY-00956-202510,SME-2024-00956,2025-10,1174008,2025-10-24,2025-10-15,9,Bank Transfer,False
PAY-00956-202511,SME-2024-00956,2025-11,1204952,2025-11-25,2025-11-15,10,Bank Transfer,True
PAY-00956-202512,SME-2024-00956,2025-12,1205578,2025-12-27,2025-12-15,12,Virtual Account,False
PAY-00956-202601,SME-2024-00956,2026-01,12022194,2026-01-27,2026-01-15,12,Bank Transfer,True
PAY-00956-202602,SME-2024-00956,2026-02,11637425,2026-02-26,2026-02-15,11,Virtual Account,True
PAY-00956-202603,SME-2024-00956,2026-03,12044649,2026-03-23,2026-03-15,8,Cash,True
PAY-00956-202604,SME-2024-00956,2026-04,12095474,2026-05-05,2026-04-15,20,Cash,True
PAY-00956-202605,SME-2024-00956,2026-05,11909323,2026-06-05,2026-05-15,21,Virtual Account,True
PAY-00956-202606,SME-2024-00956,2026-06,12025958,2026-07-17,2026-06-15,32,Auto-debit,True
PAY-00957-202507,SME-2024-00957,2025-07,811141,2025-07-19,2025-07-15,4,Bank Transfer,False
PAY-00957-202508,SME-2024-00957,2025-08,786385,2025-08-19,2025-08-15,4,Virtual Account,False
PAY-00957-202509,SME-2024-00957,2025-09,802917,2025-09-19,2025-09-15,4,Bank Transfer,False
PAY-00957-202510,SME-2024-00957,2025-10,783445,2025-10-21,2025-10-15,6,Cash,False
PAY-00957-202511,SME-2024-00957,2025-11,785649,2025-11-24,2025-11-15,9,Cash,False
PAY-00957-202512,SME-2024-00957,2025-12,784613,2026-01-04,2025-12-15,20,Virtual Account,True
PAY-00957-202601,SME-2024-00957,2026-01,788614,2026-01-31,2026-01-15,16,Virtual Account,True
PAY-00957-202602,SME-2024-00957,2026-02,781952,2026-02-28,2026-02-15,13,Virtual Account,True
PAY-00957-202603,SME-2024-00957,2026-03,794460,2026-03-26,2026-03-15,11,Auto-debit,True
PAY-00957-202604,SME-2024-00957,2026-04,784657,2026-04-29,2026-04-15,14,Bank Transfer,False
PAY-00957-202605,SME-2024-00957,2026-05,811636,2026-06-04,2026-05-15,20,Auto-debit,True
PAY-00957-202606,SME-2024-00957,2026-06,769233,2026-07-03,2026-06-15,18,Virtual Account,True
PAY-00958-202511,SME-2024-00958,2025-11,1590197,2025-11-24,2025-11-15,9,Bank Transfer,False
PAY-00958-202512,SME-2024-00958,2025-12,1610260,2025-12-29,2025-12-15,14,Cash,True
PAY-00958-202601,SME-2024-00958,2026-01,1540266,2026-01-26,2026-01-15,11,Virtual Account,True
PAY-00958-202602,SME-2024-00958,2026-02,1567810,2026-02-26,2026-02-15,11,Virtual Account,False
PAY-00958-202603,SME-2024-00958,2026-03,1604232,2026-03-25,2026-03-15,10,Auto-debit,False
PAY-00958-202604,SME-2024-00958,2026-04,4457993,2026-04-30,2026-04-15,15,Auto-debit,True
PAY-00958-202605,SME-2024-00958,2026-05,4622286,2026-05-28,2026-05-15,13,Virtual Account,True
PAY-00958-202606,SME-2024-00958,2026-06,4443704,2026-07-04,2026-06-15,19,Auto-debit,True
PAY-00959-202507,SME-2024-00959,2025-07,10103798,2025-07-18,2025-07-15,3,Bank Transfer,True
PAY-00959-202508,SME-2024-00959,2025-08,10582044,2025-08-20,2025-08-15,5,Bank Transfer,False
PAY-00959-202509,SME-2024-00959,2025-09,10586410,2025-09-22,2025-09-15,7,Virtual Account,True
PAY-00959-202510,SME-2024-00959,2025-10,10061323,2025-10-20,2025-10-15,5,Virtual Account,True
PAY-00959-202511,SME-2024-00959,2025-11,10350307,2025-11-25,2025-11-15,10,Virtual Account,True
PAY-00959-202512,SME-2024-00959,2025-12,10588466,2025-12-22,2025-12-15,7,Bank Transfer,True
PAY-00959-202601,SME-2024-00959,2026-01,10497832,2026-01-27,2026-01-15,12,Auto-debit,False
PAY-00959-202602,SME-2024-00959,2026-02,10651584,2026-02-27,2026-02-15,12,Bank Transfer,False
PAY-00959-202603,SME-2024-00959,2026-03,10277195,2026-03-30,2026-03-15,15,Cash,True
PAY-00959-202604,SME-2024-00959,2026-04,10423780,2026-04-28,2026-04-15,13,Auto-debit,True
PAY-00959-202605,SME-2024-00959,2026-05,10534468,2026-06-07,2026-05-15,23,Auto-debit,True
PAY-00959-202606,SME-2024-00959,2026-06,10389072,2026-06-26,2026-06-15,11,Virtual Account,True
PAY-00960-202507,SME-2024-00960,2025-07,3547686,2025-07-21,2025-07-15,6,Bank Transfer,False
PAY-00960-202508,SME-2024-00960,2025-08,3380422,2025-08-20,2025-08-15,5,Bank Transfer,False
PAY-00960-202509,SME-2024-00960,2025-09,3478808,2025-09-23,2025-09-15,8,Bank Transfer,False
PAY-00960-202510,SME-2024-00960,2025-10,3486493,2025-10-24,2025-10-15,9,Bank Transfer,False
PAY-00960-202511,SME-2024-00960,2025-11,3457053,2025-11-24,2025-11-15,9,Bank Transfer,False
PAY-00960-202512,SME-2024-00960,2025-12,3476824,2025-12-26,2025-12-15,11,Auto-debit,False
PAY-00960-202601,SME-2024-00960,2026-01,3563645,2026-01-24,2026-01-15,9,Bank Transfer,False
PAY-00960-202602,SME-2024-00960,2026-02,3463592,2026-03-04,2026-02-15,17,Virtual Account,False
PAY-00960-202603,SME-2024-00960,2026-03,3396273,2026-04-04,2026-03-15,20,Virtual Account,True
PAY-00960-202604,SME-2024-00960,2026-04,6646685,2026-05-09,2026-04-15,24,Auto-debit,True
PAY-00960-202605,SME-2024-00960,2026-05,7378543,2026-06-01,2026-05-15,17,Bank Transfer,True
PAY-00960-202606,SME-2024-00960,2026-06,7580972,2026-07-02,2026-06-15,17,Auto-debit,True
PAY-00961-202507,SME-2024-00961,2025-07,3164621,2025-07-20,2025-07-15,5,Cash,False
PAY-00961-202508,SME-2024-00961,2025-08,4616848,2025-08-18,2025-08-15,3,Bank Transfer,True
PAY-00961-202509,SME-2024-00961,2025-09,4775162,2025-09-22,2025-09-15,7,Virtual Account,False
PAY-00961-202510,SME-2024-00961,2025-10,4881254,2025-10-27,2025-10-15,12,Virtual Account,False
PAY-00961-202511,SME-2024-00961,2025-11,4790677,2025-11-21,2025-11-15,6,Bank Transfer,True
PAY-00961-202512,SME-2024-00961,2025-12,4638563,2025-12-24,2025-12-15,9,Virtual Account,True
PAY-00961-202601,SME-2024-00961,2026-01,4772488,2026-01-23,2026-01-15,8,Bank Transfer,False
PAY-00961-202602,SME-2024-00961,2026-02,4663541,2026-02-28,2026-02-15,13,Bank Transfer,True
PAY-00961-202603,SME-2024-00961,2026-03,4738554,2026-03-24,2026-03-15,9,Bank Transfer,False
PAY-00961-202604,SME-2024-00961,2026-04,4831050,2026-05-02,2026-04-15,17,Bank Transfer,True
PAY-00961-202605,SME-2024-00961,2026-05,4822529,2026-05-29,2026-05-15,14,Virtual Account,True
PAY-00961-202606,SME-2024-00961,2026-06,4629471,2026-07-08,2026-06-15,23,Virtual Account,True
PAY-00962-202507,SME-2024-00962,2025-07,2204835,2025-07-21,2025-07-15,6,Cash,True
PAY-00962-202508,SME-2024-00962,2025-08,2130828,2025-08-23,2025-08-15,8,Virtual Account,False
PAY-00962-202509,SME-2024-00962,2025-09,2196505,2025-09-21,2025-09-15,6,Cash,False
PAY-00962-202510,SME-2024-00962,2025-10,2210194,2025-10-24,2025-10-15,9,Auto-debit,False
PAY-00962-202511,SME-2024-00962,2025-11,2117761,2025-11-26,2025-11-15,11,Cash,True
PAY-00962-202512,SME-2024-00962,2025-12,2138431,2025-12-27,2025-12-15,12,Virtual Account,False
PAY-00962-202601,SME-2024-00962,2026-01,2129043,2026-01-30,2026-01-15,15,Virtual Account,False
PAY-00962-202602,SME-2024-00962,2026-02,2138487,2026-02-26,2026-02-15,11,Bank Transfer,True
PAY-00962-202603,SME-2024-00962,2026-03,2130314,2026-03-30,2026-03-15,15,Bank Transfer,True
PAY-00962-202604,SME-2024-00962,2026-04,2123087,2026-04-23,2026-04-15,8,Virtual Account,True
PAY-00962-202605,SME-2024-00962,2026-05,2192076,2026-06-02,2026-05-15,18,Auto-debit,True
PAY-00962-202606,SME-2024-00962,2026-06,2194795,2026-07-04,2026-06-15,19,Virtual Account,True
PAY-00963-202507,SME-2024-00963,2025-07,2543285,2025-07-19,2025-07-15,4,Cash,True
PAY-00963-202508,SME-2024-00963,2025-08,2445964,2025-08-23,2025-08-15,8,Bank Transfer,False
PAY-00963-202509,SME-2024-00963,2025-09,2507651,2025-09-23,2025-09-15,8,Virtual Account,False
PAY-00963-202510,SME-2024-00963,2025-10,2465871,2025-10-25,2025-10-15,10,Auto-debit,False
PAY-00963-202511,SME-2024-00963,2025-11,2490239,2025-11-30,2025-11-15,15,Auto-debit,False
PAY-00963-202512,SME-2024-00963,2025-12,6154558,2025-12-21,2025-12-15,6,Auto-debit,True
PAY-00963-202601,SME-2024-00963,2026-01,6101319,2026-01-25,2026-01-15,10,Virtual Account,False
PAY-00963-202602,SME-2024-00963,2026-02,5809727,2026-03-05,2026-02-15,18,Virtual Account,True
PAY-00963-202603,SME-2024-00963,2026-03,6152398,2026-03-28,2026-03-15,13,Auto-debit,True
PAY-00963-202604,SME-2024-00963,2026-04,5878030,2026-05-08,2026-04-15,23,Auto-debit,True
PAY-00963-202605,SME-2024-00963,2026-05,5831850,2026-06-04,2026-05-15,20,Bank Transfer,True
PAY-00963-202606,SME-2024-00963,2026-06,6055691,2026-06-29,2026-06-15,14,Auto-debit,True
PAY-00964-202511,SME-2024-00964,2025-11,1837617,2025-11-26,2025-11-15,11,Auto-debit,True
PAY-00964-202512,SME-2024-00964,2025-12,1804093,2025-12-22,2025-12-15,7,Auto-debit,True
PAY-00964-202601,SME-2024-00964,2026-01,1828245,2026-02-01,2026-01-15,17,Cash,False
PAY-00964-202602,SME-2024-00964,2026-02,1799380,2026-03-01,2026-02-15,14,Cash,True
PAY-00964-202603,SME-2024-00964,2026-03,1814874,2026-04-02,2026-03-15,18,Virtual Account,False
PAY-00964-202604,SME-2024-00964,2026-04,1802149,2026-05-05,2026-04-15,20,Bank Transfer,False
PAY-00964-202605,SME-2024-00964,2026-05,1783723,2026-05-27,2026-05-15,12,Bank Transfer,True
PAY-00964-202606,SME-2024-00964,2026-06,1804106,2026-06-30,2026-06-15,15,Virtual Account,True
PAY-00965-202507,SME-2024-00965,2025-07,4356395,2025-07-20,2025-07-15,5,Auto-debit,False
PAY-00965-202508,SME-2024-00965,2025-08,4145710,2025-08-21,2025-08-15,6,Bank Transfer,False
PAY-00965-202509,SME-2024-00965,2025-09,6217708,2025-09-23,2025-09-15,8,Cash,False
PAY-00965-202510,SME-2024-00965,2025-10,6243618,2025-10-25,2025-10-15,10,Bank Transfer,True
PAY-00965-202511,SME-2024-00965,2025-11,6431198,2025-11-22,2025-11-15,7,Bank Transfer,False
PAY-00965-202512,SME-2024-00965,2025-12,6435903,2025-12-24,2025-12-15,9,Virtual Account,True
PAY-00965-202601,SME-2024-00965,2026-01,6286808,2026-01-30,2026-01-15,15,Bank Transfer,False
PAY-00965-202602,SME-2024-00965,2026-02,6399373,2026-03-04,2026-02-15,17,Bank Transfer,False
PAY-00965-202603,SME-2024-00965,2026-03,6338928,2026-03-22,2026-03-15,7,Auto-debit,True
PAY-00965-202604,SME-2024-00965,2026-04,6323061,2026-05-04,2026-04-15,19,Auto-debit,False
PAY-00965-202605,SME-2024-00965,2026-05,6256461,2026-06-01,2026-05-15,17,Virtual Account,True
PAY-00965-202606,SME-2024-00965,2026-06,6268162,2026-07-03,2026-06-15,18,Auto-debit,False
PAY-00966-202507,SME-2024-00966,2025-07,4378011,2025-07-20,2025-07-15,5,Virtual Account,False
PAY-00966-202508,SME-2024-00966,2025-08,4561678,2025-08-19,2025-08-15,4,Bank Transfer,False
PAY-00966-202509,SME-2024-00966,2025-09,4471558,2025-09-21,2025-09-15,6,Virtual Account,False
PAY-00966-202510,SME-2024-00966,2025-10,4496083,2025-10-26,2025-10-15,11,Virtual Account,True
PAY-00966-202511,SME-2024-00966,2025-11,4397794,2025-11-28,2025-11-15,13,Virtual Account,False
PAY-00966-202512,SME-2024-00966,2025-12,4603906,2025-12-30,2025-12-15,15,Virtual Account,False
PAY-00966-202601,SME-2024-00966,2026-01,4496123,2026-01-25,2026-01-15,10,Auto-debit,False
PAY-00966-202602,SME-2024-00966,2026-02,4595306,2026-02-24,2026-02-15,9,Virtual Account,True
PAY-00966-202603,SME-2024-00966,2026-03,4408866,2026-04-02,2026-03-15,18,Bank Transfer,True
PAY-00966-202604,SME-2024-00966,2026-04,4460969,2026-04-28,2026-04-15,13,Cash,False
PAY-00966-202605,SME-2024-00966,2026-05,4541062,2026-06-08,2026-05-15,24,Auto-debit,True
PAY-00966-202606,SME-2024-00966,2026-06,4367749,2026-07-03,2026-06-15,18,Bank Transfer,True
PAY-00967-202507,SME-2024-00967,2025-07,3011475,2025-07-18,2025-07-15,3,Bank Transfer,False
PAY-00967-202508,SME-2024-00967,2025-08,3113245,2025-08-16,2025-08-15,1,Virtual Account,False
PAY-00967-202509,SME-2024-00967,2025-09,3180769,2025-09-21,2025-09-15,6,Bank Transfer,False
PAY-00967-202510,SME-2024-00967,2025-10,3120704,2025-10-30,2025-10-15,15,Auto-debit,True
PAY-00967-202511,SME-2024-00967,2025-11,3156723,2025-11-24,2025-11-15,9,Bank Transfer,True
PAY-00967-202512,SME-2024-00967,2025-12,3031648,2025-12-23,2025-12-15,8,Bank Transfer,False
PAY-00967-202601,SME-2024-00967,2026-01,3120724,2026-01-21,2026-01-15,6,Bank Transfer,False
PAY-00967-202602,SME-2024-00967,2026-02,3077867,2026-02-28,2026-02-15,13,Virtual Account,False
PAY-00967-202603,SME-2024-00967,2026-03,3142160,2026-04-01,2026-03-15,17,Virtual Account,True
PAY-00967-202604,SME-2024-00967,2026-04,3013262,2026-05-08,2026-04-15,23,Bank Transfer,False
PAY-00967-202605,SME-2024-00967,2026-05,3035418,2026-05-28,2026-05-15,13,Bank Transfer,True
PAY-00967-202606,SME-2024-00967,2026-06,3121734,2026-07-02,2026-06-15,17,Bank Transfer,True
PAY-00968-202606,SME-2024-00968,2026-06,2229910,2026-07-04,2026-06-15,19,Bank Transfer,True
PAY-00969-202509,SME-2024-00969,2025-09,1661327,2025-09-22,2025-09-15,7,Auto-debit,False
PAY-00969-202510,SME-2024-00969,2025-10,1657673,2025-10-21,2025-10-15,6,Virtual Account,True
PAY-00969-202511,SME-2024-00969,2025-11,1695799,2025-11-29,2025-11-15,14,Auto-debit,False
PAY-00969-202512,SME-2024-00969,2025-12,1637411,2025-12-30,2025-12-15,15,Bank Transfer,False
PAY-00969-202601,SME-2024-00969,2026-01,1666709,2026-01-30,2026-01-15,15,Virtual Account,False
PAY-00969-202602,SME-2024-00969,2026-02,1697801,2026-02-23,2026-02-15,8,Virtual Account,True
PAY-00969-202603,SME-2024-00969,2026-03,1680947,2026-03-27,2026-03-15,12,Cash,True
PAY-00969-202604,SME-2024-00969,2026-04,1707145,2026-05-09,2026-04-15,24,Bank Transfer,True
PAY-00969-202605,SME-2024-00969,2026-05,1633968,2026-05-26,2026-05-15,11,Virtual Account,True
PAY-00969-202606,SME-2024-00969,2026-06,1638495,2026-07-01,2026-06-15,16,Virtual Account,True
PAY-00970-202507,SME-2024-00970,2025-07,7785068,2025-07-18,2025-07-15,3,Virtual Account,False
PAY-00970-202508,SME-2024-00970,2025-08,7730331,2025-08-20,2025-08-15,5,Virtual Account,True
PAY-00970-202509,SME-2024-00970,2025-09,7406099,2025-09-29,2025-09-15,14,Virtual Account,False
PAY-00970-202510,SME-2024-00970,2025-10,7546398,2025-10-22,2025-10-15,7,Virtual Account,False
PAY-00970-202511,SME-2024-00970,2025-11,7629299,2025-11-26,2025-11-15,11,Virtual Account,True
PAY-00970-202512,SME-2024-00970,2025-12,7792355,2025-12-24,2025-12-15,9,Auto-debit,False
PAY-00970-202601,SME-2024-00970,2026-01,7691510,2026-02-03,2026-01-15,19,Auto-debit,False
PAY-00970-202602,SME-2024-00970,2026-02,7610541,2026-02-28,2026-02-15,13,Bank Transfer,True
PAY-00970-202603,SME-2024-00970,2026-03,7744802,2026-04-01,2026-03-15,17,Auto-debit,True
PAY-00970-202604,SME-2024-00970,2026-04,7500987,2026-04-27,2026-04-15,12,Virtual Account,False
PAY-00970-202605,SME-2024-00970,2026-05,7402789,2026-06-03,2026-05-15,19,Virtual Account,True
PAY-00970-202606,SME-2024-00970,2026-06,7802212,2026-07-07,2026-06-15,22,Virtual Account,True
PAY-00971-202507,SME-2024-00971,2025-07,3685109,2025-07-16,2025-07-15,1,Cash,True
PAY-00971-202508,SME-2024-00971,2025-08,3530597,2025-08-17,2025-08-15,2,Virtual Account,False
PAY-00971-202509,SME-2024-00971,2025-09,3512456,2025-09-21,2025-09-15,6,Virtual Account,False
PAY-00971-202510,SME-2024-00971,2025-10,3702799,2025-10-22,2025-10-15,7,Auto-debit,True
PAY-00971-202511,SME-2024-00971,2025-11,3604365,2025-11-24,2025-11-15,9,Virtual Account,False
PAY-00971-202512,SME-2024-00971,2025-12,3645445,2025-12-28,2025-12-15,13,Auto-debit,False
PAY-00971-202601,SME-2024-00971,2026-01,3577151,2026-01-27,2026-01-15,12,Virtual Account,False
PAY-00971-202602,SME-2024-00971,2026-02,3604454,2026-02-28,2026-02-15,13,Cash,True
PAY-00971-202603,SME-2024-00971,2026-03,3682125,2026-03-27,2026-03-15,12,Virtual Account,False
PAY-00971-202604,SME-2024-00971,2026-04,3646460,2026-04-29,2026-04-15,14,Virtual Account,True
PAY-00971-202605,SME-2024-00971,2026-05,3527597,2026-06-05,2026-05-15,21,Virtual Account,True
PAY-00971-202606,SME-2024-00971,2026-06,3626754,2026-07-05,2026-06-15,20,Auto-debit,True
PAY-00972-202603,SME-2024-00972,2026-03,1096619,2026-03-30,2026-03-15,15,Auto-debit,True
PAY-00972-202604,SME-2024-00972,2026-04,1047177,2026-04-28,2026-04-15,13,Cash,True
PAY-00972-202605,SME-2024-00972,2026-05,1034511,2026-06-04,2026-05-15,20,Virtual Account,False
PAY-00972-202606,SME-2024-00972,2026-06,1075246,2026-07-05,2026-06-15,20,Virtual Account,True
PAY-00973-202602,SME-2024-00973,2026-02,2541819,2026-03-03,2026-02-15,16,Virtual Account,True
PAY-00973-202603,SME-2024-00973,2026-03,2421465,2026-03-22,2026-03-15,7,Bank Transfer,True
PAY-00973-202604,SME-2024-00973,2026-04,2468383,2026-05-04,2026-04-15,19,Virtual Account,True
PAY-00973-202605,SME-2024-00973,2026-05,2424733,2026-06-06,2026-05-15,22,Virtual Account,True
PAY-00973-202606,SME-2024-00973,2026-06,2416602,2026-07-05,2026-06-15,20,Bank Transfer,False
PAY-00974-202507,SME-2024-00974,2025-07,8544292,2025-07-20,2025-07-15,5,Cash,False
PAY-00974-202508,SME-2024-00974,2025-08,8876477,2025-08-21,2025-08-15,6,Bank Transfer,False
PAY-00974-202509,SME-2024-00974,2025-09,8857241,2025-09-30,2025-09-15,15,Cash,True
PAY-00974-202510,SME-2024-00974,2025-10,8857768,2025-10-30,2025-10-15,15,Virtual Account,False
PAY-00974-202511,SME-2024-00974,2025-11,8981441,2025-11-27,2025-11-15,12,Cash,True
PAY-00974-202512,SME-2024-00974,2025-12,8997178,2025-12-28,2025-12-15,13,Auto-debit,False
PAY-00974-202601,SME-2024-00974,2026-01,8505311,2026-01-28,2026-01-15,13,Virtual Account,True
PAY-00974-202602,SME-2024-00974,2026-02,8829378,2026-03-01,2026-02-15,14,Auto-debit,False
PAY-00974-202603,SME-2024-00974,2026-03,8512276,2026-03-28,2026-03-15,13,Auto-debit,True
PAY-00974-202604,SME-2024-00974,2026-04,8736612,2026-05-05,2026-04-15,20,Auto-debit,False
PAY-00974-202605,SME-2024-00974,2026-05,8747151,2026-05-31,2026-05-15,16,Virtual Account,True
PAY-00974-202606,SME-2024-00974,2026-06,10499073,2026-07-03,2026-06-15,18,Virtual Account,True
PAY-00975-202507,SME-2024-00975,2025-07,1885053,2025-07-21,2025-07-15,6,Virtual Account,True
PAY-00975-202508,SME-2024-00975,2025-08,1932321,2025-08-18,2025-08-15,3,Virtual Account,True
PAY-00975-202509,SME-2024-00975,2025-09,1901353,2025-09-30,2025-09-15,15,Cash,True
PAY-00975-202510,SME-2024-00975,2025-10,1906062,2025-10-24,2025-10-15,9,Bank Transfer,False
PAY-00975-202511,SME-2024-00975,2025-11,5463807,2025-11-28,2025-11-15,13,Bank Transfer,False
PAY-00975-202512,SME-2024-00975,2025-12,5566827,2025-12-24,2025-12-15,9,Bank Transfer,False
PAY-00975-202601,SME-2024-00975,2026-01,5418804,2026-02-03,2026-01-15,19,Bank Transfer,True
PAY-00975-202602,SME-2024-00975,2026-02,5461308,2026-03-09,2026-02-15,22,Bank Transfer,False
PAY-00975-202603,SME-2024-00975,2026-03,5378210,2026-04-07,2026-03-15,23,Virtual Account,False
PAY-00975-202604,SME-2024-00975,2026-04,5384798,2026-05-05,2026-04-15,20,Bank Transfer,True
PAY-00975-202605,SME-2024-00975,2026-05,5421287,2026-06-01,2026-05-15,17,Bank Transfer,True
PAY-00975-202606,SME-2024-00975,2026-06,5304506,2026-07-04,2026-06-15,19,Auto-debit,True
PAY-00976-202507,SME-2024-00976,2025-07,1510448,2025-07-19,2025-07-15,4,Auto-debit,False
PAY-00976-202508,SME-2024-00976,2025-08,1533826,2025-08-20,2025-08-15,5,Virtual Account,False
PAY-00976-202509,SME-2024-00976,2025-09,1528034,2025-09-27,2025-09-15,12,Auto-debit,False
PAY-00976-202510,SME-2024-00976,2025-10,1490926,2025-10-24,2025-10-15,9,Virtual Account,True
PAY-00976-202511,SME-2024-00976,2025-11,1497158,2025-11-22,2025-11-15,7,Virtual Account,True
PAY-00976-202512,SME-2024-00976,2025-12,1522352,2025-12-26,2025-12-15,11,Bank Transfer,False
PAY-00976-202601,SME-2024-00976,2026-01,1491690,2026-01-27,2026-01-15,12,Auto-debit,False
PAY-00976-202602,SME-2024-00976,2026-02,1527865,2026-03-03,2026-02-15,16,Bank Transfer,True
PAY-00976-202603,SME-2024-00976,2026-03,1528648,2026-03-31,2026-03-15,16,Auto-debit,False
PAY-00976-202604,SME-2024-00976,2026-04,1516245,2026-05-05,2026-04-15,20,Virtual Account,True
PAY-00976-202605,SME-2024-00976,2026-05,3634133,2026-06-07,2026-05-15,23,Bank Transfer,False
PAY-00976-202606,SME-2024-00976,2026-06,3539985,2026-07-09,2026-06-15,24,Virtual Account,True
PAY-00977-202507,SME-2024-00977,2025-07,994818,2025-07-18,2025-07-15,3,Bank Transfer,False
PAY-00977-202508,SME-2024-00977,2025-08,955254,2025-08-21,2025-08-15,6,Virtual Account,False
PAY-00977-202509,SME-2024-00977,2025-09,993852,2025-09-25,2025-09-15,10,Bank Transfer,False
PAY-00977-202510,SME-2024-00977,2025-10,977226,2025-10-22,2025-10-15,7,Bank Transfer,True
PAY-00977-202511,SME-2024-00977,2025-11,963291,2025-11-25,2025-11-15,10,Bank Transfer,False
PAY-00977-202512,SME-2024-00977,2025-12,989042,2025-12-27,2025-12-15,12,Virtual Account,False
PAY-00977-202601,SME-2024-00977,2026-01,989039,2026-01-31,2026-01-15,16,Virtual Account,True
PAY-00977-202602,SME-2024-00977,2026-02,985084,2026-03-01,2026-02-15,14,Auto-debit,True
PAY-00977-202603,SME-2024-00977,2026-03,966033,2026-04-03,2026-03-15,19,Virtual Account,True
PAY-00977-202604,SME-2024-00977,2026-04,969763,2026-05-01,2026-04-15,16,Auto-debit,False
PAY-00977-202605,SME-2024-00977,2026-05,951170,2026-06-10,2026-05-15,26,Virtual Account,True
PAY-00977-202606,SME-2024-00977,2026-06,981207,2026-07-02,2026-06-15,17,Virtual Account,True
PAY-00978-202605,SME-2024-00978,2026-05,516917,2026-06-06,2026-05-15,22,Virtual Account,True
PAY-00978-202606,SME-2024-00978,2026-06,517208,2026-06-28,2026-06-15,13,Cash,True
PAY-00979-202507,SME-2024-00979,2025-07,1263875,2025-07-23,2025-07-15,8,Auto-debit,False
PAY-00979-202508,SME-2024-00979,2025-08,1274187,2025-08-24,2025-08-15,9,Bank Transfer,False
PAY-00979-202509,SME-2024-00979,2025-09,1241844,2025-09-20,2025-09-15,5,Virtual Account,False
PAY-00979-202510,SME-2024-00979,2025-10,1234646,2025-10-23,2025-10-15,8,Bank Transfer,False
PAY-00979-202511,SME-2024-00979,2025-11,1293516,2025-11-28,2025-11-15,13,Virtual Account,False
PAY-00979-202512,SME-2024-00979,2025-12,1227371,2025-12-24,2025-12-15,9,Auto-debit,True
PAY-00979-202601,SME-2024-00979,2026-01,1284105,2026-01-22,2026-01-15,7,Cash,False
PAY-00979-202602,SME-2024-00979,2026-02,1235167,2026-02-26,2026-02-15,11,Virtual Account,True
PAY-00979-202603,SME-2024-00979,2026-03,1287344,2026-03-29,2026-03-15,14,Virtual Account,True
PAY-00979-202604,SME-2024-00979,2026-04,1269543,2026-04-21,2026-04-15,6,Virtual Account,True
PAY-00979-202605,SME-2024-00979,2026-05,1275945,2026-06-08,2026-05-15,24,Virtual Account,True
PAY-00979-202606,SME-2024-00979,2026-06,1271963,2026-06-28,2026-06-15,13,Bank Transfer,True
PAY-00980-202601,SME-2024-00980,2026-01,2248343,2026-01-30,2026-01-15,15,Auto-debit,True
PAY-00980-202602,SME-2024-00980,2026-02,2228507,2026-03-01,2026-02-15,14,Virtual Account,True
PAY-00980-202603,SME-2024-00980,2026-03,2256126,2026-03-29,2026-03-15,14,Cash,False
PAY-00980-202604,SME-2024-00980,2026-04,2187518,2026-05-03,2026-04-15,18,Bank Transfer,True
PAY-00980-202605,SME-2024-00980,2026-05,2218489,2026-06-08,2026-05-15,24,Auto-debit,True
PAY-00980-202606,SME-2024-00980,2026-06,2197467,2026-06-28,2026-06-15,13,Bank Transfer,True
PAY-00981-202602,SME-2024-00981,2026-02,1196952,2026-03-03,2026-02-15,16,Auto-debit,True
PAY-00981-202603,SME-2024-00981,2026-03,1217962,2026-04-01,2026-03-15,17,Bank Transfer,True
PAY-00981-202604,SME-2024-00981,2026-04,1250758,2026-05-01,2026-04-15,16,Virtual Account,True
PAY-00981-202605,SME-2024-00981,2026-05,1255734,2026-06-07,2026-05-15,23,Virtual Account,True
PAY-00981-202606,SME-2024-00981,2026-06,1241931,2026-07-12,2026-06-15,27,Auto-debit,True
PAY-00982-202507,SME-2024-00982,2025-07,2399054,2025-07-21,2025-07-15,6,Auto-debit,False
PAY-00982-202508,SME-2024-00982,2025-08,2385042,2025-08-18,2025-08-15,3,Auto-debit,True
PAY-00982-202509,SME-2024-00982,2025-09,2449742,2025-09-19,2025-09-15,4,Virtual Account,False
PAY-00982-202510,SME-2024-00982,2025-10,2463474,2025-10-25,2025-10-15,10,Virtual Account,True
PAY-00982-202511,SME-2024-00982,2025-11,2428300,2025-11-25,2025-11-15,10,Bank Transfer,False
PAY-00982-202512,SME-2024-00982,2025-12,2469790,2025-12-29,2025-12-15,14,Virtual Account,True
PAY-00982-202601,SME-2024-00982,2026-01,2388716,2026-01-25,2026-01-15,10,Virtual Account,True
PAY-00982-202602,SME-2024-00982,2026-02,2462271,2026-02-27,2026-02-15,12,Virtual Account,True
PAY-00982-202603,SME-2024-00982,2026-03,2496745,2026-03-27,2026-03-15,12,Auto-debit,True
PAY-00982-202604,SME-2024-00982,2026-04,2420934,2026-05-04,2026-04-15,19,Virtual Account,True
PAY-00982-202605,SME-2024-00982,2026-05,2479592,2026-05-28,2026-05-15,13,Virtual Account,True
PAY-00982-202606,SME-2024-00982,2026-06,2468905,2026-07-15,2026-06-15,30,Virtual Account,True
PAY-00983-202507,SME-2024-00983,2025-07,2130673,2025-07-18,2025-07-15,3,Virtual Account,False
PAY-00983-202508,SME-2024-00983,2025-08,2166553,2025-08-21,2025-08-15,6,Cash,False
PAY-00983-202509,SME-2024-00983,2025-09,2123422,2025-09-26,2025-09-15,11,Virtual Account,True
PAY-00983-202510,SME-2024-00983,2025-10,2214515,2025-10-23,2025-10-15,8,Bank Transfer,False
PAY-00983-202511,SME-2024-00983,2025-11,2172406,2025-11-23,2025-11-15,8,Bank Transfer,True
PAY-00983-202512,SME-2024-00983,2025-12,2200354,2025-12-31,2025-12-15,16,Bank Transfer,False
PAY-00983-202601,SME-2024-00983,2026-01,2131539,2026-02-01,2026-01-15,17,Virtual Account,False
PAY-00983-202602,SME-2024-00983,2026-02,4274116,2026-03-03,2026-02-15,16,Bank Transfer,False
PAY-00983-202603,SME-2024-00983,2026-03,4317675,2026-03-26,2026-03-15,11,Virtual Account,False
PAY-00983-202604,SME-2024-00983,2026-04,4202809,2026-05-06,2026-04-15,21,Cash,False
PAY-00983-202605,SME-2024-00983,2026-05,4146590,2026-06-08,2026-05-15,24,Auto-debit,True
PAY-00983-202606,SME-2024-00983,2026-06,4330851,2026-07-02,2026-06-15,17,Bank Transfer,True
PAY-00984-202507,SME-2024-00984,2025-07,1213922,2025-07-21,2025-07-15,6,Auto-debit,False
PAY-00984-202508,SME-2024-00984,2025-08,1184466,2025-08-20,2025-08-15,5,Virtual Account,False
PAY-00984-202509,SME-2024-00984,2025-09,1186872,2025-09-20,2025-09-15,5,Bank Transfer,False
PAY-00984-202510,SME-2024-00984,2025-10,1246972,2025-10-26,2025-10-15,11,Virtual Account,False
PAY-00984-202511,SME-2024-00984,2025-11,1189076,2025-11-28,2025-11-15,13,Cash,False
PAY-00984-202512,SME-2024-00984,2025-12,1232581,2025-12-27,2025-12-15,12,Virtual Account,True
PAY-00984-202601,SME-2024-00984,2026-01,1220774,2026-01-29,2026-01-15,14,Virtual Account,True
PAY-00984-202602,SME-2024-00984,2026-02,1188913,2026-03-02,2026-02-15,15,Virtual Account,True
PAY-00984-202603,SME-2024-00984,2026-03,1213574,2026-04-01,2026-03-15,17,Virtual Account,True
PAY-00984-202604,SME-2024-00984,2026-04,3629267,2026-05-02,2026-04-15,17,Virtual Account,True
PAY-00984-202605,SME-2024-00984,2026-05,3594871,2026-06-06,2026-05-15,22,Bank Transfer,True
PAY-00984-202606,SME-2024-00984,2026-06,3725814,2026-07-07,2026-06-15,22,Auto-debit,True
PAY-00985-202507,SME-2024-00985,2025-07,1480349,2025-07-19,2025-07-15,4,Auto-debit,True
PAY-00985-202508,SME-2024-00985,2025-08,1469505,2025-08-19,2025-08-15,4,Bank Transfer,True
PAY-00985-202509,SME-2024-00985,2025-09,1442985,2025-09-22,2025-09-15,7,Bank Transfer,False
PAY-00985-202510,SME-2024-00985,2025-10,1487633,2025-10-22,2025-10-15,7,Cash,False
PAY-00985-202511,SME-2024-00985,2025-11,1458337,2025-11-23,2025-11-15,8,Bank Transfer,True
PAY-00985-202512,SME-2024-00985,2025-12,1472432,2025-12-28,2025-12-15,13,Bank Transfer,False
PAY-00985-202601,SME-2024-00985,2026-01,1448833,2026-01-25,2026-01-15,10,Cash,True
PAY-00985-202602,SME-2024-00985,2026-02,1434019,2026-03-02,2026-02-15,15,Virtual Account,True
PAY-00985-202603,SME-2024-00985,2026-03,1427884,2026-03-28,2026-03-15,13,Auto-debit,False
PAY-00985-202604,SME-2024-00985,2026-04,1411725,2026-04-30,2026-04-15,15,Bank Transfer,True
PAY-00985-202605,SME-2024-00985,2026-05,1427078,2026-05-27,2026-05-15,12,Auto-debit,False
PAY-00985-202606,SME-2024-00985,2026-06,1421050,2026-07-07,2026-06-15,22,Auto-debit,False
PAY-00986-202507,SME-2024-00986,2025-07,2082338,2025-07-16,2025-07-15,1,Virtual Account,False
PAY-00986-202508,SME-2024-00986,2025-08,2139818,2025-08-24,2025-08-15,9,Auto-debit,False
PAY-00986-202509,SME-2024-00986,2025-09,2047350,2025-09-29,2025-09-15,14,Virtual Account,False
PAY-00986-202510,SME-2024-00986,2025-10,2091233,2025-10-24,2025-10-15,9,Cash,False
PAY-00986-202511,SME-2024-00986,2025-11,2054840,2025-11-25,2025-11-15,10,Bank Transfer,True
PAY-00986-202512,SME-2024-00986,2025-12,2083201,2026-01-01,2025-12-15,17,Bank Transfer,True
PAY-00986-202601,SME-2024-00986,2026-01,2142323,2026-02-02,2026-01-15,18,Bank Transfer,True
PAY-00986-202602,SME-2024-00986,2026-02,2117142,2026-03-04,2026-02-15,17,Auto-debit,True
PAY-00986-202603,SME-2024-00986,2026-03,2151238,2026-03-27,2026-03-15,12,Virtual Account,False
PAY-00986-202604,SME-2024-00986,2026-04,2048663,2026-04-28,2026-04-15,13,Bank Transfer,False
PAY-00986-202605,SME-2024-00986,2026-05,2068689,2026-06-06,2026-05-15,22,Virtual Account,True
PAY-00986-202606,SME-2024-00986,2026-06,7393223,2026-07-05,2026-06-15,20,Bank Transfer,True
PAY-00987-202509,SME-2024-00987,2025-09,688794,2025-09-25,2025-09-15,10,Virtual Account,False
PAY-00987-202510,SME-2024-00987,2025-10,703632,2025-10-25,2025-10-15,10,Bank Transfer,False
PAY-00987-202511,SME-2024-00987,2025-11,688505,2025-11-26,2025-11-15,11,Virtual Account,False
PAY-00987-202512,SME-2024-00987,2025-12,692738,2025-12-31,2025-12-15,16,Bank Transfer,False
PAY-00987-202601,SME-2024-00987,2026-01,716411,2026-01-28,2026-01-15,13,Auto-debit,True
PAY-00987-202602,SME-2024-00987,2026-02,699989,2026-02-25,2026-02-15,10,Auto-debit,True
PAY-00987-202603,SME-2024-00987,2026-03,701006,2026-03-31,2026-03-15,16,Auto-debit,False
PAY-00987-202604,SME-2024-00987,2026-04,687994,2026-04-28,2026-04-15,13,Virtual Account,False
PAY-00987-202605,SME-2024-00987,2026-05,710359,2026-05-31,2026-05-15,16,Virtual Account,True
PAY-00987-202606,SME-2024-00987,2026-06,691635,2026-07-07,2026-06-15,22,Virtual Account,True
PAY-00988-202507,SME-2024-00988,2025-07,2042416,2025-07-24,2025-07-15,9,Bank Transfer,True
PAY-00988-202508,SME-2024-00988,2025-08,2044014,2025-08-21,2025-08-15,6,Auto-debit,True
PAY-00988-202509,SME-2024-00988,2025-09,2086266,2025-09-23,2025-09-15,8,Cash,True
PAY-00988-202510,SME-2024-00988,2025-10,2036780,2025-10-20,2025-10-15,5,Cash,False
PAY-00988-202511,SME-2024-00988,2025-11,2022249,2025-11-28,2025-11-15,13,Virtual Account,True
PAY-00988-202512,SME-2024-00988,2025-12,2061101,2025-12-27,2025-12-15,12,Auto-debit,False
PAY-00988-202601,SME-2024-00988,2026-01,2003350,2026-01-30,2026-01-15,15,Cash,True
PAY-00988-202602,SME-2024-00988,2026-02,1994424,2026-02-23,2026-02-15,8,Virtual Account,False
PAY-00988-202603,SME-2024-00988,2026-03,1990990,2026-03-26,2026-03-15,11,Virtual Account,True
PAY-00988-202604,SME-2024-00988,2026-04,1998977,2026-05-05,2026-04-15,20,Virtual Account,True
PAY-00988-202605,SME-2024-00988,2026-05,1980878,2026-06-12,2026-05-15,28,Virtual Account,True
PAY-00988-202606,SME-2024-00988,2026-06,2064210,2026-07-01,2026-06-15,16,Auto-debit,True
PAY-00989-202509,SME-2024-00989,2025-09,2634387,2025-09-23,2025-09-15,8,Virtual Account,True
PAY-00989-202510,SME-2024-00989,2025-10,2739438,2025-10-25,2025-10-15,10,Bank Transfer,False
PAY-00989-202511,SME-2024-00989,2025-11,2782163,2025-11-19,2025-11-15,4,Virtual Account,True
PAY-00989-202512,SME-2024-00989,2025-12,2774126,2025-12-21,2025-12-15,6,Bank Transfer,False
PAY-00989-202601,SME-2024-00989,2026-01,2684296,2026-01-24,2026-01-15,9,Bank Transfer,False
PAY-00989-202602,SME-2024-00989,2026-02,2665282,2026-02-23,2026-02-15,8,Virtual Account,True
PAY-00989-202603,SME-2024-00989,2026-03,2766093,2026-03-30,2026-03-15,15,Bank Transfer,False
PAY-00989-202604,SME-2024-00989,2026-04,2698235,2026-04-27,2026-04-15,12,Bank Transfer,True
PAY-00989-202605,SME-2024-00989,2026-05,2640486,2026-05-23,2026-05-15,8,Virtual Account,False
PAY-00989-202606,SME-2024-00989,2026-06,2698713,2026-07-02,2026-06-15,17,Virtual Account,True
PAY-00991-202507,SME-2024-00991,2025-07,4842307,2025-07-19,2025-07-15,4,Bank Transfer,True
PAY-00991-202508,SME-2024-00991,2025-08,4837129,2025-08-22,2025-08-15,7,Virtual Account,False
PAY-00991-202509,SME-2024-00991,2025-09,4899126,2025-09-24,2025-09-15,9,Cash,False
PAY-00991-202510,SME-2024-00991,2025-10,4854975,2025-10-29,2025-10-15,14,Virtual Account,True
PAY-00991-202511,SME-2024-00991,2025-11,4737973,2025-11-28,2025-11-15,13,Bank Transfer,False
PAY-00991-202512,SME-2024-00991,2025-12,4675344,2025-12-23,2025-12-15,8,Cash,False
PAY-00991-202601,SME-2024-00991,2026-01,4786884,2026-01-25,2026-01-15,10,Bank Transfer,False
PAY-00991-202602,SME-2024-00991,2026-02,4854236,2026-02-26,2026-02-15,11,Bank Transfer,True
PAY-00991-202603,SME-2024-00991,2026-03,4691870,2026-03-28,2026-03-15,13,Bank Transfer,True
PAY-00991-202604,SME-2024-00991,2026-04,4712740,2026-04-30,2026-04-15,15,Virtual Account,False
PAY-00991-202605,SME-2024-00991,2026-05,4754554,2026-06-05,2026-05-15,21,Bank Transfer,True
PAY-00991-202606,SME-2024-00991,2026-06,4701962,2026-06-29,2026-06-15,14,Bank Transfer,True
PAY-00992-202507,SME-2024-00992,2025-07,6089335,2025-07-20,2025-07-15,5,Bank Transfer,False
PAY-00992-202508,SME-2024-00992,2025-08,6168431,2025-08-19,2025-08-15,4,Bank Transfer,False
PAY-00992-202509,SME-2024-00992,2025-09,6300692,2025-09-25,2025-09-15,10,Auto-debit,False
PAY-00992-202510,SME-2024-00992,2025-10,6350291,2025-10-21,2025-10-15,6,Bank Transfer,False
PAY-00992-202511,SME-2024-00992,2025-11,6426870,2025-11-29,2025-11-15,14,Auto-debit,True
PAY-00992-202512,SME-2024-00992,2025-12,6430398,2025-12-24,2025-12-15,9,Virtual Account,True
PAY-00992-202601,SME-2024-00992,2026-01,6138995,2026-02-04,2026-01-15,20,Cash,True
PAY-00992-202602,SME-2024-00992,2026-02,6094296,2026-02-27,2026-02-15,12,Virtual Account,False
PAY-00992-202603,SME-2024-00992,2026-03,6156738,2026-04-04,2026-03-15,20,Virtual Account,True
PAY-00992-202604,SME-2024-00992,2026-04,6202219,2026-04-28,2026-04-15,13,Bank Transfer,True
PAY-00992-202605,SME-2024-00992,2026-05,6435650,2026-06-07,2026-05-15,23,Bank Transfer,True
PAY-00992-202606,SME-2024-00992,2026-06,6401178,2026-07-06,2026-06-15,21,Auto-debit,True
PAY-00994-202509,SME-2024-00994,2025-09,3282094,2025-09-23,2025-09-15,8,Bank Transfer,False
PAY-00994-202510,SME-2024-00994,2025-10,3126617,2025-10-28,2025-10-15,13,Bank Transfer,False
PAY-00994-202511,SME-2024-00994,2025-11,3274670,2025-11-19,2025-11-15,4,Bank Transfer,True
PAY-00994-202512,SME-2024-00994,2025-12,3145510,2025-12-28,2025-12-15,13,Bank Transfer,True
PAY-00994-202601,SME-2024-00994,2026-01,3149264,2026-01-22,2026-01-15,7,Virtual Account,True
PAY-00994-202602,SME-2024-00994,2026-02,3303341,2026-02-24,2026-02-15,9,Virtual Account,False
PAY-00994-202603,SME-2024-00994,2026-03,3258434,2026-04-02,2026-03-15,18,Virtual Account,True
PAY-00994-202604,SME-2024-00994,2026-04,3221934,2026-04-22,2026-04-15,7,Bank Transfer,True
PAY-00994-202605,SME-2024-00994,2026-05,3204553,2026-05-28,2026-05-15,13,Bank Transfer,False
PAY-00994-202606,SME-2024-00994,2026-06,3238162,2026-07-05,2026-06-15,20,Auto-debit,True
PAY-00995-202601,SME-2024-00995,2026-01,2136324,2026-01-20,2026-01-15,5,Cash,False
PAY-00995-202602,SME-2024-00995,2026-02,2060709,2026-02-23,2026-02-15,8,Auto-debit,False
PAY-00995-202603,SME-2024-00995,2026-03,2116070,2026-03-23,2026-03-15,8,Bank Transfer,True
PAY-00995-202604,SME-2024-00995,2026-04,2118833,2026-04-22,2026-04-15,7,Virtual Account,False
PAY-00995-202605,SME-2024-00995,2026-05,2127922,2026-05-26,2026-05-15,11,Virtual Account,False
PAY-00995-202606,SME-2024-00995,2026-06,2127348,2026-06-29,2026-06-15,14,Virtual Account,True
PAY-00996-202507,SME-2024-00996,2025-07,7350303,2025-07-22,2025-07-15,7,Auto-debit,False
PAY-00996-202508,SME-2024-00996,2025-08,7556761,2025-08-23,2025-08-15,8,Virtual Account,False
PAY-00996-202509,SME-2024-00996,2025-09,7448753,2025-09-23,2025-09-15,8,Virtual Account,True
PAY-00996-202510,SME-2024-00996,2025-10,7630948,2025-10-24,2025-10-15,9,Bank Transfer,False
PAY-00996-202511,SME-2024-00996,2025-11,7417608,2025-11-27,2025-11-15,12,Virtual Account,True
PAY-00996-202512,SME-2024-00996,2025-12,7447630,2025-12-25,2025-12-15,10,Bank Transfer,True
PAY-00996-202601,SME-2024-00996,2026-01,7499987,2026-01-22,2026-01-15,7,Virtual Account,True
PAY-00996-202602,SME-2024-00996,2026-02,7354348,2026-03-04,2026-02-15,17,Auto-debit,True
PAY-00996-202603,SME-2024-00996,2026-03,7655593,2026-04-06,2026-03-15,22,Bank Transfer,True
PAY-00996-202604,SME-2024-00996,2026-04,7366569,2026-05-07,2026-04-15,22,Virtual Account,True
PAY-00996-202605,SME-2024-00996,2026-05,7492794,2026-06-05,2026-05-15,21,Bank Transfer,False
PAY-00996-202606,SME-2024-00996,2026-06,7598358,2026-07-11,2026-06-15,26,Virtual Account,True
PAY-00997-202507,SME-2024-00997,2025-07,2262333,2025-07-20,2025-07-15,5,Virtual Account,False
PAY-00997-202508,SME-2024-00997,2025-08,2257412,2025-08-23,2025-08-15,8,Cash,True
PAY-00997-202509,SME-2024-00997,2025-09,2254579,2025-09-27,2025-09-15,12,Bank Transfer,True
PAY-00997-202510,SME-2024-00997,2025-10,2174082,2025-10-23,2025-10-15,8,Auto-debit,False
PAY-00997-202511,SME-2024-00997,2025-11,2187275,2025-11-24,2025-11-15,9,Virtual Account,True
PAY-00997-202512,SME-2024-00997,2025-12,2164709,2025-12-26,2025-12-15,11,Virtual Account,True
PAY-00997-202601,SME-2024-00997,2026-01,2144561,2026-01-27,2026-01-15,12,Bank Transfer,False
PAY-00997-202602,SME-2024-00997,2026-02,2267765,2026-02-28,2026-02-15,13,Bank Transfer,True
PAY-00997-202603,SME-2024-00997,2026-03,2199865,2026-03-26,2026-03-15,11,Virtual Account,True
PAY-00997-202604,SME-2024-00997,2026-04,2243700,2026-05-06,2026-04-15,21,Bank Transfer,True
PAY-00997-202605,SME-2024-00997,2026-05,2165729,2026-06-12,2026-05-15,28,Cash,True
PAY-00997-202606,SME-2024-00997,2026-06,2169286,2026-07-01,2026-06-15,16,Cash,True
PAY-00998-202604,SME-2024-00998,2026-04,1893746,2026-05-01,2026-04-15,16,Bank Transfer,True
PAY-00998-202605,SME-2024-00998,2026-05,1841241,2026-06-10,2026-05-15,26,Virtual Account,True
PAY-00998-202606,SME-2024-00998,2026-06,1876116,2026-07-03,2026-06-15,18,Bank Transfer,True
PAY-00999-202507,SME-2024-00999,2025-07,3675875,2025-07-22,2025-07-15,7,Virtual Account,False
PAY-00999-202508,SME-2024-00999,2025-08,3719976,2025-08-20,2025-08-15,5,Bank Transfer,False
PAY-00999-202509,SME-2024-00999,2025-09,3717315,2025-09-18,2025-09-15,3,Bank Transfer,False
PAY-00999-202510,SME-2024-00999,2025-10,3657217,2025-10-22,2025-10-15,7,Virtual Account,False
PAY-00999-202511,SME-2024-00999,2025-11,3802503,2025-11-24,2025-11-15,9,Bank Transfer,True
PAY-00999-202512,SME-2024-00999,2025-12,3715939,2025-12-21,2025-12-15,6,Virtual Account,True
PAY-00999-202601,SME-2024-00999,2026-01,7526755,2026-01-28,2026-01-15,13,Virtual Account,True
PAY-00999-202602,SME-2024-00999,2026-02,7574178,2026-03-08,2026-02-15,21,Virtual Account,True
PAY-00999-202603,SME-2024-00999,2026-03,7885145,2026-03-26,2026-03-15,11,Virtual Account,True
PAY-00999-202604,SME-2024-00999,2026-04,7860245,2026-05-06,2026-04-15,21,Auto-debit,False
PAY-00999-202605,SME-2024-00999,2026-05,7775243,2026-05-26,2026-05-15,11,Bank Transfer,True
PAY-00999-202606,SME-2024-00999,2026-06,7822558,2026-07-13,2026-06-15,28,Auto-debit,False
PAY-01000-202510,SME-2024-01000,2025-10,969030,2025-10-19,2025-10-15,4,Bank Transfer,False
PAY-01000-202511,SME-2024-01000,2025-11,974042,2025-11-24,2025-11-15,9,Virtual Account,False
PAY-01000-202512,SME-2024-01000,2025-12,1002492,2025-12-31,2025-12-15,16,Virtual Account,False
PAY-01000-202601,SME-2024-01000,2026-01,1013892,2026-01-28,2026-01-15,13,Bank Transfer,False
PAY-01000-202602,SME-2024-01000,2026-02,987619,2026-02-27,2026-02-15,12,Virtual Account,False
PAY-01000-202603,SME-2024-01000,2026-03,969584,2026-04-02,2026-03-15,18,Bank Transfer,True
PAY-01000-202604,SME-2024-01000,2026-04,996716,2026-04-23,2026-04-15,8,Bank Transfer,True
PAY-01000-202605,SME-2024-01000,2026-05,996280,2026-06-01,2026-05-15,17,Cash,False
PAY-01000-202606,SME-2024-01000,2026-06,999701,2026-07-02,2026-06-15,17,Bank Transfer,True
