customer_id,company_name,business_sector,company_scale,establishment_year,region,employee_count,registration_date,current_status,segment
SME-2024-00001,CV Sentosa Sinergi,Konstruksi,Kecil,2020,Bandar Lampung,12,2020-12-16,Aktif,Pelanggan Tetap
SME-2024-00002,Warung Mitra Mulia Sentosa,Kuliner & F&B,Mikro,2015,Bandar Lampung,4,2023-12-18,Aktif,Pelanggan Tetap
SME-2024-00003,Toko Bintang Solusi Mandiri,Pertanian & Agribisnis,Mikro,2020,Denpasar,2,2023-08-15,Aktif,Pelanggan Tetap
SME-2024-00004,Kios Sriwijaya Makmur Lestari,Pertanian & Agribisnis,Mikro,2012,Surabaya,5,2023-04-01,Aktif,Pelanggan Tetap
SME-2024-00005,CV Mega Network Abadi,Media & Kreatif,Kecil,2018,Semarang,9,2021-04-08,Aktif,Pelanggan Tetap
SME-2024-00006,Warung Bintang Sakti,Pertanian & Agribisnis,Mikro,2012,Malang,1,2024-06-15,Aktif,Pelanggan Tetap
SME-2024-00007,Toko Jaya Bahagia Pratama,Kuliner & F&B,Mikro,2015,Semarang,2,2020-11-28,Aktif,Pelanggan Tetap
SME-2024-00008,CV Mandiri Digital,Media & Kreatif,Menengah,2017,Denpasar,81,2020-12-13,Aktif,Pelanggan Tetap
SME-2024-00009,Kios Permata Utama Lestari,Media & Kreatif,Mikro,2022,Yogyakarta,1,2024-11-03,Aktif,Pelanggan Tetap
SME-2024-00010,PT Bintang Sakti,Kuliner & F&B,Besar,2020,Jakarta,180,2020-11-06,Aktif,Pelanggan Tetap
SME-2024-00011,Toko Abadi Bahagia,Pendidikan & Training,Kecil,2019,Jakarta,16,2024-11-27,Aktif,Pelanggan Tetap
SME-2024-00012,CV Citra Data,Kuliner & F&B,Menengah,2016,Malang,56,2020-08-23,Aktif,Pelanggan Tetap
SME-2024-00013,Toko Berkah Persada Mandiri,Kuliner & F&B,Kecil,2014,Medan,7,2020-12-13,Aktif,Pelanggan Tetap
SME-2024-00014,PT Mega Indah Mandiri,Manufaktur,Menengah,2018,Palembang,34,2024-06-14,Aktif,Pelanggan Tetap
SME-2024-00015,Warung Sentosa Solusi Pratama,Pertanian & Agribisnis,Mikro,2022,Tangerang,4,2024-10-03,Aktif,Pelanggan Tetap
SME-2024-00016,PT Duta Cemerlang Lestari,Transportasi & Logistik,Menengah,2013,Palembang,51,2023-08-01,Aktif,Pelanggan Tetap
SME-2024-00017,UD Bumi Optima Sentosa,Pendidikan & Training,Kecil,2018,Medan,10,2022-03-31,Aktif,Pelanggan Tetap
SME-2024-00018,UD Surya Indah Sentosa,Pertanian & Agribisnis,Kecil,2010,Malang,13,2021-02-28,Aktif,Pelanggan Tetap
SME-2024-00019,CV Karya Makmur,Properti & Real Estate,Kecil,2015,Semarang,15,2020-12-19,Aktif,Pelanggan Tetap
SME-2024-00020,Toko Bumi Mulia,Kesehatan,Kecil,2020,Jakarta,20,2021-03-11,Aktif,Pelanggan Tetap
SME-2024-00021,CV Tirta Andalan Pratama,Properti & Real Estate,Kecil,2023,Semarang,6,2020-01-03,Aktif,Pelanggan Tetap
SME-2024-00022,CV Tirta Teknologi Abadi,Kesehatan,Kecil,2021,Jakarta,11,2020-08-31,Aktif,Pelanggan Tetap
SME-2024-00023,Warung Mitra Mulia Abadi,Teknologi Informasi,Mikro,2015,Jakarta,4,2021-01-28,Aktif,Pelanggan Tetap
SME-2024-00024,UD Jaya Pratama Pratama,Kuliner & F&B,Mikro,2011,Makassar,3,2024-06-23,Aktif,Pelanggan Tetap
SME-2024-00025,CV Jaya Data Lestari,Teknologi Informasi,Menengah,2012,Batam,78,2023-03-19,Aktif,Pelanggan Tetap
SME-2024-00026,Warung Garuda Andalan,Manufaktur,Mikro,2013,Surabaya,1,2023-09-06,Aktif,Pelanggan Tetap
SME-2024-00027,CV Surya Network,Transportasi & Logistik,Kecil,2023,Bandung,7,2021-05-26,Aktif,Pelanggan Tetap
SME-2024-00028,Kios Tirta Teknologi Jaya,Manufaktur,Mikro,2023,Batam,5,2020-06-06,Aktif,Pelanggan Tetap
SME-2024-00029,PT Karya Makmur Mandiri,Konstruksi,Menengah,2012,Palembang,43,2023-11-30,Aktif,Pelanggan Tetap
SME-2024-00030,Toko Tirta Sakti Pratama,Teknologi Informasi,Kecil,2015,Bandar Lampung,8,2024-09-25,Aktif,Pelanggan Tetap
SME-2024-00031,CV Bukit Digital Abadi,Properti & Real Estate,Kecil,2011,Surabaya,7,2022-10-08,Aktif,Pelanggan Tetap
SME-2024-00032,CV Mandiri Persada Sentosa,Properti & Real Estate,Kecil,2014,Semarang,8,2022-10-14,Aktif,Pelanggan Tetap
SME-2024-00033,Toko Tirta Persada Pratama,Kuliner & F&B,Kecil,2020,Palembang,11,2023-09-25,Aktif,Pelanggan Tetap
SME-2024-00034,UD Garuda Sakti Mandiri,Perdagangan Eceran,Mikro,2020,Medan,5,2024-05-26,Aktif,Pelanggan Tetap
SME-2024-00035,CV Sumber Sinergi Pratama,Pertanian & Agribisnis,Kecil,2012,Jakarta,5,2021-09-09,Aktif,Pelanggan Tetap
SME-2024-00036,Toko Mega Lestari Mandiri,Pertanian & Agribisnis,Mikro,2021,Malang,5,2020-03-05,Aktif,Pelanggan Tetap
SME-2024-00037,PT Berkah Persada Pratama,Teknologi Informasi,Menengah,2022,Yogyakarta,51,2022-05-02,Aktif,Pelanggan Tetap
SME-2024-00038,PT Bumi Makmur Sentosa,Pendidikan & Training,Menengah,2017,Bandung,51,2023-04-22,Aktif,Pelanggan Tetap
SME-2024-00039,Toko Bumi Teknologi Abadi,Transportasi & Logistik,Kecil,2010,Bandung,5,2021-12-06,Aktif,Pelanggan Tetap
SME-2024-00040,UD Bumi Makmur Abadi,Perdagangan Eceran,Mikro,2018,Palembang,5,2023-11-26,Aktif,Pelanggan Tetap
SME-2024-00041,Kios Permata Andalan Jaya,Transportasi & Logistik,Mikro,2017,Batam,4,2023-08-14,Aktif,Pelanggan Tetap
SME-2024-00042,CV Garuda Solusi Pratama,Pertanian & Agribisnis,Menengah,2019,Bandung,34,2022-09-22,Aktif,Pelanggan Tetap
SME-2024-00043,CV Nusantara Mulia Pratama,Pertanian & Agribisnis,Kecil,2014,Yogyakarta,8,2021-12-07,Aktif,Pelanggan Tetap
SME-2024-00044,PT Nusantara Andalan Lestari,Jasa Keuangan,Menengah,2011,Surabaya,49,2023-04-12,Aktif,Pelanggan Tetap
SME-2024-00045,Kios Abadi Utama Pratama,Kuliner & F&B,Mikro,2014,Surabaya,2,2020-06-17,Aktif,Pelanggan Tetap
SME-2024-00046,CV Nusantara Optima Lestari,Media & Kreatif,Menengah,2010,Medan,80,2021-06-21,Aktif,Pelanggan Tetap
SME-2024-00047,CV Berkah Mulia Abadi,Kesehatan,Kecil,2012,Medan,10,2022-04-16,Aktif,Pelanggan Tetap
SME-2024-00048,Warung Tirta Digital Sentosa,Pertanian & Agribisnis,Mikro,2013,Yogyakarta,4,2023-10-12,Aktif,Pelanggan Tetap
SME-2024-00049,Warung Mandiri Persada Sentosa,Manufaktur,Mikro,2023,Yogyakarta,2,2024-01-16,Aktif,Pelanggan Tetap
SME-2024-00050,UD Sriwijaya Bahagia Abadi,Kesehatan,Kecil,2012,Semarang,20,2023-10-23,Aktif,Pelanggan Tetap
SME-2024-00051,CV Sumber Data,Kesehatan,Menengah,2011,Tangerang,51,2023-08-29,Aktif,Pelanggan Tetap
SME-2024-00052,CV Berkah Persada Jaya,Kuliner & F&B,Menengah,2022,Malang,62,2023-02-16,Aktif,Pelanggan Tetap
SME-2024-00053,PT Nusantara Bahagia Mandiri,Pendidikan & Training,Menengah,2021,Jakarta,32,2024-03-28,Aktif,Pelanggan Tetap
SME-2024-00054,Warung Bukit Makmur,Media & Kreatif,Mikro,2010,Tangerang,5,2024-10-09,Aktif,Pelanggan Tetap
SME-2024-00055,PT Karya Indah Pratama,Manufaktur,Menengah,2019,Bandung,94,2020-11-04,Aktif,Pelanggan Tetap
SME-2024-00056,PT Mandiri Bahagia Lestari,Jasa Keuangan,Menengah,2018,Batam,83,2022-07-02,Aktif,Pelanggan Tetap
SME-2024-00057,UD Tirta Indah,Pendidikan & Training,Kecil,2023,Semarang,9,2020-03-14,Aktif,Pelanggan Tetap
SME-2024-00058,Warung Berkah Utama Sentosa,Transportasi & Logistik,Mikro,2010,Tangerang,4,2024-11-06,Aktif,Pelanggan Tetap
SME-2024-00059,PT Garuda Solusi Pratama,Perdagangan Eceran,Menengah,2021,Tangerang,38,2023-10-20,Aktif,Pelanggan Tetap
SME-2024-00060,Toko Sriwijaya Sinergi Abadi,Transportasi & Logistik,Mikro,2014,Malang,3,2022-01-10,Aktif,Pelanggan Tetap
SME-2024-00061,CV Mandiri Data Jaya,Jasa Keuangan,Kecil,2016,Makassar,9,2024-09-20,Aktif,Pelanggan Tetap
SME-2024-00062,CV Berkah Cemerlang Mandiri,Transportasi & Logistik,Kecil,2011,Denpasar,16,2022-12-18,Aktif,Pelanggan Tetap
SME-2024-00063,CV Jaya Indah Sentosa,Manufaktur,Kecil,2022,Malang,14,2021-10-03,Aktif,Pelanggan Tetap
SME-2024-00064,UD Abadi Pratama Sentosa,Konstruksi,Kecil,2012,Denpasar,20,2020-06-10,Aktif,Pelanggan Tetap
SME-2024-00065,PT Sentosa Optima Pratama,Perdagangan Eceran,Menengah,2013,Semarang,50,2022-01-09,Aktif,Pelanggan Tetap
SME-2024-00066,Toko Bumi Sinergi,Pertanian & Agribisnis,Kecil,2023,Medan,17,2020-12-24,Aktif,Pelanggan Tetap
SME-2024-00067,Kios Nusantara Utama,Pertanian & Agribisnis,Mikro,2010,Denpasar,5,2023-12-17,Aktif,Pelanggan Tetap
SME-2024-00068,UD Citra Lestari Lestari,Properti & Real Estate,Mikro,2015,Malang,4,2024-11-10,Aktif,Pelanggan Tetap
SME-2024-00069,PT Surya Pratama Pratama,Kesehatan,Besar,2012,Medan,119,2020-05-30,Aktif,Pelanggan Tetap
SME-2024-00070,Toko Duta Persada Lestari,Properti & Real Estate,Mikro,2015,Jakarta,1,2021-07-04,Aktif,Pelanggan Tetap
SME-2024-00071,CV Bintang Sakti Abadi,Manufaktur,Menengah,2021,Bandar Lampung,27,2023-03-03,Aktif,Pelanggan Tetap
SME-2024-00072,CV Karya Sejahtera Mandiri,Media & Kreatif,Kecil,2015,Malang,5,2022-05-24,Aktif,Pelanggan Tetap
SME-2024-00073,UD Sumber Optima Sentosa,Kesehatan,Mikro,2012,Semarang,2,2021-07-10,Aktif,Pelanggan Tetap
SME-2024-00074,UD Bumi Network Mandiri,Kesehatan,Kecil,2022,Batam,11,2022-03-15,Aktif,Pelanggan Tetap
SME-2024-00075,UD Duta Solusi Mandiri,Perdagangan Eceran,Kecil,2014,Jakarta,19,2021-06-11,Aktif,Pelanggan Tetap
SME-2024-00076,CV Permata Persada Abadi,Konstruksi,Kecil,2018,Makassar,19,2021-12-11,Aktif,Pelanggan Tetap
SME-2024-00077,Kios Tirta Pratama,Transportasi & Logistik,Mikro,2014,Medan,5,2022-11-28,Aktif,Pelanggan Tetap
SME-2024-00078,UD Bumi Sinergi Jaya,Kesehatan,Kecil,2014,Yogyakarta,13,2022-01-01,Aktif,Pelanggan Tetap
SME-2024-00079,UD Mandiri Persada Jaya,Pendidikan & Training,Mikro,2017,Tangerang,2,2020-01-10,Aktif,Pelanggan Tetap
SME-2024-00080,UD Mitra Makmur Mandiri,Kuliner & F&B,Kecil,2011,Palembang,5,2024-04-14,Aktif,Pelanggan Tetap
SME-2024-00081,CV Tirta Data,Kesehatan,Kecil,2016,Makassar,9,2021-08-25,Aktif,Pelanggan Tetap
SME-2024-00082,Toko Sentosa Lestari Pratama,Media & Kreatif,Kecil,2011,Makassar,6,2022-10-24,Aktif,Pelanggan Tetap
SME-2024-00083,Toko Mitra Andalan Jaya,Konstruksi,Kecil,2015,Surabaya,12,2020-11-24,Aktif,Pelanggan Tetap
SME-2024-00084,PT Tirta Pratama Lestari,Transportasi & Logistik,Menengah,2013,Denpasar,75,2024-08-22,Aktif,Pelanggan Tetap
SME-2024-00085,CV Abadi Teknologi Sentosa,Teknologi Informasi,Menengah,2014,Malang,96,2020-12-25,Aktif,Pelanggan Tetap
SME-2024-00086,Warung Duta Data,Konstruksi,Mikro,2020,Makassar,4,2021-03-11,Aktif,Pelanggan Tetap
SME-2024-00087,Warung Berkah Network Lestari,Kuliner & F&B,Mikro,2019,Batam,3,2022-01-28,Aktif,Pelanggan Tetap
SME-2024-00088,CV Jaya Persada Lestari,Media & Kreatif,Menengah,2018,Malang,65,2023-08-02,Aktif,Pelanggan Tetap
SME-2024-00089,Toko Karya Konektifitas Jaya,Manufaktur,Kecil,2015,Tangerang,12,2024-05-13,Aktif,Pelanggan Tetap
SME-2024-00090,CV Citra Sakti Jaya,Teknologi Informasi,Menengah,2012,Denpasar,71,2021-07-10,Aktif,Pelanggan Tetap
SME-2024-00091,Toko Mega Teknologi Lestari,Kuliner & F&B,Mikro,2019,Medan,3,2023-07-31,Aktif,Pelanggan Tetap
SME-2024-00092,Warung Mega Cemerlang,Transportasi & Logistik,Mikro,2021,Surabaya,2,2021-06-19,Aktif,Pelanggan Tetap
SME-2024-00093,Toko Abadi Bahagia,Pendidikan & Training,Kecil,2018,Batam,11,2021-06-20,Aktif,Pelanggan Tetap
SME-2024-00094,UD Permata Andalan Jaya,Pertanian & Agribisnis,Mikro,2013,Batam,3,2021-02-19,Aktif,Pelanggan Tetap
SME-2024-00095,Toko Mitra Konektifitas Jaya,Media & Kreatif,Kecil,2021,Semarang,14,2023-05-23,Aktif,Pelanggan Tetap
SME-2024-00096,Toko Mitra Optima Sentosa,Perdagangan Eceran,Mikro,2014,Semarang,1,2021-03-08,Aktif,Pelanggan Tetap
SME-2024-00097,Toko Sumber Sejahtera Sentosa,Kesehatan,Mikro,2020,Medan,1,2020-12-29,Aktif,Pelanggan Tetap
SME-2024-00098,UD Mandiri Lestari Abadi,Pendidikan & Training,Mikro,2013,Bandar Lampung,3,2020-03-18,Aktif,Pelanggan Tetap
SME-2024-00099,PT Jaya Sinergi Sentosa,Perdagangan Eceran,Menengah,2018,Medan,98,2024-06-27,Aktif,Pelanggan Tetap
SME-2024-00100,CV Bintang Pratama Sentosa,Manufaktur,Kecil,2019,Surabaya,8,2021-11-22,Aktif,Pelanggan Tetap
SME-2024-00101,CV Bintang Konektifitas Jaya,Teknologi Informasi,Kecil,2019,Semarang,20,2023-03-25,Aktif,Pelanggan Tetap
SME-2024-00102,UD Surya Makmur Jaya,Konstruksi,Mikro,2015,Semarang,2,2023-02-17,Aktif,Pelanggan Tetap
SME-2024-00103,UD Permata Sakti Abadi,Manufaktur,Kecil,2013,Malang,19,2024-02-21,Aktif,Pelanggan Tetap
SME-2024-00104,Toko Duta Lestari,Teknologi Informasi,Kecil,2012,Batam,19,2020-07-22,Aktif,Pelanggan Tetap
SME-2024-00105,CV Mega Cemerlang Jaya,Pertanian & Agribisnis,Menengah,2011,Malang,54,2023-05-30,Aktif,Pelanggan Tetap
SME-2024-00106,CV Nusantara Cemerlang Jaya,Perdagangan Eceran,Menengah,2014,Malang,79,2024-04-12,Aktif,Pelanggan Tetap
SME-2024-00107,UD Garuda Digital Abadi,Kesehatan,Mikro,2023,Yogyakarta,1,2024-08-28,Aktif,Pelanggan Tetap
SME-2024-00108,CV Nusantara Indah Sentosa,Properti & Real Estate,Menengah,2012,Bandung,57,2020-06-21,Aktif,Pelanggan Tetap
SME-2024-00109,CV Citra Konektifitas,Teknologi Informasi,Kecil,2011,Batam,12,2022-10-09,Aktif,Pelanggan Tetap
SME-2024-00110,Toko Jaya Makmur,Transportasi & Logistik,Mikro,2012,Surabaya,4,2023-07-03,Aktif,Pelanggan Tetap
SME-2024-00111,CV Sentosa Sejahtera Lestari,Teknologi Informasi,Menengah,2015,Semarang,46,2021-01-03,Aktif,Pelanggan Tetap
SME-2024-00112,UD Bumi Pratama Mandiri,Jasa Keuangan,Kecil,2019,Medan,10,2022-08-26,Aktif,Pelanggan Tetap
SME-2024-00113,CV Sriwijaya Konektifitas Lestari,Jasa Keuangan,Menengah,2017,Tangerang,48,2021-07-02,Aktif,Pelanggan Tetap
SME-2024-00114,Toko Garuda Sinergi Pratama,Pertanian & Agribisnis,Mikro,2013,Tangerang,3,2022-11-05,Aktif,Pelanggan Tetap
SME-2024-00115,UD Bumi Sakti Sentosa,Jasa Keuangan,Kecil,2015,Makassar,11,2023-01-26,Aktif,Pelanggan Tetap
SME-2024-00116,UD Permata Sakti Sentosa,Konstruksi,Kecil,2011,Malang,5,2022-04-28,Aktif,Pelanggan Tetap
SME-2024-00117,Kios Bintang Sejahtera Pratama,Pertanian & Agribisnis,Mikro,2014,Makassar,5,2022-08-03,Aktif,Pelanggan Tetap
SME-2024-00118,Toko Karya Sinergi Lestari,Manufaktur,Kecil,2023,Jakarta,13,2021-05-28,Aktif,Pelanggan Tetap
SME-2024-00119,CV Abadi Digital Pratama,Transportasi & Logistik,Menengah,2015,Jakarta,76,2022-04-30,Aktif,Pelanggan Tetap
SME-2024-00120,Warung Nusantara Konektifitas Lestari,Perdagangan Eceran,Mikro,2018,Palembang,1,2021-05-15,Aktif,Pelanggan Tetap
SME-2024-00121,Toko Karya Makmur,Properti & Real Estate,Mikro,2013,Yogyakarta,2,2023-07-20,Aktif,Pelanggan Tetap
SME-2024-00122,CV Mitra Solusi Mandiri,Media & Kreatif,Menengah,2020,Palembang,70,2022-08-15,Aktif,Pelanggan Tetap
SME-2024-00123,Kios Jaya Persada Jaya,Properti & Real Estate,Mikro,2022,Palembang,3,2024-11-05,Aktif,Pelanggan Tetap
SME-2024-00124,CV Tirta Indah Jaya,Pertanian & Agribisnis,Kecil,2013,Bandung,5,2021-03-24,Aktif,Pelanggan Tetap
SME-2024-00125,Toko Nusantara Solusi,Perdagangan Eceran,Kecil,2010,Malang,17,2020-03-14,Aktif,Pelanggan Tetap
SME-2024-00126,Toko Tirta Optima Lestari,Pendidikan & Training,Kecil,2023,Makassar,12,2021-10-27,Aktif,Pelanggan Tetap
SME-2024-00127,Toko Bukit Teknologi Sentosa,Teknologi Informasi,Kecil,2021,Surabaya,6,2021-11-27,Aktif,Pelanggan Tetap
SME-2024-00128,CV Nusantara Indah Mandiri,Pendidikan & Training,Kecil,2019,Semarang,7,2020-12-17,Aktif,Pelanggan Tetap
SME-2024-00129,Toko Bukit Indah Lestari,Pertanian & Agribisnis,Kecil,2017,Jakarta,13,2022-09-27,Aktif,Pelanggan Tetap
SME-2024-00130,Warung Nusantara Konektifitas Lestari,Kuliner & F&B,Mikro,2012,Palembang,1,2022-01-28,Aktif,Pelanggan Tetap
SME-2024-00131,Toko Mega Digital Mandiri,Kuliner & F&B,Kecil,2013,Bandung,9,2020-11-05,Aktif,Pelanggan Tetap
SME-2024-00132,Warung Bumi Indah Jaya,Transportasi & Logistik,Mikro,2016,Bandung,3,2021-12-25,Aktif,Pelanggan Tetap
SME-2024-00133,UD Bukit Teknologi Jaya,Pendidikan & Training,Mikro,2014,Semarang,2,2020-10-13,Aktif,Pelanggan Tetap
SME-2024-00134,PT Bintang Andalan Lestari,Pendidikan & Training,Menengah,2014,Palembang,28,2022-06-18,Aktif,Pelanggan Tetap
SME-2024-00135,UD Bintang Solusi Abadi,Pertanian & Agribisnis,Kecil,2023,Surabaya,15,2023-04-16,Aktif,Pelanggan Tetap
SME-2024-00136,PT Tirta Digital Jaya,Teknologi Informasi,Menengah,2017,Bandung,44,2024-05-15,Aktif,Pelanggan Tetap
SME-2024-00137,Warung Mega Sejahtera Abadi,Perdagangan Eceran,Mikro,2019,Medan,5,2024-12-09,Aktif,Pelanggan Tetap
SME-2024-00138,UD Bukit Bahagia Pratama,Kesehatan,Kecil,2018,Makassar,6,2022-06-18,Aktif,Pelanggan Tetap
SME-2024-00139,UD Bintang Bahagia Sentosa,Properti & Real Estate,Kecil,2014,Medan,13,2024-12-11,Aktif,Pelanggan Tetap
SME-2024-00140,Toko Bintang Optima Jaya,Konstruksi,Mikro,2014,Bandar Lampung,2,2023-10-10,Aktif,Pelanggan Tetap
SME-2024-00141,CV Mega Teknologi Pratama,Manufaktur,Menengah,2015,Yogyakarta,84,2021-03-22,Aktif,Pelanggan Tetap
SME-2024-00142,Toko Surya Sakti Mandiri,Jasa Keuangan,Mikro,2013,Surabaya,3,2021-11-27,Aktif,Pelanggan Tetap
SME-2024-00143,Toko Duta Pratama Jaya,Pendidikan & Training,Mikro,2019,Medan,4,2020-09-18,Aktif,Pelanggan Tetap
SME-2024-00144,UD Permata Cemerlang Abadi,Jasa Keuangan,Mikro,2018,Makassar,2,2024-08-06,Aktif,Pelanggan Tetap
SME-2024-00145,UD Citra Cemerlang Abadi,Properti & Real Estate,Mikro,2018,Bandar Lampung,3,2022-02-09,Aktif,Pelanggan Tetap
SME-2024-00146,CV Garuda Lestari Abadi,Kesehatan,Menengah,2021,Malang,63,2024-04-07,Aktif,Pelanggan Tetap
SME-2024-00147,PT Bumi Solusi,Teknologi Informasi,Menengah,2021,Tangerang,99,2021-05-06,Aktif,Pelanggan Tetap
SME-2024-00148,PT Abadi Data Sentosa,Kuliner & F&B,Menengah,2017,Yogyakarta,31,2020-09-29,Aktif,Pelanggan Tetap
SME-2024-00149,UD Duta Bahagia,Manufaktur,Mikro,2010,Batam,5,2020-01-16,Aktif,Pelanggan Tetap
SME-2024-00150,Toko Karya Sinergi Abadi,Transportasi & Logistik,Kecil,2020,Yogyakarta,17,2023-01-11,Aktif,Pelanggan Tetap
SME-2024-00151,Toko Bukit Bahagia,Jasa Keuangan,Kecil,2010,Palembang,19,2020-10-10,Aktif,Pelanggan Tetap
SME-2024-00152,CV Mitra Makmur Lestari,Pertanian & Agribisnis,Kecil,2020,Malang,14,2022-06-16,Aktif,Pelanggan Tetap
SME-2024-00153,Toko Tirta Sejahtera Lestari,Pertanian & Agribisnis,Kecil,2015,Palembang,17,2022-07-01,Aktif,Pelanggan Tetap
SME-2024-00154,UD Mitra Makmur Abadi,Manufaktur,Kecil,2011,Malang,15,2023-11-20,Aktif,Pelanggan Tetap
SME-2024-00155,PT Sentosa Digital Pratama,Media & Kreatif,Menengah,2022,Surabaya,81,2022-05-25,Aktif,Pelanggan Tetap
SME-2024-00156,Toko Bumi Indah Pratama,Properti & Real Estate,Kecil,2014,Bandar Lampung,18,2023-06-10,Aktif,Pelanggan Tetap
SME-2024-00157,Kios Bukit Pratama Jaya,Kuliner & F&B,Mikro,2010,Bandung,1,2022-06-03,Aktif,Pelanggan Tetap
SME-2024-00158,Kios Bintang Pratama Lestari,Properti & Real Estate,Mikro,2014,Bandar Lampung,4,2022-06-13,Aktif,Pelanggan Tetap
SME-2024-00159,Toko Permata Teknologi Jaya,Kuliner & F&B,Kecil,2016,Bandar Lampung,8,2023-06-23,Aktif,Pelanggan Tetap
SME-2024-00160,Warung Garuda Optima Sentosa,Jasa Keuangan,Mikro,2019,Tangerang,2,2021-12-03,Aktif,Pelanggan Tetap
SME-2024-00161,UD Berkah Lestari Lestari,Properti & Real Estate,Kecil,2014,Jakarta,19,2024-11-14,Aktif,Pelanggan Tetap
SME-2024-00162,Kios Tirta Bahagia Mandiri,Properti & Real Estate,Mikro,2011,Surabaya,1,2022-09-10,Aktif,Pelanggan Tetap
SME-2024-00163,UD Duta Utama Pratama,Pendidikan & Training,Mikro,2023,Medan,2,2021-03-28,Aktif,Pelanggan Tetap
SME-2024-00164,Toko Karya Makmur Jaya,Kuliner & F&B,Kecil,2011,Surabaya,14,2021-04-22,Aktif,Pelanggan Tetap
SME-2024-00165,PT Surya Teknologi Pratama,Kuliner & F&B,Menengah,2015,Batam,24,2024-02-14,Aktif,Pelanggan Tetap
SME-2024-00166,UD Sumber Optima Pratama,Media & Kreatif,Mikro,2014,Medan,1,2022-05-10,Aktif,Pelanggan Tetap
SME-2024-00167,Warung Nusantara Teknologi Mandiri,Pendidikan & Training,Mikro,2022,Denpasar,1,2020-03-01,Aktif,Pelanggan Tetap
SME-2024-00168,CV Citra Data Jaya,Pendidikan & Training,Menengah,2022,Bandar Lampung,64,2024-01-10,Aktif,Pelanggan Tetap
SME-2024-00169,Toko Jaya Indah Lestari,Manufaktur,Kecil,2020,Semarang,14,2023-06-30,Aktif,Pelanggan Tetap
SME-2024-00170,UD Surya Indah,Transportasi & Logistik,Kecil,2011,Denpasar,6,2024-01-17,Aktif,Pelanggan Tetap
SME-2024-00171,CV Permata Digital Mandiri,Pertanian & Agribisnis,Menengah,2010,Palembang,36,2021-07-30,Aktif,Pelanggan Tetap
SME-2024-00172,Kios Permata Makmur Sentosa,Media & Kreatif,Mikro,2012,Malang,2,2023-11-20,Aktif,Pelanggan Tetap
SME-2024-00173,Toko Abadi Sejahtera Pratama,Media & Kreatif,Kecil,2013,Malang,8,2021-07-21,Aktif,Pelanggan Tetap
SME-2024-00174,Toko Tirta Bahagia Sentosa,Teknologi Informasi,Mikro,2010,Malang,2,2024-12-16,Aktif,Pelanggan Tetap
SME-2024-00175,Toko Duta Mulia Pratama,Media & Kreatif,Mikro,2020,Bandung,4,2021-08-05,Aktif,Pelanggan Tetap
SME-2024-00176,PT Citra Lestari,Transportasi & Logistik,Menengah,2012,Tangerang,77,2023-10-06,Aktif,Pelanggan Tetap
SME-2024-00177,UD Mandiri Solusi Mandiri,Media & Kreatif,Mikro,2022,Bandung,5,2020-11-16,Aktif,Pelanggan Tetap
SME-2024-00178,Toko Mega Andalan Sentosa,Jasa Keuangan,Kecil,2020,Bandung,7,2020-09-27,Aktif,Pelanggan Tetap
SME-2024-00179,PT Duta Data Lestari,Pertanian & Agribisnis,Besar,2020,Bandar Lampung,361,2024-10-15,Aktif,Pelanggan Tetap
SME-2024-00180,PT Citra Lestari,Kesehatan,Menengah,2011,Surabaya,83,2021-10-08,Aktif,Pelanggan Tetap
SME-2024-00181,CV Duta Mulia Mandiri,Kuliner & F&B,Menengah,2017,Malang,65,2022-01-19,Aktif,Pelanggan Tetap
SME-2024-00182,Warung Mega Network Pratama,Kesehatan,Mikro,2016,Bandar Lampung,5,2023-12-17,Aktif,Pelanggan Tetap
SME-2024-00183,Kios Berkah Andalan Sentosa,Kesehatan,Mikro,2018,Bandar Lampung,1,2023-01-04,Aktif,Pelanggan Tetap
SME-2024-00184,CV Jaya Data Jaya,Jasa Keuangan,Kecil,2021,Semarang,10,2019-12-10,Aktif,Pelanggan Tetap
SME-2024-00185,Toko Permata Solusi Lestari,Kesehatan,Kecil,2011,Bandung,6,2021-05-04,Aktif,Pelanggan Tetap
SME-2024-00186,CV Citra Lestari Jaya,Perdagangan Eceran,Kecil,2017,Makassar,10,2022-11-20,Aktif,Pelanggan Tetap
SME-2024-00187,CV Mega Konektifitas Sentosa,Properti & Real Estate,Kecil,2015,Jakarta,8,2024-10-07,Aktif,Pelanggan Tetap
SME-2024-00188,Kios Citra Teknologi Jaya,Kuliner & F&B,Mikro,2010,Bandung,5,2020-03-05,Aktif,Pelanggan Tetap
SME-2024-00189,Toko Sentosa Teknologi Sentosa,Jasa Keuangan,Mikro,2016,Denpasar,2,2024-10-09,Aktif,Pelanggan Tetap
SME-2024-00190,PT Bintang Solusi Mandiri,Media & Kreatif,Menengah,2022,Denpasar,25,2023-04-13,Aktif,Pelanggan Tetap
SME-2024-00191,Toko Karya Network Pratama,Properti & Real Estate,Kecil,2017,Palembang,16,2020-04-29,Aktif,Pelanggan Tetap
SME-2024-00192,PT Sriwijaya Data Pratama,Konstruksi,Menengah,2015,Palembang,41,2021-05-10,Aktif,Pelanggan Tetap
SME-2024-00193,UD Mega Cemerlang Abadi,Pendidikan & Training,Kecil,2015,Batam,11,2022-03-08,Aktif,Pelanggan Tetap
SME-2024-00194,Toko Garuda Digital Pratama,Properti & Real Estate,Kecil,2022,Tangerang,11,2020-03-17,Aktif,Pelanggan Tetap
SME-2024-00195,UD Jaya Network Mandiri,Pendidikan & Training,Kecil,2015,Malang,20,2023-07-08,Aktif,Pelanggan Tetap
SME-2024-00196,UD Garuda Makmur Lestari,Konstruksi,Kecil,2022,Surabaya,5,2021-08-25,Aktif,Pelanggan Tetap
SME-2024-00197,PT Sriwijaya Pratama Pratama,Teknologi Informasi,Menengah,2021,Yogyakarta,39,2021-03-21,Aktif,Pelanggan Tetap
SME-2024-00198,Toko Karya Sejahtera Abadi,Media & Kreatif,Kecil,2014,Jakarta,20,2022-08-25,Aktif,Pelanggan Tetap
SME-2024-00199,UD Sentosa Bahagia Mandiri,Media & Kreatif,Kecil,2012,Semarang,10,2024-07-05,Aktif,Pelanggan Tetap
SME-2024-00200,UD Nusantara Konektifitas Jaya,Pendidikan & Training,Kecil,2012,Tangerang,12,2022-11-05,Aktif,Pelanggan Tetap
SME-2024-00201,UD Mega Teknologi,Transportasi & Logistik,Kecil,2014,Denpasar,10,2022-09-23,Aktif,Pelanggan Tetap
SME-2024-00202,CV Duta Digital,Perdagangan Eceran,Kecil,2018,Malang,6,2021-12-26,Aktif,Pelanggan Tetap
SME-2024-00203,UD Mitra Makmur Lestari,Teknologi Informasi,Mikro,2014,Makassar,4,2020-12-26,Aktif,Pelanggan Tetap
SME-2024-00204,Toko Berkah Digital Abadi,Transportasi & Logistik,Mikro,2022,Makassar,4,2020-02-01,Aktif,Pelanggan Tetap
SME-2024-00205,CV Nusantara Cemerlang Pratama,Teknologi Informasi,Menengah,2010,Yogyakarta,83,2024-02-29,Aktif,Pelanggan Tetap
SME-2024-00206,Toko Abadi Konektifitas Lestari,Pertanian & Agribisnis,Kecil,2021,Batam,5,2024-07-26,Aktif,Pelanggan Tetap
SME-2024-00207,CV Duta Konektifitas Sentosa,Pertanian & Agribisnis,Menengah,2021,Bandar Lampung,80,2021-07-12,Aktif,Pelanggan Tetap
SME-2024-00208,Warung Abadi Andalan Abadi,Media & Kreatif,Mikro,2022,Batam,3,2022-03-19,Aktif,Pelanggan Tetap
SME-2024-00209,CV Citra Solusi Mandiri,Kesehatan,Kecil,2023,Makassar,14,2022-03-08,Aktif,Pelanggan Tetap
SME-2024-00210,Toko Surya Teknologi Jaya,Media & Kreatif,Kecil,2011,Bandar Lampung,13,2020-01-13,Aktif,Pelanggan Tetap
SME-2024-00211,UD Bintang Lestari Pratama,Kuliner & F&B,Kecil,2016,Makassar,18,2023-12-20,Aktif,Pelanggan Tetap
SME-2024-00212,Kios Nusantara Network Lestari,Media & Kreatif,Mikro,2010,Denpasar,5,2022-03-29,Aktif,Pelanggan Tetap
SME-2024-00213,Toko Mitra Persada,Kesehatan,Kecil,2016,Medan,15,2021-08-14,Aktif,Pelanggan Tetap
SME-2024-00214,CV Nusantara Konektifitas Jaya,Media & Kreatif,Kecil,2021,Bandung,12,2022-04-26,Aktif,Pelanggan Tetap
SME-2024-00215,PT Garuda Data Sentosa,Jasa Keuangan,Menengah,2014,Jakarta,88,2021-05-20,Aktif,Pelanggan Tetap
SME-2024-00216,UD Jaya Utama Jaya,Pertanian & Agribisnis,Kecil,2018,Bandung,20,2021-12-21,Aktif,Pelanggan Tetap
SME-2024-00217,PT Karya Cemerlang Pratama,Kesehatan,Menengah,2011,Tangerang,23,2021-03-04,Aktif,Pelanggan Tetap
SME-2024-00218,UD Permata Utama,Perdagangan Eceran,Kecil,2012,Bandung,15,2021-03-20,Aktif,Pelanggan Tetap
SME-2024-00219,CV Duta Persada Pratama,Perdagangan Eceran,Kecil,2019,Palembang,19,2023-01-27,Aktif,Pelanggan Tetap
SME-2024-00220,CV Citra Solusi Jaya,Pertanian & Agribisnis,Kecil,2012,Tangerang,14,2024-09-27,Aktif,Pelanggan Tetap
SME-2024-00221,UD Mega Utama Mandiri,Kuliner & F&B,Kecil,2014,Denpasar,12,2020-01-16,Aktif,Pelanggan Tetap
SME-2024-00222,CV Bintang Pratama Abadi,Perdagangan Eceran,Kecil,2014,Malang,16,2022-05-08,Aktif,Pelanggan Tetap
SME-2024-00223,UD Mega Network Pratama,Konstruksi,Kecil,2020,Palembang,17,2023-11-07,Aktif,Pelanggan Tetap
SME-2024-00224,CV Duta Konektifitas Jaya,Konstruksi,Menengah,2013,Palembang,70,2023-01-23,Aktif,Pelanggan Tetap
SME-2024-00225,Toko Garuda Teknologi Sentosa,Kesehatan,Mikro,2022,Tangerang,5,2022-05-19,Aktif,Pelanggan Tetap
SME-2024-00226,Warung Berkah Sakti Abadi,Konstruksi,Mikro,2013,Tangerang,2,2023-03-09,Aktif,Pelanggan Tetap
SME-2024-00227,CV Surya Indah,Jasa Keuangan,Kecil,2021,Denpasar,11,2020-08-11,Aktif,Pelanggan Tetap
SME-2024-00228,CV Bumi Bahagia Pratama,Transportasi & Logistik,Kecil,2013,Bandar Lampung,10,2020-12-23,Aktif,Pelanggan Tetap
SME-2024-00229,CV Permata Bahagia,Teknologi Informasi,Menengah,2020,Malang,41,2024-08-19,Aktif,Pelanggan Tetap
SME-2024-00230,PT Karya Konektifitas Abadi,Perdagangan Eceran,Menengah,2017,Malang,61,2023-12-26,Aktif,Pelanggan Tetap
SME-2024-00231,PT Abadi Sejahtera Abadi,Teknologi Informasi,Menengah,2017,Denpasar,79,2023-07-26,Aktif,Pelanggan Tetap
SME-2024-00232,Toko Mandiri Bahagia Jaya,Properti & Real Estate,Kecil,2016,Bandung,9,2024-05-10,Aktif,Pelanggan Tetap
SME-2024-00233,Toko Citra Solusi Sentosa,Pendidikan & Training,Mikro,2014,Malang,3,2020-06-03,Aktif,Pelanggan Tetap
SME-2024-00234,CV Mega Optima Lestari,Konstruksi,Kecil,2018,Denpasar,13,2021-07-09,Aktif,Pelanggan Tetap
SME-2024-00235,PT Bukit Makmur Abadi,Pendidikan & Training,Besar,2015,Palembang,266,2023-04-11,Aktif,Pelanggan Tetap
SME-2024-00236,UD Garuda Sejahtera Abadi,Konstruksi,Kecil,2015,Palembang,20,2023-07-03,Aktif,Pelanggan Tetap
SME-2024-00237,UD Citra Sejahtera Mandiri,Jasa Keuangan,Mikro,2018,Bandar Lampung,1,2023-03-31,Aktif,Pelanggan Tetap
SME-2024-00238,Kios Permata Solusi Pratama,Properti & Real Estate,Mikro,2011,Palembang,5,2022-05-27,Aktif,Pelanggan Tetap
SME-2024-00239,Toko Nusantara Network Mandiri,Kesehatan,Mikro,2015,Bandar Lampung,5,2019-12-29,Aktif,Pelanggan Tetap
SME-2024-00240,UD Bintang Teknologi Sentosa,Perdagangan Eceran,Kecil,2010,Medan,6,2020-01-07,Aktif,Pelanggan Tetap
SME-2024-00241,UD Bintang Sejahtera Lestari,Jasa Keuangan,Kecil,2022,Bandar Lampung,19,2020-11-28,Aktif,Pelanggan Tetap
SME-2024-00242,CV Sumber Mulia Jaya,Transportasi & Logistik,Menengah,2021,Denpasar,22,2020-06-10,Aktif,Pelanggan Tetap
SME-2024-00243,PT Nusantara Pratama Pratama,Transportasi & Logistik,Menengah,2017,Malang,84,2021-07-15,Aktif,Pelanggan Tetap
SME-2024-00244,CV Bukit Sakti,Kesehatan,Menengah,2010,Semarang,35,2022-03-31,Aktif,Pelanggan Tetap
SME-2024-00245,CV Mega Sejahtera Jaya,Jasa Keuangan,Kecil,2016,Bandung,17,2024-09-15,Aktif,Pelanggan Tetap
SME-2024-00246,Toko Karya Persada Mandiri,Kesehatan,Kecil,2012,Bandung,18,2021-09-21,Aktif,Pelanggan Tetap
SME-2024-00247,Toko Jaya Makmur Sentosa,Jasa Keuangan,Kecil,2020,Bandung,10,2024-08-17,Aktif,Pelanggan Tetap
SME-2024-00248,Toko Tirta Bahagia Sentosa,Jasa Keuangan,Kecil,2011,Denpasar,7,2021-01-15,Aktif,Pelanggan Tetap
SME-2024-00249,Toko Sumber Indah Pratama,Manufaktur,Kecil,2023,Medan,19,2024-10-26,Aktif,Pelanggan Tetap
SME-2024-00250,UD Berkah Network Sentosa,Media & Kreatif,Kecil,2013,Makassar,14,2020-02-11,Aktif,Pelanggan Tetap
SME-2024-00251,CV Citra Sejahtera,Properti & Real Estate,Menengah,2023,Tangerang,99,2022-09-27,Aktif,Pelanggan Tetap
SME-2024-00252,PT Karya Lestari Jaya,Jasa Keuangan,Menengah,2022,Surabaya,27,2021-11-23,Aktif,Pelanggan Tetap
SME-2024-00253,Toko Mandiri Optima Pratama,Jasa Keuangan,Kecil,2021,Batam,20,2020-01-10,Aktif,Pelanggan Tetap
SME-2024-00254,CV Jaya Cemerlang Sentosa,Jasa Keuangan,Kecil,2011,Bandung,11,2022-01-19,Aktif,Pelanggan Tetap
SME-2024-00255,Warung Mitra Bahagia Jaya,Pendidikan & Training,Mikro,2011,Yogyakarta,3,2023-12-22,Aktif,Pelanggan Tetap
SME-2024-00256,PT Garuda Utama Mandiri,Kuliner & F&B,Menengah,2014,Batam,47,2021-04-25,Aktif,Pelanggan Tetap
SME-2024-00257,Kios Sumber Persada Pratama,Pendidikan & Training,Mikro,2013,Palembang,1,2020-07-13,Aktif,Pelanggan Tetap
SME-2024-00258,UD Sriwijaya Sejahtera Pratama,Pertanian & Agribisnis,Mikro,2015,Semarang,2,2021-08-01,Aktif,Pelanggan Tetap
SME-2024-00259,Warung Sentosa Digital,Jasa Keuangan,Mikro,2014,Tangerang,5,2023-05-20,Aktif,Pelanggan Tetap
SME-2024-00260,UD Jaya Konektifitas Lestari,Media & Kreatif,Mikro,2019,Makassar,2,2020-12-04,Aktif,Pelanggan Tetap
SME-2024-00261,UD Bukit Optima Lestari,Kesehatan,Mikro,2014,Jakarta,5,2024-02-04,Aktif,Pelanggan Tetap
SME-2024-00262,PT Berkah Solusi Pratama,Jasa Keuangan,Besar,2020,Jakarta,407,2023-02-04,Aktif,Pelanggan Tetap
SME-2024-00263,Toko Mandiri Teknologi Pratama,Kesehatan,Mikro,2021,Denpasar,3,2023-05-24,Aktif,Pelanggan Tetap
SME-2024-00264,UD Bumi Bahagia Lestari,Jasa Keuangan,Kecil,2010,Tangerang,20,2024-09-24,Aktif,Pelanggan Tetap
SME-2024-00265,PT Mitra Data Lestari,Properti & Real Estate,Menengah,2010,Batam,77,2022-03-10,Aktif,Pelanggan Tetap
SME-2024-00266,Kios Surya Teknologi Mandiri,Kuliner & F&B,Mikro,2015,Yogyakarta,1,2024-06-21,Aktif,Pelanggan Tetap
SME-2024-00267,CV Garuda Pratama Pratama,Pertanian & Agribisnis,Kecil,2010,Palembang,9,2024-10-12,Aktif,Pelanggan Tetap
SME-2024-00268,Warung Surya Persada Lestari,Kuliner & F&B,Mikro,2012,Batam,3,2023-11-26,Aktif,Pelanggan Tetap
SME-2024-00269,UD Nusantara Digital Pratama,Kesehatan,Mikro,2020,Semarang,3,2023-10-29,Aktif,Pelanggan Tetap
SME-2024-00270,Toko Abadi Pratama Sentosa,Pertanian & Agribisnis,Kecil,2015,Surabaya,12,2021-04-02,Aktif,Pelanggan Tetap
SME-2024-00271,UD Nusantara Sakti Jaya,Perdagangan Eceran,Mikro,2018,Malang,2,2022-05-21,Aktif,Pelanggan Tetap
SME-2024-00272,Toko Karya Utama Jaya,Jasa Keuangan,Mikro,2019,Semarang,2,2024-09-10,Aktif,Pelanggan Tetap
SME-2024-00273,Warung Nusantara Teknologi Sentosa,Jasa Keuangan,Mikro,2022,Malang,4,2020-04-26,Aktif,Pelanggan Tetap
SME-2024-00274,Kios Bukit Utama Jaya,Manufaktur,Mikro,2017,Jakarta,4,2019-12-14,Aktif,Pelanggan Tetap
SME-2024-00275,UD Sriwijaya Mulia Mandiri,Media & Kreatif,Kecil,2023,Medan,12,2024-09-16,Aktif,Pelanggan Tetap
SME-2024-00276,PT Sentosa Solusi Pratama,Manufaktur,Besar,2018,Palembang,117,2022-06-09,Aktif,Pelanggan Tetap
SME-2024-00277,UD Nusantara Digital,Kesehatan,Kecil,2016,Bandar Lampung,20,2024-05-16,Aktif,Pelanggan Tetap
SME-2024-00278,Warung Permata Network Abadi,Perdagangan Eceran,Mikro,2022,Medan,4,2024-06-08,Aktif,Pelanggan Tetap
SME-2024-00279,CV Bintang Optima Sentosa,Pendidikan & Training,Menengah,2020,Palembang,80,2023-11-13,Aktif,Pelanggan Tetap
SME-2024-00280,Toko Sentosa Mulia,Pendidikan & Training,Kecil,2018,Medan,9,2021-11-12,Aktif,Pelanggan Tetap
SME-2024-00281,Kios Nusantara Persada Pratama,Manufaktur,Mikro,2014,Denpasar,1,2023-08-11,Aktif,Pelanggan Tetap
SME-2024-00282,Toko Surya Bahagia Lestari,Pendidikan & Training,Mikro,2023,Denpasar,3,2024-05-21,Aktif,Pelanggan Tetap
SME-2024-00283,UD Sriwijaya Sejahtera Sentosa,Properti & Real Estate,Mikro,2019,Tangerang,2,2023-05-16,Aktif,Pelanggan Tetap
SME-2024-00284,Toko Sriwijaya Cemerlang Mandiri,Teknologi Informasi,Mikro,2016,Batam,3,2022-01-09,Aktif,Pelanggan Tetap
SME-2024-00285,PT Mandiri Andalan Abadi,Jasa Keuangan,Besar,2017,Tangerang,326,2022-03-30,Aktif,Pelanggan Tetap
SME-2024-00286,Toko Nusantara Indah Lestari,Perdagangan Eceran,Mikro,2019,Yogyakarta,4,2024-11-30,Aktif,Pelanggan Tetap
SME-2024-00287,Warung Sentosa Sejahtera Lestari,Jasa Keuangan,Mikro,2023,Jakarta,5,2020-10-21,Aktif,Pelanggan Tetap
SME-2024-00288,UD Mitra Network Mandiri,Transportasi & Logistik,Kecil,2021,Semarang,7,2024-11-08,Aktif,Pelanggan Tetap
SME-2024-00289,CV Bintang Lestari Lestari,Pendidikan & Training,Kecil,2013,Medan,7,2020-04-15,Aktif,Pelanggan Tetap
SME-2024-00290,CV Citra Network,Jasa Keuangan,Kecil,2013,Palembang,15,2021-11-27,Aktif,Pelanggan Tetap
SME-2024-00291,CV Permata Persada Jaya,Konstruksi,Menengah,2015,Batam,39,2021-07-03,Aktif,Pelanggan Tetap
SME-2024-00292,PT Mega Cemerlang,Konstruksi,Menengah,2018,Medan,35,2023-05-16,Aktif,Pelanggan Tetap
SME-2024-00293,Toko Bukit Makmur Lestari,Jasa Keuangan,Mikro,2020,Tangerang,5,2020-07-03,Aktif,Pelanggan Tetap
SME-2024-00294,Toko Garuda Bahagia Mandiri,Konstruksi,Kecil,2023,Tangerang,7,2022-06-30,Aktif,Pelanggan Tetap
SME-2024-00295,CV Bumi Pratama Pratama,Kesehatan,Kecil,2015,Semarang,8,2020-07-26,Aktif,Pelanggan Tetap
SME-2024-00296,Warung Citra Sejahtera Sentosa,Transportasi & Logistik,Mikro,2018,Bandung,4,2021-09-19,Aktif,Pelanggan Tetap
SME-2024-00297,Kios Mandiri Mulia Abadi,Properti & Real Estate,Mikro,2023,Semarang,4,2021-04-12,Aktif,Pelanggan Tetap
SME-2024-00298,Toko Bumi Data Sentosa,Transportasi & Logistik,Mikro,2019,Malang,5,2020-03-21,Aktif,Pelanggan Tetap
SME-2024-00299,Kios Surya Andalan Abadi,Properti & Real Estate,Mikro,2019,Tangerang,1,2022-08-16,Aktif,Pelanggan Tetap
SME-2024-00300,Warung Sentosa Lestari,Media & Kreatif,Mikro,2011,Jakarta,3,2023-03-07,Aktif,Pelanggan Tetap
SME-2024-00301,PT Bumi Mulia Sentosa,Transportasi & Logistik,Besar,2018,Yogyakarta,413,2024-07-26,Aktif,Pelanggan Tetap
SME-2024-00302,PT Abadi Solusi Mandiri,Kesehatan,Besar,2012,Surabaya,483,2022-09-07,Aktif,Pelanggan Tetap
SME-2024-00303,PT Bukit Sejahtera,Properti & Real Estate,Besar,2019,Jakarta,426,2022-03-27,Aktif,Pelanggan Tetap
SME-2024-00304,CV Mitra Cemerlang Jaya,Teknologi Informasi,Kecil,2016,Jakarta,5,2020-07-30,Aktif,Pelanggan Tetap
SME-2024-00305,UD Citra Bahagia Lestari,Perdagangan Eceran,Kecil,2014,Medan,10,2020-10-22,Aktif,Pelanggan Tetap
SME-2024-00306,CV Sumber Data Mandiri,Media & Kreatif,Menengah,2022,Denpasar,95,2020-05-10,Aktif,Pelanggan Tetap
SME-2024-00307,Kios Bumi Makmur Mandiri,Kuliner & F&B,Mikro,2010,Medan,5,2022-05-23,Aktif,Pelanggan Tetap
SME-2024-00308,Toko Duta Sakti Lestari,Jasa Keuangan,Mikro,2015,Semarang,4,2023-04-20,Aktif,Pelanggan Tetap
SME-2024-00309,Toko Tirta Teknologi Jaya,Properti & Real Estate,Mikro,2017,Bandar Lampung,3,2021-07-09,Aktif,Pelanggan Tetap
SME-2024-00310,CV Berkah Lestari,Teknologi Informasi,Menengah,2013,Denpasar,69,2020-01-19,Aktif,Pelanggan Tetap
SME-2024-00311,Warung Bintang Bahagia Pratama,Kesehatan,Mikro,2021,Surabaya,4,2021-05-27,Aktif,Pelanggan Tetap
SME-2024-00312,UD Duta Konektifitas Sentosa,Kuliner & F&B,Mikro,2017,Palembang,2,2021-08-22,Aktif,Pelanggan Tetap
SME-2024-00313,UD Sentosa Data Mandiri,Perdagangan Eceran,Kecil,2022,Malang,15,2024-04-23,Aktif,Pelanggan Tetap
SME-2024-00314,UD Citra Sakti Lestari,Kuliner & F&B,Mikro,2021,Medan,3,2023-02-19,Aktif,Pelanggan Tetap
SME-2024-00315,Warung Karya Mulia Mandiri,Perdagangan Eceran,Mikro,2023,Medan,1,2022-03-04,Aktif,Pelanggan Tetap
SME-2024-00316,CV Permata Teknologi Pratama,Transportasi & Logistik,Kecil,2021,Yogyakarta,14,2021-12-08,Aktif,Pelanggan Tetap
SME-2024-00317,CV Berkah Persada Pratama,Transportasi & Logistik,Kecil,2018,Makassar,14,2022-06-22,Aktif,Pelanggan Tetap
SME-2024-00318,UD Karya Andalan Sentosa,Kesehatan,Mikro,2011,Surabaya,3,2023-04-02,Aktif,Pelanggan Tetap
SME-2024-00319,CV Duta Mulia Pratama,Properti & Real Estate,Menengah,2018,Makassar,22,2023-01-13,Aktif,Pelanggan Tetap
SME-2024-00320,CV Citra Makmur Pratama,Manufaktur,Menengah,2011,Yogyakarta,70,2024-11-27,Aktif,Pelanggan Tetap
SME-2024-00321,CV Sumber Solusi Lestari,Manufaktur,Kecil,2021,Makassar,18,2020-06-07,Aktif,Pelanggan Tetap
SME-2024-00322,PT Sriwijaya Data Abadi,Pendidikan & Training,Besar,2011,Jakarta,347,2023-09-12,Aktif,Pelanggan Tetap
SME-2024-00323,UD Sriwijaya Persada,Transportasi & Logistik,Mikro,2016,Medan,3,2023-04-08,Aktif,Pelanggan Tetap
SME-2024-00324,Toko Berkah Digital Pratama,Properti & Real Estate,Kecil,2023,Medan,5,2023-10-05,Aktif,Pelanggan Tetap
SME-2024-00325,PT Duta Network Mandiri,Pendidikan & Training,Menengah,2010,Malang,42,2023-04-02,Aktif,Pelanggan Tetap
SME-2024-00326,Toko Jaya Digital Pratama,Media & Kreatif,Mikro,2014,Bandar Lampung,3,2022-09-20,Aktif,Pelanggan Tetap
SME-2024-00327,CV Nusantara Digital Abadi,Konstruksi,Kecil,2015,Semarang,10,2020-03-23,Aktif,Pelanggan Tetap
SME-2024-00328,PT Bumi Sinergi Jaya,Pendidikan & Training,Menengah,2021,Surabaya,64,2022-05-03,Aktif,Pelanggan Tetap
SME-2024-00329,PT Garuda Konektifitas Pratama,Properti & Real Estate,Besar,2023,Makassar,416,2021-11-20,Aktif,Pelanggan Tetap
SME-2024-00330,Kios Citra Andalan Jaya,Teknologi Informasi,Mikro,2023,Batam,5,2021-08-29,Aktif,Pelanggan Tetap
SME-2024-00331,Kios Mandiri Sakti Abadi,Konstruksi,Mikro,2018,Batam,1,2020-06-21,Aktif,Pelanggan Tetap
SME-2024-00332,PT Tirta Data Sentosa,Transportasi & Logistik,Besar,2021,Tangerang,366,2022-02-13,Aktif,Pelanggan Tetap
SME-2024-00333,PT Abadi Data Pratama,Media & Kreatif,Besar,2014,Yogyakarta,300,2020-05-05,Aktif,Pelanggan Tetap
SME-2024-00334,PT Mitra Persada Lestari,Jasa Keuangan,Menengah,2016,Surabaya,59,2021-01-13,Aktif,Pelanggan Tetap
SME-2024-00335,Warung Sriwijaya Sakti Lestari,Pertanian & Agribisnis,Mikro,2012,Batam,4,2020-09-16,Aktif,Pelanggan Tetap
SME-2024-00336,PT Sentosa Sejahtera Sentosa,Pendidikan & Training,Menengah,2021,Semarang,85,2023-06-08,Aktif,Pelanggan Tetap
SME-2024-00337,UD Citra Sakti,Konstruksi,Mikro,2015,Palembang,1,2021-07-01,Aktif,Pelanggan Tetap
SME-2024-00338,Toko Nusantara Sinergi Pratama,Pertanian & Agribisnis,Mikro,2019,Medan,1,2020-12-26,Aktif,Pelanggan Tetap
SME-2024-00339,Kios Mega Makmur Lestari,Teknologi Informasi,Mikro,2013,Surabaya,1,2019-12-17,Aktif,Pelanggan Tetap
SME-2024-00340,UD Tirta Sakti Mandiri,Perdagangan Eceran,Kecil,2013,Jakarta,5,2022-07-30,Aktif,Pelanggan Tetap
SME-2024-00341,UD Bumi Cemerlang Sentosa,Kesehatan,Mikro,2023,Yogyakarta,1,2024-05-19,Aktif,Pelanggan Tetap
SME-2024-00342,PT Garuda Indah,Teknologi Informasi,Menengah,2018,Batam,32,2020-09-15,Aktif,Pelanggan Tetap
SME-2024-00343,CV Mega Optima Jaya,Pendidikan & Training,Kecil,2017,Makassar,7,2020-07-08,Aktif,Pelanggan Tetap
SME-2024-00344,CV Permata Mulia Lestari,Kuliner & F&B,Kecil,2010,Tangerang,14,2021-05-23,Aktif,Pelanggan Tetap
SME-2024-00345,PT Nusantara Digital,Manufaktur,Besar,2023,Yogyakarta,314,2022-04-08,Aktif,Pelanggan Tetap
SME-2024-00346,Toko Mitra Sejahtera Sentosa,Jasa Keuangan,Mikro,2010,Bandung,4,2023-04-09,Aktif,Pelanggan Tetap
SME-2024-00347,CV Citra Mulia Abadi,Pendidikan & Training,Kecil,2012,Malang,13,2023-03-24,Aktif,Pelanggan Tetap
SME-2024-00348,CV Garuda Cemerlang Lestari,Properti & Real Estate,Menengah,2019,Denpasar,70,2022-07-12,Aktif,Pelanggan Tetap
SME-2024-00349,CV Berkah Andalan Sentosa,Properti & Real Estate,Menengah,2020,Palembang,21,2023-04-19,Aktif,Pelanggan Tetap
SME-2024-00350,UD Tirta Utama Sentosa,Pendidikan & Training,Kecil,2021,Bandar Lampung,15,2023-11-15,Aktif,Pelanggan Tetap
SME-2024-00351,CV Tirta Lestari Pratama,Manufaktur,Kecil,2014,Yogyakarta,15,2021-01-06,Aktif,Pelanggan Tetap
SME-2024-00352,Toko Karya Lestari Abadi,Pendidikan & Training,Kecil,2023,Tangerang,16,2021-09-13,Aktif,Pelanggan Tetap
SME-2024-00353,CV Bintang Konektifitas Jaya,Pendidikan & Training,Menengah,2016,Surabaya,94,2024-01-13,Aktif,Pelanggan Tetap
SME-2024-00354,CV Mandiri Persada,Manufaktur,Kecil,2011,Makassar,16,2023-10-25,Aktif,Pelanggan Tetap
SME-2024-00355,CV Citra Konektifitas Pratama,Jasa Keuangan,Kecil,2012,Yogyakarta,14,2020-05-20,Aktif,Pelanggan Tetap
SME-2024-00356,Toko Duta Cemerlang Jaya,Pertanian & Agribisnis,Kecil,2010,Surabaya,20,2020-01-04,Aktif,Pelanggan Tetap
SME-2024-00357,UD Citra Sejahtera Jaya,Media & Kreatif,Kecil,2022,Semarang,9,2021-01-10,Aktif,Pelanggan Tetap
SME-2024-00358,Warung Surya Optima Pratama,Kuliner & F&B,Mikro,2019,Makassar,3,2021-10-16,Aktif,Pelanggan Tetap
SME-2024-00359,UD Jaya Konektifitas Lestari,Manufaktur,Kecil,2023,Surabaya,14,2023-09-10,Aktif,Pelanggan Tetap
SME-2024-00360,UD Berkah Lestari Pratama,Manufaktur,Mikro,2011,Malang,1,2024-06-20,Aktif,Pelanggan Tetap
SME-2024-00361,UD Permata Data Sentosa,Konstruksi,Mikro,2013,Semarang,5,2022-01-10,Aktif,Pelanggan Tetap
SME-2024-00362,UD Garuda Makmur Abadi,Media & Kreatif,Kecil,2011,Tangerang,17,2021-01-28,Aktif,Pelanggan Tetap
SME-2024-00363,Toko Bintang Mulia Mandiri,Teknologi Informasi,Mikro,2016,Yogyakarta,3,2022-09-24,Aktif,Pelanggan Tetap
SME-2024-00364,Warung Permata Konektifitas Abadi,Kuliner & F&B,Mikro,2020,Tangerang,3,2022-04-17,Aktif,Pelanggan Tetap
SME-2024-00365,CV Nusantara Sinergi Lestari,Pendidikan & Training,Menengah,2016,Malang,47,2023-08-06,Aktif,Pelanggan Tetap
SME-2024-00366,CV Garuda Teknologi Mandiri,Kesehatan,Menengah,2015,Semarang,66,2020-05-04,Aktif,Pelanggan Tetap
SME-2024-00367,PT Sentosa Pratama Jaya,Kesehatan,Menengah,2017,Medan,60,2022-02-28,Aktif,Pelanggan Tetap
SME-2024-00368,PT Garuda Sinergi Abadi,Pertanian & Agribisnis,Menengah,2021,Medan,71,2020-03-02,Aktif,Pelanggan Tetap
SME-2024-00369,CV Jaya Cemerlang Jaya,Transportasi & Logistik,Menengah,2023,Denpasar,42,2021-08-16,Aktif,Pelanggan Tetap
SME-2024-00370,Toko Bukit Solusi Mandiri,Konstruksi,Kecil,2014,Batam,15,2022-05-09,Aktif,Pelanggan Tetap
SME-2024-00371,Toko Permata Makmur,Pendidikan & Training,Kecil,2018,Semarang,17,2024-09-13,Aktif,Pelanggan Tetap
SME-2024-00372,Toko Jaya Makmur Mandiri,Teknologi Informasi,Kecil,2014,Jakarta,19,2022-03-07,Aktif,Pelanggan Tetap
SME-2024-00373,UD Surya Makmur Sentosa,Transportasi & Logistik,Kecil,2019,Bandung,20,2019-12-31,Aktif,Pelanggan Tetap
SME-2024-00374,UD Berkah Konektifitas Mandiri,Pertanian & Agribisnis,Mikro,2012,Bandung,2,2021-03-15,Aktif,Pelanggan Tetap
SME-2024-00375,PT Citra Sejahtera Jaya,Transportasi & Logistik,Menengah,2014,Palembang,34,2025-01-06,Aktif,Pelanggan Tetap
SME-2024-00376,UD Karya Persada Pratama,Kuliner & F&B,Mikro,2012,Bandar Lampung,1,2024-06-27,Aktif,Pelanggan Tetap
SME-2024-00377,Toko Berkah Sakti Mandiri,Jasa Keuangan,Kecil,2023,Medan,17,2024-07-03,Aktif,Pelanggan Tetap
SME-2024-00378,PT Garuda Lestari Abadi,Media & Kreatif,Menengah,2017,Tangerang,53,2020-06-01,Aktif,Pelanggan Tetap
SME-2024-00379,CV Mitra Optima,Perdagangan Eceran,Menengah,2021,Malang,58,2021-06-03,Aktif,Pelanggan Tetap
SME-2024-00380,UD Sentosa Indah Jaya,Transportasi & Logistik,Kecil,2010,Bandar Lampung,18,2021-07-30,Aktif,Pelanggan Tetap
SME-2024-00381,PT Garuda Solusi,Kesehatan,Besar,2016,Surabaya,173,2023-07-13,Aktif,Pelanggan Tetap
SME-2024-00382,UD Mega Network Pratama,Kuliner & F&B,Kecil,2023,Medan,9,2022-04-01,Aktif,Pelanggan Tetap
SME-2024-00383,PT Nusantara Network Pratama,Perdagangan Eceran,Menengah,2016,Semarang,94,2021-06-03,Aktif,Pelanggan Tetap
SME-2024-00384,Warung Tirta Network Sentosa,Teknologi Informasi,Mikro,2015,Batam,2,2024-06-12,Aktif,Pelanggan Tetap
SME-2024-00385,CV Surya Persada Mandiri,Perdagangan Eceran,Kecil,2012,Yogyakarta,15,2024-08-23,Aktif,Pelanggan Tetap
SME-2024-00386,CV Duta Sinergi Lestari,Jasa Keuangan,Menengah,2012,Semarang,89,2024-07-14,Aktif,Pelanggan Tetap
SME-2024-00387,CV Tirta Persada Pratama,Pertanian & Agribisnis,Kecil,2020,Surabaya,12,2020-03-21,Aktif,Pelanggan Tetap
SME-2024-00388,CV Surya Optima Lestari,Transportasi & Logistik,Kecil,2010,Yogyakarta,16,2020-09-30,Aktif,Pelanggan Tetap
SME-2024-00389,Toko Karya Andalan Mandiri,Jasa Keuangan,Mikro,2012,Batam,5,2020-06-06,Aktif,Pelanggan Tetap
SME-2024-00390,Kios Sentosa Utama Mandiri,Kesehatan,Mikro,2011,Medan,3,2020-02-11,Aktif,Pelanggan Tetap
SME-2024-00391,CV Permata Network Lestari,Pertanian & Agribisnis,Kecil,2022,Palembang,19,2021-12-10,Aktif,Pelanggan Tetap
SME-2024-00392,UD Surya Persada Pratama,Properti & Real Estate,Kecil,2022,Batam,17,2021-09-28,Aktif,Pelanggan Tetap
SME-2024-00393,Warung Mandiri Network Mandiri,Kuliner & F&B,Mikro,2021,Bandar Lampung,4,2024-02-16,Aktif,Pelanggan Tetap
SME-2024-00394,Toko Citra Sejahtera Lestari,Pertanian & Agribisnis,Mikro,2021,Bandar Lampung,3,2024-05-17,Aktif,Pelanggan Tetap
SME-2024-00395,UD Bumi Mulia,Teknologi Informasi,Kecil,2014,Medan,18,2020-08-11,Aktif,Pelanggan Tetap
SME-2024-00396,Toko Tirta Sejahtera Sentosa,Perdagangan Eceran,Mikro,2019,Bandar Lampung,1,2023-03-04,Aktif,Pelanggan Tetap
SME-2024-00397,UD Sriwijaya Cemerlang Jaya,Perdagangan Eceran,Kecil,2013,Jakarta,16,2021-03-07,Aktif,Pelanggan Tetap
SME-2024-00398,Toko Sumber Konektifitas Jaya,Teknologi Informasi,Kecil,2017,Semarang,14,2020-07-24,Aktif,Pelanggan Tetap
SME-2024-00399,CV Duta Utama Abadi,Perdagangan Eceran,Menengah,2014,Yogyakarta,26,2021-11-06,Aktif,Pelanggan Tetap
SME-2024-00400,UD Sentosa Andalan Jaya,Kesehatan,Mikro,2023,Batam,3,2024-12-26,Aktif,Pelanggan Tetap
SME-2024-00401,Toko Garuda Utama Mandiri,Transportasi & Logistik,Kecil,2017,Semarang,11,2024-05-27,Aktif,Pelanggan Tetap
SME-2024-00402,CV Mandiri Sakti Mandiri,Kuliner & F&B,Menengah,2022,Tangerang,48,2023-09-06,Aktif,Pelanggan Tetap
SME-2024-00403,Warung Bintang Sejahtera Abadi,Pertanian & Agribisnis,Mikro,2017,Tangerang,5,2023-12-11,Aktif,Pelanggan Tetap
SME-2024-00404,Toko Duta Utama Jaya,Jasa Keuangan,Kecil,2020,Bandung,16,2021-12-20,Aktif,Pelanggan Tetap
SME-2024-00405,CV Bumi Optima Mandiri,Properti & Real Estate,Kecil,2020,Denpasar,9,2023-10-04,Aktif,Pelanggan Tetap
SME-2024-00406,Toko Surya Persada Jaya,Jasa Keuangan,Kecil,2013,Malang,12,2021-12-08,Aktif,Pelanggan Tetap
SME-2024-00407,UD Bukit Solusi Abadi,Properti & Real Estate,Kecil,2014,Batam,8,2020-08-01,Aktif,Pelanggan Tetap
SME-2024-00408,UD Bukit Lestari Mandiri,Kuliner & F&B,Mikro,2011,Medan,5,2024-12-23,Aktif,Pelanggan Tetap
SME-2024-00409,CV Bukit Digital Abadi,Kesehatan,Menengah,2023,Medan,22,2021-08-09,Aktif,Pelanggan Tetap
SME-2024-00410,UD Surya Mulia Jaya,Kuliner & F&B,Mikro,2010,Malang,3,2020-02-27,Aktif,Pelanggan Tetap
SME-2024-00411,CV Jaya Utama Pratama,Konstruksi,Menengah,2012,Malang,67,2021-07-11,Aktif,Pelanggan Tetap
SME-2024-00412,UD Bintang Cemerlang Lestari,Konstruksi,Kecil,2018,Denpasar,7,2024-04-08,Aktif,Pelanggan Tetap
SME-2024-00413,Toko Jaya Sejahtera Pratama,Perdagangan Eceran,Mikro,2012,Medan,3,2022-11-02,Aktif,Pelanggan Tetap
SME-2024-00414,Toko Sumber Teknologi Abadi,Teknologi Informasi,Kecil,2016,Makassar,17,2023-08-06,Aktif,Pelanggan Tetap
SME-2024-00415,PT Sentosa Solusi Mandiri,Jasa Keuangan,Menengah,2013,Jakarta,63,2020-07-28,Aktif,Pelanggan Tetap
SME-2024-00416,UD Bumi Cemerlang Lestari,Manufaktur,Mikro,2017,Semarang,4,2024-07-21,Aktif,Pelanggan Tetap
SME-2024-00417,Kios Abadi Makmur Pratama,Transportasi & Logistik,Mikro,2022,Bandar Lampung,2,2021-09-28,Aktif,Pelanggan Tetap
SME-2024-00418,PT Mitra Sinergi Jaya,Perdagangan Eceran,Menengah,2018,Bandar Lampung,90,2023-05-13,Aktif,Pelanggan Tetap
SME-2024-00419,CV Berkah Makmur Jaya,Jasa Keuangan,Kecil,2016,Semarang,14,2020-07-25,Aktif,Pelanggan Tetap
SME-2024-00420,CV Sriwijaya Network Pratama,Media & Kreatif,Kecil,2010,Tangerang,5,2024-09-15,Aktif,Pelanggan Tetap
SME-2024-00421,Warung Bumi Cemerlang Jaya,Jasa Keuangan,Mikro,2018,Semarang,1,2021-09-08,Aktif,Pelanggan Tetap
SME-2024-00422,UD Mandiri Pratama Mandiri,Kuliner & F&B,Mikro,2017,Tangerang,5,2022-06-05,Aktif,Pelanggan Tetap
SME-2024-00423,Toko Permata Indah,Manufaktur,Kecil,2016,Surabaya,14,2024-02-15,Aktif,Pelanggan Tetap
SME-2024-00424,PT Bumi Andalan,Kesehatan,Menengah,2011,Semarang,27,2023-04-20,Aktif,Pelanggan Tetap
SME-2024-00425,Toko Mega Sejahtera Abadi,Pendidikan & Training,Mikro,2012,Palembang,1,2023-11-13,Aktif,Pelanggan Tetap
SME-2024-00426,Toko Mandiri Teknologi Lestari,Kuliner & F&B,Kecil,2017,Makassar,14,2023-07-21,Aktif,Pelanggan Tetap
SME-2024-00427,PT Sriwijaya Optima Lestari,Media & Kreatif,Menengah,2023,Batam,81,2024-07-10,Aktif,Pelanggan Tetap
SME-2024-00428,UD Jaya Pratama Jaya,Properti & Real Estate,Kecil,2019,Malang,11,2023-02-27,Aktif,Pelanggan Tetap
SME-2024-00429,Kios Berkah Sinergi Sentosa,Kesehatan,Mikro,2013,Tangerang,3,2022-09-16,Aktif,Pelanggan Tetap
SME-2024-00430,CV Bukit Pratama Jaya,Properti & Real Estate,Kecil,2020,Yogyakarta,13,2024-06-15,Aktif,Pelanggan Tetap
SME-2024-00431,Toko Sumber Sakti Jaya,Konstruksi,Kecil,2020,Medan,14,2020-01-11,Aktif,Pelanggan Tetap
SME-2024-00432,Toko Karya Solusi Mandiri,Konstruksi,Kecil,2019,Bandung,13,2023-01-12,Aktif,Pelanggan Tetap
SME-2024-00433,Toko Abadi Lestari Jaya,Jasa Keuangan,Kecil,2010,Batam,13,2021-09-10,Aktif,Pelanggan Tetap
SME-2024-00434,Warung Mitra Sakti,Teknologi Informasi,Mikro,2016,Batam,1,2021-09-03,Aktif,Pelanggan Tetap
SME-2024-00435,UD Tirta Teknologi Mandiri,Manufaktur,Mikro,2018,Palembang,1,2023-09-18,Aktif,Pelanggan Tetap
SME-2024-00436,Kios Berkah Solusi,Perdagangan Eceran,Mikro,2010,Semarang,5,2022-01-03,Aktif,Pelanggan Tetap
SME-2024-00437,PT Duta Sejahtera Pratama,Teknologi Informasi,Menengah,2011,Jakarta,62,2024-01-04,Aktif,Pelanggan Tetap
SME-2024-00438,PT Mega Teknologi Lestari,Kuliner & F&B,Menengah,2016,Denpasar,78,2023-01-10,Aktif,Pelanggan Tetap
SME-2024-00439,CV Tirta Sakti Mandiri,Perdagangan Eceran,Kecil,2014,Batam,9,2024-06-28,Aktif,Pelanggan Tetap
SME-2024-00440,CV Sumber Makmur Mandiri,Perdagangan Eceran,Kecil,2021,Bandar Lampung,15,2020-08-05,Aktif,Pelanggan Tetap
SME-2024-00441,PT Mandiri Mulia,Properti & Real Estate,Menengah,2011,Semarang,41,2021-03-09,Aktif,Pelanggan Tetap
SME-2024-00442,Toko Mega Makmur Abadi,Kesehatan,Kecil,2016,Bandar Lampung,7,2023-05-23,Aktif,Pelanggan Tetap
SME-2024-00443,UD Tirta Mulia Sentosa,Kuliner & F&B,Mikro,2014,Malang,5,2024-02-11,Aktif,Pelanggan Tetap
SME-2024-00444,CV Abadi Digital Lestari,Teknologi Informasi,Kecil,2015,Medan,15,2022-08-03,Aktif,Pelanggan Tetap
SME-2024-00445,Toko Abadi Teknologi Sentosa,Media & Kreatif,Kecil,2016,Batam,5,2023-10-13,Aktif,Pelanggan Tetap
SME-2024-00446,Toko Mega Sinergi Sentosa,Perdagangan Eceran,Kecil,2022,Palembang,8,2022-12-09,Aktif,Pelanggan Tetap
SME-2024-00447,UD Nusantara Bahagia Jaya,Media & Kreatif,Mikro,2011,Denpasar,2,2023-08-08,Aktif,Pelanggan Tetap
SME-2024-00448,Toko Sriwijaya Utama Jaya,Properti & Real Estate,Mikro,2020,Yogyakarta,4,2020-04-30,Aktif,Pelanggan Tetap
SME-2024-00449,Toko Berkah Data Abadi,Pendidikan & Training,Mikro,2021,Denpasar,2,2020-01-18,Aktif,Pelanggan Tetap
SME-2024-00450,Toko Sentosa Konektifitas Sentosa,Manufaktur,Kecil,2013,Makassar,10,2023-07-04,Aktif,Pelanggan Tetap
SME-2024-00451,Toko Duta Teknologi Sentosa,Pendidikan & Training,Kecil,2014,Semarang,10,2022-10-28,Aktif,Pelanggan Tetap
SME-2024-00452,PT Karya Persada Sentosa,Konstruksi,Besar,2018,Denpasar,199,2021-01-01,Aktif,Pelanggan Tetap
SME-2024-00453,Kios Citra Sinergi Abadi,Media & Kreatif,Mikro,2018,Tangerang,5,2024-04-16,Aktif,Pelanggan Tetap
SME-2024-00454,CV Mandiri Teknologi Sentosa,Perdagangan Eceran,Menengah,2018,Surabaya,84,2024-03-29,Aktif,Pelanggan Tetap
SME-2024-00455,UD Karya Sejahtera Mandiri,Jasa Keuangan,Mikro,2010,Palembang,4,2020-06-08,Aktif,Pelanggan Tetap
SME-2024-00456,UD Tirta Bahagia Abadi,Manufaktur,Kecil,2020,Medan,6,2024-11-14,Aktif,Pelanggan Tetap
SME-2024-00457,Warung Duta Konektifitas Pratama,Konstruksi,Mikro,2022,Yogyakarta,1,2023-12-25,Aktif,Pelanggan Tetap
SME-2024-00458,CV Surya Utama Abadi,Pendidikan & Training,Kecil,2011,Bandar Lampung,17,2024-06-09,Aktif,Pelanggan Tetap
SME-2024-00459,Warung Duta Andalan,Teknologi Informasi,Mikro,2010,Yogyakarta,5,2021-03-19,Aktif,Pelanggan Tetap
SME-2024-00460,Warung Bukit Makmur Sentosa,Media & Kreatif,Mikro,2019,Bandar Lampung,3,2021-10-10,Aktif,Pelanggan Tetap
SME-2024-00461,UD Jaya Sinergi Pratama,Transportasi & Logistik,Kecil,2020,Denpasar,17,2024-02-23,Aktif,Pelanggan Tetap
SME-2024-00462,CV Citra Digital Mandiri,Pendidikan & Training,Menengah,2023,Denpasar,100,2023-09-05,Aktif,Pelanggan Tetap
SME-2024-00463,PT Sentosa Solusi Pratama,Perdagangan Eceran,Menengah,2021,Makassar,73,2022-08-26,Aktif,Pelanggan Tetap
SME-2024-00464,PT Mitra Cemerlang Mandiri,Media & Kreatif,Menengah,2021,Bandar Lampung,59,2022-12-27,Aktif,Pelanggan Tetap
SME-2024-00465,CV Duta Network Abadi,Pertanian & Agribisnis,Kecil,2015,Makassar,15,2023-08-14,Aktif,Pelanggan Tetap
SME-2024-00466,Toko Surya Sejahtera Pratama,Jasa Keuangan,Kecil,2010,Medan,7,2022-10-07,Aktif,Pelanggan Tetap
SME-2024-00467,CV Jaya Lestari Lestari,Media & Kreatif,Kecil,2022,Batam,5,2023-04-03,Aktif,Pelanggan Tetap
SME-2024-00468,Warung Berkah Optima,Kesehatan,Mikro,2013,Bandung,3,2020-08-02,Aktif,Pelanggan Tetap
SME-2024-00469,CV Bumi Andalan Jaya,Teknologi Informasi,Menengah,2022,Semarang,65,2021-05-13,Aktif,Pelanggan Tetap
SME-2024-00470,CV Bumi Solusi Abadi,Kesehatan,Menengah,2019,Semarang,99,2022-10-23,Aktif,Pelanggan Tetap
SME-2024-00471,PT Jaya Sinergi Lestari,Kesehatan,Menengah,2012,Tangerang,41,2022-02-09,Aktif,Pelanggan Tetap
SME-2024-00472,Toko Tirta Mulia,Kesehatan,Kecil,2012,Denpasar,13,2023-11-20,Aktif,Pelanggan Tetap
SME-2024-00473,Warung Abadi Optima Sentosa,Properti & Real Estate,Mikro,2013,Tangerang,5,2023-08-31,Aktif,Pelanggan Tetap
SME-2024-00474,Toko Abadi Lestari Pratama,Kuliner & F&B,Mikro,2011,Yogyakarta,1,2020-07-22,Aktif,Pelanggan Tetap
SME-2024-00475,Warung Mega Bahagia,Konstruksi,Mikro,2021,Denpasar,4,2024-09-14,Aktif,Pelanggan Tetap
SME-2024-00476,Warung Mega Indah,Manufaktur,Mikro,2015,Malang,3,2021-11-13,Aktif,Pelanggan Tetap
SME-2024-00477,Kios Surya Utama,Pertanian & Agribisnis,Mikro,2010,Bandar Lampung,1,2022-05-25,Aktif,Pelanggan Tetap
SME-2024-00478,Toko Bumi Persada Lestari,Manufaktur,Kecil,2011,Bandar Lampung,7,2021-03-31,Aktif,Pelanggan Tetap
SME-2024-00479,CV Sumber Konektifitas Lestari,Teknologi Informasi,Kecil,2010,Bandung,20,2024-05-07,Aktif,Pelanggan Tetap
SME-2024-00480,CV Tirta Indah Lestari,Transportasi & Logistik,Menengah,2014,Bandar Lampung,68,2020-01-16,Aktif,Pelanggan Tetap
SME-2024-00481,Toko Citra Solusi Sentosa,Manufaktur,Kecil,2010,Jakarta,13,2024-07-20,Aktif,Pelanggan Tetap
SME-2024-00482,CV Surya Data Jaya,Pendidikan & Training,Kecil,2015,Tangerang,13,2023-03-11,Aktif,Pelanggan Tetap
SME-2024-00483,CV Sumber Utama Mandiri,Teknologi Informasi,Kecil,2021,Tangerang,10,2022-06-05,Aktif,Pelanggan Tetap
SME-2024-00484,CV Karya Optima,Pendidikan & Training,Menengah,2012,Surabaya,72,2024-08-21,Aktif,Pelanggan Tetap
SME-2024-00485,UD Garuda Data Abadi,Properti & Real Estate,Kecil,2017,Bandar Lampung,10,2023-07-23,Aktif,Pelanggan Tetap
SME-2024-00486,Toko Sriwijaya Solusi Lestari,Properti & Real Estate,Kecil,2011,Bandar Lampung,17,2022-09-26,Aktif,Pelanggan Tetap
SME-2024-00487,PT Bumi Makmur Mandiri,Jasa Keuangan,Menengah,2012,Tangerang,97,2020-04-25,Aktif,Pelanggan Tetap
SME-2024-00488,UD Mandiri Andalan Mandiri,Konstruksi,Kecil,2019,Palembang,15,2020-11-26,Aktif,Pelanggan Tetap
SME-2024-00489,CV Tirta Utama Pratama,Konstruksi,Menengah,2021,Bandung,80,2020-11-23,Aktif,Pelanggan Tetap
SME-2024-00490,Kios Karya Pratama Lestari,Properti & Real Estate,Mikro,2023,Semarang,2,2022-10-23,Aktif,Pelanggan Tetap
SME-2024-00491,PT Bintang Indah Pratama,Pendidikan & Training,Menengah,2018,Yogyakarta,25,2022-07-27,Aktif,Pelanggan Tetap
SME-2024-00492,Toko Berkah Sejahtera Abadi,Teknologi Informasi,Kecil,2014,Palembang,10,2020-02-22,Aktif,Pelanggan Tetap
SME-2024-00493,PT Permata Cemerlang Sentosa,Pertanian & Agribisnis,Menengah,2017,Denpasar,78,2023-05-02,Aktif,Pelanggan Tetap
SME-2024-00494,Toko Bintang Bahagia Pratama,Konstruksi,Mikro,2020,Bandung,1,2021-08-25,Aktif,Pelanggan Tetap
SME-2024-00495,Toko Bukit Solusi Sentosa,Media & Kreatif,Kecil,2015,Malang,19,2023-08-21,Aktif,Pelanggan Tetap
SME-2024-00496,CV Permata Digital Lestari,Pendidikan & Training,Kecil,2020,Tangerang,11,2022-08-23,Aktif,Pelanggan Tetap
SME-2024-00497,Warung Duta Sejahtera,Transportasi & Logistik,Mikro,2016,Yogyakarta,4,2022-09-22,Aktif,Pelanggan Tetap
SME-2024-00498,PT Nusantara Persada Lestari,Jasa Keuangan,Menengah,2015,Malang,40,2022-01-09,Aktif,Pelanggan Tetap
SME-2024-00499,CV Mega Network Sentosa,Kesehatan,Menengah,2018,Malang,78,2024-11-12,Aktif,Pelanggan Tetap
SME-2024-00500,CV Jaya Network Abadi,Transportasi & Logistik,Kecil,2017,Bandar Lampung,5,2024-02-11,Aktif,Pelanggan Tetap
SME-2024-00501,Toko Bumi Makmur Lestari,Perdagangan Eceran,Kecil,2020,Makassar,19,2020-05-14,Aktif,Pelanggan Tetap
SME-2024-00502,Kios Surya Sinergi Sentosa,Teknologi Informasi,Mikro,2020,Surabaya,5,2023-08-18,Aktif,Pelanggan Tetap
SME-2024-00503,Toko Tirta Sejahtera,Perdagangan Eceran,Mikro,2020,Bandar Lampung,3,2021-01-02,Aktif,Pelanggan Tetap
SME-2024-00504,PT Bumi Sinergi Jaya,Kesehatan,Menengah,2013,Yogyakarta,48,2020-08-24,Aktif,Pelanggan Tetap
SME-2024-00505,CV Surya Andalan Mandiri,Konstruksi,Menengah,2016,Bandung,74,2023-03-28,Aktif,Pelanggan Tetap
SME-2024-00506,Toko Bintang Network Pratama,Konstruksi,Kecil,2015,Yogyakarta,14,2021-11-27,Aktif,Pelanggan Tetap
SME-2024-00507,Toko Bukit Network,Properti & Real Estate,Kecil,2020,Makassar,16,2024-04-05,Aktif,Pelanggan Tetap
SME-2024-00508,Toko Karya Bahagia Sentosa,Properti & Real Estate,Kecil,2012,Makassar,20,2022-09-27,Aktif,Pelanggan Tetap
SME-2024-00509,CV Bukit Konektifitas Jaya,Teknologi Informasi,Menengah,2022,Bandar Lampung,33,2023-11-04,Aktif,Pelanggan Tetap
SME-2024-00510,Warung Surya Konektifitas Pratama,Media & Kreatif,Mikro,2017,Jakarta,4,2021-11-22,Aktif,Pelanggan Tetap
SME-2024-00511,PT Permata Optima Abadi,Pendidikan & Training,Besar,2014,Malang,329,2022-06-07,Aktif,Pelanggan Tetap
SME-2024-00512,Toko Nusantara Mulia Mandiri,Perdagangan Eceran,Kecil,2015,Denpasar,12,2023-03-19,Aktif,Pelanggan Tetap
SME-2024-00513,Kios Sriwijaya Andalan,Manufaktur,Mikro,2023,Jakarta,3,2022-09-30,Aktif,Pelanggan Tetap
SME-2024-00514,Kios Karya Makmur Mandiri,Konstruksi,Mikro,2013,Bandar Lampung,2,2020-01-05,Aktif,Pelanggan Tetap
SME-2024-00515,Toko Mega Andalan Pratama,Transportasi & Logistik,Kecil,2016,Batam,11,2021-05-15,Aktif,Pelanggan Tetap
SME-2024-00516,UD Garuda Digital Mandiri,Teknologi Informasi,Kecil,2011,Denpasar,16,2022-01-08,Aktif,Pelanggan Tetap
SME-2024-00517,Toko Jaya Bahagia Pratama,Konstruksi,Mikro,2014,Semarang,3,2021-12-26,Aktif,Pelanggan Tetap
SME-2024-00518,PT Nusantara Sakti Pratama,Properti & Real Estate,Besar,2017,Bandar Lampung,494,2024-01-13,Aktif,Pelanggan Tetap
SME-2024-00519,Toko Bumi Indah Pratama,Kuliner & F&B,Mikro,2010,Tangerang,5,2021-01-24,Aktif,Pelanggan Tetap
SME-2024-00520,Toko Mandiri Network Sentosa,Jasa Keuangan,Mikro,2017,Yogyakarta,2,2021-03-09,Aktif,Pelanggan Tetap
SME-2024-00521,CV Abadi Lestari Abadi,Konstruksi,Menengah,2017,Malang,43,2021-11-12,Aktif,Pelanggan Tetap
SME-2024-00522,CV Citra Bahagia Jaya,Pertanian & Agribisnis,Kecil,2016,Palembang,9,2024-09-23,Aktif,Pelanggan Tetap
SME-2024-00523,CV Sumber Network Mandiri,Properti & Real Estate,Kecil,2021,Medan,5,2022-06-16,Aktif,Pelanggan Tetap
SME-2024-00524,PT Tirta Utama Pratama,Transportasi & Logistik,Menengah,2019,Palembang,96,2020-03-19,Aktif,Pelanggan Tetap
SME-2024-00525,UD Garuda Indah Jaya,Pertanian & Agribisnis,Kecil,2012,Malang,6,2024-11-20,Aktif,Pelanggan Tetap
SME-2024-00526,Warung Nusantara Optima Lestari,Transportasi & Logistik,Mikro,2010,Semarang,3,2021-08-03,Aktif,Pelanggan Tetap
SME-2024-00527,UD Mandiri Indah Jaya,Pertanian & Agribisnis,Kecil,2022,Denpasar,15,2020-05-17,Aktif,Pelanggan Tetap
SME-2024-00528,Kios Berkah Makmur Lestari,Perdagangan Eceran,Mikro,2015,Bandar Lampung,5,2022-12-31,Aktif,Pelanggan Tetap
SME-2024-00529,UD Jaya Digital Mandiri,Transportasi & Logistik,Kecil,2019,Bandar Lampung,20,2023-12-17,Aktif,Pelanggan Tetap
SME-2024-00530,Warung Abadi Andalan Jaya,Teknologi Informasi,Mikro,2018,Makassar,5,2024-03-26,Aktif,Pelanggan Tetap
SME-2024-00531,CV Permata Optima,Transportasi & Logistik,Menengah,2019,Medan,68,2020-07-02,Aktif,Pelanggan Tetap
SME-2024-00532,CV Citra Konektifitas Lestari,Teknologi Informasi,Kecil,2010,Medan,12,2022-01-21,Aktif,Pelanggan Tetap
SME-2024-00533,CV Duta Optima,Transportasi & Logistik,Menengah,2014,Bandar Lampung,47,2020-11-08,Aktif,Pelanggan Tetap
SME-2024-00534,CV Bukit Solusi Sentosa,Transportasi & Logistik,Menengah,2016,Bandung,32,2024-12-25,Aktif,Pelanggan Tetap
SME-2024-00535,CV Nusantara Sinergi Pratama,Kesehatan,Kecil,2018,Palembang,14,2021-09-21,Aktif,Pelanggan Tetap
SME-2024-00536,CV Sriwijaya Persada Jaya,Kesehatan,Menengah,2013,Palembang,73,2023-03-30,Aktif,Pelanggan Tetap
SME-2024-00537,PT Surya Teknologi Jaya,Pertanian & Agribisnis,Besar,2021,Surabaya,336,2020-11-24,Aktif,Pelanggan Tetap
SME-2024-00538,Kios Bintang Persada Mandiri,Properti & Real Estate,Mikro,2017,Bandar Lampung,3,2022-02-06,Aktif,Pelanggan Tetap
SME-2024-00539,PT Nusantara Lestari Sentosa,Konstruksi,Menengah,2011,Jakarta,56,2023-05-04,Aktif,Pelanggan Tetap
SME-2024-00540,CV Tirta Makmur Mandiri,Pendidikan & Training,Kecil,2020,Medan,5,2022-09-04,Aktif,Pelanggan Tetap
SME-2024-00541,Warung Sentosa Solusi Sentosa,Media & Kreatif,Mikro,2012,Bandar Lampung,4,2024-07-07,Aktif,Pelanggan Tetap
SME-2024-00542,PT Sriwijaya Sejahtera Sentosa,Transportasi & Logistik,Menengah,2019,Yogyakarta,62,2024-07-14,Aktif,Pelanggan Tetap
SME-2024-00543,Kios Tirta Utama Pratama,Jasa Keuangan,Mikro,2016,Denpasar,3,2023-02-07,Aktif,Pelanggan Tetap
SME-2024-00544,Kios Citra Bahagia Abadi,Pendidikan & Training,Mikro,2017,Bandar Lampung,4,2023-05-09,Aktif,Pelanggan Tetap
SME-2024-00545,Toko Bintang Utama,Media & Kreatif,Mikro,2017,Semarang,5,2020-08-09,Aktif,Pelanggan Tetap
SME-2024-00546,UD Bumi Utama Abadi,Media & Kreatif,Kecil,2013,Surabaya,14,2021-03-25,Aktif,Pelanggan Tetap
SME-2024-00547,Warung Sumber Solusi,Kuliner & F&B,Mikro,2012,Yogyakarta,1,2023-10-05,Aktif,Pelanggan Tetap
SME-2024-00548,Toko Bukit Andalan Pratama,Manufaktur,Kecil,2016,Bandung,11,2021-11-08,Aktif,Pelanggan Tetap
SME-2024-00549,UD Mitra Makmur Abadi,Teknologi Informasi,Mikro,2014,Medan,4,2022-04-28,Aktif,Pelanggan Tetap
SME-2024-00550,CV Citra Andalan Sentosa,Perdagangan Eceran,Menengah,2022,Yogyakarta,71,2021-10-28,Aktif,Pelanggan Tetap
SME-2024-00551,CV Abadi Lestari Jaya,Properti & Real Estate,Kecil,2020,Yogyakarta,16,2021-11-28,Aktif,Pelanggan Tetap
SME-2024-00552,UD Berkah Sakti,Jasa Keuangan,Kecil,2012,Makassar,6,2020-09-14,Aktif,Pelanggan Tetap
SME-2024-00553,Toko Surya Pratama Abadi,Jasa Keuangan,Kecil,2022,Jakarta,11,2020-04-26,Aktif,Pelanggan Tetap
SME-2024-00554,UD Abadi Utama Mandiri,Konstruksi,Kecil,2011,Tangerang,12,2020-12-26,Aktif,Pelanggan Tetap
SME-2024-00555,Kios Bintang Indah Abadi,Konstruksi,Mikro,2022,Malang,5,2022-07-31,Aktif,Pelanggan Tetap
SME-2024-00556,Toko Karya Indah,Pertanian & Agribisnis,Mikro,2019,Denpasar,2,2020-04-23,Aktif,Pelanggan Tetap
SME-2024-00557,Kios Citra Sakti Lestari,Jasa Keuangan,Mikro,2010,Batam,1,2019-12-08,Aktif,Pelanggan Tetap
SME-2024-00558,CV Duta Solusi Sentosa,Perdagangan Eceran,Kecil,2015,Denpasar,17,2023-05-07,Aktif,Pelanggan Tetap
SME-2024-00559,CV Permata Solusi Sentosa,Teknologi Informasi,Menengah,2010,Jakarta,97,2023-08-30,Aktif,Pelanggan Tetap
SME-2024-00560,PT Duta Optima Jaya,Pendidikan & Training,Menengah,2014,Bandar Lampung,54,2022-03-28,Aktif,Pelanggan Tetap
SME-2024-00561,Toko Tirta Teknologi Abadi,Kesehatan,Mikro,2014,Medan,4,2022-04-27,Aktif,Pelanggan Tetap
SME-2024-00562,Toko Mandiri Solusi Jaya,Konstruksi,Mikro,2023,Bandung,5,2020-12-13,Aktif,Pelanggan Tetap
SME-2024-00563,Warung Garuda Cemerlang,Pertanian & Agribisnis,Mikro,2021,Palembang,1,2023-11-15,Aktif,Pelanggan Tetap
SME-2024-00564,Toko Sumber Mulia Lestari,Jasa Keuangan,Kecil,2022,Semarang,11,2024-08-15,Aktif,Pelanggan Tetap
SME-2024-00565,Kios Mandiri Optima Sentosa,Teknologi Informasi,Mikro,2019,Surabaya,5,2021-11-12,Aktif,Pelanggan Tetap
SME-2024-00566,Warung Sumber Data Sentosa,Jasa Keuangan,Mikro,2013,Bandar Lampung,2,2023-11-05,Aktif,Pelanggan Tetap
SME-2024-00567,Toko Nusantara Konektifitas Mandiri,Media & Kreatif,Mikro,2018,Surabaya,5,2020-11-18,Aktif,Pelanggan Tetap
SME-2024-00568,CV Garuda Indah Abadi,Transportasi & Logistik,Menengah,2022,Bandar Lampung,99,2021-05-11,Aktif,Pelanggan Tetap
SME-2024-00569,UD Bukit Pratama Lestari,Manufaktur,Kecil,2022,Medan,16,2023-11-11,Aktif,Pelanggan Tetap
SME-2024-00570,UD Jaya Digital Pratama,Transportasi & Logistik,Kecil,2013,Yogyakarta,11,2021-12-17,Aktif,Pelanggan Tetap
SME-2024-00571,Toko Nusantara Utama Lestari,Manufaktur,Kecil,2019,Bandung,10,2021-08-20,Aktif,Pelanggan Tetap
SME-2024-00572,Toko Surya Cemerlang Jaya,Konstruksi,Mikro,2013,Surabaya,4,2022-05-24,Aktif,Pelanggan Tetap
SME-2024-00573,Kios Jaya Makmur Sentosa,Pendidikan & Training,Mikro,2010,Yogyakarta,3,2024-08-10,Aktif,Pelanggan Tetap
SME-2024-00574,CV Bintang Digital Jaya,Manufaktur,Kecil,2011,Surabaya,15,2024-09-16,Aktif,Pelanggan Tetap
SME-2024-00575,PT Duta Pratama,Transportasi & Logistik,Menengah,2013,Denpasar,49,2021-07-07,Aktif,Pelanggan Tetap
SME-2024-00576,CV Sumber Konektifitas Jaya,Media & Kreatif,Menengah,2019,Tangerang,77,2023-01-20,Aktif,Pelanggan Tetap
SME-2024-00577,Toko Berkah Andalan Abadi,Properti & Real Estate,Mikro,2019,Batam,3,2024-09-30,Aktif,Pelanggan Tetap
SME-2024-00578,UD Sentosa Solusi Sentosa,Kesehatan,Mikro,2011,Medan,1,2022-09-16,Aktif,Pelanggan Tetap
SME-2024-00579,Toko Sumber Solusi Mandiri,Perdagangan Eceran,Kecil,2011,Makassar,9,2023-09-12,Aktif,Pelanggan Tetap
SME-2024-00580,Toko Duta Konektifitas Abadi,Perdagangan Eceran,Kecil,2021,Batam,17,2020-04-19,Aktif,Pelanggan Tetap
SME-2024-00581,UD Duta Sakti,Perdagangan Eceran,Kecil,2016,Bandung,12,2023-06-12,Aktif,Pelanggan Tetap
SME-2024-00582,Warung Tirta Sejahtera Lestari,Konstruksi,Mikro,2017,Jakarta,4,2024-10-09,Aktif,Pelanggan Tetap
SME-2024-00583,UD Sumber Digital Abadi,Pertanian & Agribisnis,Kecil,2016,Yogyakarta,16,2021-09-21,Aktif,Pelanggan Tetap
SME-2024-00584,PT Mega Andalan Mandiri,Pendidikan & Training,Menengah,2022,Semarang,40,2023-04-30,Aktif,Pelanggan Tetap
SME-2024-00585,CV Sriwijaya Lestari,Konstruksi,Menengah,2013,Palembang,35,2022-07-04,Aktif,Pelanggan Tetap
SME-2024-00586,Toko Permata Sinergi,Perdagangan Eceran,Mikro,2011,Semarang,3,2023-03-26,Aktif,Pelanggan Tetap
SME-2024-00587,Toko Mandiri Utama,Jasa Keuangan,Kecil,2012,Medan,10,2020-09-16,Aktif,Pelanggan Tetap
SME-2024-00588,PT Mandiri Network Abadi,Properti & Real Estate,Menengah,2014,Semarang,94,2022-07-06,Aktif,Pelanggan Tetap
SME-2024-00589,CV Bintang Teknologi Lestari,Manufaktur,Kecil,2019,Semarang,14,2023-03-30,Aktif,Pelanggan Tetap
SME-2024-00590,UD Berkah Sinergi,Jasa Keuangan,Kecil,2014,Surabaya,6,2024-03-25,Aktif,Pelanggan Tetap
SME-2024-00591,UD Tirta Data Sentosa,Manufaktur,Kecil,2016,Bandung,19,2024-05-07,Aktif,Pelanggan Tetap
SME-2024-00592,Toko Mandiri Indah Abadi,Teknologi Informasi,Kecil,2011,Makassar,19,2022-07-14,Aktif,Pelanggan Tetap
SME-2024-00593,CV Duta Bahagia,Konstruksi,Kecil,2011,Malang,12,2020-07-10,Aktif,Pelanggan Tetap
SME-2024-00594,Toko Nusantara Network Mandiri,Pendidikan & Training,Kecil,2020,Denpasar,7,2023-09-02,Aktif,Pelanggan Tetap
SME-2024-00595,UD Mitra Solusi Abadi,Manufaktur,Mikro,2021,Makassar,4,2023-02-13,Aktif,Pelanggan Tetap
SME-2024-00596,Toko Bumi Sakti Jaya,Properti & Real Estate,Mikro,2022,Tangerang,1,2022-03-28,Aktif,Pelanggan Tetap
SME-2024-00597,CV Sriwijaya Network Mandiri,Kesehatan,Kecil,2020,Medan,20,2020-09-13,Aktif,Pelanggan Tetap
SME-2024-00598,Toko Bintang Sakti Jaya,Manufaktur,Mikro,2021,Batam,2,2024-06-20,Aktif,Pelanggan Tetap
SME-2024-00599,Warung Mitra Persada Mandiri,Media & Kreatif,Mikro,2021,Semarang,3,2020-05-13,Aktif,Pelanggan Tetap
SME-2024-00600,CV Duta Mulia Lestari,Properti & Real Estate,Kecil,2021,Bandung,17,2021-04-14,Aktif,Pelanggan Tetap
SME-2024-00601,Toko Mega Pratama Abadi,Kesehatan,Mikro,2017,Denpasar,2,2026-02-04,Aktif,Pelanggan Baru
SME-2024-00602,CV Jaya Sejahtera Lestari,Pertanian & Agribisnis,Menengah,2013,Medan,97,2026-06-04,Aktif,Pelanggan Baru
SME-2024-00603,PT Citra Optima Pratama,Jasa Keuangan,Menengah,2013,Bandar Lampung,57,2026-06-08,Aktif,Pelanggan Baru
SME-2024-00604,UD Mandiri Sakti Mandiri,Konstruksi,Mikro,2023,Makassar,1,2026-02-06,Aktif,Pelanggan Baru
SME-2024-00605,CV Karya Konektifitas Pratama,Transportasi & Logistik,Kecil,2011,Malang,17,2026-06-21,Aktif,Pelanggan Baru
SME-2024-00606,CV Mega Konektifitas Mandiri,Transportasi & Logistik,Menengah,2010,Bandar Lampung,36,2026-05-26,Aktif,Pelanggan Baru
SME-2024-00607,CV Sriwijaya Makmur Lestari,Perdagangan Eceran,Kecil,2018,Palembang,10,2026-05-28,Aktif,Pelanggan Baru
SME-2024-00608,PT Abadi Sakti,Perdagangan Eceran,Menengah,2010,Bandung,94,2026-01-05,Aktif,Pelanggan Baru
SME-2024-00609,PT Sumber Makmur Pratama,Perdagangan Eceran,Menengah,2023,Bandar Lampung,77,2026-02-19,Aktif,Pelanggan Baru
SME-2024-00610,UD Sriwijaya Lestari Lestari,Teknologi Informasi,Kecil,2012,Jakarta,7,2026-01-16,Aktif,Pelanggan Baru
SME-2024-00611,CV Sriwijaya Utama,Kesehatan,Kecil,2013,Makassar,10,2026-06-07,Aktif,Pelanggan Baru
SME-2024-00612,UD Sriwijaya Konektifitas Lestari,Konstruksi,Mikro,2022,Tangerang,3,2026-04-01,Aktif,Pelanggan Baru
SME-2024-00613,Toko Sumber Sinergi Abadi,Jasa Keuangan,Mikro,2016,Bandar Lampung,5,2026-05-14,Aktif,Pelanggan Baru
SME-2024-00614,Toko Sumber Indah Mandiri,Jasa Keuangan,Kecil,2021,Bandar Lampung,14,2026-06-15,Aktif,Pelanggan Baru
SME-2024-00615,Toko Surya Sinergi Sentosa,Konstruksi,Mikro,2023,Medan,1,2026-03-02,Aktif,Pelanggan Baru
SME-2024-00616,Toko Sriwijaya Konektifitas,Teknologi Informasi,Kecil,2020,Surabaya,17,2026-03-15,Aktif,Pelanggan Baru
SME-2024-00617,PT Jaya Digital Pratama,Pertanian & Agribisnis,Besar,2020,Denpasar,216,2026-05-06,Aktif,Pelanggan Baru
SME-2024-00618,CV Permata Andalan Sentosa,Kesehatan,Kecil,2013,Bandar Lampung,20,2026-04-12,Aktif,Pelanggan Baru
SME-2024-00619,CV Karya Optima,Manufaktur,Menengah,2011,Makassar,76,2026-05-29,Aktif,Pelanggan Baru
SME-2024-00620,Toko Citra Sejahtera Sentosa,Perdagangan Eceran,Kecil,2023,Tangerang,18,2026-05-22,Aktif,Pelanggan Baru
SME-2024-00621,CV Permata Konektifitas Sentosa,Pendidikan & Training,Kecil,2017,Semarang,14,2026-03-16,Aktif,Pelanggan Baru
SME-2024-00622,UD Jaya Bahagia,Kesehatan,Kecil,2015,Medan,6,2026-04-06,Aktif,Pelanggan Baru
SME-2024-00623,UD Sentosa Data Lestari,Manufaktur,Mikro,2011,Denpasar,1,2026-05-05,Aktif,Pelanggan Baru
SME-2024-00624,Toko Mandiri Solusi Pratama,Kesehatan,Mikro,2020,Malang,1,2026-06-22,Aktif,Pelanggan Baru
SME-2024-00625,UD Berkah Sakti Lestari,Media & Kreatif,Mikro,2017,Batam,2,2026-05-21,Aktif,Pelanggan Baru
SME-2024-00626,UD Bukit Data Mandiri,Konstruksi,Kecil,2020,Makassar,8,2026-05-26,Aktif,Pelanggan Baru
SME-2024-00627,Toko Karya Sejahtera Sentosa,Transportasi & Logistik,Kecil,2023,Denpasar,15,2026-06-04,Aktif,Pelanggan Baru
SME-2024-00628,CV Sentosa Persada,Pertanian & Agribisnis,Menengah,2019,Semarang,25,2026-03-28,Aktif,Pelanggan Baru
SME-2024-00629,UD Garuda Pratama Abadi,Kuliner & F&B,Kecil,2023,Bandar Lampung,18,2026-03-17,Aktif,Pelanggan Baru
SME-2024-00630,CV Bintang Indah Jaya,Teknologi Informasi,Kecil,2015,Denpasar,16,2026-01-28,Aktif,Pelanggan Baru
SME-2024-00631,CV Duta Teknologi Pratama,Teknologi Informasi,Menengah,2016,Makassar,63,2026-03-01,Aktif,Pelanggan Baru
SME-2024-00632,Warung Bukit Mulia Sentosa,Pendidikan & Training,Mikro,2014,Palembang,4,2026-01-16,Aktif,Pelanggan Baru
SME-2024-00633,Kios Bukit Sejahtera Jaya,Manufaktur,Mikro,2011,Makassar,2,2026-03-25,Aktif,Pelanggan Baru
SME-2024-00634,PT Sumber Digital,Perdagangan Eceran,Menengah,2021,Denpasar,68,2026-02-27,Aktif,Pelanggan Baru
SME-2024-00635,Toko Abadi Bahagia Lestari,Perdagangan Eceran,Kecil,2020,Yogyakarta,15,2026-04-13,Aktif,Pelanggan Baru
SME-2024-00636,Toko Duta Makmur Mandiri,Transportasi & Logistik,Kecil,2019,Tangerang,17,2026-03-26,Aktif,Pelanggan Baru
SME-2024-00637,Toko Jaya Optima Lestari,Perdagangan Eceran,Kecil,2012,Malang,12,2026-04-20,Aktif,Pelanggan Baru
SME-2024-00638,Warung Mandiri Sinergi Lestari,Manufaktur,Mikro,2012,Semarang,5,2026-05-12,Aktif,Pelanggan Baru
SME-2024-00639,PT Mega Optima Lestari,Properti & Real Estate,Besar,2018,Malang,114,2026-04-16,Aktif,Pelanggan Baru
SME-2024-00640,CV Tirta Pratama Pratama,Media & Kreatif,Menengah,2010,Batam,99,2026-06-16,Aktif,Pelanggan Baru
SME-2024-00641,PT Bukit Mulia Jaya,Kuliner & F&B,Menengah,2010,Jakarta,97,2026-01-23,Aktif,Pelanggan Baru
SME-2024-00642,Warung Jaya Konektifitas Lestari,Properti & Real Estate,Mikro,2020,Palembang,2,2026-06-01,Aktif,Pelanggan Baru
SME-2024-00643,CV Garuda Konektifitas Jaya,Konstruksi,Menengah,2017,Malang,65,2026-04-19,Aktif,Pelanggan Baru
SME-2024-00644,PT Nusantara Lestari,Pendidikan & Training,Besar,2023,Denpasar,368,2026-01-04,Aktif,Pelanggan Baru
SME-2024-00645,Toko Duta Network Abadi,Jasa Keuangan,Mikro,2019,Medan,2,2026-05-12,Aktif,Pelanggan Baru
SME-2024-00646,Toko Duta Cemerlang Mandiri,Pertanian & Agribisnis,Mikro,2012,Tangerang,2,2026-05-04,Aktif,Pelanggan Baru
SME-2024-00647,CV Karya Persada Mandiri,Perdagangan Eceran,Menengah,2020,Tangerang,42,2026-02-27,Aktif,Pelanggan Baru
SME-2024-00648,Kios Citra Sinergi Pratama,Pendidikan & Training,Mikro,2020,Bandung,1,2026-02-20,Aktif,Pelanggan Baru
SME-2024-00649,PT Berkah Sakti Sentosa,Pendidikan & Training,Besar,2022,Bandung,442,2026-02-20,Aktif,Pelanggan Baru
SME-2024-00650,Toko Permata Digital Pratama,Perdagangan Eceran,Kecil,2016,Malang,14,2026-04-02,Aktif,Pelanggan Baru
SME-2024-00651,PT Jaya Sinergi,Properti & Real Estate,Menengah,2020,Batam,42,2026-03-11,Aktif,Pelanggan Baru
SME-2024-00652,Toko Duta Persada Lestari,Konstruksi,Kecil,2018,Bandung,11,2026-03-15,Aktif,Pelanggan Baru
SME-2024-00653,Kios Garuda Konektifitas Mandiri,Pertanian & Agribisnis,Mikro,2019,Bandung,2,2026-02-11,Aktif,Pelanggan Baru
SME-2024-00654,Warung Karya Optima Jaya,Konstruksi,Mikro,2014,Medan,5,2026-03-28,Aktif,Pelanggan Baru
SME-2024-00655,CV Tirta Utama Abadi,Transportasi & Logistik,Kecil,2018,Semarang,6,2026-04-29,Aktif,Pelanggan Baru
SME-2024-00656,CV Jaya Lestari Lestari,Konstruksi,Kecil,2020,Batam,6,2026-02-04,Aktif,Pelanggan Baru
SME-2024-00657,PT Citra Sinergi Abadi,Transportasi & Logistik,Menengah,2010,Yogyakarta,54,2026-03-02,Aktif,Pelanggan Baru
SME-2024-00658,PT Tirta Cemerlang Abadi,Jasa Keuangan,Menengah,2018,Batam,38,2026-02-02,Aktif,Pelanggan Baru
SME-2024-00659,PT Karya Persada Abadi,Properti & Real Estate,Menengah,2012,Medan,99,2026-01-15,Aktif,Pelanggan Baru
SME-2024-00660,Toko Permata Lestari Lestari,Transportasi & Logistik,Mikro,2019,Bandung,1,2026-04-17,Aktif,Pelanggan Baru
SME-2024-00661,Toko Sriwijaya Network Pratama,Transportasi & Logistik,Mikro,2017,Denpasar,1,2026-02-21,Aktif,Pelanggan Baru
SME-2024-00662,CV Permata Utama Abadi,Jasa Keuangan,Kecil,2013,Bandar Lampung,19,2026-06-10,Aktif,Pelanggan Baru
SME-2024-00663,Warung Abadi Andalan,Jasa Keuangan,Mikro,2011,Yogyakarta,2,2026-03-07,Aktif,Pelanggan Baru
SME-2024-00664,PT Bumi Utama Mandiri,Jasa Keuangan,Menengah,2023,Denpasar,30,2026-06-17,Aktif,Pelanggan Baru
SME-2024-00665,Kios Permata Mulia Lestari,Manufaktur,Mikro,2019,Tangerang,4,2026-04-14,Aktif,Pelanggan Baru
SME-2024-00666,Toko Sentosa Sakti,Perdagangan Eceran,Kecil,2014,Bandar Lampung,17,2026-01-26,Aktif,Pelanggan Baru
SME-2024-00667,Warung Bukit Andalan Pratama,Pendidikan & Training,Mikro,2016,Yogyakarta,1,2026-02-16,Aktif,Pelanggan Baru
SME-2024-00668,UD Jaya Makmur Abadi,Transportasi & Logistik,Kecil,2012,Malang,15,2026-04-05,Aktif,Pelanggan Baru
SME-2024-00669,UD Garuda Konektifitas Sentosa,Kesehatan,Kecil,2017,Surabaya,8,2026-03-13,Aktif,Pelanggan Baru
SME-2024-00670,PT Mega Solusi Mandiri,Pertanian & Agribisnis,Menengah,2015,Palembang,26,2026-03-18,Aktif,Pelanggan Baru
SME-2024-00671,Kios Duta Sakti Mandiri,Teknologi Informasi,Mikro,2017,Batam,4,2026-04-07,Aktif,Pelanggan Baru
SME-2024-00672,CV Sentosa Bahagia Abadi,Teknologi Informasi,Kecil,2013,Tangerang,10,2026-01-24,Aktif,Pelanggan Baru
SME-2024-00673,CV Tirta Digital Mandiri,Transportasi & Logistik,Kecil,2019,Medan,7,2026-02-19,Aktif,Pelanggan Baru
SME-2024-00674,Warung Jaya Digital Mandiri,Pertanian & Agribisnis,Mikro,2019,Surabaya,3,2026-06-05,Aktif,Pelanggan Baru
SME-2024-00675,PT Sentosa Utama Lestari,Jasa Keuangan,Menengah,2010,Medan,82,2026-01-20,Aktif,Pelanggan Baru
SME-2024-00676,Warung Berkah Optima,Perdagangan Eceran,Mikro,2020,Semarang,3,2026-06-25,Aktif,Pelanggan Baru
SME-2024-00677,Warung Karya Cemerlang Abadi,Transportasi & Logistik,Mikro,2014,Malang,2,2026-01-16,Aktif,Pelanggan Baru
SME-2024-00678,Toko Tirta Makmur Lestari,Kesehatan,Kecil,2012,Batam,19,2026-03-02,Aktif,Pelanggan Baru
SME-2024-00679,UD Tirta Andalan,Jasa Keuangan,Mikro,2011,Tangerang,2,2026-05-07,Aktif,Pelanggan Baru
SME-2024-00680,Warung Bukit Sejahtera,Perdagangan Eceran,Mikro,2017,Makassar,3,2026-04-08,Aktif,Pelanggan Baru
SME-2024-00681,CV Sriwijaya Solusi Lestari,Properti & Real Estate,Kecil,2010,Bandung,18,2026-05-23,Aktif,Pelanggan Baru
SME-2024-00682,Toko Bukit Indah Lestari,Properti & Real Estate,Mikro,2016,Tangerang,5,2026-01-18,Aktif,Pelanggan Baru
SME-2024-00683,UD Mitra Solusi Lestari,Kuliner & F&B,Kecil,2023,Makassar,12,2026-03-29,Aktif,Pelanggan Baru
SME-2024-00684,CV Berkah Pratama Abadi,Jasa Keuangan,Kecil,2019,Yogyakarta,5,2026-02-18,Aktif,Pelanggan Baru
SME-2024-00685,Toko Mandiri Indah Abadi,Manufaktur,Mikro,2023,Palembang,1,2026-02-12,Aktif,Pelanggan Baru
SME-2024-00686,PT Sriwijaya Data Mandiri,Kesehatan,Besar,2018,Yogyakarta,300,2026-01-12,Aktif,Pelanggan Baru
SME-2024-00687,CV Surya Sejahtera Sentosa,Properti & Real Estate,Kecil,2015,Bandung,6,2026-06-04,Aktif,Pelanggan Baru
SME-2024-00688,Toko Citra Network,Perdagangan Eceran,Mikro,2010,Makassar,1,2026-02-19,Aktif,Pelanggan Baru
SME-2024-00689,CV Bukit Cemerlang Mandiri,Jasa Keuangan,Kecil,2010,Semarang,14,2026-05-29,Aktif,Pelanggan Baru
SME-2024-00690,Toko Sumber Teknologi,Jasa Keuangan,Mikro,2011,Malang,1,2026-03-12,Aktif,Pelanggan Baru
SME-2024-00691,CV Tirta Pratama Mandiri,Media & Kreatif,Kecil,2016,Medan,5,2026-01-07,Aktif,Pelanggan Baru
SME-2024-00692,PT Mitra Sejahtera Mandiri,Transportasi & Logistik,Menengah,2016,Medan,26,2026-01-31,Aktif,Pelanggan Baru
SME-2024-00693,PT Mandiri Digital Jaya,Perdagangan Eceran,Menengah,2013,Denpasar,48,2026-03-04,Aktif,Pelanggan Baru
SME-2024-00694,Toko Bintang Bahagia Mandiri,Properti & Real Estate,Kecil,2017,Makassar,8,2026-02-18,Aktif,Pelanggan Baru
SME-2024-00695,PT Tirta Solusi,Perdagangan Eceran,Menengah,2016,Bandar Lampung,82,2026-04-04,Aktif,Pelanggan Baru
SME-2024-00696,Toko Surya Andalan Sentosa,Pertanian & Agribisnis,Mikro,2022,Surabaya,2,2026-01-08,Aktif,Pelanggan Baru
SME-2024-00697,Toko Tirta Lestari Sentosa,Media & Kreatif,Mikro,2016,Palembang,3,2026-03-08,Aktif,Pelanggan Baru
SME-2024-00698,UD Berkah Network Lestari,Pendidikan & Training,Kecil,2010,Batam,9,2026-05-05,Aktif,Pelanggan Baru
SME-2024-00699,Toko Citra Data Pratama,Kesehatan,Kecil,2020,Jakarta,10,2026-04-26,Aktif,Pelanggan Baru
SME-2024-00700,Kios Bumi Cemerlang Jaya,Pertanian & Agribisnis,Mikro,2018,Jakarta,4,2026-06-03,Aktif,Pelanggan Baru
SME-2024-00701,UD Permata Sejahtera Sentosa,Pertanian & Agribisnis,Kecil,2023,Bandung,11,2026-06-10,Aktif,Pelanggan Baru
SME-2024-00702,UD Tirta Pratama Pratama,Media & Kreatif,Kecil,2015,Denpasar,20,2026-01-27,Aktif,Pelanggan Baru
SME-2024-00703,Toko Jaya Sinergi Abadi,Teknologi Informasi,Kecil,2015,Medan,5,2026-05-12,Aktif,Pelanggan Baru
SME-2024-00704,Warung Duta Mulia Mandiri,Manufaktur,Mikro,2019,Tangerang,4,2026-03-21,Aktif,Pelanggan Baru
SME-2024-00705,UD Mitra Persada,Konstruksi,Mikro,2015,Batam,5,2026-02-27,Aktif,Pelanggan Baru
SME-2024-00706,UD Mitra Persada Jaya,Pendidikan & Training,Mikro,2018,Palembang,3,2026-01-26,Aktif,Pelanggan Baru
SME-2024-00707,PT Karya Persada Lestari,Media & Kreatif,Menengah,2023,Makassar,29,2026-06-20,Aktif,Pelanggan Baru
SME-2024-00708,UD Tirta Persada Abadi,Media & Kreatif,Mikro,2012,Semarang,3,2026-01-07,Aktif,Pelanggan Baru
SME-2024-00709,Toko Tirta Digital Mandiri,Kuliner & F&B,Kecil,2011,Batam,19,2026-02-16,Aktif,Pelanggan Baru
SME-2024-00710,Warung Citra Cemerlang Abadi,Transportasi & Logistik,Mikro,2018,Tangerang,3,2026-03-17,Aktif,Pelanggan Baru
SME-2024-00711,Kios Nusantara Digital Jaya,Properti & Real Estate,Mikro,2010,Tangerang,2,2026-04-30,Aktif,Pelanggan Baru
SME-2024-00712,CV Mandiri Solusi Jaya,Pertanian & Agribisnis,Kecil,2014,Bandar Lampung,20,2026-05-07,Aktif,Pelanggan Baru
SME-2024-00713,CV Bukit Bahagia Lestari,Manufaktur,Kecil,2010,Makassar,14,2026-06-08,Aktif,Pelanggan Baru
SME-2024-00714,Toko Tirta Utama Sentosa,Kesehatan,Mikro,2010,Tangerang,4,2026-01-20,Aktif,Pelanggan Baru
SME-2024-00715,PT Duta Cemerlang Pratama,Jasa Keuangan,Besar,2018,Bandar Lampung,254,2026-04-08,Aktif,Pelanggan Baru
SME-2024-00716,Toko Sriwijaya Digital Pratama,Kesehatan,Kecil,2010,Palembang,20,2026-04-05,Aktif,Pelanggan Baru
SME-2024-00717,UD Garuda Solusi Pratama,Media & Kreatif,Kecil,2010,Jakarta,5,2026-04-11,Aktif,Pelanggan Baru
SME-2024-00718,UD Berkah Sakti Pratama,Pendidikan & Training,Mikro,2013,Makassar,4,2026-03-01,Aktif,Pelanggan Baru
SME-2024-00719,PT Bumi Data Abadi,Perdagangan Eceran,Menengah,2017,Jakarta,25,2026-01-20,Aktif,Pelanggan Baru
SME-2024-00720,UD Surya Digital,Transportasi & Logistik,Kecil,2010,Batam,13,2026-05-31,Aktif,Pelanggan Baru
SME-2024-00721,CV Surya Teknologi Sentosa,Pendidikan & Training,Kecil,2021,Semarang,5,2026-05-27,Aktif,Pelanggan Baru
SME-2024-00722,PT Mega Teknologi Pratama,Pertanian & Agribisnis,Menengah,2019,Jakarta,47,2026-01-28,Aktif,Pelanggan Baru
SME-2024-00723,UD Karya Konektifitas Lestari,Kuliner & F&B,Kecil,2016,Bandung,18,2026-04-06,Aktif,Pelanggan Baru
SME-2024-00724,Kios Mega Makmur,Media & Kreatif,Mikro,2021,Semarang,2,2026-05-17,Aktif,Pelanggan Baru
SME-2024-00725,CV Mega Lestari Lestari,Pendidikan & Training,Menengah,2013,Bandung,37,2026-06-04,Aktif,Pelanggan Baru
SME-2024-00726,Toko Garuda Sakti,Konstruksi,Mikro,2012,Medan,4,2026-06-20,Aktif,Pelanggan Baru
SME-2024-00727,CV Sentosa Pratama Mandiri,Konstruksi,Menengah,2012,Yogyakarta,88,2026-02-24,Aktif,Pelanggan Baru
SME-2024-00728,Toko Berkah Lestari Jaya,Kesehatan,Kecil,2019,Batam,12,2026-01-28,Aktif,Pelanggan Baru
SME-2024-00729,Kios Bumi Makmur,Konstruksi,Mikro,2023,Medan,2,2026-06-12,Aktif,Pelanggan Baru
SME-2024-00730,CV Mitra Utama Abadi,Pertanian & Agribisnis,Menengah,2019,Palembang,36,2026-02-01,Aktif,Pelanggan Baru
SME-2024-00731,CV Sentosa Sejahtera Abadi,Pendidikan & Training,Menengah,2022,Jakarta,23,2026-03-20,Aktif,Pelanggan Baru
SME-2024-00732,CV Bumi Teknologi Sentosa,Pendidikan & Training,Kecil,2017,Bandung,7,2026-02-21,Aktif,Pelanggan Baru
SME-2024-00733,CV Mitra Sakti Abadi,Properti & Real Estate,Kecil,2020,Malang,9,2026-02-22,Aktif,Pelanggan Baru
SME-2024-00734,CV Bumi Mulia Lestari,Kesehatan,Kecil,2023,Semarang,9,2026-04-01,Aktif,Pelanggan Baru
SME-2024-00735,Kios Sentosa Utama Jaya,Transportasi & Logistik,Mikro,2019,Semarang,5,2026-01-11,Aktif,Pelanggan Baru
SME-2024-00736,Toko Jaya Solusi Mandiri,Pertanian & Agribisnis,Kecil,2011,Denpasar,12,2026-05-19,Aktif,Pelanggan Baru
SME-2024-00737,UD Jaya Indah Jaya,Kuliner & F&B,Mikro,2020,Bandar Lampung,4,2026-06-08,Aktif,Pelanggan Baru
SME-2024-00738,Warung Bumi Digital Jaya,Pertanian & Agribisnis,Mikro,2013,Denpasar,2,2026-01-07,Aktif,Pelanggan Baru
SME-2024-00739,UD Sriwijaya Sakti Sentosa,Konstruksi,Kecil,2016,Palembang,20,2026-05-26,Aktif,Pelanggan Baru
SME-2024-00740,UD Bukit Konektifitas Jaya,Teknologi Informasi,Kecil,2014,Yogyakarta,7,2026-04-03,Aktif,Pelanggan Baru
SME-2024-00741,CV Nusantara Mulia Lestari,Perdagangan Eceran,Menengah,2019,Bandung,71,2026-03-31,Aktif,Pelanggan Baru
SME-2024-00742,PT Mandiri Persada,Media & Kreatif,Besar,2022,Denpasar,188,2026-05-17,Aktif,Pelanggan Baru
SME-2024-00743,UD Garuda Data Jaya,Pendidikan & Training,Mikro,2021,Bandung,2,2026-06-02,Aktif,Pelanggan Baru
SME-2024-00744,UD Sumber Pratama Abadi,Kuliner & F&B,Mikro,2023,Bandung,3,2026-06-13,Aktif,Pelanggan Baru
SME-2024-00745,Warung Bintang Teknologi Mandiri,Manufaktur,Mikro,2021,Bandar Lampung,2,2026-01-21,Aktif,Pelanggan Baru
SME-2024-00746,UD Abadi Indah Abadi,Perdagangan Eceran,Kecil,2019,Malang,16,2026-03-30,Aktif,Pelanggan Baru
SME-2024-00747,UD Duta Pratama Lestari,Kuliner & F&B,Mikro,2014,Malang,4,2026-04-13,Aktif,Pelanggan Baru
SME-2024-00748,Toko Bumi Indah Pratama,Kesehatan,Kecil,2012,Bandung,20,2026-02-03,Aktif,Pelanggan Baru
SME-2024-00749,Kios Surya Mulia Abadi,Perdagangan Eceran,Mikro,2022,Jakarta,5,2026-01-12,Aktif,Pelanggan Baru
SME-2024-00750,Toko Nusantara Optima,Teknologi Informasi,Kecil,2020,Makassar,18,2026-02-02,Aktif,Pelanggan Baru
SME-2024-00751,CV Bumi Mulia Pratama,Jasa Keuangan,Menengah,2019,Bandar Lampung,28,2026-03-17,Aktif,Pelanggan Baru
SME-2024-00752,UD Berkah Pratama Abadi,Perdagangan Eceran,Kecil,2023,Semarang,11,2026-04-10,Aktif,Pelanggan Baru
SME-2024-00753,CV Jaya Sejahtera Lestari,Manufaktur,Menengah,2010,Makassar,75,2026-04-16,Aktif,Pelanggan Baru
SME-2024-00754,UD Surya Konektifitas Sentosa,Kesehatan,Kecil,2014,Surabaya,10,2026-04-04,Aktif,Pelanggan Baru
SME-2024-00755,Kios Bukit Data Pratama,Pertanian & Agribisnis,Mikro,2018,Medan,4,2026-03-20,Aktif,Pelanggan Baru
SME-2024-00756,CV Bukit Cemerlang Mandiri,Properti & Real Estate,Kecil,2023,Tangerang,13,2026-04-24,Aktif,Pelanggan Baru
SME-2024-00757,UD Karya Optima Abadi,Properti & Real Estate,Mikro,2021,Semarang,4,2026-01-07,Aktif,Pelanggan Baru
SME-2024-00758,UD Sentosa Solusi Mandiri,Media & Kreatif,Mikro,2020,Denpasar,3,2026-03-30,Aktif,Pelanggan Baru
SME-2024-00759,UD Tirta Lestari,Perdagangan Eceran,Kecil,2015,Palembang,5,2026-02-14,Aktif,Pelanggan Baru
SME-2024-00760,Warung Mitra Solusi,Jasa Keuangan,Mikro,2023,Palembang,3,2026-01-18,Aktif,Pelanggan Baru
SME-2024-00761,CV Sumber Konektifitas Lestari,Transportasi & Logistik,Kecil,2020,Bandar Lampung,8,2026-01-19,Aktif,Pelanggan Baru
SME-2024-00762,CV Bukit Solusi Pratama,Teknologi Informasi,Menengah,2016,Medan,87,2026-05-01,Aktif,Pelanggan Baru
SME-2024-00763,CV Sriwijaya Konektifitas,Manufaktur,Menengah,2021,Palembang,56,2026-06-10,Aktif,Pelanggan Baru
SME-2024-00764,CV Permata Sinergi Sentosa,Teknologi Informasi,Kecil,2022,Bandung,18,2026-01-31,Aktif,Pelanggan Baru
SME-2024-00765,Kios Garuda Optima Pratama,Jasa Keuangan,Mikro,2016,Semarang,5,2026-01-05,Aktif,Pelanggan Baru
SME-2024-00766,UD Bumi Bahagia Jaya,Media & Kreatif,Mikro,2022,Bandung,2,2026-02-24,Aktif,Pelanggan Baru
SME-2024-00767,Kios Garuda Sakti Jaya,Konstruksi,Mikro,2021,Malang,5,2026-03-05,Aktif,Pelanggan Baru
SME-2024-00768,PT Abadi Andalan Lestari,Teknologi Informasi,Menengah,2017,Batam,62,2026-01-11,Aktif,Pelanggan Baru
SME-2024-00769,UD Permata Digital Jaya,Jasa Keuangan,Mikro,2023,Bandung,1,2026-05-14,Aktif,Pelanggan Baru
SME-2024-00770,PT Jaya Persada,Pertanian & Agribisnis,Besar,2019,Denpasar,191,2026-06-05,Aktif,Pelanggan Baru
SME-2024-00771,CV Sriwijaya Lestari Sentosa,Kuliner & F&B,Menengah,2018,Palembang,24,2026-01-21,Aktif,Pelanggan Baru
SME-2024-00772,UD Garuda Persada Jaya,Media & Kreatif,Mikro,2022,Medan,2,2026-02-15,Aktif,Pelanggan Baru
SME-2024-00773,Toko Permata Lestari Lestari,Properti & Real Estate,Kecil,2016,Bandar Lampung,17,2026-01-05,Aktif,Pelanggan Baru
SME-2024-00774,CV Jaya Sinergi Lestari,Kuliner & F&B,Menengah,2022,Palembang,92,2026-03-31,Aktif,Pelanggan Baru
SME-2024-00775,Warung Sentosa Bahagia Abadi,Media & Kreatif,Mikro,2020,Surabaya,1,2026-06-06,Aktif,Pelanggan Baru
SME-2024-00776,Warung Tirta Pratama,Media & Kreatif,Mikro,2011,Semarang,3,2026-03-01,Aktif,Pelanggan Baru
SME-2024-00777,Kios Permata Sejahtera Sentosa,Transportasi & Logistik,Mikro,2018,Semarang,4,2026-01-19,Aktif,Pelanggan Baru
SME-2024-00778,PT Mega Pratama Abadi,Properti & Real Estate,Menengah,2019,Semarang,31,2026-04-30,Aktif,Pelanggan Baru
SME-2024-00779,Warung Tirta Persada,Kuliner & F&B,Mikro,2021,Makassar,4,2026-06-17,Aktif,Pelanggan Baru
SME-2024-00780,Toko Garuda Optima Pratama,Pendidikan & Training,Kecil,2013,Medan,9,2026-04-22,Aktif,Pelanggan Baru
SME-2024-00781,Warung Sentosa Network Sentosa,Teknologi Informasi,Mikro,2020,Denpasar,3,2026-06-08,Aktif,Pelanggan Baru
SME-2024-00782,Kios Mitra Indah Pratama,Media & Kreatif,Mikro,2011,Malang,3,2026-05-19,Aktif,Pelanggan Baru
SME-2024-00783,UD Nusantara Sinergi Mandiri,Konstruksi,Kecil,2011,Batam,18,2026-02-13,Aktif,Pelanggan Baru
SME-2024-00784,Kios Bintang Teknologi Mandiri,Jasa Keuangan,Mikro,2023,Palembang,4,2026-01-27,Aktif,Pelanggan Baru
SME-2024-00785,Warung Citra Indah Jaya,Transportasi & Logistik,Mikro,2021,Semarang,5,2026-03-12,Aktif,Pelanggan Baru
SME-2024-00786,Toko Bukit Teknologi Abadi,Manufaktur,Kecil,2023,Medan,14,2026-03-10,Aktif,Pelanggan Baru
SME-2024-00787,PT Garuda Indah,Transportasi & Logistik,Menengah,2011,Batam,77,2026-05-12,Aktif,Pelanggan Baru
SME-2024-00788,Warung Mega Lestari Abadi,Media & Kreatif,Mikro,2014,Malang,3,2026-01-17,Aktif,Pelanggan Baru
SME-2024-00789,PT Berkah Mulia Lestari,Perdagangan Eceran,Menengah,2010,Denpasar,32,2026-06-19,Aktif,Pelanggan Baru
SME-2024-00790,Toko Tirta Andalan Sentosa,Jasa Keuangan,Kecil,2012,Denpasar,20,2026-04-18,Aktif,Pelanggan Baru
SME-2024-00791,Toko Jaya Sejahtera Mandiri,Konstruksi,Kecil,2012,Tangerang,8,2026-06-23,Aktif,Pelanggan Baru
SME-2024-00792,Warung Bintang Sakti Lestari,Kuliner & F&B,Mikro,2013,Medan,5,2026-05-11,Aktif,Pelanggan Baru
SME-2024-00793,CV Berkah Solusi Jaya,Teknologi Informasi,Kecil,2011,Semarang,8,2026-04-10,Aktif,Pelanggan Baru
SME-2024-00794,Warung Duta Cemerlang,Pertanian & Agribisnis,Mikro,2012,Makassar,5,2026-02-06,Aktif,Pelanggan Baru
SME-2024-00795,CV Permata Mulia Lestari,Transportasi & Logistik,Kecil,2017,Tangerang,13,2026-03-21,Aktif,Pelanggan Baru
SME-2024-00796,CV Abadi Cemerlang Sentosa,Pendidikan & Training,Menengah,2016,Surabaya,75,2026-03-01,Aktif,Pelanggan Baru
SME-2024-00797,Toko Nusantara Cemerlang Lestari,Jasa Keuangan,Kecil,2016,Bandung,10,2026-04-21,Aktif,Pelanggan Baru
SME-2024-00798,Toko Bukit Data Jaya,Jasa Keuangan,Mikro,2021,Batam,1,2026-05-18,Aktif,Pelanggan Baru
SME-2024-00799,Toko Mega Lestari Sentosa,Perdagangan Eceran,Kecil,2011,Tangerang,13,2026-04-03,Aktif,Pelanggan Baru
SME-2024-00800,CV Tirta Andalan Jaya,Teknologi Informasi,Kecil,2015,Tangerang,19,2026-03-04,Aktif,Pelanggan Baru
SME-2024-00801,Toko Abadi Sinergi,Media & Kreatif,Mikro,2019,Medan,2,2026-04-08,Aktif,Pelanggan Baru
SME-2024-00802,Toko Citra Data Sentosa,Pertanian & Agribisnis,Kecil,2015,Bandung,6,2026-01-14,Aktif,Pelanggan Baru
SME-2024-00803,PT Sentosa Optima Pratama,Properti & Real Estate,Menengah,2017,Makassar,77,2026-03-27,Aktif,Pelanggan Baru
SME-2024-00804,UD Duta Lestari Lestari,Manufaktur,Kecil,2016,Palembang,19,2026-05-04,Aktif,Pelanggan Baru
SME-2024-00805,CV Garuda Indah Pratama,Pendidikan & Training,Kecil,2023,Batam,12,2026-06-23,Aktif,Pelanggan Baru
SME-2024-00806,UD Jaya Cemerlang Mandiri,Jasa Keuangan,Mikro,2010,Makassar,2,2026-06-05,Aktif,Pelanggan Baru
SME-2024-00807,Warung Citra Makmur Mandiri,Konstruksi,Mikro,2021,Bandung,1,2026-03-15,Aktif,Pelanggan Baru
SME-2024-00808,PT Garuda Teknologi Abadi,Perdagangan Eceran,Menengah,2023,Semarang,28,2026-04-18,Aktif,Pelanggan Baru
SME-2024-00809,CV Bumi Network Pratama,Pertanian & Agribisnis,Kecil,2013,Medan,5,2026-04-02,Aktif,Pelanggan Baru
SME-2024-00810,Toko Abadi Digital Abadi,Teknologi Informasi,Mikro,2022,Surabaya,4,2026-03-28,Aktif,Pelanggan Baru
SME-2024-00811,Kios Citra Data Lestari,Kesehatan,Mikro,2012,Makassar,5,2026-05-10,Aktif,Pelanggan Baru
SME-2024-00812,CV Mitra Lestari Abadi,Transportasi & Logistik,Kecil,2019,Makassar,15,2026-04-25,Aktif,Pelanggan Baru
SME-2024-00813,Kios Nusantara Persada Lestari,Properti & Real Estate,Mikro,2016,Makassar,5,2026-04-23,Aktif,Pelanggan Baru
SME-2024-00814,Kios Sriwijaya Sakti Abadi,Perdagangan Eceran,Mikro,2023,Yogyakarta,2,2026-05-26,Aktif,Pelanggan Baru
SME-2024-00815,Toko Sumber Sejahtera Pratama,Properti & Real Estate,Mikro,2022,Denpasar,5,2026-02-28,Aktif,Pelanggan Baru
SME-2024-00816,Kios Sumber Lestari Pratama,Transportasi & Logistik,Mikro,2015,Batam,5,2026-01-18,Aktif,Pelanggan Baru
SME-2024-00817,Warung Permata Sinergi Jaya,Properti & Real Estate,Mikro,2020,Batam,5,2026-04-15,Aktif,Pelanggan Baru
SME-2024-00818,CV Mega Teknologi Jaya,Transportasi & Logistik,Kecil,2018,Denpasar,15,2026-03-01,Aktif,Pelanggan Baru
SME-2024-00819,PT Sriwijaya Makmur Sentosa,Manufaktur,Besar,2022,Denpasar,425,2026-04-29,Aktif,Pelanggan Baru
SME-2024-00820,CV Mitra Mulia Sentosa,Manufaktur,Menengah,2014,Denpasar,43,2026-01-29,Aktif,Pelanggan Baru
SME-2024-00821,UD Citra Andalan Lestari,Teknologi Informasi,Mikro,2023,Jakarta,3,2026-03-13,Aktif,Pelanggan Baru
SME-2024-00822,UD Bintang Optima Abadi,Konstruksi,Kecil,2022,Bandar Lampung,19,2026-06-02,Aktif,Pelanggan Baru
SME-2024-00823,CV Sumber Sakti Mandiri,Kuliner & F&B,Menengah,2010,Malang,34,2026-02-02,Aktif,Pelanggan Baru
SME-2024-00824,Toko Garuda Sejahtera Mandiri,Konstruksi,Kecil,2014,Jakarta,14,2026-02-05,Aktif,Pelanggan Baru
SME-2024-00825,UD Bumi Network,Media & Kreatif,Mikro,2016,Palembang,3,2026-04-28,Aktif,Pelanggan Baru
SME-2024-00826,UD Abadi Data,Teknologi Informasi,Mikro,2011,Denpasar,4,2026-02-19,Aktif,Pelanggan Baru
SME-2024-00827,CV Citra Makmur Sentosa,Kesehatan,Kecil,2015,Semarang,13,2026-05-21,Aktif,Pelanggan Baru
SME-2024-00828,CV Abadi Sinergi Sentosa,Manufaktur,Kecil,2017,Surabaya,17,2026-03-11,Aktif,Pelanggan Baru
SME-2024-00829,Kios Mandiri Sejahtera Pratama,Kesehatan,Mikro,2014,Semarang,2,2026-01-08,Aktif,Pelanggan Baru
SME-2024-00830,Toko Duta Indah Lestari,Kesehatan,Kecil,2015,Semarang,9,2026-03-28,Aktif,Pelanggan Baru
SME-2024-00831,CV Mega Solusi Lestari,Pertanian & Agribisnis,Kecil,2011,Surabaya,15,2026-02-04,Aktif,Pelanggan Baru
SME-2024-00832,UD Duta Sinergi Pratama,Manufaktur,Kecil,2011,Palembang,7,2026-05-16,Aktif,Pelanggan Baru
SME-2024-00833,CV Sentosa Digital,Media & Kreatif,Menengah,2021,Semarang,24,2026-03-19,Aktif,Pelanggan Baru
SME-2024-00834,PT Tirta Pratama Lestari,Manufaktur,Menengah,2019,Denpasar,68,2026-02-09,Aktif,Pelanggan Baru
SME-2024-00835,UD Bukit Digital Jaya,Jasa Keuangan,Mikro,2015,Bandung,2,2026-02-26,Aktif,Pelanggan Baru
SME-2024-00836,Toko Tirta Mulia,Jasa Keuangan,Mikro,2020,Bandung,3,2026-06-12,Aktif,Pelanggan Baru
SME-2024-00837,CV Bumi Network Abadi,Manufaktur,Kecil,2013,Medan,20,2026-04-29,Aktif,Pelanggan Baru
SME-2024-00838,PT Mandiri Digital Jaya,Perdagangan Eceran,Besar,2021,Tangerang,392,2026-05-05,Aktif,Pelanggan Baru
SME-2024-00839,UD Abadi Optima Jaya,Media & Kreatif,Mikro,2019,Malang,1,2026-05-25,Aktif,Pelanggan Baru
SME-2024-00840,UD Berkah Utama Abadi,Media & Kreatif,Mikro,2011,Malang,3,2026-04-25,Aktif,Pelanggan Baru
SME-2024-00841,CV Sentosa Mulia Mandiri,Properti & Real Estate,Kecil,2016,Surabaya,6,2026-02-09,Aktif,Pelanggan Baru
SME-2024-00842,Kios Bintang Konektifitas Abadi,Properti & Real Estate,Mikro,2011,Malang,5,2026-04-10,Aktif,Pelanggan Baru
SME-2024-00843,Toko Mitra Pratama Sentosa,Pertanian & Agribisnis,Kecil,2016,Denpasar,11,2026-02-28,Aktif,Pelanggan Baru
SME-2024-00844,UD Jaya Cemerlang Pratama,Pendidikan & Training,Mikro,2019,Denpasar,2,2026-05-08,Aktif,Pelanggan Baru
SME-2024-00845,PT Sentosa Teknologi Abadi,Jasa Keuangan,Menengah,2011,Bandung,71,2026-04-02,Aktif,Pelanggan Baru
SME-2024-00846,Warung Bukit Cemerlang,Perdagangan Eceran,Mikro,2022,Yogyakarta,2,2026-02-22,Aktif,Pelanggan Baru
SME-2024-00847,Kios Nusantara Sinergi Lestari,Properti & Real Estate,Mikro,2020,Surabaya,3,2026-02-18,Aktif,Pelanggan Baru
SME-2024-00848,Warung Garuda Network Abadi,Kuliner & F&B,Mikro,2022,Denpasar,4,2026-01-10,Aktif,Pelanggan Baru
SME-2024-00849,Toko Citra Konektifitas,Pendidikan & Training,Kecil,2016,Yogyakarta,20,2026-05-31,Aktif,Pelanggan Baru
SME-2024-00850,Kios Abadi Solusi Abadi,Kesehatan,Mikro,2014,Denpasar,5,2026-06-04,Aktif,Pelanggan Baru
SME-2024-00851,UD Surya Network Abadi,Konstruksi,Mikro,2014,Palembang,2,2023-10-27,Aktif,Pelanggan Berisiko
SME-2024-00852,UD Sumber Persada Jaya,Transportasi & Logistik,Kecil,2015,Jakarta,18,2024-03-27,Aktif,Pelanggan Berisiko
SME-2024-00853,CV Karya Sakti Pratama,Manufaktur,Menengah,2019,Bandar Lampung,48,2024-10-13,Aktif,Pelanggan Berisiko
SME-2024-00854,Toko Sentosa Mulia Mandiri,Perdagangan Eceran,Mikro,2023,Medan,2,2023-06-03,Aktif,Pelanggan Berisiko
SME-2024-00855,CV Karya Konektifitas Pratama,Kesehatan,Menengah,2011,Batam,32,2023-06-26,Aktif,Pelanggan Berisiko
SME-2024-00856,PT Jaya Makmur,Manufaktur,Menengah,2019,Bandung,78,2024-04-10,Aktif,Pelanggan Berisiko
SME-2024-00857,Toko Bukit Indah Jaya,Teknologi Informasi,Kecil,2013,Surabaya,7,2025-08-22,Aktif,Pelanggan Berisiko
SME-2024-00858,UD Bukit Mulia Lestari,Jasa Keuangan,Mikro,2018,Yogyakarta,3,2023-06-03,Aktif,Pelanggan Berisiko
SME-2024-00859,UD Mega Makmur Sentosa,Konstruksi,Kecil,2021,Palembang,14,2025-01-16,Aktif,Pelanggan Berisiko
SME-2024-00860,CV Garuda Teknologi,Manufaktur,Menengah,2011,Jakarta,50,2025-07-20,Aktif,Pelanggan Berisiko
SME-2024-00861,PT Mega Data Jaya,Manufaktur,Menengah,2014,Tangerang,37,2023-08-28,Aktif,Pelanggan Berisiko
SME-2024-00862,CV Citra Bahagia Mandiri,Transportasi & Logistik,Kecil,2015,Yogyakarta,20,2023-03-24,Aktif,Pelanggan Berisiko
SME-2024-00863,UD Nusantara Andalan Mandiri,Pertanian & Agribisnis,Mikro,2021,Tangerang,4,2025-05-16,Aktif,Pelanggan Berisiko
SME-2024-00864,Toko Abadi Utama Lestari,Perdagangan Eceran,Mikro,2020,Palembang,3,2023-01-05,Aktif,Pelanggan Berisiko
SME-2024-00865,Toko Citra Indah Sentosa,Media & Kreatif,Kecil,2023,Bandar Lampung,16,2025-09-09,Aktif,Pelanggan Berisiko
SME-2024-00866,CV Mitra Sakti Jaya,Konstruksi,Kecil,2020,Palembang,6,2023-12-25,Aktif,Pelanggan Berisiko
SME-2024-00867,CV Sriwijaya Optima Lestari,Kesehatan,Kecil,2022,Denpasar,19,2023-02-23,Aktif,Pelanggan Berisiko
SME-2024-00868,PT Mitra Lestari Jaya,Jasa Keuangan,Menengah,2018,Bandung,20,2023-12-27,Aktif,Pelanggan Berisiko
SME-2024-00869,Kios Garuda Makmur Pratama,Pendidikan & Training,Mikro,2023,Malang,2,2025-04-16,Aktif,Pelanggan Berisiko
SME-2024-00870,Toko Sriwijaya Pratama Sentosa,Properti & Real Estate,Kecil,2010,Medan,12,2025-06-16,Aktif,Pelanggan Berisiko
SME-2024-00871,CV Permata Bahagia,Pertanian & Agribisnis,Kecil,2018,Bandung,20,2023-06-05,Aktif,Pelanggan Berisiko
SME-2024-00872,UD Nusantara Network,Kuliner & F&B,Mikro,2011,Malang,3,2024-02-02,Aktif,Pelanggan Berisiko
SME-2024-00873,PT Abadi Data Jaya,Jasa Keuangan,Menengah,2019,Jakarta,68,2023-04-30,Aktif,Pelanggan Berisiko
SME-2024-00874,CV Sumber Makmur Abadi,Jasa Keuangan,Kecil,2011,Denpasar,18,2023-12-07,Aktif,Pelanggan Berisiko
SME-2024-00875,CV Tirta Cemerlang Jaya,Teknologi Informasi,Kecil,2019,Batam,17,2024-11-30,Aktif,Pelanggan Berisiko
SME-2024-00876,Toko Permata Network,Pendidikan & Training,Kecil,2023,Yogyakarta,11,2023-10-24,Aktif,Pelanggan Berisiko
SME-2024-00877,CV Tirta Sinergi Mandiri,Properti & Real Estate,Kecil,2015,Jakarta,12,2023-04-13,Aktif,Pelanggan Berisiko
SME-2024-00878,UD Bumi Cemerlang Mandiri,Jasa Keuangan,Kecil,2019,Batam,17,2024-10-14,Aktif,Pelanggan Berisiko
SME-2024-00879,Toko Sumber Sakti Sentosa,Teknologi Informasi,Kecil,2021,Palembang,5,2023-10-22,Aktif,Pelanggan Berisiko
SME-2024-00880,CV Karya Lestari Mandiri,Konstruksi,Kecil,2013,Semarang,13,2023-01-08,Aktif,Pelanggan Berisiko
SME-2024-00881,UD Sentosa Persada,Perdagangan Eceran,Kecil,2010,Surabaya,6,2023-10-12,Aktif,Pelanggan Berisiko
SME-2024-00882,UD Sentosa Digital,Manufaktur,Kecil,2019,Batam,17,2023-04-17,Aktif,Pelanggan Berisiko
SME-2024-00883,Kios Sumber Optima,Teknologi Informasi,Mikro,2015,Bandar Lampung,3,2025-12-08,Aktif,Pelanggan Berisiko
SME-2024-00884,PT Karya Makmur Pratama,Media & Kreatif,Menengah,2015,Bandung,49,2025-10-08,Aktif,Pelanggan Berisiko
SME-2024-00885,Warung Surya Solusi,Pendidikan & Training,Mikro,2013,Makassar,3,2023-04-18,Aktif,Pelanggan Berisiko
SME-2024-00886,UD Duta Network Mandiri,Konstruksi,Mikro,2019,Yogyakarta,4,2025-10-10,Aktif,Pelanggan Berisiko
SME-2024-00887,Toko Garuda Cemerlang Pratama,Media & Kreatif,Kecil,2017,Medan,12,2025-09-01,Aktif,Pelanggan Berisiko
SME-2024-00888,PT Bukit Digital Sentosa,Kesehatan,Menengah,2019,Bandung,30,2023-07-12,Aktif,Pelanggan Berisiko
SME-2024-00889,CV Sentosa Digital Pratama,Pertanian & Agribisnis,Kecil,2020,Surabaya,13,2025-03-13,Aktif,Pelanggan Berisiko
SME-2024-00890,UD Sriwijaya Mulia Abadi,Konstruksi,Kecil,2016,Surabaya,8,2023-01-05,Aktif,Pelanggan Berisiko
SME-2024-00891,UD Garuda Makmur Lestari,Kuliner & F&B,Mikro,2014,Batam,3,2023-05-10,Aktif,Pelanggan Berisiko
SME-2024-00892,Warung Mitra Lestari Sentosa,Teknologi Informasi,Mikro,2023,Makassar,4,2025-10-27,Aktif,Pelanggan Berisiko
SME-2024-00893,Warung Tirta Indah Sentosa,Media & Kreatif,Mikro,2021,Bandung,4,2024-03-19,Aktif,Pelanggan Berisiko
SME-2024-00894,Kios Jaya Network Lestari,Perdagangan Eceran,Mikro,2017,Surabaya,2,2025-03-28,Aktif,Pelanggan Berisiko
SME-2024-00895,PT Citra Network Pratama,Konstruksi,Besar,2021,Medan,479,2024-03-05,Aktif,Pelanggan Berisiko
SME-2024-00896,Warung Bumi Makmur Pratama,Kesehatan,Mikro,2022,Bandung,4,2023-02-01,Aktif,Pelanggan Berisiko
SME-2024-00897,UD Permata Sakti Pratama,Media & Kreatif,Kecil,2020,Malang,9,2025-09-24,Aktif,Pelanggan Berisiko
SME-2024-00898,Warung Duta Pratama Abadi,Media & Kreatif,Mikro,2016,Bandar Lampung,4,2024-04-03,Aktif,Pelanggan Berisiko
SME-2024-00899,PT Mega Network Sentosa,Transportasi & Logistik,Menengah,2013,Malang,26,2024-11-19,Aktif,Pelanggan Berisiko
SME-2024-00900,Toko Duta Bahagia Abadi,Kesehatan,Kecil,2013,Surabaya,15,2024-12-18,Aktif,Pelanggan Berisiko
SME-2024-00901,Toko Sentosa Digital Abadi,Transportasi & Logistik,Kecil,2019,Palembang,14,2024-11-25,Aktif,Pelanggan Berisiko
SME-2024-00902,CV Sumber Optima Abadi,Pendidikan & Training,Kecil,2018,Bandung,7,2023-11-01,Aktif,Pelanggan Berisiko
SME-2024-00903,CV Mandiri Sinergi Mandiri,Konstruksi,Menengah,2021,Bandar Lampung,97,2025-06-03,Aktif,Pelanggan Berisiko
SME-2024-00904,Toko Berkah Pratama Jaya,Manufaktur,Mikro,2011,Surabaya,4,2023-11-24,Aktif,Pelanggan Berisiko
SME-2024-00905,PT Nusantara Mulia Lestari,Konstruksi,Besar,2020,Makassar,466,2024-01-20,Aktif,Pelanggan Berisiko
SME-2024-00906,Toko Bintang Sakti Lestari,Teknologi Informasi,Mikro,2015,Denpasar,1,2024-10-15,Aktif,Pelanggan Berisiko
SME-2024-00907,PT Garuda Persada Mandiri,Pertanian & Agribisnis,Menengah,2013,Bandar Lampung,59,2025-03-19,Aktif,Pelanggan Berisiko
SME-2024-00908,UD Bumi Teknologi Jaya,Teknologi Informasi,Mikro,2017,Bandar Lampung,3,2025-10-07,Aktif,Pelanggan Berisiko
SME-2024-00909,PT Sriwijaya Network Jaya,Kesehatan,Besar,2012,Medan,289,2023-11-30,Aktif,Pelanggan Berisiko
SME-2024-00910,Toko Surya Data,Kuliner & F&B,Mikro,2020,Bandung,1,2024-02-27,Aktif,Pelanggan Berisiko
SME-2024-00911,UD Nusantara Teknologi,Kuliner & F&B,Mikro,2021,Medan,1,2025-04-04,Aktif,Pelanggan Berisiko
SME-2024-00912,CV Karya Persada Pratama,Jasa Keuangan,Kecil,2010,Medan,14,2024-11-23,Aktif,Pelanggan Berisiko
SME-2024-00913,Toko Permata Persada Pratama,Manufaktur,Kecil,2018,Medan,18,2025-05-08,Aktif,Pelanggan Berisiko
SME-2024-00914,CV Berkah Cemerlang Pratama,Properti & Real Estate,Kecil,2019,Jakarta,5,2023-06-26,Aktif,Pelanggan Berisiko
SME-2024-00915,Kios Sentosa Digital,Konstruksi,Mikro,2017,Medan,4,2024-12-13,Aktif,Pelanggan Berisiko
SME-2024-00916,PT Permata Andalan,Pertanian & Agribisnis,Menengah,2015,Bandar Lampung,87,2023-08-31,Aktif,Pelanggan Berisiko
SME-2024-00917,PT Surya Persada Abadi,Transportasi & Logistik,Menengah,2022,Medan,31,2025-06-24,Aktif,Pelanggan Berisiko
SME-2024-00918,Warung Bumi Data Abadi,Konstruksi,Mikro,2017,Palembang,1,2024-10-02,Aktif,Pelanggan Berisiko
SME-2024-00919,CV Bintang Solusi Abadi,Transportasi & Logistik,Menengah,2022,Palembang,47,2024-11-13,Aktif,Pelanggan Berisiko
SME-2024-00920,CV Bumi Mulia Lestari,Kuliner & F&B,Menengah,2018,Jakarta,91,2023-02-20,Aktif,Pelanggan Berisiko
SME-2024-00921,CV Permata Pratama Abadi,Konstruksi,Kecil,2020,Batam,9,2023-10-03,Aktif,Pelanggan Berisiko
SME-2024-00922,Warung Berkah Konektifitas,Konstruksi,Mikro,2016,Batam,3,2024-11-06,Aktif,Pelanggan Berisiko
SME-2024-00923,PT Bukit Sakti Jaya,Transportasi & Logistik,Besar,2013,Yogyakarta,388,2024-05-09,Aktif,Pelanggan Berisiko
SME-2024-00924,UD Sumber Sakti,Manufaktur,Kecil,2021,Malang,20,2023-08-05,Aktif,Pelanggan Berisiko
SME-2024-00925,CV Tirta Data Mandiri,Media & Kreatif,Menengah,2017,Semarang,57,2025-07-20,Aktif,Pelanggan Berisiko
SME-2024-00926,UD Bintang Mulia,Properti & Real Estate,Kecil,2010,Semarang,13,2025-10-15,Aktif,Pelanggan Berisiko
SME-2024-00927,Warung Bukit Konektifitas Sentosa,Pertanian & Agribisnis,Mikro,2019,Batam,3,2025-05-11,Aktif,Pelanggan Berisiko
SME-2024-00928,Kios Abadi Network Jaya,Media & Kreatif,Mikro,2023,Medan,3,2023-12-08,Aktif,Pelanggan Berisiko
SME-2024-00929,UD Jaya Andalan Lestari,Properti & Real Estate,Mikro,2016,Malang,2,2024-03-24,Aktif,Pelanggan Berisiko
SME-2024-00930,Kios Nusantara Andalan Mandiri,Perdagangan Eceran,Mikro,2023,Medan,5,2025-11-24,Aktif,Pelanggan Berisiko
SME-2024-00931,CV Bintang Teknologi Abadi,Konstruksi,Kecil,2016,Medan,5,2023-07-27,Aktif,Pelanggan Berisiko
SME-2024-00932,Warung Berkah Lestari Pratama,Transportasi & Logistik,Mikro,2011,Bandar Lampung,4,2023-01-30,Aktif,Pelanggan Berisiko
SME-2024-00933,PT Sriwijaya Network Lestari,Konstruksi,Menengah,2021,Denpasar,78,2025-05-28,Aktif,Pelanggan Berisiko
SME-2024-00934,Warung Bumi Cemerlang Sentosa,Teknologi Informasi,Mikro,2015,Semarang,2,2024-08-31,Aktif,Pelanggan Berisiko
SME-2024-00935,CV Bintang Sakti Mandiri,Teknologi Informasi,Menengah,2012,Bandar Lampung,72,2024-05-18,Aktif,Pelanggan Berisiko
SME-2024-00936,UD Sriwijaya Data Mandiri,Pendidikan & Training,Kecil,2016,Medan,5,2024-02-13,Aktif,Pelanggan Berisiko
SME-2024-00937,UD Citra Solusi Pratama,Manufaktur,Kecil,2014,Palembang,8,2025-03-15,Aktif,Pelanggan Berisiko
SME-2024-00938,Toko Bumi Solusi Lestari,Properti & Real Estate,Kecil,2023,Palembang,5,2025-02-09,Aktif,Pelanggan Berisiko
SME-2024-00939,PT Karya Mulia Mandiri,Kuliner & F&B,Besar,2013,Makassar,240,2024-10-18,Aktif,Pelanggan Berisiko
SME-2024-00940,PT Sumber Persada Pratama,Manufaktur,Menengah,2011,Yogyakarta,81,2023-04-19,Aktif,Pelanggan Berisiko
SME-2024-00941,PT Surya Teknologi,Media & Kreatif,Menengah,2013,Palembang,85,2025-12-04,Aktif,Pelanggan Berisiko
SME-2024-00942,PT Abadi Solusi Lestari,Transportasi & Logistik,Besar,2021,Tangerang,201,2023-05-11,Aktif,Pelanggan Berisiko
SME-2024-00943,CV Surya Lestari Lestari,Kesehatan,Kecil,2019,Bandung,7,2024-04-27,Aktif,Pelanggan Berisiko
SME-2024-00944,UD Garuda Sejahtera Abadi,Konstruksi,Kecil,2015,Palembang,17,2025-07-21,Aktif,Pelanggan Berisiko
SME-2024-00945,UD Citra Persada Mandiri,Transportasi & Logistik,Mikro,2015,Batam,2,2024-07-21,Aktif,Pelanggan Berisiko
SME-2024-00946,CV Abadi Andalan Jaya,Teknologi Informasi,Kecil,2013,Jakarta,13,2024-09-23,Aktif,Pelanggan Berisiko
SME-2024-00947,Toko Mega Sejahtera Lestari,Konstruksi,Kecil,2019,Jakarta,5,2023-10-04,Aktif,Pelanggan Berisiko
SME-2024-00948,Warung Abadi Sejahtera Pratama,Properti & Real Estate,Mikro,2015,Bandung,5,2024-08-20,Aktif,Pelanggan Berisiko
SME-2024-00949,CV Sentosa Andalan Jaya,Kesehatan,Kecil,2023,Palembang,8,2023-01-18,Aktif,Pelanggan Berisiko
SME-2024-00950,CV Nusantara Makmur Jaya,Kuliner & F&B,Kecil,2012,Semarang,6,2025-01-14,Aktif,Pelanggan Berisiko
SME-2024-00951,UD Mega Solusi Mandiri,Pertanian & Agribisnis,Kecil,2022,Denpasar,17,2024-01-03,Aktif,Pelanggan Berisiko
SME-2024-00952,PT Garuda Solusi Sentosa,Kuliner & F&B,Menengah,2012,Surabaya,97,2024-01-30,Aktif,Pelanggan Berisiko
SME-2024-00953,Warung Tirta Sakti Jaya,Pertanian & Agribisnis,Mikro,2014,Tangerang,4,2025-11-06,Aktif,Pelanggan Berisiko
SME-2024-00954,Toko Bumi Bahagia Mandiri,Properti & Real Estate,Mikro,2021,Batam,4,2024-10-05,Aktif,Pelanggan Berisiko
SME-2024-00955,PT Permata Pratama Sentosa,Konstruksi,Menengah,2010,Palembang,69,2024-12-08,Aktif,Pelanggan Berisiko
SME-2024-00956,CV Duta Sakti Mandiri,Kuliner & F&B,Kecil,2017,Batam,10,2025-07-10,Aktif,Pelanggan Berisiko
SME-2024-00957,UD Citra Digital Pratama,Perdagangan Eceran,Kecil,2019,Surabaya,10,2024-01-17,Aktif,Pelanggan Berisiko
SME-2024-00958,Toko Sentosa Cemerlang Pratama,Manufaktur,Kecil,2013,Bandung,12,2025-02-22,Aktif,Pelanggan Berisiko
SME-2024-00959,UD Bumi Teknologi Sentosa,Transportasi & Logistik,Mikro,2012,Tangerang,3,2023-10-14,Aktif,Pelanggan Berisiko
SME-2024-00960,Kios Bumi Lestari,Konstruksi,Mikro,2018,Tangerang,2,2023-03-29,Aktif,Pelanggan Berisiko
SME-2024-00961,UD Nusantara Andalan Abadi,Properti & Real Estate,Kecil,2020,Bandar Lampung,10,2023-09-16,Aktif,Pelanggan Berisiko
SME-2024-00962,UD Mitra Persada Mandiri,Kesehatan,Mikro,2011,Makassar,5,2024-09-18,Aktif,Pelanggan Berisiko
SME-2024-00963,CV Bukit Persada Sentosa,Pertanian & Agribisnis,Menengah,2023,Medan,43,2023-08-21,Aktif,Pelanggan Berisiko
SME-2024-00964,CV Permata Data Lestari,Kesehatan,Menengah,2017,Makassar,45,2024-10-21,Aktif,Pelanggan Berisiko
SME-2024-00965,UD Surya Sinergi Mandiri,Perdagangan Eceran,Mikro,2020,Jakarta,2,2023-09-06,Aktif,Pelanggan Berisiko
SME-2024-00966,CV Surya Makmur Pratama,Manufaktur,Kecil,2019,Malang,16,2023-07-07,Aktif,Pelanggan Berisiko
SME-2024-00967,Toko Citra Bahagia Abadi,Manufaktur,Kecil,2010,Denpasar,12,2024-03-03,Aktif,Pelanggan Berisiko
SME-2024-00968,CV Mitra Digital Jaya,Jasa Keuangan,Kecil,2010,Makassar,8,2024-05-27,Aktif,Pelanggan Berisiko
SME-2024-00969,CV Mandiri Utama Jaya,Jasa Keuangan,Kecil,2015,Malang,16,2025-08-09,Aktif,Pelanggan Berisiko
SME-2024-00970,Toko Garuda Data Sentosa,Transportasi & Logistik,Mikro,2016,Batam,5,2024-09-25,Aktif,Pelanggan Berisiko
SME-2024-00971,Toko Garuda Pratama Lestari,Pendidikan & Training,Kecil,2010,Yogyakarta,14,2025-06-24,Aktif,Pelanggan Berisiko
SME-2024-00972,PT Citra Teknologi Sentosa,Kuliner & F&B,Menengah,2013,Tangerang,93,2024-02-02,Aktif,Pelanggan Berisiko
SME-2024-00973,Kios Permata Optima Abadi,Jasa Keuangan,Mikro,2022,Yogyakarta,1,2024-01-27,Aktif,Pelanggan Berisiko
SME-2024-00974,PT Sentosa Bahagia Jaya,Properti & Real Estate,Menengah,2019,Malang,28,2024-05-15,Aktif,Pelanggan Berisiko
SME-2024-00975,UD Karya Utama,Pendidikan & Training,Mikro,2016,Batam,4,2024-06-13,Aktif,Pelanggan Berisiko
SME-2024-00976,Toko Mitra Utama Pratama,Properti & Real Estate,Kecil,2022,Medan,7,2025-05-22,Aktif,Pelanggan Berisiko
SME-2024-00977,CV Mega Sejahtera Pratama,Kesehatan,Kecil,2014,Bandung,8,2023-02-15,Aktif,Pelanggan Berisiko
SME-2024-00978,Toko Nusantara Lestari Abadi,Perdagangan Eceran,Kecil,2014,Malang,6,2024-04-03,Aktif,Pelanggan Berisiko
SME-2024-00979,CV Sentosa Persada,Transportasi & Logistik,Kecil,2013,Bandung,17,2025-06-28,Aktif,Pelanggan Berisiko
SME-2024-00980,UD Mega Data Jaya,Transportasi & Logistik,Kecil,2011,Batam,17,2023-12-21,Aktif,Pelanggan Berisiko
SME-2024-00981,UD Citra Pratama,Jasa Keuangan,Mikro,2010,Jakarta,5,2024-07-11,Aktif,Pelanggan Berisiko
SME-2024-00982,UD Mega Cemerlang Pratama,Teknologi Informasi,Mikro,2019,Bandung,3,2023-04-16,Aktif,Pelanggan Berisiko
SME-2024-00983,UD Nusantara Optima Mandiri,Teknologi Informasi,Kecil,2011,Batam,10,2024-01-24,Aktif,Pelanggan Berisiko
SME-2024-00984,Kios Sumber Utama Abadi,Teknologi Informasi,Mikro,2014,Makassar,2,2025-01-11,Aktif,Pelanggan Berisiko
SME-2024-00985,PT Bintang Bahagia Abadi,Properti & Real Estate,Menengah,2020,Medan,41,2023-08-24,Aktif,Pelanggan Berisiko
SME-2024-00986,Kios Bumi Data Pratama,Media & Kreatif,Mikro,2010,Bandung,2,2024-05-28,Aktif,Pelanggan Berisiko
SME-2024-00987,Kios Bumi Digital Lestari,Kesehatan,Mikro,2011,Malang,3,2025-08-08,Aktif,Pelanggan Berisiko
SME-2024-00988,CV Bukit Network Abadi,Konstruksi,Kecil,2011,Semarang,7,2023-08-08,Aktif,Pelanggan Berisiko
SME-2024-00989,PT Jaya Digital Pratama,Transportasi & Logistik,Menengah,2019,Semarang,38,2025-08-10,Aktif,Pelanggan Berisiko
SME-2024-00990,PT Surya Data Sentosa,Teknologi Informasi,Menengah,2018,Medan,90,2022-12-30,Aktif,Pelanggan Berisiko
SME-2024-00991,Warung Bumi Utama Pratama,Perdagangan Eceran,Mikro,2016,Batam,5,2023-01-27,Aktif,Pelanggan Berisiko
SME-2024-00992,Kios Permata Makmur Jaya,Media & Kreatif,Mikro,2022,Batam,5,2023-10-26,Aktif,Pelanggan Berisiko
SME-2024-00993,Warung Karya Data Abadi,Media & Kreatif,Mikro,2015,Bandar Lampung,2,2022-12-09,Aktif,Pelanggan Berisiko
SME-2024-00994,UD Bumi Sejahtera Mandiri,Properti & Real Estate,Mikro,2023,Jakarta,3,2025-08-17,Aktif,Pelanggan Berisiko
SME-2024-00995,PT Sumber Makmur Abadi,Pertanian & Agribisnis,Menengah,2020,Tangerang,33,2025-12-13,Aktif,Pelanggan Berisiko
SME-2024-00996,UD Bukit Sinergi Pratama,Perdagangan Eceran,Kecil,2017,Denpasar,7,2025-05-24,Aktif,Pelanggan Berisiko
SME-2024-00997,Kios Tirta Digital Mandiri,Perdagangan Eceran,Mikro,2018,Jakarta,5,2024-01-31,Aktif,Pelanggan Berisiko
SME-2024-00998,Warung Duta Digital Mandiri,Konstruksi,Mikro,2013,Semarang,4,2024-03-25,Aktif,Pelanggan Berisiko
SME-2024-00999,PT Bintang Data Mandiri,Kuliner & F&B,Menengah,2014,Medan,87,2024-10-23,Aktif,Pelanggan Berisiko
SME-2024-01000,CV Permata Data Abadi,Properti & Real Estate,Kecil,2015,Semarang,17,2025-09-18,Aktif,Pelanggan Berisiko
