sub_id,customer_id,product_code,product_category,start_date,end_date,monthly_recurring_revenue,contract_period,auto_renewal
SUB-00001-001,SME-2024-00001,SME-BROADBAND-50,Broadband,2020-12-25,,4042891,12,True
SUB-00002-001,SME-2024-00002,SME-CLOUD-BASIC,Cloud Service,2023-12-23,,1908333,12,True
SUB-00003-001,SME-2024-00003,SME-BROADBAND-50,Broadband,2023-08-22,,1645650,24,True
SUB-00004-001,SME-2024-00004,SME-BROADBAND-30,Broadband,2023-04-08,,1587796,24,True
SUB-00005-001,SME-2024-00005,SME-DEDICATED-100,Internet Dedicated,2025-04-18,,4161364,24,False
SUB-00006-001,SME-2024-00006,SME-MANAGED-WIFI,Managed WiFi,2024-06-21,,1587910,12,True
SUB-00007-001,SME-2024-00007,SME-DEDICATED-50,Internet Dedicated,2020-12-03,,4766079,12,True
SUB-00008-001,SME-2024-00008,SME-BROADBAND-30,Broadband,2025-12-20,,995323,12,False
SUB-00009-001,SME-2024-00009,SME-MANAGED-WIFI,Managed WiFi,2025-11-09,,2710998,12,False
SUB-00009-002,SME-2024-00009,SME-BROADBAND-30,Broadband,2026-02-09,,1094396,6,False
SUB-00010-001,SME-2024-00010,SME-IOT-STARTER,IoT Package,2020-11-08,,849268,12,True
SUB-00010-002,SME-2024-00010,SME-MANAGED-WIFI,Managed WiFi,2021-04-08,2021-10-08,1558634,12,True
SUB-00011-001,SME-2024-00011,SME-IOT-STARTER,IoT Package,2024-12-05,,923738,6,True
SUB-00012-001,SME-2024-00012,SME-CLOUD-BASIC,Cloud Service,2025-09-02,,2250073,12,False
SUB-00013-001,SME-2024-00013,SME-CLOUD-PRO,Cloud Service,2020-12-20,2021-11-20,5028947,12,True
SUB-00013-002,SME-2024-00013,SME-BROADBAND-30,Broadband,2021-12-20,,1136452,12,True
SUB-00014-001,SME-2024-00014,SME-MANAGED-WIFI,Managed WiFi,2024-06-18,,2167998,12,True
SUB-00014-002,SME-2024-00014,SME-BUNDLE-BIZ,Bundle Business,2026-05-18,,8444690,12,False
SUB-00015-001,SME-2024-00015,SME-DEDICATED-100,Internet Dedicated,2024-10-07,,8556852,12,True
SUB-00016-001,SME-2024-00016,SME-CLOUD-PRO,Cloud Service,2023-08-01,,2763698,12,True
SUB-00016-002,SME-2024-00016,SME-BROADBAND-30,Broadband,2026-01-01,,1414726,12,False
SUB-00017-001,SME-2024-00017,SME-DEDICATED-50,Internet Dedicated,2022-04-06,,1434668,12,True
SUB-00018-001,SME-2024-00018,SME-DEDICATED-100,Internet Dedicated,2021-02-28,,1930289,12,True
SUB-00019-001,SME-2024-00019,SME-BROADBAND-30,Broadband,2020-12-21,,1989647,12,True
SUB-00020-001,SME-2024-00020,SME-IOT-STARTER,IoT Package,2021-03-14,,1220444,6,True
SUB-00021-001,SME-2024-00021,SME-BUNDLE-BIZ,Bundle Business,2026-01-08,,5318411,24,False
SUB-00021-002,SME-2024-00021,SME-UC-BASIC,Unified Communication,2025-10-08,,829207,12,False
SUB-00022-001,SME-2024-00022,SME-BROADBAND-50,Broadband,2020-09-06,,1411518,12,True
SUB-00022-002,SME-2024-00022,SME-DEDICATED-50,Internet Dedicated,2026-06-06,,4090401,12,False
SUB-00023-001,SME-2024-00023,SME-DEDICATED-100,Internet Dedicated,2021-02-04,,2458722,12,True
SUB-00024-001,SME-2024-00024,SME-BUNDLE-BIZ,Bundle Business,2024-06-24,,6506308,12,True
SUB-00025-001,SME-2024-00025,SME-BROADBAND-50,Broadband,2023-03-27,,3338111,12,True
SUB-00025-002,SME-2024-00025,SME-UC-BASIC,Unified Communication,2023-09-27,,882535,12,True
SUB-00026-001,SME-2024-00026,SME-DEDICATED-50,Internet Dedicated,2026-03-10,,4422938,6,False
SUB-00027-001,SME-2024-00027,SME-DEDICATED-100,Internet Dedicated,2021-05-28,,5188679,12,True
SUB-00028-001,SME-2024-00028,SME-CLOUD-PRO,Cloud Service,2020-06-12,,4415014,12,True
SUB-00029-001,SME-2024-00029,SME-MANAGED-WIFI,Managed WiFi,2023-12-10,,1628926,12,True
SUB-00030-001,SME-2024-00030,SME-CLOUD-PRO,Cloud Service,2024-10-02,,2011911,12,True
SUB-00030-002,SME-2024-00030,SME-CLOUD-BASIC,Cloud Service,2025-03-02,,1907417,12,True
SUB-00030-003,SME-2024-00030,SME-UC-BASIC,Unified Communication,2026-03-02,,1077704,12,False
SUB-00031-001,SME-2024-00031,SME-BROADBAND-50,Broadband,2022-10-11,,3992277,24,True
SUB-00031-002,SME-2024-00031,SME-IOT-STARTER,IoT Package,2023-10-11,,585278,24,True
SUB-00032-001,SME-2024-00032,SME-CLOUD-BASIC,Cloud Service,2022-10-16,,2353943,12,True
SUB-00033-001,SME-2024-00033,SME-IOT-STARTER,IoT Package,2023-09-30,2024-08-30,620982,6,True
SUB-00034-001,SME-2024-00034,SME-DEDICATED-100,Internet Dedicated,2024-06-05,,8043058,12,True
SUB-00034-002,SME-2024-00034,SME-UC-BASIC,Unified Communication,2025-07-05,,773918,12,True
SUB-00034-003,SME-2024-00034,SME-BUNDLE-BIZ,Bundle Business,2025-08-05,,6613447,12,False
SUB-00035-001,SME-2024-00035,SME-IOT-STARTER,IoT Package,2021-09-16,,481664,12,True
SUB-00036-001,SME-2024-00036,SME-MANAGED-WIFI,Managed WiFi,2026-03-11,,1082303,24,False
SUB-00037-001,SME-2024-00037,SME-DEDICATED-50,Internet Dedicated,2026-05-07,,2811704,12,False
SUB-00038-001,SME-2024-00038,SME-BUNDLE-BIZ,Bundle Business,2026-04-30,,8288960,6,False
SUB-00038-002,SME-2024-00038,SME-BROADBAND-50,Broadband,2024-05-30,,2171029,12,True
SUB-00039-001,SME-2024-00039,SME-BROADBAND-50,Broadband,2025-12-07,,2322235,12,False
SUB-00039-002,SME-2024-00039,SME-BROADBAND-30,Broadband,2022-11-07,,691420,6,True
SUB-00039-003,SME-2024-00039,SME-IOT-STARTER,IoT Package,2025-11-07,,1379534,12,False
SUB-00040-001,SME-2024-00040,SME-BROADBAND-50,Broadband,2023-12-01,,1419056,24,True
SUB-00040-002,SME-2024-00040,SME-CLOUD-PRO,Cloud Service,2025-03-01,,6207225,24,True
SUB-00041-001,SME-2024-00041,SME-BROADBAND-30,Broadband,2023-08-14,,2551244,24,True
SUB-00042-001,SME-2024-00042,SME-DEDICATED-100,Internet Dedicated,2022-10-01,,4047935,12,True
SUB-00043-001,SME-2024-00043,SME-CLOUD-PRO,Cloud Service,2021-12-08,,6119888,12,True
SUB-00044-001,SME-2024-00044,SME-BROADBAND-50,Broadband,2023-04-14,,3344435,6,True
SUB-00044-002,SME-2024-00044,SME-BUNDLE-BIZ,Bundle Business,2024-03-14,,4183119,6,True
SUB-00045-001,SME-2024-00045,SME-BUNDLE-BIZ,Bundle Business,2020-06-20,,7126558,24,True
SUB-00045-002,SME-2024-00045,SME-DEDICATED-50,Internet Dedicated,2020-09-20,,3317082,12,True
SUB-00046-001,SME-2024-00046,SME-DEDICATED-100,Internet Dedicated,2026-06-23,,1962804,6,False
SUB-00046-002,SME-2024-00046,SME-DEDICATED-50,Internet Dedicated,2021-11-23,,5346450,24,True
SUB-00047-001,SME-2024-00047,SME-DEDICATED-50,Internet Dedicated,2022-04-16,,1950738,12,True
SUB-00047-002,SME-2024-00047,SME-CLOUD-BASIC,Cloud Service,2023-05-16,,1015909,24,True
SUB-00048-001,SME-2024-00048,SME-BUNDLE-BIZ,Bundle Business,2023-10-21,,4819505,6,True
SUB-00049-001,SME-2024-00049,SME-CLOUD-PRO,Cloud Service,2024-01-18,,6312549,12,True
SUB-00049-002,SME-2024-00049,SME-BROADBAND-50,Broadband,2024-04-18,,3866990,6,True
SUB-00050-001,SME-2024-00050,SME-BROADBAND-30,Broadband,2023-10-27,,926932,24,True
SUB-00051-001,SME-2024-00051,SME-CLOUD-PRO,Cloud Service,2023-09-04,,3877159,12,True
SUB-00052-001,SME-2024-00052,SME-DEDICATED-50,Internet Dedicated,2023-02-24,,2937327,12,True
SUB-00053-001,SME-2024-00053,SME-MANAGED-WIFI,Managed WiFi,2024-03-29,,1427260,6,True
SUB-00054-001,SME-2024-00054,SME-CLOUD-BASIC,Cloud Service,2024-10-12,,1516794,12,True
SUB-00055-001,SME-2024-00055,SME-DEDICATED-50,Internet Dedicated,2020-11-13,,2344606,12,True
SUB-00056-001,SME-2024-00056,SME-DEDICATED-100,Internet Dedicated,2022-07-04,,8059901,6,True
SUB-00057-001,SME-2024-00057,SME-BROADBAND-50,Broadband,2020-03-14,,2015729,12,True
SUB-00057-002,SME-2024-00057,SME-DEDICATED-50,Internet Dedicated,2026-04-14,,4696184,6,False
SUB-00058-001,SME-2024-00058,SME-MANAGED-WIFI,Managed WiFi,2024-11-16,,2210995,12,True
SUB-00058-002,SME-2024-00058,SME-UC-BASIC,Unified Communication,2025-02-16,,3222651,12,True
SUB-00059-001,SME-2024-00059,SME-MANAGED-WIFI,Managed WiFi,2023-10-25,,2320159,12,True
SUB-00060-001,SME-2024-00060,SME-DEDICATED-100,Internet Dedicated,2022-01-18,,6894319,24,True
SUB-00061-001,SME-2024-00061,SME-CLOUD-BASIC,Cloud Service,2024-09-30,,903596,12,True
SUB-00062-001,SME-2024-00062,SME-MANAGED-WIFI,Managed WiFi,2024-12-18,,2911256,24,False
SUB-00062-002,SME-2024-00062,SME-UC-BASIC,Unified Communication,2023-09-18,,2414249,24,True
SUB-00063-001,SME-2024-00063,SME-CLOUD-PRO,Cloud Service,2025-10-10,,6233919,12,False
SUB-00063-002,SME-2024-00063,SME-DEDICATED-100,Internet Dedicated,2022-01-10,,4851845,12,True
SUB-00064-001,SME-2024-00064,SME-CLOUD-PRO,Cloud Service,2020-06-14,,5215341,12,True
SUB-00064-002,SME-2024-00064,SME-UC-BASIC,Unified Communication,2020-09-14,,3051127,6,True
SUB-00065-001,SME-2024-00065,SME-UC-BASIC,Unified Communication,2022-01-16,,3058165,12,True
SUB-00066-001,SME-2024-00066,SME-BROADBAND-50,Broadband,2025-12-28,,1632018,12,False
SUB-00067-001,SME-2024-00067,SME-MANAGED-WIFI,Managed WiFi,2023-12-20,,2888765,12,True
SUB-00067-002,SME-2024-00067,SME-BUNDLE-BIZ,Bundle Business,2025-03-20,,2974987,12,True
SUB-00068-001,SME-2024-00068,SME-DEDICATED-100,Internet Dedicated,2024-11-12,,5684400,12,True
SUB-00068-002,SME-2024-00068,SME-MANAGED-WIFI,Managed WiFi,2025-05-12,,2010104,24,False
SUB-00069-001,SME-2024-00069,SME-BUNDLE-BIZ,Bundle Business,2026-05-30,,5924146,12,False
SUB-00070-001,SME-2024-00070,SME-CLOUD-BASIC,Cloud Service,2021-07-05,,925371,12,True
SUB-00070-002,SME-2024-00070,SME-DEDICATED-100,Internet Dedicated,2022-08-05,,8576033,12,True
SUB-00071-001,SME-2024-00071,SME-BROADBAND-30,Broadband,2023-03-08,,835386,12,True
SUB-00072-001,SME-2024-00072,SME-DEDICATED-50,Internet Dedicated,2026-06-03,,5170589,6,False
SUB-00072-002,SME-2024-00072,SME-CLOUD-PRO,Cloud Service,2022-09-03,,6328303,12,True
SUB-00073-001,SME-2024-00073,SME-BROADBAND-50,Broadband,2025-07-17,,3505735,12,False
SUB-00074-001,SME-2024-00074,SME-IOT-STARTER,IoT Package,2026-03-20,,951492,24,False
SUB-00074-002,SME-2024-00074,SME-DEDICATED-50,Internet Dedicated,2026-03-20,,3858276,6,False
SUB-00075-001,SME-2024-00075,SME-DEDICATED-100,Internet Dedicated,2021-06-18,,2996997,12,True
SUB-00076-001,SME-2024-00076,SME-CLOUD-PRO,Cloud Service,2021-12-19,,4242756,6,True
SUB-00076-002,SME-2024-00076,SME-BROADBAND-50,Broadband,2022-07-19,,3108365,6,True
SUB-00077-001,SME-2024-00077,SME-MANAGED-WIFI,Managed WiFi,2022-12-03,,3141093,6,True
SUB-00078-001,SME-2024-00078,SME-DEDICATED-100,Internet Dedicated,2022-01-01,,4165289,12,True
SUB-00078-002,SME-2024-00078,SME-BROADBAND-50,Broadband,2024-09-01,,2781365,24,False
SUB-00079-001,SME-2024-00079,SME-DEDICATED-50,Internet Dedicated,2026-01-18,,1279714,12,False
SUB-00080-001,SME-2024-00080,SME-BROADBAND-30,Broadband,2024-04-22,,2146413,24,True
SUB-00081-001,SME-2024-00081,SME-DEDICATED-100,Internet Dedicated,2025-09-01,,5590382,12,False
SUB-00082-001,SME-2024-00082,SME-UC-BASIC,Unified Communication,2022-10-30,,1251624,12,True
SUB-00083-001,SME-2024-00083,SME-IOT-STARTER,IoT Package,2025-11-25,,978785,12,False
SUB-00084-001,SME-2024-00084,SME-MANAGED-WIFI,Managed WiFi,2025-08-24,,990815,12,False
SUB-00084-002,SME-2024-00084,SME-DEDICATED-100,Internet Dedicated,2024-11-24,,3860677,24,False
SUB-00085-001,SME-2024-00085,SME-IOT-STARTER,IoT Package,2020-12-28,2021-11-28,1027789,6,True
SUB-00086-001,SME-2024-00086,SME-BUNDLE-BIZ,Bundle Business,2026-03-17,,6390391,6,False
SUB-00087-001,SME-2024-00087,SME-DEDICATED-100,Internet Dedicated,2026-01-30,,1904026,12,False
SUB-00087-002,SME-2024-00087,SME-UC-BASIC,Unified Communication,2022-10-30,,1989915,24,True
SUB-00088-001,SME-2024-00088,SME-CLOUD-BASIC,Cloud Service,2023-08-09,,1352838,24,True
SUB-00089-001,SME-2024-00089,SME-BROADBAND-30,Broadband,2024-05-20,,930031,12,True
SUB-00089-002,SME-2024-00089,SME-DEDICATED-50,Internet Dedicated,2025-04-20,,3025705,6,True
SUB-00090-001,SME-2024-00090,SME-MANAGED-WIFI,Managed WiFi,2021-07-18,,2925355,12,True
SUB-00091-001,SME-2024-00091,SME-MANAGED-WIFI,Managed WiFi,2025-08-01,,891544,12,False
SUB-00091-002,SME-2024-00091,SME-BROADBAND-50,Broadband,2025-11-01,,2643165,12,False
SUB-00091-003,SME-2024-00091,SME-DEDICATED-50,Internet Dedicated,2024-05-01,,3279758,12,True
SUB-00092-001,SME-2024-00092,SME-IOT-STARTER,IoT Package,2021-06-25,,1526782,12,True
SUB-00093-001,SME-2024-00093,SME-MANAGED-WIFI,Managed WiFi,2021-06-23,,701998,24,True
SUB-00094-001,SME-2024-00094,SME-DEDICATED-100,Internet Dedicated,2021-02-23,2021-10-23,4951794,12,False
SUB-00094-002,SME-2024-00094,SME-BROADBAND-50,Broadband,2021-10-23,2022-08-23,1431767,12,True
SUB-00095-001,SME-2024-00095,SME-CLOUD-BASIC,Cloud Service,2026-06-01,,852900,6,False
SUB-00096-001,SME-2024-00096,SME-BUNDLE-BIZ,Bundle Business,2021-03-10,,6117055,12,True
SUB-00097-001,SME-2024-00097,SME-BUNDLE-BIZ,Bundle Business,2021-01-08,,10595950,24,True
SUB-00098-001,SME-2024-00098,SME-IOT-STARTER,IoT Package,2026-03-24,,1399901,24,False
SUB-00099-001,SME-2024-00099,SME-BROADBAND-30,Broadband,2024-06-30,,1009032,12,True
SUB-00100-001,SME-2024-00100,SME-BROADBAND-50,Broadband,2021-11-22,,3903604,24,True
SUB-00101-001,SME-2024-00101,SME-BROADBAND-50,Broadband,2023-03-27,,3151333,24,True
SUB-00102-001,SME-2024-00102,SME-BROADBAND-50,Broadband,2026-02-20,,3036369,12,False
SUB-00103-001,SME-2024-00103,SME-CLOUD-PRO,Cloud Service,2024-03-01,,2499324,6,True
SUB-00104-001,SME-2024-00104,SME-DEDICATED-50,Internet Dedicated,2020-07-29,,2474145,24,True
SUB-00105-001,SME-2024-00105,SME-DEDICATED-50,Internet Dedicated,2023-06-05,,4450921,12,True
SUB-00106-001,SME-2024-00106,SME-CLOUD-PRO,Cloud Service,2026-04-13,,3292915,12,False
SUB-00106-002,SME-2024-00106,SME-BUNDLE-BIZ,Bundle Business,2026-02-13,,10146464,6,False
SUB-00107-001,SME-2024-00107,SME-CLOUD-PRO,Cloud Service,2025-09-01,,2091371,12,False
SUB-00108-001,SME-2024-00108,SME-IOT-STARTER,IoT Package,2026-06-27,,1285993,12,False
SUB-00109-001,SME-2024-00109,SME-IOT-STARTER,IoT Package,2022-10-15,,1265697,6,True
SUB-00110-001,SME-2024-00110,SME-DEDICATED-50,Internet Dedicated,2023-07-13,,2971818,12,True
SUB-00110-002,SME-2024-00110,SME-IOT-STARTER,IoT Package,2024-07-13,,651491,6,True
SUB-00111-001,SME-2024-00111,SME-BROADBAND-30,Broadband,2025-01-08,,1139191,24,False
SUB-00111-002,SME-2024-00111,SME-UC-BASIC,Unified Communication,2021-04-08,,1024705,12,True
SUB-00112-001,SME-2024-00112,SME-BROADBAND-50,Broadband,2022-08-26,,2582890,12,True
SUB-00113-001,SME-2024-00113,SME-DEDICATED-50,Internet Dedicated,2026-01-11,,2015125,6,False
SUB-00114-001,SME-2024-00114,SME-UC-BASIC,Unified Communication,2026-05-14,,2512438,6,False
SUB-00114-002,SME-2024-00114,SME-BUNDLE-BIZ,Bundle Business,2023-03-14,,10079210,24,True
SUB-00114-003,SME-2024-00114,SME-BROADBAND-30,Broadband,2023-05-14,,1256527,6,True
SUB-00115-001,SME-2024-00115,SME-UC-BASIC,Unified Communication,2023-02-04,2024-02-04,1431884,6,True
SUB-00116-001,SME-2024-00116,SME-UC-BASIC,Unified Communication,2026-04-28,,2964723,12,False
SUB-00117-001,SME-2024-00117,SME-CLOUD-PRO,Cloud Service,2022-08-13,,2894801,12,True
SUB-00118-001,SME-2024-00118,SME-MANAGED-WIFI,Managed WiFi,2021-06-04,,2330276,12,True
SUB-00119-001,SME-2024-00119,SME-DEDICATED-50,Internet Dedicated,2026-05-01,,2230008,12,False
SUB-00120-001,SME-2024-00120,SME-BROADBAND-30,Broadband,2021-05-25,,2570369,12,True
SUB-00121-001,SME-2024-00121,SME-DEDICATED-50,Internet Dedicated,2025-07-27,,1357571,12,False
SUB-00122-001,SME-2024-00122,SME-CLOUD-BASIC,Cloud Service,2025-08-21,,2372946,12,False
SUB-00123-001,SME-2024-00123,SME-DEDICATED-100,Internet Dedicated,2024-11-08,2025-09-08,5135543,12,True
SUB-00124-001,SME-2024-00124,SME-CLOUD-BASIC,Cloud Service,2026-04-03,,1140864,6,False
SUB-00124-002,SME-2024-00124,SME-DEDICATED-50,Internet Dedicated,2021-08-03,,2270830,24,True
SUB-00125-001,SME-2024-00125,SME-BROADBAND-30,Broadband,2020-03-23,,2100069,12,True
SUB-00126-001,SME-2024-00126,SME-IOT-STARTER,IoT Package,2026-05-03,,1197633,6,False
SUB-00127-001,SME-2024-00127,SME-CLOUD-BASIC,Cloud Service,2025-11-27,,2018345,12,False
SUB-00127-002,SME-2024-00127,SME-BROADBAND-50,Broadband,2022-05-27,2023-02-27,4046327,6,False
SUB-00128-001,SME-2024-00128,SME-BROADBAND-50,Broadband,2026-06-17,,1686354,6,False
SUB-00129-001,SME-2024-00129,SME-BUNDLE-BIZ,Bundle Business,2022-10-05,,7773778,12,True
SUB-00130-001,SME-2024-00130,SME-IOT-STARTER,IoT Package,2022-01-28,,1712811,24,True
SUB-00131-001,SME-2024-00131,SME-BROADBAND-30,Broadband,2020-11-10,,2487498,24,True
SUB-00132-001,SME-2024-00132,SME-CLOUD-BASIC,Cloud Service,2022-01-04,,2251358,6,True
SUB-00132-002,SME-2024-00132,SME-UC-BASIC,Unified Communication,2026-03-04,,1885315,6,False
SUB-00132-003,SME-2024-00132,SME-CLOUD-PRO,Cloud Service,2022-06-04,,3491119,6,True
SUB-00133-001,SME-2024-00133,SME-UC-BASIC,Unified Communication,2020-10-18,,2689155,12,True
SUB-00134-001,SME-2024-00134,SME-DEDICATED-100,Internet Dedicated,2022-06-23,,3952274,12,True
SUB-00135-001,SME-2024-00135,SME-UC-BASIC,Unified Communication,2026-04-26,,3286497,12,False
SUB-00136-001,SME-2024-00136,SME-IOT-STARTER,IoT Package,2024-05-19,,1501289,12,True
SUB-00136-002,SME-2024-00136,SME-BROADBAND-50,Broadband,2025-08-19,,3228992,12,True
SUB-00136-003,SME-2024-00136,SME-CLOUD-BASIC,Cloud Service,2026-05-19,,850993,12,False
SUB-00137-001,SME-2024-00137,SME-MANAGED-WIFI,Managed WiFi,2024-12-10,,930691,24,False
SUB-00138-001,SME-2024-00138,SME-BROADBAND-50,Broadband,2022-06-21,,2790612,12,True
SUB-00138-002,SME-2024-00138,SME-DEDICATED-50,Internet Dedicated,2022-09-21,,2731649,12,True
SUB-00139-001,SME-2024-00139,SME-DEDICATED-50,Internet Dedicated,2024-12-21,,3911217,6,True
SUB-00140-001,SME-2024-00140,SME-BUNDLE-BIZ,Bundle Business,2023-10-10,,2920765,6,True
SUB-00140-002,SME-2024-00140,SME-IOT-STARTER,IoT Package,2026-03-10,,827743,12,False
SUB-00141-001,SME-2024-00141,SME-CLOUD-BASIC,Cloud Service,2021-03-31,,641727,6,True
SUB-00142-001,SME-2024-00142,SME-CLOUD-BASIC,Cloud Service,2021-12-02,,2094640,12,True
SUB-00143-001,SME-2024-00143,SME-UC-BASIC,Unified Communication,2025-09-20,,1071459,12,False
SUB-00144-001,SME-2024-00144,SME-CLOUD-BASIC,Cloud Service,2024-08-14,,633138,12,True
SUB-00144-002,SME-2024-00144,SME-BROADBAND-50,Broadband,2026-01-14,,1928059,12,False
SUB-00144-003,SME-2024-00144,SME-IOT-STARTER,IoT Package,2025-04-14,,723416,12,True
SUB-00145-001,SME-2024-00145,SME-BROADBAND-50,Broadband,2022-02-19,,2848220,12,True
SUB-00146-001,SME-2024-00146,SME-IOT-STARTER,IoT Package,2024-04-11,2024-12-11,705445,12,True
SUB-00146-002,SME-2024-00146,SME-DEDICATED-100,Internet Dedicated,2024-11-11,,4455464,12,True
SUB-00147-001,SME-2024-00147,SME-BROADBAND-50,Broadband,2021-05-07,,4204491,6,True
SUB-00147-002,SME-2024-00147,SME-BUNDLE-BIZ,Bundle Business,2022-03-07,,9342633,6,True
SUB-00148-001,SME-2024-00148,SME-BROADBAND-30,Broadband,2020-10-01,,1996403,12,True
SUB-00149-001,SME-2024-00149,SME-BROADBAND-30,Broadband,2026-01-26,,1848978,12,False
SUB-00150-001,SME-2024-00150,SME-DEDICATED-50,Internet Dedicated,2023-01-19,,1885212,12,True
SUB-00151-001,SME-2024-00151,SME-MANAGED-WIFI,Managed WiFi,2020-10-12,,714551,6,True
SUB-00151-002,SME-2024-00151,SME-CLOUD-PRO,Cloud Service,2021-02-12,,5290492,6,True
SUB-00152-001,SME-2024-00152,SME-DEDICATED-50,Internet Dedicated,2022-06-23,,1202032,12,True
SUB-00152-002,SME-2024-00152,SME-BROADBAND-50,Broadband,2023-01-23,,1017656,12,True
SUB-00153-001,SME-2024-00153,SME-DEDICATED-50,Internet Dedicated,2025-07-03,,5350719,12,False
SUB-00154-001,SME-2024-00154,SME-MANAGED-WIFI,Managed WiFi,2023-11-22,,2845298,12,True
SUB-00154-002,SME-2024-00154,SME-IOT-STARTER,IoT Package,2024-09-22,,1377227,12,True
SUB-00155-001,SME-2024-00155,SME-MANAGED-WIFI,Managed WiFi,2026-05-29,,2557588,12,False
SUB-00155-002,SME-2024-00155,SME-CLOUD-PRO,Cloud Service,2022-09-29,,3342202,12,True
SUB-00156-001,SME-2024-00156,SME-MANAGED-WIFI,Managed WiFi,2023-06-19,,2075830,6,True
SUB-00157-001,SME-2024-00157,SME-BROADBAND-30,Broadband,2022-06-08,,1973705,24,True
SUB-00157-002,SME-2024-00157,SME-CLOUD-PRO,Cloud Service,2022-09-08,,2327598,12,True
SUB-00158-001,SME-2024-00158,SME-UC-BASIC,Unified Communication,2022-06-21,,3216068,12,True
SUB-00159-001,SME-2024-00159,SME-UC-BASIC,Unified Communication,2023-06-28,,2060952,6,True
SUB-00159-002,SME-2024-00159,SME-MANAGED-WIFI,Managed WiFi,2024-05-28,,2555498,12,True
SUB-00160-001,SME-2024-00160,SME-BROADBAND-50,Broadband,2021-12-05,,2019146,12,True
SUB-00161-001,SME-2024-00161,SME-UC-BASIC,Unified Communication,2024-11-19,,2489107,6,True
SUB-00161-002,SME-2024-00161,SME-CLOUD-BASIC,Cloud Service,2025-04-19,,2246985,6,True
SUB-00162-001,SME-2024-00162,SME-IOT-STARTER,IoT Package,2025-09-17,,1073809,12,False
SUB-00163-001,SME-2024-00163,SME-MANAGED-WIFI,Managed WiFi,2021-03-31,,1744579,6,True
SUB-00164-001,SME-2024-00164,SME-CLOUD-PRO,Cloud Service,2026-04-24,,2005697,6,False
SUB-00165-001,SME-2024-00165,SME-CLOUD-BASIC,Cloud Service,2024-02-16,,1991001,24,True
SUB-00165-002,SME-2024-00165,SME-CLOUD-PRO,Cloud Service,2024-12-16,,1921754,24,True
SUB-00166-001,SME-2024-00166,SME-BROADBAND-30,Broadband,2022-05-20,,1151255,12,True
SUB-00167-001,SME-2024-00167,SME-DEDICATED-50,Internet Dedicated,2020-03-11,,1423438,12,True
SUB-00168-001,SME-2024-00168,SME-DEDICATED-100,Internet Dedicated,2026-01-10,,8044510,6,False
SUB-00169-001,SME-2024-00169,SME-CLOUD-PRO,Cloud Service,2023-07-02,,6100051,6,True
SUB-00170-001,SME-2024-00170,SME-IOT-STARTER,IoT Package,2024-01-24,,1540818,24,True
SUB-00170-002,SME-2024-00170,SME-DEDICATED-50,Internet Dedicated,2024-06-24,,1180484,12,True
SUB-00170-003,SME-2024-00170,SME-CLOUD-PRO,Cloud Service,2025-04-24,,5912512,12,True
SUB-00171-001,SME-2024-00171,SME-UC-BASIC,Unified Communication,2025-08-05,,1472667,24,False
SUB-00171-002,SME-2024-00171,SME-BROADBAND-30,Broadband,2022-10-05,,871227,12,True
SUB-00172-001,SME-2024-00172,SME-MANAGED-WIFI,Managed WiFi,2023-11-27,,3056824,24,True
SUB-00173-001,SME-2024-00173,SME-BROADBAND-50,Broadband,2021-07-21,,1937186,12,True
SUB-00174-001,SME-2024-00174,SME-IOT-STARTER,IoT Package,2024-12-26,,2017252,12,True
SUB-00174-002,SME-2024-00174,SME-BROADBAND-30,Broadband,2025-10-26,,2429005,6,True
SUB-00174-003,SME-2024-00174,SME-DEDICATED-50,Internet Dedicated,2025-07-26,,5081671,12,False
SUB-00175-001,SME-2024-00175,SME-DEDICATED-50,Internet Dedicated,2021-08-09,,1578009,12,True
SUB-00176-001,SME-2024-00176,SME-DEDICATED-50,Internet Dedicated,2023-10-10,,5022623,6,True
SUB-00177-001,SME-2024-00177,SME-UC-BASIC,Unified Communication,2025-11-19,,2896318,12,False
SUB-00178-001,SME-2024-00178,SME-CLOUD-PRO,Cloud Service,2020-10-04,,5383882,12,True
SUB-00178-002,SME-2024-00178,SME-DEDICATED-100,Internet Dedicated,2022-01-04,,2520629,12,True
SUB-00179-001,SME-2024-00179,SME-DEDICATED-100,Internet Dedicated,2026-04-24,,7825326,6,False
SUB-00179-002,SME-2024-00179,SME-IOT-STARTER,IoT Package,2025-08-24,,1804316,12,True
SUB-00180-001,SME-2024-00180,SME-UC-BASIC,Unified Communication,2021-10-16,,2046769,6,True
SUB-00181-001,SME-2024-00181,SME-DEDICATED-50,Internet Dedicated,2026-01-24,,1379309,12,False
SUB-00181-002,SME-2024-00181,SME-BROADBAND-50,Broadband,2026-04-24,,3566139,6,False
SUB-00181-003,SME-2024-00181,SME-CLOUD-BASIC,Cloud Service,2022-06-24,,2470366,6,True
SUB-00182-001,SME-2024-00182,SME-UC-BASIC,Unified Communication,2023-12-27,,1820759,12,True
SUB-00182-002,SME-2024-00182,SME-BROADBAND-30,Broadband,2024-12-27,,2437739,6,True
SUB-00183-001,SME-2024-00183,SME-CLOUD-PRO,Cloud Service,2023-01-12,,3197103,12,True
SUB-00183-002,SME-2024-00183,SME-BROADBAND-50,Broadband,2025-06-12,,1660263,24,False
SUB-00184-001,SME-2024-00184,SME-BROADBAND-30,Broadband,2025-12-14,,2401607,12,False
SUB-00185-001,SME-2024-00185,SME-MANAGED-WIFI,Managed WiFi,2021-05-12,2021-10-12,2411415,12,True
SUB-00185-002,SME-2024-00185,SME-BUNDLE-BIZ,Bundle Business,2022-06-12,,7314879,24,True
SUB-00186-001,SME-2024-00186,SME-CLOUD-PRO,Cloud Service,2022-11-27,,2721825,12,True
SUB-00187-001,SME-2024-00187,SME-DEDICATED-100,Internet Dedicated,2025-10-13,,4799612,12,False
SUB-00188-001,SME-2024-00188,SME-CLOUD-BASIC,Cloud Service,2020-03-06,,1590009,12,True
SUB-00189-001,SME-2024-00189,SME-UC-BASIC,Unified Communication,2024-10-11,2025-07-11,3378622,24,False
SUB-00189-002,SME-2024-00189,SME-BROADBAND-30,Broadband,2025-07-11,,630654,6,True
SUB-00190-001,SME-2024-00190,SME-BROADBAND-30,Broadband,2026-04-15,,1279382,6,False
SUB-00191-001,SME-2024-00191,SME-UC-BASIC,Unified Communication,2020-05-02,,3637478,24,True
SUB-00192-001,SME-2024-00192,SME-BROADBAND-30,Broadband,2021-05-15,,1057641,6,True
SUB-00193-001,SME-2024-00193,SME-BUNDLE-BIZ,Bundle Business,2022-03-18,,2627462,12,True
SUB-00194-001,SME-2024-00194,SME-UC-BASIC,Unified Communication,2020-03-17,,3172364,12,True
SUB-00195-001,SME-2024-00195,SME-MANAGED-WIFI,Managed WiFi,2023-07-18,,2379199,12,True
SUB-00196-001,SME-2024-00196,SME-IOT-STARTER,IoT Package,2021-08-29,,552844,6,True
SUB-00196-002,SME-2024-00196,SME-MANAGED-WIFI,Managed WiFi,2022-02-28,,1463764,12,True
SUB-00197-001,SME-2024-00197,SME-CLOUD-PRO,Cloud Service,2021-03-23,,3128106,12,True
SUB-00197-002,SME-2024-00197,SME-BUNDLE-BIZ,Bundle Business,2026-01-23,,6449174,12,False
SUB-00198-001,SME-2024-00198,SME-CLOUD-PRO,Cloud Service,2022-09-01,,2782911,6,True
SUB-00199-001,SME-2024-00199,SME-BROADBAND-50,Broadband,2024-07-13,,1295216,6,True
SUB-00199-002,SME-2024-00199,SME-BROADBAND-30,Broadband,2025-03-13,,2256250,24,True
SUB-00200-001,SME-2024-00200,SME-CLOUD-PRO,Cloud Service,2026-05-13,,5048885,6,False
SUB-00201-001,SME-2024-00201,SME-IOT-STARTER,IoT Package,2022-10-03,,1804173,6,True
SUB-00202-001,SME-2024-00202,SME-CLOUD-PRO,Cloud Service,2026-01-01,,1518979,12,False
SUB-00203-001,SME-2024-00203,SME-IOT-STARTER,IoT Package,2021-01-02,,1046741,24,True
SUB-00204-001,SME-2024-00204,SME-BROADBAND-30,Broadband,2020-02-08,,828652,6,True
SUB-00205-001,SME-2024-00205,SME-DEDICATED-50,Internet Dedicated,2024-03-05,,3264484,12,True
SUB-00205-002,SME-2024-00205,SME-CLOUD-BASIC,Cloud Service,2026-05-05,,1168776,12,False
SUB-00205-003,SME-2024-00205,SME-BROADBAND-30,Broadband,2025-01-05,,1185317,12,True
SUB-00206-001,SME-2024-00206,SME-CLOUD-PRO,Cloud Service,2025-08-01,,3079152,12,False
SUB-00206-002,SME-2024-00206,SME-MANAGED-WIFI,Managed WiFi,2025-02-01,,1465776,12,True
SUB-00207-001,SME-2024-00207,SME-BROADBAND-30,Broadband,2021-07-19,,2475142,12,True
SUB-00208-001,SME-2024-00208,SME-DEDICATED-100,Internet Dedicated,2022-03-19,,2308494,12,True
SUB-00209-001,SME-2024-00209,SME-BUNDLE-BIZ,Bundle Business,2022-03-14,,9255662,12,True
SUB-00209-002,SME-2024-00209,SME-IOT-STARTER,IoT Package,2026-06-14,,1949107,6,False
SUB-00210-001,SME-2024-00210,SME-DEDICATED-50,Internet Dedicated,2020-01-21,,3372947,12,True
SUB-00210-002,SME-2024-00210,SME-BROADBAND-30,Broadband,2020-11-21,,1038877,6,True
SUB-00211-001,SME-2024-00211,SME-MANAGED-WIFI,Managed WiFi,2025-12-29,,2657938,24,False
SUB-00212-001,SME-2024-00212,SME-DEDICATED-50,Internet Dedicated,2022-04-04,,4192574,12,True
SUB-00213-001,SME-2024-00213,SME-BROADBAND-30,Broadband,2021-08-24,,1295608,12,True
SUB-00214-001,SME-2024-00214,SME-UC-BASIC,Unified Communication,2022-04-26,,2346719,12,True
SUB-00215-001,SME-2024-00215,SME-BROADBAND-30,Broadband,2025-05-23,,1164707,24,False
SUB-00216-001,SME-2024-00216,SME-DEDICATED-100,Internet Dedicated,2021-12-29,,2238876,24,True
SUB-00217-001,SME-2024-00217,SME-BROADBAND-30,Broadband,2026-03-14,,1361664,12,False
SUB-00218-001,SME-2024-00218,SME-UC-BASIC,Unified Communication,2026-03-25,,2890994,12,False
SUB-00219-001,SME-2024-00219,SME-DEDICATED-100,Internet Dedicated,2023-01-27,,7832299,12,True
SUB-00220-001,SME-2024-00220,SME-DEDICATED-50,Internet Dedicated,2024-10-01,,3272824,12,True
SUB-00221-001,SME-2024-00221,SME-CLOUD-BASIC,Cloud Service,2020-01-26,,976683,12,True
SUB-00221-002,SME-2024-00221,SME-BUNDLE-BIZ,Bundle Business,2020-11-26,,3113174,12,True
SUB-00222-001,SME-2024-00222,SME-MANAGED-WIFI,Managed WiFi,2026-05-16,,2860953,12,False
SUB-00222-002,SME-2024-00222,SME-UC-BASIC,Unified Communication,2022-11-16,,1560855,12,True
SUB-00222-003,SME-2024-00222,SME-CLOUD-BASIC,Cloud Service,2023-01-16,,1347610,12,True
SUB-00223-001,SME-2024-00223,SME-IOT-STARTER,IoT Package,2023-11-13,,773117,12,True
SUB-00224-001,SME-2024-00224,SME-DEDICATED-100,Internet Dedicated,2023-01-23,,5976875,6,True
SUB-00224-002,SME-2024-00224,SME-IOT-STARTER,IoT Package,2023-04-23,,1120185,12,True
SUB-00225-001,SME-2024-00225,SME-CLOUD-BASIC,Cloud Service,2026-05-25,,1177931,12,False
SUB-00226-001,SME-2024-00226,SME-UC-BASIC,Unified Communication,2023-03-11,,3141929,12,True
SUB-00227-001,SME-2024-00227,SME-DEDICATED-50,Internet Dedicated,2024-08-17,,1529875,24,False
SUB-00228-001,SME-2024-00228,SME-BROADBAND-30,Broadband,2025-12-27,,1117854,12,False
SUB-00229-001,SME-2024-00229,SME-DEDICATED-100,Internet Dedicated,2024-08-27,,5450059,12,True
SUB-00230-001,SME-2024-00230,SME-UC-BASIC,Unified Communication,2023-12-26,,1010532,12,True
SUB-00231-001,SME-2024-00231,SME-BUNDLE-BIZ,Bundle Business,2023-08-04,,10007729,12,True
SUB-00232-001,SME-2024-00232,SME-IOT-STARTER,IoT Package,2024-05-13,,1075686,6,True
SUB-00233-001,SME-2024-00233,SME-MANAGED-WIFI,Managed WiFi,2020-06-05,,1821557,12,True
SUB-00234-001,SME-2024-00234,SME-UC-BASIC,Unified Communication,2021-07-18,,2005038,12,True
SUB-00234-002,SME-2024-00234,SME-BROADBAND-50,Broadband,2026-03-18,,2207678,12,False
SUB-00235-001,SME-2024-00235,SME-BROADBAND-50,Broadband,2023-04-17,,4208097,12,True
SUB-00235-002,SME-2024-00235,SME-MANAGED-WIFI,Managed WiFi,2026-01-17,,1227448,12,False
SUB-00236-001,SME-2024-00236,SME-CLOUD-PRO,Cloud Service,2023-07-10,,3880203,6,True
SUB-00236-002,SME-2024-00236,SME-BUNDLE-BIZ,Bundle Business,2024-08-10,,6963797,6,True
SUB-00237-001,SME-2024-00237,SME-BROADBAND-30,Broadband,2026-04-06,,2100991,12,False
SUB-00237-002,SME-2024-00237,SME-UC-BASIC,Unified Communication,2026-04-06,,2894892,12,False
SUB-00238-001,SME-2024-00238,SME-CLOUD-PRO,Cloud Service,2026-06-03,,1690392,12,False
SUB-00239-001,SME-2024-00239,SME-BROADBAND-30,Broadband,2026-01-06,,1393315,12,False
SUB-00239-002,SME-2024-00239,SME-UC-BASIC,Unified Communication,2026-01-06,,1298247,12,False
SUB-00240-001,SME-2024-00240,SME-IOT-STARTER,IoT Package,2020-01-15,,2064266,12,True
SUB-00241-001,SME-2024-00241,SME-DEDICATED-50,Internet Dedicated,2024-12-05,,5351015,24,False
SUB-00242-001,SME-2024-00242,SME-MANAGED-WIFI,Managed WiFi,2026-06-10,,3106980,24,False
SUB-00243-001,SME-2024-00243,SME-UC-BASIC,Unified Communication,2021-07-21,,2931522,12,True
SUB-00243-002,SME-2024-00243,SME-BUNDLE-BIZ,Bundle Business,2025-10-21,,9362888,12,False
SUB-00244-001,SME-2024-00244,SME-BROADBAND-50,Broadband,2022-04-09,,2588594,12,True
SUB-00244-002,SME-2024-00244,SME-UC-BASIC,Unified Communication,2025-03-09,,931052,24,False
SUB-00245-001,SME-2024-00245,SME-CLOUD-PRO,Cloud Service,2026-03-18,,2185261,6,False
SUB-00246-001,SME-2024-00246,SME-DEDICATED-100,Internet Dedicated,2021-09-25,,8581605,12,True
SUB-00246-002,SME-2024-00246,SME-BROADBAND-50,Broadband,2022-09-25,,3730545,6,True
SUB-00247-001,SME-2024-00247,SME-BROADBAND-30,Broadband,2024-08-21,,2241865,12,True
SUB-00248-001,SME-2024-00248,SME-BROADBAND-30,Broadband,2021-01-22,,678929,6,True
SUB-00249-001,SME-2024-00249,SME-IOT-STARTER,IoT Package,2024-11-03,2025-05-03,2082522,24,False
SUB-00249-002,SME-2024-00249,SME-BROADBAND-30,Broadband,2025-11-03,,2326507,24,True
SUB-00250-001,SME-2024-00250,SME-DEDICATED-100,Internet Dedicated,2020-02-13,,2772625,24,True
SUB-00250-002,SME-2024-00250,SME-CLOUD-PRO,Cloud Service,2020-06-13,,4868082,24,True
SUB-00250-003,SME-2024-00250,SME-MANAGED-WIFI,Managed WiFi,2021-02-13,2021-10-13,3058995,6,True
SUB-00251-001,SME-2024-00251,SME-BUNDLE-BIZ,Bundle Business,2022-09-29,,9311499,12,True
SUB-00252-001,SME-2024-00252,SME-UC-BASIC,Unified Communication,2025-11-26,,3462227,12,False
SUB-00253-001,SME-2024-00253,SME-BROADBAND-30,Broadband,2026-01-19,,1058890,6,False
SUB-00253-002,SME-2024-00253,SME-IOT-STARTER,IoT Package,2020-07-19,,615856,12,True
SUB-00254-001,SME-2024-00254,SME-DEDICATED-100,Internet Dedicated,2022-01-21,,3570837,12,True
SUB-00254-002,SME-2024-00254,SME-BROADBAND-50,Broadband,2025-12-21,,3659392,12,False
SUB-00255-001,SME-2024-00255,SME-IOT-STARTER,IoT Package,2023-12-24,,1056526,24,True
SUB-00256-001,SME-2024-00256,SME-DEDICATED-50,Internet Dedicated,2021-05-05,,1307167,12,True
SUB-00256-002,SME-2024-00256,SME-MANAGED-WIFI,Managed WiFi,2021-09-05,,1454920,12,True
SUB-00257-001,SME-2024-00257,SME-UC-BASIC,Unified Communication,2024-07-21,,1560323,24,False
SUB-00257-002,SME-2024-00257,SME-DEDICATED-50,Internet Dedicated,2026-02-21,,4214731,6,False
SUB-00258-001,SME-2024-00258,SME-CLOUD-PRO,Cloud Service,2021-08-08,,2449637,12,True
SUB-00259-001,SME-2024-00259,SME-UC-BASIC,Unified Communication,2025-05-25,,3310984,24,False
SUB-00260-001,SME-2024-00260,SME-MANAGED-WIFI,Managed WiFi,2020-12-08,,1950687,12,True
SUB-00261-001,SME-2024-00261,SME-CLOUD-PRO,Cloud Service,2024-02-04,,3085882,12,True
SUB-00261-002,SME-2024-00261,SME-BUNDLE-BIZ,Bundle Business,2024-12-04,,3428970,24,True
SUB-00262-001,SME-2024-00262,SME-DEDICATED-50,Internet Dedicated,2023-02-05,,5364738,12,True
SUB-00262-002,SME-2024-00262,SME-CLOUD-PRO,Cloud Service,2025-07-05,,2381640,12,False
SUB-00263-001,SME-2024-00263,SME-DEDICATED-100,Internet Dedicated,2023-06-03,,4521250,12,True
SUB-00263-002,SME-2024-00263,SME-BROADBAND-50,Broadband,2024-02-03,,2420216,12,True
SUB-00264-001,SME-2024-00264,SME-BUNDLE-BIZ,Bundle Business,2024-10-03,,10078549,12,True
SUB-00264-002,SME-2024-00264,SME-DEDICATED-50,Internet Dedicated,2025-11-03,,2608887,24,True
SUB-00265-001,SME-2024-00265,SME-BROADBAND-50,Broadband,2026-03-20,,3173106,12,False
SUB-00265-002,SME-2024-00265,SME-MANAGED-WIFI,Managed WiFi,2026-01-20,,795939,6,False
SUB-00266-001,SME-2024-00266,SME-DEDICATED-100,Internet Dedicated,2024-06-30,,7484041,6,True
SUB-00267-001,SME-2024-00267,SME-DEDICATED-100,Internet Dedicated,2024-10-21,2025-03-21,6571203,24,True
SUB-00268-001,SME-2024-00268,SME-IOT-STARTER,IoT Package,2026-06-02,,1499425,6,False
SUB-00269-001,SME-2024-00269,SME-DEDICATED-100,Internet Dedicated,2025-10-30,,9051552,12,False
SUB-00269-002,SME-2024-00269,SME-UC-BASIC,Unified Communication,2024-09-30,,2984563,12,True
SUB-00270-001,SME-2024-00270,SME-BUNDLE-BIZ,Bundle Business,2021-04-04,,7350588,12,True
SUB-00271-001,SME-2024-00271,SME-BROADBAND-30,Broadband,2026-05-25,,1865615,6,False
SUB-00272-001,SME-2024-00272,SME-CLOUD-PRO,Cloud Service,2024-09-16,,1689620,12,True
SUB-00273-001,SME-2024-00273,SME-BUNDLE-BIZ,Bundle Business,2020-04-30,2020-11-30,7829741,12,False
SUB-00274-001,SME-2024-00274,SME-BROADBAND-30,Broadband,2019-12-23,,2574889,12,True
SUB-00274-002,SME-2024-00274,SME-BUNDLE-BIZ,Bundle Business,2021-03-23,,7488604,12,True
SUB-00275-001,SME-2024-00275,SME-BROADBAND-50,Broadband,2024-09-21,,1675144,12,True
SUB-00276-001,SME-2024-00276,SME-BROADBAND-50,Broadband,2022-06-18,,1826859,12,True
SUB-00276-002,SME-2024-00276,SME-IOT-STARTER,IoT Package,2023-06-18,,1096498,24,True
SUB-00276-003,SME-2024-00276,SME-UC-BASIC,Unified Communication,2023-06-18,,2684552,12,True
SUB-00277-001,SME-2024-00277,SME-IOT-STARTER,IoT Package,2024-05-18,,928419,24,True
SUB-00278-001,SME-2024-00278,SME-BROADBAND-50,Broadband,2026-06-08,,3944760,24,False
SUB-00279-001,SME-2024-00279,SME-BROADBAND-50,Broadband,2025-11-22,,1854222,12,False
SUB-00280-001,SME-2024-00280,SME-BROADBAND-30,Broadband,2021-11-12,,1510950,12,True
SUB-00281-001,SME-2024-00281,SME-MANAGED-WIFI,Managed WiFi,2023-08-16,,2150425,12,True
SUB-00281-002,SME-2024-00281,SME-DEDICATED-100,Internet Dedicated,2024-06-16,,5583433,12,True
SUB-00282-001,SME-2024-00282,SME-BROADBAND-50,Broadband,2024-05-26,,967943,6,True
SUB-00283-001,SME-2024-00283,SME-DEDICATED-50,Internet Dedicated,2023-05-17,,4209623,12,True
SUB-00283-002,SME-2024-00283,SME-BROADBAND-50,Broadband,2024-07-17,,4104498,24,True
SUB-00283-003,SME-2024-00283,SME-CLOUD-PRO,Cloud Service,2026-02-17,,5826778,6,False
SUB-00284-001,SME-2024-00284,SME-CLOUD-BASIC,Cloud Service,2022-01-12,,2464520,12,True
SUB-00285-001,SME-2024-00285,SME-BROADBAND-30,Broadband,2022-04-05,,1203253,12,True
SUB-00285-002,SME-2024-00285,SME-BUNDLE-BIZ,Bundle Business,2022-11-05,,3818580,6,True
SUB-00286-001,SME-2024-00286,SME-CLOUD-BASIC,Cloud Service,2024-12-02,,1283042,24,True
SUB-00287-001,SME-2024-00287,SME-DEDICATED-50,Internet Dedicated,2020-10-30,,3636057,24,True
SUB-00288-001,SME-2024-00288,SME-CLOUD-BASIC,Cloud Service,2024-11-18,,1969867,24,True
SUB-00289-001,SME-2024-00289,SME-BROADBAND-50,Broadband,2020-04-25,,1571542,12,True
SUB-00290-001,SME-2024-00290,SME-BROADBAND-50,Broadband,2021-12-06,2022-04-06,4060519,12,True
SUB-00291-001,SME-2024-00291,SME-DEDICATED-100,Internet Dedicated,2021-07-10,,5139811,12,True
SUB-00292-001,SME-2024-00292,SME-CLOUD-PRO,Cloud Service,2023-05-17,,2658642,12,True
SUB-00293-001,SME-2024-00293,SME-DEDICATED-100,Internet Dedicated,2020-07-11,,7535531,12,True
SUB-00294-001,SME-2024-00294,SME-CLOUD-PRO,Cloud Service,2022-07-03,,5051791,12,True
SUB-00294-002,SME-2024-00294,SME-BROADBAND-50,Broadband,2025-08-03,,4123919,24,False
SUB-00295-001,SME-2024-00295,SME-BROADBAND-50,Broadband,2020-08-02,,2357485,6,True
SUB-00296-001,SME-2024-00296,SME-IOT-STARTER,IoT Package,2025-09-21,,1177166,12,False
SUB-00297-001,SME-2024-00297,SME-BROADBAND-50,Broadband,2021-04-13,2021-09-13,1837409,6,False
SUB-00297-002,SME-2024-00297,SME-DEDICATED-50,Internet Dedicated,2022-02-13,,1207818,12,True
SUB-00298-001,SME-2024-00298,SME-BROADBAND-50,Broadband,2026-03-26,,2271437,24,False
SUB-00299-001,SME-2024-00299,SME-BROADBAND-50,Broadband,2022-08-16,,1714420,12,True
SUB-00300-001,SME-2024-00300,SME-DEDICATED-50,Internet Dedicated,2023-03-13,,2210473,12,True
SUB-00300-002,SME-2024-00300,SME-MANAGED-WIFI,Managed WiFi,2026-03-13,,789550,12,False
SUB-00300-003,SME-2024-00300,SME-DEDICATED-100,Internet Dedicated,2023-08-13,,5572065,12,True
SUB-00301-001,SME-2024-00301,SME-UC-BASIC,Unified Communication,2024-07-27,,947976,12,True
SUB-00302-001,SME-2024-00302,SME-UC-BASIC,Unified Communication,2022-09-15,,807105,24,True
SUB-00303-001,SME-2024-00303,SME-MANAGED-WIFI,Managed WiFi,2022-03-27,,3122987,12,True
SUB-00304-001,SME-2024-00304,SME-UC-BASIC,Unified Communication,2020-08-01,,2278082,6,True
SUB-00305-001,SME-2024-00305,SME-IOT-STARTER,IoT Package,2020-10-25,2021-01-25,1818082,12,True
SUB-00306-001,SME-2024-00306,SME-DEDICATED-100,Internet Dedicated,2020-05-17,,8051659,12,True
SUB-00306-002,SME-2024-00306,SME-BROADBAND-50,Broadband,2020-12-17,,941301,12,True
SUB-00307-001,SME-2024-00307,SME-IOT-STARTER,IoT Package,2022-06-01,,2103588,24,True
SUB-00307-002,SME-2024-00307,SME-BROADBAND-50,Broadband,2025-08-01,,2408877,12,False
SUB-00308-001,SME-2024-00308,SME-DEDICATED-50,Internet Dedicated,2023-04-22,2024-03-22,2454391,12,True
SUB-00308-002,SME-2024-00308,SME-BROADBAND-30,Broadband,2025-11-22,,1149361,12,False
SUB-00309-001,SME-2024-00309,SME-MANAGED-WIFI,Managed WiFi,2025-07-15,,2311681,12,False
SUB-00310-001,SME-2024-00310,SME-BUNDLE-BIZ,Bundle Business,2020-01-21,,7483824,24,True
SUB-00310-002,SME-2024-00310,SME-UC-BASIC,Unified Communication,2025-12-21,,2891034,12,False
SUB-00310-003,SME-2024-00310,SME-BROADBAND-50,Broadband,2026-02-21,,4170945,6,False
SUB-00311-001,SME-2024-00311,SME-DEDICATED-50,Internet Dedicated,2021-06-06,2021-12-06,3406525,12,True
SUB-00312-001,SME-2024-00312,SME-DEDICATED-50,Internet Dedicated,2025-08-30,,5144343,12,False
SUB-00313-001,SME-2024-00313,SME-BROADBAND-30,Broadband,2024-04-23,,1122301,12,True
SUB-00314-001,SME-2024-00314,SME-MANAGED-WIFI,Managed WiFi,2023-02-24,,3038812,12,True
SUB-00315-001,SME-2024-00315,SME-BROADBAND-50,Broadband,2026-03-11,,2750028,12,False
SUB-00315-002,SME-2024-00315,SME-DEDICATED-50,Internet Dedicated,2022-09-11,2023-09-11,1182508,12,True
SUB-00316-001,SME-2024-00316,SME-DEDICATED-100,Internet Dedicated,2021-12-14,,4487816,12,True
SUB-00316-002,SME-2024-00316,SME-CLOUD-PRO,Cloud Service,2025-08-14,,2333129,12,False
SUB-00317-001,SME-2024-00317,SME-DEDICATED-50,Internet Dedicated,2022-06-22,,2873569,24,True
SUB-00318-001,SME-2024-00318,SME-IOT-STARTER,IoT Package,2026-04-02,,1059225,6,False
SUB-00319-001,SME-2024-00319,SME-IOT-STARTER,IoT Package,2026-01-22,,641412,12,False
SUB-00320-001,SME-2024-00320,SME-BROADBAND-30,Broadband,2025-11-28,,2530168,12,False
SUB-00321-001,SME-2024-00321,SME-BROADBAND-30,Broadband,2020-06-11,,910593,24,True
SUB-00321-002,SME-2024-00321,SME-DEDICATED-100,Internet Dedicated,2020-12-11,,8905532,12,True
SUB-00321-003,SME-2024-00321,SME-CLOUD-BASIC,Cloud Service,2021-03-11,,2610542,6,True
SUB-00322-001,SME-2024-00322,SME-DEDICATED-50,Internet Dedicated,2023-09-17,,1496969,6,True
SUB-00323-001,SME-2024-00323,SME-MANAGED-WIFI,Managed WiFi,2023-04-08,,2096585,24,True
SUB-00324-001,SME-2024-00324,SME-BROADBAND-50,Broadband,2023-10-08,,2725422,12,True
SUB-00325-001,SME-2024-00325,SME-IOT-STARTER,IoT Package,2026-04-03,,1676649,12,False
SUB-00325-002,SME-2024-00325,SME-BROADBAND-30,Broadband,2023-10-03,,1471397,12,True
SUB-00326-001,SME-2024-00326,SME-MANAGED-WIFI,Managed WiFi,2022-09-22,,669600,6,True
SUB-00327-001,SME-2024-00327,SME-IOT-STARTER,IoT Package,2026-03-28,,700598,12,False
SUB-00327-002,SME-2024-00327,SME-CLOUD-PRO,Cloud Service,2020-07-28,,2869102,12,True
SUB-00328-001,SME-2024-00328,SME-BROADBAND-30,Broadband,2026-05-13,,1537799,24,False
SUB-00329-001,SME-2024-00329,SME-UC-BASIC,Unified Communication,2025-11-20,,3536309,12,False
SUB-00329-002,SME-2024-00329,SME-MANAGED-WIFI,Managed WiFi,2022-08-20,,2759579,12,True
SUB-00330-001,SME-2024-00330,SME-BROADBAND-30,Broadband,2021-09-05,,867037,24,True
SUB-00330-002,SME-2024-00330,SME-CLOUD-PRO,Cloud Service,2025-09-05,,4007529,12,False
SUB-00331-001,SME-2024-00331,SME-IOT-STARTER,IoT Package,2020-06-30,,1589248,12,True
SUB-00332-001,SME-2024-00332,SME-BROADBAND-30,Broadband,2022-02-14,,1359228,12,True
SUB-00333-001,SME-2024-00333,SME-BROADBAND-30,Broadband,2020-05-06,,2686063,24,True
SUB-00334-001,SME-2024-00334,SME-CLOUD-BASIC,Cloud Service,2021-01-15,,1465829,12,True
SUB-00335-001,SME-2024-00335,SME-UC-BASIC,Unified Communication,2020-09-21,2021-06-21,2381304,12,True
SUB-00335-002,SME-2024-00335,SME-MANAGED-WIFI,Managed WiFi,2021-08-21,,2149273,24,True
SUB-00336-001,SME-2024-00336,SME-IOT-STARTER,IoT Package,2026-06-15,,873163,12,False
SUB-00336-002,SME-2024-00336,SME-CLOUD-PRO,Cloud Service,2024-07-15,,3736888,24,True
SUB-00337-001,SME-2024-00337,SME-MANAGED-WIFI,Managed WiFi,2021-07-09,2022-03-09,3023014,12,True
SUB-00337-002,SME-2024-00337,SME-IOT-STARTER,IoT Package,2022-05-09,,855771,6,True
SUB-00338-001,SME-2024-00338,SME-DEDICATED-100,Internet Dedicated,2026-01-02,,1952336,6,False
SUB-00339-001,SME-2024-00339,SME-BUNDLE-BIZ,Bundle Business,2019-12-22,,6879510,24,True
SUB-00340-001,SME-2024-00340,SME-MANAGED-WIFI,Managed WiFi,2022-08-01,,922024,24,True
SUB-00340-002,SME-2024-00340,SME-BUNDLE-BIZ,Bundle Business,2023-08-01,,7890014,12,True
SUB-00340-003,SME-2024-00340,SME-DEDICATED-100,Internet Dedicated,2025-05-01,,7313965,24,False
SUB-00341-001,SME-2024-00341,SME-DEDICATED-100,Internet Dedicated,2026-05-23,,4319482,6,False
SUB-00341-002,SME-2024-00341,SME-BROADBAND-50,Broadband,2024-12-23,,1743971,6,True
SUB-00342-001,SME-2024-00342,SME-MANAGED-WIFI,Managed WiFi,2024-09-20,,2553885,24,False
SUB-00343-001,SME-2024-00343,SME-CLOUD-BASIC,Cloud Service,2020-07-13,,2769950,12,True
SUB-00344-001,SME-2024-00344,SME-UC-BASIC,Unified Communication,2026-05-23,,808654,12,False
SUB-00345-001,SME-2024-00345,SME-IOT-STARTER,IoT Package,2022-04-13,,1159321,12,True
SUB-00346-001,SME-2024-00346,SME-UC-BASIC,Unified Communication,2023-04-17,,3573723,12,True
SUB-00347-001,SME-2024-00347,SME-UC-BASIC,Unified Communication,2023-03-25,,2555025,24,True
SUB-00348-001,SME-2024-00348,SME-DEDICATED-100,Internet Dedicated,2022-07-15,,6724175,12,True
SUB-00349-001,SME-2024-00349,SME-DEDICATED-50,Internet Dedicated,2026-04-29,,2200011,12,False
SUB-00350-001,SME-2024-00350,SME-UC-BASIC,Unified Communication,2023-11-25,2024-10-25,3268573,6,False
SUB-00350-002,SME-2024-00350,SME-DEDICATED-50,Internet Dedicated,2025-01-25,,2982938,12,True
SUB-00350-003,SME-2024-00350,SME-BROADBAND-30,Broadband,2024-10-25,,660880,6,True
SUB-00351-001,SME-2024-00351,SME-CLOUD-BASIC,Cloud Service,2025-01-13,,1234429,24,False
SUB-00352-001,SME-2024-00352,SME-DEDICATED-100,Internet Dedicated,2025-09-14,,8039328,12,False
SUB-00353-001,SME-2024-00353,SME-CLOUD-PRO,Cloud Service,2024-01-16,,4050464,12,True
SUB-00354-001,SME-2024-00354,SME-DEDICATED-100,Internet Dedicated,2023-10-27,,6299047,12,True
SUB-00355-001,SME-2024-00355,SME-CLOUD-PRO,Cloud Service,2020-05-23,2021-04-23,3579735,24,True
SUB-00356-001,SME-2024-00356,SME-CLOUD-PRO,Cloud Service,2020-01-09,,5673119,12,True
SUB-00357-001,SME-2024-00357,SME-DEDICATED-50,Internet Dedicated,2021-01-11,,3136313,12,True
SUB-00358-001,SME-2024-00358,SME-BROADBAND-30,Broadband,2021-10-18,2022-01-18,604600,12,True
SUB-00359-001,SME-2024-00359,SME-BROADBAND-30,Broadband,2025-09-17,,1572183,12,False
SUB-00360-001,SME-2024-00360,SME-DEDICATED-100,Internet Dedicated,2024-06-21,,3103959,12,True
SUB-00361-001,SME-2024-00361,SME-DEDICATED-50,Internet Dedicated,2022-01-20,,4244122,12,True
SUB-00362-001,SME-2024-00362,SME-DEDICATED-100,Internet Dedicated,2021-02-03,,7507617,12,True
SUB-00362-002,SME-2024-00362,SME-UC-BASIC,Unified Communication,2021-06-03,,1600471,12,True
SUB-00363-001,SME-2024-00363,SME-DEDICATED-100,Internet Dedicated,2022-09-28,,7553281,6,True
SUB-00363-002,SME-2024-00363,SME-IOT-STARTER,IoT Package,2023-04-28,,1455586,12,True
SUB-00364-001,SME-2024-00364,SME-CLOUD-PRO,Cloud Service,2022-04-18,,1417408,12,True
SUB-00365-001,SME-2024-00365,SME-BUNDLE-BIZ,Bundle Business,2026-02-08,,10821443,6,False
SUB-00366-001,SME-2024-00366,SME-CLOUD-BASIC,Cloud Service,2026-05-05,,2644446,12,False
SUB-00367-001,SME-2024-00367,SME-BROADBAND-50,Broadband,2022-03-05,,1593600,12,True
SUB-00368-001,SME-2024-00368,SME-MANAGED-WIFI,Managed WiFi,2020-03-12,,1864213,12,True
SUB-00368-002,SME-2024-00368,SME-BROADBAND-30,Broadband,2026-05-12,,1897932,12,False
SUB-00369-001,SME-2024-00369,SME-DEDICATED-50,Internet Dedicated,2021-08-26,,4681615,12,True
SUB-00370-001,SME-2024-00370,SME-IOT-STARTER,IoT Package,2026-05-09,,1589777,24,False
SUB-00371-001,SME-2024-00371,SME-BROADBAND-30,Broadband,2025-09-18,,1823260,12,False
SUB-00371-002,SME-2024-00371,SME-DEDICATED-50,Internet Dedicated,2026-06-18,,2657577,6,False
SUB-00371-003,SME-2024-00371,SME-MANAGED-WIFI,Managed WiFi,2025-07-18,,1377536,12,True
SUB-00372-001,SME-2024-00372,SME-BUNDLE-BIZ,Bundle Business,2026-03-09,,10320742,12,False
SUB-00373-001,SME-2024-00373,SME-CLOUD-BASIC,Cloud Service,2025-12-30,,1823734,6,False
SUB-00373-002,SME-2024-00373,SME-UC-BASIC,Unified Communication,2020-07-31,,1488224,24,True
SUB-00373-003,SME-2024-00373,SME-CLOUD-PRO,Cloud Service,2020-09-30,,1632876,24,True
SUB-00374-001,SME-2024-00374,SME-CLOUD-BASIC,Cloud Service,2021-03-24,,1335262,6,True
SUB-00375-001,SME-2024-00375,SME-BUNDLE-BIZ,Bundle Business,2026-01-09,,10834475,12,False
SUB-00375-002,SME-2024-00375,SME-CLOUD-PRO,Cloud Service,2025-11-09,,2478138,6,True
SUB-00375-003,SME-2024-00375,SME-IOT-STARTER,IoT Package,2026-04-09,,1627615,6,False
SUB-00376-001,SME-2024-00376,SME-DEDICATED-50,Internet Dedicated,2026-01-02,,4420455,6,False
SUB-00377-001,SME-2024-00377,SME-MANAGED-WIFI,Managed WiFi,2025-07-05,,674420,12,False
SUB-00378-001,SME-2024-00378,SME-CLOUD-BASIC,Cloud Service,2020-06-05,,2596570,12,True
SUB-00379-001,SME-2024-00379,SME-DEDICATED-100,Internet Dedicated,2026-06-04,,7723172,12,False
SUB-00380-001,SME-2024-00380,SME-CLOUD-BASIC,Cloud Service,2021-08-07,,640674,24,True
SUB-00381-001,SME-2024-00381,SME-MANAGED-WIFI,Managed WiFi,2023-07-19,,2043348,12,True
SUB-00382-001,SME-2024-00382,SME-CLOUD-PRO,Cloud Service,2022-04-09,,2779088,24,True
SUB-00382-002,SME-2024-00382,SME-DEDICATED-50,Internet Dedicated,2022-07-09,,5295102,6,True
SUB-00383-001,SME-2024-00383,SME-IOT-STARTER,IoT Package,2021-06-11,,1792558,12,True
SUB-00384-001,SME-2024-00384,SME-CLOUD-BASIC,Cloud Service,2024-06-13,,2018297,12,True
SUB-00384-002,SME-2024-00384,SME-BROADBAND-50,Broadband,2026-06-13,,1974770,12,False
SUB-00385-001,SME-2024-00385,SME-CLOUD-BASIC,Cloud Service,2024-08-24,,2563367,24,True
SUB-00385-002,SME-2024-00385,SME-BUNDLE-BIZ,Bundle Business,2025-04-24,,5673495,12,True
SUB-00386-001,SME-2024-00386,SME-IOT-STARTER,IoT Package,2024-07-23,,1909049,24,True
SUB-00387-001,SME-2024-00387,SME-UC-BASIC,Unified Communication,2020-03-28,,888008,6,True
SUB-00388-001,SME-2024-00388,SME-MANAGED-WIFI,Managed WiFi,2020-10-09,,1307822,12,True
SUB-00388-002,SME-2024-00388,SME-CLOUD-PRO,Cloud Service,2022-01-09,,3657913,6,True
SUB-00389-001,SME-2024-00389,SME-CLOUD-PRO,Cloud Service,2020-06-13,,5360926,12,True
SUB-00389-002,SME-2024-00389,SME-CLOUD-BASIC,Cloud Service,2021-04-13,,2106441,12,True
SUB-00390-001,SME-2024-00390,SME-CLOUD-PRO,Cloud Service,2020-02-13,,3125423,12,True
SUB-00391-001,SME-2024-00391,SME-MANAGED-WIFI,Managed WiFi,2021-12-10,,694258,24,True
SUB-00392-001,SME-2024-00392,SME-IOT-STARTER,IoT Package,2021-10-01,,1474503,12,True
SUB-00393-001,SME-2024-00393,SME-BUNDLE-BIZ,Bundle Business,2026-02-21,,2894579,6,False
SUB-00393-002,SME-2024-00393,SME-BROADBAND-30,Broadband,2026-04-21,,2233032,12,False
SUB-00394-001,SME-2024-00394,SME-IOT-STARTER,IoT Package,2026-05-23,,730321,12,False
SUB-00395-001,SME-2024-00395,SME-DEDICATED-100,Internet Dedicated,2020-08-19,,7189085,12,True
SUB-00396-001,SME-2024-00396,SME-BROADBAND-50,Broadband,2026-03-14,,3766581,12,False
SUB-00396-002,SME-2024-00396,SME-MANAGED-WIFI,Managed WiFi,2025-11-14,,2567809,12,False
SUB-00397-001,SME-2024-00397,SME-CLOUD-BASIC,Cloud Service,2021-03-11,,797701,12,True
SUB-00398-001,SME-2024-00398,SME-BROADBAND-50,Broadband,2020-07-27,,1920567,12,True
SUB-00399-001,SME-2024-00399,SME-BROADBAND-50,Broadband,2021-11-08,,2334923,12,True
SUB-00400-001,SME-2024-00400,SME-BROADBAND-50,Broadband,2025-01-01,,1916045,24,True
SUB-00400-002,SME-2024-00400,SME-MANAGED-WIFI,Managed WiFi,2026-01-01,,3056343,12,False
SUB-00401-001,SME-2024-00401,SME-DEDICATED-100,Internet Dedicated,2024-06-01,,6399045,24,True
SUB-00402-001,SME-2024-00402,SME-UC-BASIC,Unified Communication,2025-09-16,,3158736,12,False
SUB-00402-002,SME-2024-00402,SME-BROADBAND-50,Broadband,2023-12-16,,3143433,12,True
SUB-00403-001,SME-2024-00403,SME-CLOUD-PRO,Cloud Service,2023-12-17,,4173182,12,True
SUB-00404-001,SME-2024-00404,SME-DEDICATED-100,Internet Dedicated,2021-12-25,,6251970,6,True
SUB-00405-001,SME-2024-00405,SME-UC-BASIC,Unified Communication,2023-10-04,,1928961,12,True
SUB-00406-001,SME-2024-00406,SME-DEDICATED-100,Internet Dedicated,2021-12-14,,2873434,12,True
SUB-00406-002,SME-2024-00406,SME-IOT-STARTER,IoT Package,2024-10-14,,807742,24,False
SUB-00407-001,SME-2024-00407,SME-DEDICATED-50,Internet Dedicated,2020-08-10,,4993496,24,True
SUB-00408-001,SME-2024-00408,SME-DEDICATED-100,Internet Dedicated,2024-12-24,,6307541,12,True
SUB-00409-001,SME-2024-00409,SME-CLOUD-PRO,Cloud Service,2021-08-17,,5120329,12,True
SUB-00409-002,SME-2024-00409,SME-IOT-STARTER,IoT Package,2022-06-17,,883556,12,True
SUB-00410-001,SME-2024-00410,SME-UC-BASIC,Unified Communication,2026-03-06,,2736098,24,False
SUB-00411-001,SME-2024-00411,SME-DEDICATED-50,Internet Dedicated,2021-07-15,,1891752,12,True
SUB-00412-001,SME-2024-00412,SME-BROADBAND-30,Broadband,2024-04-17,2025-02-17,1536448,12,True
SUB-00412-002,SME-2024-00412,SME-MANAGED-WIFI,Managed WiFi,2026-06-17,,2456654,6,False
SUB-00413-001,SME-2024-00413,SME-BUNDLE-BIZ,Bundle Business,2025-11-05,,8959197,12,False
SUB-00414-001,SME-2024-00414,SME-CLOUD-PRO,Cloud Service,2023-08-11,,5023627,12,True
SUB-00414-002,SME-2024-00414,SME-UC-BASIC,Unified Communication,2023-11-11,2024-03-11,3226079,12,False
SUB-00414-003,SME-2024-00414,SME-BUNDLE-BIZ,Bundle Business,2025-12-11,,4492218,24,False
SUB-00415-001,SME-2024-00415,SME-IOT-STARTER,IoT Package,2020-08-03,,1080197,6,True
SUB-00416-001,SME-2024-00416,SME-MANAGED-WIFI,Managed WiFi,2024-07-25,,907255,12,True
SUB-00416-002,SME-2024-00416,SME-CLOUD-BASIC,Cloud Service,2024-11-25,,2281933,24,True
SUB-00416-003,SME-2024-00416,SME-IOT-STARTER,IoT Package,2026-01-25,,1437281,12,False
SUB-00417-001,SME-2024-00417,SME-MANAGED-WIFI,Managed WiFi,2021-10-01,,2429181,12,True
SUB-00418-001,SME-2024-00418,SME-DEDICATED-100,Internet Dedicated,2023-05-16,,2045543,12,True
SUB-00419-001,SME-2024-00419,SME-CLOUD-PRO,Cloud Service,2026-02-01,,2316804,6,False
SUB-00419-002,SME-2024-00419,SME-BUNDLE-BIZ,Bundle Business,2021-06-01,,3251608,12,True
SUB-00420-001,SME-2024-00420,SME-BROADBAND-30,Broadband,2024-09-19,,1497636,12,True
SUB-00421-001,SME-2024-00421,SME-BROADBAND-50,Broadband,2025-09-17,,3385692,12,False
SUB-00422-001,SME-2024-00422,SME-IOT-STARTER,IoT Package,2022-06-12,,876521,12,True
SUB-00423-001,SME-2024-00423,SME-DEDICATED-50,Internet Dedicated,2024-02-16,,1983927,12,True
SUB-00423-002,SME-2024-00423,SME-CLOUD-PRO,Cloud Service,2025-08-16,,5339062,12,False
SUB-00423-003,SME-2024-00423,SME-CLOUD-BASIC,Cloud Service,2024-07-16,,1299757,12,True
SUB-00424-001,SME-2024-00424,SME-IOT-STARTER,IoT Package,2023-04-30,,1035045,12,True
SUB-00425-001,SME-2024-00425,SME-BROADBAND-50,Broadband,2023-11-17,,3122058,12,True
SUB-00426-001,SME-2024-00426,SME-MANAGED-WIFI,Managed WiFi,2025-07-25,,838465,24,False
SUB-00427-001,SME-2024-00427,SME-DEDICATED-100,Internet Dedicated,2024-07-15,,7453857,12,True
SUB-00428-001,SME-2024-00428,SME-DEDICATED-100,Internet Dedicated,2023-03-05,,8268041,12,True
SUB-00429-001,SME-2024-00429,SME-CLOUD-PRO,Cloud Service,2022-09-17,,1870680,24,True
SUB-00430-001,SME-2024-00430,SME-BROADBAND-50,Broadband,2024-06-23,,4114970,6,True
SUB-00431-001,SME-2024-00431,SME-DEDICATED-100,Internet Dedicated,2020-01-19,,8269449,12,True
SUB-00432-001,SME-2024-00432,SME-DEDICATED-100,Internet Dedicated,2023-01-21,,5823595,6,True
SUB-00433-001,SME-2024-00433,SME-CLOUD-PRO,Cloud Service,2021-09-11,,1859159,12,True
SUB-00433-002,SME-2024-00433,SME-MANAGED-WIFI,Managed WiFi,2022-05-11,,1010065,24,True
SUB-00434-001,SME-2024-00434,SME-DEDICATED-50,Internet Dedicated,2021-09-11,,2972824,24,True
SUB-00435-001,SME-2024-00435,SME-CLOUD-BASIC,Cloud Service,2023-09-25,,743621,12,True
SUB-00436-001,SME-2024-00436,SME-BUNDLE-BIZ,Bundle Business,2022-01-07,,6030844,24,True
SUB-00436-002,SME-2024-00436,SME-MANAGED-WIFI,Managed WiFi,2022-06-07,,1651618,12,True
SUB-00437-001,SME-2024-00437,SME-BUNDLE-BIZ,Bundle Business,2024-01-07,,8814624,12,True
SUB-00438-001,SME-2024-00438,SME-DEDICATED-50,Internet Dedicated,2023-01-17,,1399182,12,True
SUB-00438-002,SME-2024-00438,SME-BROADBAND-50,Broadband,2025-11-17,,3110438,12,False
SUB-00439-001,SME-2024-00439,SME-CLOUD-PRO,Cloud Service,2024-07-06,2025-05-06,3423539,24,True
SUB-00440-001,SME-2024-00440,SME-DEDICATED-50,Internet Dedicated,2020-08-06,,3416062,6,True
SUB-00441-001,SME-2024-00441,SME-DEDICATED-100,Internet Dedicated,2026-03-10,,4202958,6,False
SUB-00442-001,SME-2024-00442,SME-IOT-STARTER,IoT Package,2023-06-01,,883019,6,True
SUB-00442-002,SME-2024-00442,SME-BUNDLE-BIZ,Bundle Business,2024-09-01,2025-09-01,4214299,24,True
SUB-00443-001,SME-2024-00443,SME-CLOUD-BASIC,Cloud Service,2024-02-19,,1305205,12,True
SUB-00444-001,SME-2024-00444,SME-UC-BASIC,Unified Communication,2022-08-13,,3005946,12,True
SUB-00444-002,SME-2024-00444,SME-BROADBAND-50,Broadband,2023-10-13,,3969926,6,True
SUB-00445-001,SME-2024-00445,SME-IOT-STARTER,IoT Package,2023-10-15,,2034809,12,True
SUB-00445-002,SME-2024-00445,SME-MANAGED-WIFI,Managed WiFi,2024-06-15,,2337173,6,True
SUB-00446-001,SME-2024-00446,SME-UC-BASIC,Unified Communication,2024-12-16,,754469,24,False
SUB-00447-001,SME-2024-00447,SME-DEDICATED-50,Internet Dedicated,2023-08-11,,4890048,12,True
SUB-00447-002,SME-2024-00447,SME-DEDICATED-100,Internet Dedicated,2024-02-11,,2806238,12,True
SUB-00448-001,SME-2024-00448,SME-MANAGED-WIFI,Managed WiFi,2020-05-07,,1887515,24,True
SUB-00449-001,SME-2024-00449,SME-MANAGED-WIFI,Managed WiFi,2020-01-20,,2996901,12,True
SUB-00449-002,SME-2024-00449,SME-DEDICATED-100,Internet Dedicated,2026-02-20,,8692033,12,False
SUB-00450-001,SME-2024-00450,SME-BUNDLE-BIZ,Bundle Business,2023-07-07,,10055585,12,True
SUB-00451-001,SME-2024-00451,SME-BROADBAND-30,Broadband,2022-11-06,,2511609,6,True
SUB-00452-001,SME-2024-00452,SME-DEDICATED-100,Internet Dedicated,2021-01-05,,5241638,24,True
SUB-00452-002,SME-2024-00452,SME-BROADBAND-50,Broadband,2021-10-05,,935439,12,True
SUB-00453-001,SME-2024-00453,SME-BROADBAND-30,Broadband,2024-04-19,,2669525,24,True
SUB-00454-001,SME-2024-00454,SME-IOT-STARTER,IoT Package,2024-04-04,,1141402,6,True
SUB-00454-002,SME-2024-00454,SME-BROADBAND-30,Broadband,2024-07-04,,2447707,6,True
SUB-00454-003,SME-2024-00454,SME-CLOUD-BASIC,Cloud Service,2026-01-04,,2668756,6,False
SUB-00455-001,SME-2024-00455,SME-IOT-STARTER,IoT Package,2020-06-13,,526522,12,True
SUB-00456-001,SME-2024-00456,SME-DEDICATED-100,Internet Dedicated,2024-11-15,,3791656,24,True
SUB-00457-001,SME-2024-00457,SME-BROADBAND-30,Broadband,2023-12-28,,1760059,12,True
SUB-00458-001,SME-2024-00458,SME-DEDICATED-50,Internet Dedicated,2026-06-16,,4201540,12,False
SUB-00459-001,SME-2024-00459,SME-DEDICATED-50,Internet Dedicated,2021-03-26,,4301297,12,True
SUB-00460-001,SME-2024-00460,SME-IOT-STARTER,IoT Package,2025-10-17,,1863136,12,False
SUB-00461-001,SME-2024-00461,SME-CLOUD-BASIC,Cloud Service,2024-02-28,2024-06-28,1302253,12,True
SUB-00461-002,SME-2024-00461,SME-UC-BASIC,Unified Communication,2026-05-28,,2267721,12,False
SUB-00462-001,SME-2024-00462,SME-UC-BASIC,Unified Communication,2023-09-12,,2295136,12,True
SUB-00463-001,SME-2024-00463,SME-DEDICATED-50,Internet Dedicated,2022-08-28,,1264198,24,True
SUB-00464-001,SME-2024-00464,SME-CLOUD-PRO,Cloud Service,2025-01-01,,5077992,24,False
SUB-00464-002,SME-2024-00464,SME-MANAGED-WIFI,Managed WiFi,2023-08-01,,1455338,24,True
SUB-00465-001,SME-2024-00465,SME-BROADBAND-50,Broadband,2023-08-20,2024-05-20,2950585,6,True
SUB-00465-002,SME-2024-00465,SME-BROADBAND-30,Broadband,2024-07-20,,623797,12,True
SUB-00466-001,SME-2024-00466,SME-UC-BASIC,Unified Communication,2022-10-11,,2687280,12,True
SUB-00466-002,SME-2024-00466,SME-BROADBAND-50,Broadband,2023-12-11,,922875,12,True
SUB-00467-001,SME-2024-00467,SME-CLOUD-PRO,Cloud Service,2025-04-05,,1765819,24,False
SUB-00468-001,SME-2024-00468,SME-DEDICATED-100,Internet Dedicated,2020-08-11,,3880788,12,True
SUB-00468-002,SME-2024-00468,SME-CLOUD-BASIC,Cloud Service,2021-07-11,,1998552,12,True
SUB-00469-001,SME-2024-00469,SME-BUNDLE-BIZ,Bundle Business,2021-05-22,,8034348,12,True
SUB-00470-001,SME-2024-00470,SME-BROADBAND-50,Broadband,2025-10-23,,2780573,12,False
SUB-00471-001,SME-2024-00471,SME-DEDICATED-50,Internet Dedicated,2026-02-13,,4360063,24,False
SUB-00472-001,SME-2024-00472,SME-BROADBAND-50,Broadband,2023-11-25,,3251863,12,True
SUB-00473-001,SME-2024-00473,SME-BROADBAND-30,Broadband,2023-08-31,,1499753,24,True
SUB-00474-001,SME-2024-00474,SME-UC-BASIC,Unified Communication,2025-07-28,,1957483,12,False
SUB-00475-001,SME-2024-00475,SME-BUNDLE-BIZ,Bundle Business,2024-09-23,2025-04-23,8183581,24,True
SUB-00476-001,SME-2024-00476,SME-DEDICATED-100,Internet Dedicated,2021-11-23,,6693733,6,True
SUB-00477-001,SME-2024-00477,SME-BUNDLE-BIZ,Bundle Business,2022-06-04,,5282862,24,True
SUB-00478-001,SME-2024-00478,SME-IOT-STARTER,IoT Package,2021-04-10,,1984762,24,True
SUB-00479-001,SME-2024-00479,SME-MANAGED-WIFI,Managed WiFi,2024-05-17,,1365793,12,True
SUB-00480-001,SME-2024-00480,SME-MANAGED-WIFI,Managed WiFi,2026-01-19,,2379557,12,False
SUB-00481-001,SME-2024-00481,SME-IOT-STARTER,IoT Package,2025-07-29,,1584863,12,False
SUB-00482-001,SME-2024-00482,SME-IOT-STARTER,IoT Package,2023-03-13,,561896,6,True
SUB-00483-001,SME-2024-00483,SME-BROADBAND-30,Broadband,2022-06-14,,1905608,6,True
SUB-00484-001,SME-2024-00484,SME-DEDICATED-100,Internet Dedicated,2024-08-22,,2170175,6,True
SUB-00484-002,SME-2024-00484,SME-IOT-STARTER,IoT Package,2025-07-22,2026-05-22,1148003,12,True
SUB-00485-001,SME-2024-00485,SME-BUNDLE-BIZ,Bundle Business,2023-07-26,,10634048,24,True
SUB-00486-001,SME-2024-00486,SME-CLOUD-PRO,Cloud Service,2022-09-30,,6099298,12,True
SUB-00486-002,SME-2024-00486,SME-UC-BASIC,Unified Communication,2023-04-30,2023-11-30,2620540,12,False
SUB-00487-001,SME-2024-00487,SME-CLOUD-BASIC,Cloud Service,2020-04-26,2020-09-26,1576040,6,False
SUB-00488-001,SME-2024-00488,SME-IOT-STARTER,IoT Package,2020-11-29,,726089,12,True
SUB-00489-001,SME-2024-00489,SME-UC-BASIC,Unified Communication,2025-12-03,,2240126,12,False
SUB-00489-002,SME-2024-00489,SME-MANAGED-WIFI,Managed WiFi,2022-01-03,,3069949,6,True
SUB-00490-001,SME-2024-00490,SME-UC-BASIC,Unified Communication,2022-10-23,,1929909,12,True
SUB-00491-001,SME-2024-00491,SME-IOT-STARTER,IoT Package,2025-08-02,,1765032,12,False
SUB-00491-002,SME-2024-00491,SME-DEDICATED-100,Internet Dedicated,2026-01-02,,7111491,12,False
SUB-00492-001,SME-2024-00492,SME-DEDICATED-100,Internet Dedicated,2020-02-23,,4990157,6,True
SUB-00492-002,SME-2024-00492,SME-BROADBAND-30,Broadband,2020-07-23,,1585257,12,True
SUB-00493-001,SME-2024-00493,SME-BROADBAND-30,Broadband,2023-05-03,,1331857,12,True
SUB-00493-002,SME-2024-00493,SME-IOT-STARTER,IoT Package,2023-09-03,,461924,6,True
SUB-00494-001,SME-2024-00494,SME-BROADBAND-50,Broadband,2025-08-28,,1780822,12,False
SUB-00494-002,SME-2024-00494,SME-IOT-STARTER,IoT Package,2026-06-28,,1957537,12,False
SUB-00495-001,SME-2024-00495,SME-DEDICATED-100,Internet Dedicated,2023-08-29,,4734144,6,True
SUB-00496-001,SME-2024-00496,SME-BROADBAND-30,Broadband,2022-08-23,,2052537,12,True
SUB-00497-001,SME-2024-00497,SME-BUNDLE-BIZ,Bundle Business,2025-09-26,,10607611,12,False
SUB-00498-001,SME-2024-00498,SME-DEDICATED-50,Internet Dedicated,2022-01-12,,2704223,12,True
SUB-00499-001,SME-2024-00499,SME-MANAGED-WIFI,Managed WiFi,2025-11-12,,1957331,12,False
SUB-00500-001,SME-2024-00500,SME-BROADBAND-50,Broadband,2024-02-21,,4083408,12,True
SUB-00500-002,SME-2024-00500,SME-CLOUD-BASIC,Cloud Service,2026-05-21,,1514242,6,False
SUB-00501-001,SME-2024-00501,SME-DEDICATED-100,Internet Dedicated,2020-05-20,,4965278,12,True
SUB-00502-001,SME-2024-00502,SME-BUNDLE-BIZ,Bundle Business,2023-08-18,,3269158,12,True
SUB-00503-001,SME-2024-00503,SME-BUNDLE-BIZ,Bundle Business,2021-01-08,,8076474,24,True
SUB-00504-001,SME-2024-00504,SME-CLOUD-PRO,Cloud Service,2020-09-01,,4878918,6,True
SUB-00505-001,SME-2024-00505,SME-DEDICATED-50,Internet Dedicated,2023-03-28,,2786690,12,True
SUB-00506-001,SME-2024-00506,SME-BUNDLE-BIZ,Bundle Business,2025-11-30,,7467321,24,False
SUB-00507-001,SME-2024-00507,SME-IOT-STARTER,IoT Package,2026-04-09,,1128128,12,False
SUB-00507-002,SME-2024-00507,SME-DEDICATED-100,Internet Dedicated,2026-05-09,,4196346,12,False
SUB-00507-003,SME-2024-00507,SME-BROADBAND-30,Broadband,2025-04-09,,2485602,6,True
SUB-00508-001,SME-2024-00508,SME-UC-BASIC,Unified Communication,2022-09-28,,1805079,12,True
SUB-00509-001,SME-2024-00509,SME-UC-BASIC,Unified Communication,2025-11-10,,2821978,12,False
SUB-00509-002,SME-2024-00509,SME-CLOUD-PRO,Cloud Service,2026-03-10,,5148919,6,False
SUB-00510-001,SME-2024-00510,SME-BROADBAND-30,Broadband,2025-12-01,,848237,12,False
SUB-00510-002,SME-2024-00510,SME-UC-BASIC,Unified Communication,2022-04-01,,2347791,12,True
SUB-00511-001,SME-2024-00511,SME-CLOUD-PRO,Cloud Service,2022-06-16,,3605698,12,True
SUB-00512-001,SME-2024-00512,SME-DEDICATED-100,Internet Dedicated,2023-03-19,,6989455,24,True
SUB-00513-001,SME-2024-00513,SME-MANAGED-WIFI,Managed WiFi,2026-04-04,,2753658,6,False
SUB-00514-001,SME-2024-00514,SME-BROADBAND-30,Broadband,2020-01-14,,676111,6,True
SUB-00515-001,SME-2024-00515,SME-IOT-STARTER,IoT Package,2021-05-19,2021-10-19,1337677,12,True
SUB-00516-001,SME-2024-00516,SME-DEDICATED-100,Internet Dedicated,2022-01-09,2022-10-09,4064356,12,True
SUB-00517-001,SME-2024-00517,SME-DEDICATED-100,Internet Dedicated,2021-12-28,,4276974,24,True
SUB-00517-002,SME-2024-00517,SME-BUNDLE-BIZ,Bundle Business,2022-07-28,,10248281,12,True
SUB-00518-001,SME-2024-00518,SME-BROADBAND-50,Broadband,2024-01-14,,1742298,24,True
SUB-00518-002,SME-2024-00518,SME-IOT-STARTER,IoT Package,2026-02-14,,1827677,12,False
SUB-00519-001,SME-2024-00519,SME-BROADBAND-30,Broadband,2025-01-26,,2388398,24,False
SUB-00520-001,SME-2024-00520,SME-IOT-STARTER,IoT Package,2026-03-14,,995399,6,False
SUB-00521-001,SME-2024-00521,SME-BROADBAND-30,Broadband,2021-11-20,,683519,6,True
SUB-00522-001,SME-2024-00522,SME-CLOUD-PRO,Cloud Service,2024-09-26,,4277424,12,True
SUB-00523-001,SME-2024-00523,SME-DEDICATED-50,Internet Dedicated,2026-06-24,,2836247,24,False
SUB-00523-002,SME-2024-00523,SME-CLOUD-PRO,Cloud Service,2023-07-24,,5805397,6,True
SUB-00524-001,SME-2024-00524,SME-MANAGED-WIFI,Managed WiFi,2020-03-20,,2141617,6,True
SUB-00524-002,SME-2024-00524,SME-CLOUD-BASIC,Cloud Service,2020-07-20,,718265,6,True
SUB-00525-001,SME-2024-00525,SME-MANAGED-WIFI,Managed WiFi,2024-11-24,,2987459,12,True
SUB-00526-001,SME-2024-00526,SME-DEDICATED-50,Internet Dedicated,2021-08-03,,2561489,6,True
SUB-00526-002,SME-2024-00526,SME-BROADBAND-30,Broadband,2021-12-03,,1475165,6,True
SUB-00527-001,SME-2024-00527,SME-MANAGED-WIFI,Managed WiFi,2020-05-18,,1172256,12,True
SUB-00528-001,SME-2024-00528,SME-BROADBAND-30,Broadband,2023-01-08,,1541901,12,True
SUB-00529-001,SME-2024-00529,SME-BUNDLE-BIZ,Bundle Business,2025-12-20,,6535277,24,False
SUB-00529-002,SME-2024-00529,SME-CLOUD-BASIC,Cloud Service,2025-02-20,,1632433,24,True
SUB-00530-001,SME-2024-00530,SME-UC-BASIC,Unified Communication,2026-03-29,,1845460,12,False
SUB-00531-001,SME-2024-00531,SME-BROADBAND-50,Broadband,2020-07-12,,1136460,12,True
SUB-00531-002,SME-2024-00531,SME-CLOUD-PRO,Cloud Service,2021-07-12,2022-02-12,5132681,12,True
SUB-00532-001,SME-2024-00532,SME-MANAGED-WIFI,Managed WiFi,2022-01-25,,2094508,12,True
SUB-00533-001,SME-2024-00533,SME-CLOUD-PRO,Cloud Service,2020-11-12,,3599280,12,True
SUB-00534-001,SME-2024-00534,SME-IOT-STARTER,IoT Package,2025-01-04,,976722,24,True
SUB-00534-002,SME-2024-00534,SME-DEDICATED-100,Internet Dedicated,2025-05-04,2025-11-04,2301343,24,False
SUB-00535-001,SME-2024-00535,SME-CLOUD-PRO,Cloud Service,2025-09-21,,5420010,24,False
SUB-00535-002,SME-2024-00535,SME-DEDICATED-100,Internet Dedicated,2024-12-21,,2400897,24,False
SUB-00536-001,SME-2024-00536,SME-BUNDLE-BIZ,Bundle Business,2023-04-01,2024-04-01,3021882,6,True
SUB-00537-001,SME-2024-00537,SME-UC-BASIC,Unified Communication,2020-11-26,,1642722,6,True
SUB-00538-001,SME-2024-00538,SME-UC-BASIC,Unified Communication,2026-02-14,,2832139,6,False
SUB-00538-002,SME-2024-00538,SME-IOT-STARTER,IoT Package,2023-04-14,,1170126,24,True
SUB-00539-001,SME-2024-00539,SME-MANAGED-WIFI,Managed WiFi,2023-05-04,,1239958,12,True
SUB-00540-001,SME-2024-00540,SME-CLOUD-BASIC,Cloud Service,2022-09-11,,2792544,24,True
SUB-00541-001,SME-2024-00541,SME-IOT-STARTER,IoT Package,2025-07-10,,2104917,12,False
SUB-00542-001,SME-2024-00542,SME-DEDICATED-100,Internet Dedicated,2025-07-20,,5965110,12,False
SUB-00543-001,SME-2024-00543,SME-DEDICATED-100,Internet Dedicated,2023-02-12,,3221888,24,True
SUB-00543-002,SME-2024-00543,SME-UC-BASIC,Unified Communication,2026-05-12,,3316144,6,False
SUB-00544-001,SME-2024-00544,SME-DEDICATED-100,Internet Dedicated,2023-05-18,,2537121,6,True
SUB-00544-002,SME-2024-00544,SME-BROADBAND-30,Broadband,2024-01-18,,1497630,12,True
SUB-00544-003,SME-2024-00544,SME-MANAGED-WIFI,Managed WiFi,2025-10-18,,3129782,24,False
SUB-00545-001,SME-2024-00545,SME-UC-BASIC,Unified Communication,2020-08-18,,3060698,12,True
SUB-00546-001,SME-2024-00546,SME-UC-BASIC,Unified Communication,2025-04-02,,790082,24,False
SUB-00547-001,SME-2024-00547,SME-IOT-STARTER,IoT Package,2025-10-08,,1691849,12,False
SUB-00548-001,SME-2024-00548,SME-DEDICATED-50,Internet Dedicated,2025-11-17,,4661962,24,False
SUB-00549-001,SME-2024-00549,SME-BROADBAND-50,Broadband,2022-04-28,,3217193,6,True
SUB-00550-001,SME-2024-00550,SME-BUNDLE-BIZ,Bundle Business,2021-10-28,,5969927,12,True
SUB-00550-002,SME-2024-00550,SME-DEDICATED-50,Internet Dedicated,2022-07-28,,4533462,12,True
SUB-00551-001,SME-2024-00551,SME-BROADBAND-50,Broadband,2021-12-04,,1100068,24,True
SUB-00552-001,SME-2024-00552,SME-UC-BASIC,Unified Communication,2020-09-16,,1412879,6,True
SUB-00552-002,SME-2024-00552,SME-IOT-STARTER,IoT Package,2025-10-16,,792229,24,False
SUB-00553-001,SME-2024-00553,SME-MANAGED-WIFI,Managed WiFi,2020-05-02,,918743,24,True
SUB-00553-002,SME-2024-00553,SME-BROADBAND-50,Broadband,2020-08-02,,1961944,24,True
SUB-00554-001,SME-2024-00554,SME-DEDICATED-50,Internet Dedicated,2021-01-02,,2744482,12,True
SUB-00554-002,SME-2024-00554,SME-CLOUD-PRO,Cloud Service,2022-01-02,,3775833,6,True
SUB-00555-001,SME-2024-00555,SME-CLOUD-BASIC,Cloud Service,2022-08-03,,815525,12,True
SUB-00555-002,SME-2024-00555,SME-BROADBAND-50,Broadband,2026-05-03,,948975,6,False
SUB-00556-001,SME-2024-00556,SME-UC-BASIC,Unified Communication,2026-05-02,,2243011,24,False
SUB-00557-001,SME-2024-00557,SME-MANAGED-WIFI,Managed WiFi,2019-12-11,,2681159,12,True
SUB-00558-001,SME-2024-00558,SME-BROADBAND-30,Broadband,2023-05-07,,1269136,12,True
SUB-00559-001,SME-2024-00559,SME-BROADBAND-30,Broadband,2023-09-04,,2321564,12,True
SUB-00559-002,SME-2024-00559,SME-DEDICATED-50,Internet Dedicated,2024-10-04,,1575279,12,True
SUB-00560-001,SME-2024-00560,SME-BROADBAND-30,Broadband,2026-04-03,,649298,12,False
SUB-00561-001,SME-2024-00561,SME-BROADBAND-30,Broadband,2026-05-03,,2464629,12,False
SUB-00562-001,SME-2024-00562,SME-DEDICATED-50,Internet Dedicated,2020-12-19,,1479957,6,True
SUB-00562-002,SME-2024-00562,SME-IOT-STARTER,IoT Package,2025-06-19,,1214672,24,False
SUB-00563-001,SME-2024-00563,SME-MANAGED-WIFI,Managed WiFi,2025-11-16,,1189974,12,False
SUB-00563-002,SME-2024-00563,SME-BUNDLE-BIZ,Bundle Business,2025-07-16,,5989211,12,False
SUB-00564-001,SME-2024-00564,SME-DEDICATED-50,Internet Dedicated,2024-08-17,,1227709,12,True
SUB-00565-001,SME-2024-00565,SME-IOT-STARTER,IoT Package,2025-11-19,,1377235,12,False
SUB-00565-002,SME-2024-00565,SME-DEDICATED-100,Internet Dedicated,2022-03-19,,3281630,12,True
SUB-00565-003,SME-2024-00565,SME-MANAGED-WIFI,Managed WiFi,2026-04-19,,2217716,12,False
SUB-00566-001,SME-2024-00566,SME-CLOUD-BASIC,Cloud Service,2025-11-12,,2035120,12,False
SUB-00567-001,SME-2024-00567,SME-BUNDLE-BIZ,Bundle Business,2020-11-18,,7478626,12,True
SUB-00567-002,SME-2024-00567,SME-BROADBAND-30,Broadband,2021-04-18,,2587644,12,True
SUB-00568-001,SME-2024-00568,SME-UC-BASIC,Unified Communication,2021-05-11,,1970428,12,True
SUB-00568-002,SME-2024-00568,SME-BROADBAND-30,Broadband,2021-11-11,,985004,12,True
SUB-00569-001,SME-2024-00569,SME-DEDICATED-100,Internet Dedicated,2025-11-17,,4359948,12,False
SUB-00570-001,SME-2024-00570,SME-DEDICATED-50,Internet Dedicated,2021-12-21,,3474649,12,True
SUB-00571-001,SME-2024-00571,SME-MANAGED-WIFI,Managed WiFi,2021-08-21,,1531367,24,True
SUB-00571-002,SME-2024-00571,SME-CLOUD-BASIC,Cloud Service,2025-12-21,,1176976,24,False
SUB-00572-001,SME-2024-00572,SME-MANAGED-WIFI,Managed WiFi,2026-05-27,,3125562,24,False
SUB-00572-002,SME-2024-00572,SME-CLOUD-PRO,Cloud Service,2023-02-27,,5850790,12,True
SUB-00573-001,SME-2024-00573,SME-MANAGED-WIFI,Managed WiFi,2024-08-20,,1429458,24,True
SUB-00574-001,SME-2024-00574,SME-BUNDLE-BIZ,Bundle Business,2024-09-19,,11009777,12,True
SUB-00575-001,SME-2024-00575,SME-BUNDLE-BIZ,Bundle Business,2021-07-16,2021-10-16,10069154,24,True
SUB-00576-001,SME-2024-00576,SME-DEDICATED-50,Internet Dedicated,2023-01-28,,5243023,12,True
SUB-00577-001,SME-2024-00577,SME-UC-BASIC,Unified Communication,2024-10-09,,3027005,12,True
SUB-00578-001,SME-2024-00578,SME-IOT-STARTER,IoT Package,2025-09-22,,999967,12,False
SUB-00578-002,SME-2024-00578,SME-BUNDLE-BIZ,Bundle Business,2023-09-22,,5789708,12,True
SUB-00579-001,SME-2024-00579,SME-IOT-STARTER,IoT Package,2023-09-17,,1394174,12,True
SUB-00580-001,SME-2024-00580,SME-DEDICATED-50,Internet Dedicated,2020-04-27,,4041272,6,True
SUB-00581-001,SME-2024-00581,SME-MANAGED-WIFI,Managed WiFi,2023-06-15,,1984650,12,True
SUB-00582-001,SME-2024-00582,SME-DEDICATED-50,Internet Dedicated,2024-10-15,,2978569,12,True
SUB-00582-002,SME-2024-00582,SME-DEDICATED-100,Internet Dedicated,2025-01-15,,8812522,24,False
SUB-00583-001,SME-2024-00583,SME-UC-BASIC,Unified Communication,2021-09-30,,2218303,6,True
SUB-00584-001,SME-2024-00584,SME-MANAGED-WIFI,Managed WiFi,2023-05-06,,1561638,12,True
SUB-00584-002,SME-2024-00584,SME-DEDICATED-100,Internet Dedicated,2023-10-06,,5618149,24,True
SUB-00585-001,SME-2024-00585,SME-BROADBAND-30,Broadband,2022-07-13,,1285542,6,True
SUB-00586-001,SME-2024-00586,SME-CLOUD-BASIC,Cloud Service,2023-03-28,,1626923,12,True
SUB-00587-001,SME-2024-00587,SME-BROADBAND-50,Broadband,2020-09-24,,1958771,6,True
SUB-00588-001,SME-2024-00588,SME-IOT-STARTER,IoT Package,2022-07-06,,510367,24,True
SUB-00589-001,SME-2024-00589,SME-BROADBAND-30,Broadband,2026-04-06,,801543,12,False
SUB-00590-001,SME-2024-00590,SME-CLOUD-BASIC,Cloud Service,2024-03-31,,2130831,12,True
SUB-00590-002,SME-2024-00590,SME-BROADBAND-30,Broadband,2024-12-31,,2356052,24,True
SUB-00591-001,SME-2024-00591,SME-CLOUD-PRO,Cloud Service,2026-05-10,,1677692,6,False
SUB-00592-001,SME-2024-00592,SME-BROADBAND-30,Broadband,2022-07-23,,2586444,12,True
SUB-00593-001,SME-2024-00593,SME-DEDICATED-50,Internet Dedicated,2025-07-17,,3892160,12,False
SUB-00593-002,SME-2024-00593,SME-UC-BASIC,Unified Communication,2025-09-17,,1601190,12,False
SUB-00594-001,SME-2024-00594,SME-MANAGED-WIFI,Managed WiFi,2025-09-04,,1694506,12,False
SUB-00595-001,SME-2024-00595,SME-CLOUD-PRO,Cloud Service,2023-02-13,,2904661,12,True
SUB-00595-002,SME-2024-00595,SME-UC-BASIC,Unified Communication,2026-04-13,,1548972,12,False
SUB-00595-003,SME-2024-00595,SME-BROADBAND-50,Broadband,2025-09-13,,940371,24,False
SUB-00596-001,SME-2024-00596,SME-CLOUD-PRO,Cloud Service,2026-04-01,,2281485,6,False
SUB-00597-001,SME-2024-00597,SME-BROADBAND-30,Broadband,2020-09-14,,1825997,12,True
SUB-00597-002,SME-2024-00597,SME-DEDICATED-50,Internet Dedicated,2024-12-14,,5349477,24,False
SUB-00597-003,SME-2024-00597,SME-CLOUD-BASIC,Cloud Service,2021-11-14,,2433870,12,True
SUB-00598-001,SME-2024-00598,SME-CLOUD-BASIC,Cloud Service,2026-06-27,,2392323,6,False
SUB-00598-002,SME-2024-00598,SME-DEDICATED-50,Internet Dedicated,2025-05-27,,5050951,24,True
SUB-00598-003,SME-2024-00598,SME-CLOUD-PRO,Cloud Service,2025-10-27,,4042130,12,False
SUB-00599-001,SME-2024-00599,SME-IOT-STARTER,IoT Package,2020-05-20,,1185011,12,True
SUB-00600-001,SME-2024-00600,SME-MANAGED-WIFI,Managed WiFi,2026-04-15,,1570830,12,False
SUB-00601-001,SME-2024-00601,SME-DEDICATED-100,Internet Dedicated,2026-02-08,,3055204,24,False
SUB-00602-001,SME-2024-00602,SME-UC-BASIC,Unified Communication,2026-06-08,,2427952,12,True
SUB-00602-002,SME-2024-00602,SME-CLOUD-BASIC,Cloud Service,2026-06-15,,632997,24,False
SUB-00603-001,SME-2024-00603,SME-UC-BASIC,Unified Communication,2026-06-10,,2689435,24,False
SUB-00604-001,SME-2024-00604,SME-BROADBAND-30,Broadband,2026-02-06,,1139043,12,True
SUB-00605-001,SME-2024-00605,SME-UC-BASIC,Unified Communication,2026-06-15,,956643,6,True
SUB-00606-001,SME-2024-00606,SME-MANAGED-WIFI,Managed WiFi,2026-05-28,,1031260,6,True
SUB-00606-002,SME-2024-00606,SME-BUNDLE-BIZ,Bundle Business,2026-06-15,,8464467,12,False
SUB-00606-003,SME-2024-00606,SME-UC-BASIC,Unified Communication,2026-06-15,,2111128,12,False
SUB-00607-001,SME-2024-00607,SME-MANAGED-WIFI,Managed WiFi,2026-06-06,,2322726,6,True
SUB-00608-001,SME-2024-00608,SME-UC-BASIC,Unified Communication,2026-01-08,,2162044,12,True
SUB-00609-001,SME-2024-00609,SME-DEDICATED-100,Internet Dedicated,2026-02-28,,6300371,6,True
SUB-00609-002,SME-2024-00609,SME-BROADBAND-50,Broadband,2026-06-15,,3200440,12,False
SUB-00610-001,SME-2024-00610,SME-CLOUD-BASIC,Cloud Service,2026-01-17,,928846,12,True
SUB-00611-001,SME-2024-00611,SME-IOT-STARTER,IoT Package,2026-06-15,,2144718,12,True
SUB-00612-001,SME-2024-00612,SME-CLOUD-BASIC,Cloud Service,2026-04-03,,2270046,12,True
SUB-00613-001,SME-2024-00613,SME-DEDICATED-50,Internet Dedicated,2026-05-22,,2028394,12,True
SUB-00613-002,SME-2024-00613,SME-CLOUD-BASIC,Cloud Service,2026-06-15,,1455396,12,True
SUB-00614-001,SME-2024-00614,SME-DEDICATED-100,Internet Dedicated,2026-06-15,,7910208,12,True
SUB-00615-001,SME-2024-00615,SME-BROADBAND-50,Broadband,2026-03-03,,4191430,12,True
SUB-00615-002,SME-2024-00615,SME-BROADBAND-30,Broadband,2026-06-15,,2127997,12,True
SUB-00616-001,SME-2024-00616,SME-BUNDLE-BIZ,Bundle Business,2026-03-21,,4712825,6,True
SUB-00616-002,SME-2024-00616,SME-CLOUD-PRO,Cloud Service,2026-06-15,,2127665,12,False
SUB-00617-001,SME-2024-00617,SME-MANAGED-WIFI,Managed WiFi,2026-05-07,,2275796,24,True
SUB-00618-001,SME-2024-00618,SME-BROADBAND-30,Broadband,2026-04-15,,602945,6,True
SUB-00618-002,SME-2024-00618,SME-DEDICATED-100,Internet Dedicated,2026-06-15,,8735163,12,True
SUB-00619-001,SME-2024-00619,SME-DEDICATED-100,Internet Dedicated,2026-06-02,,7977819,6,False
SUB-00620-001,SME-2024-00620,SME-BUNDLE-BIZ,Bundle Business,2026-05-27,,3437129,12,True
SUB-00621-001,SME-2024-00621,SME-CLOUD-PRO,Cloud Service,2026-03-23,,1910707,24,True
SUB-00621-002,SME-2024-00621,SME-DEDICATED-100,Internet Dedicated,2026-06-15,,6452178,24,True
SUB-00622-001,SME-2024-00622,SME-DEDICATED-50,Internet Dedicated,2026-04-10,,4484427,12,False
SUB-00623-001,SME-2024-00623,SME-BROADBAND-50,Broadband,2026-05-10,,3588699,6,True
SUB-00623-002,SME-2024-00623,SME-UC-BASIC,Unified Communication,2026-06-15,,1828124,6,True
SUB-00624-001,SME-2024-00624,SME-CLOUD-BASIC,Cloud Service,2026-06-15,,2458442,24,True
SUB-00625-001,SME-2024-00625,SME-UC-BASIC,Unified Communication,2026-05-23,,3327821,12,True
SUB-00625-002,SME-2024-00625,SME-IOT-STARTER,IoT Package,2026-06-15,,1294175,12,True
SUB-00626-001,SME-2024-00626,SME-BUNDLE-BIZ,Bundle Business,2026-05-26,,6590643,12,False
SUB-00626-002,SME-2024-00626,SME-CLOUD-PRO,Cloud Service,2026-06-15,,4353511,24,False
SUB-00627-001,SME-2024-00627,SME-IOT-STARTER,IoT Package,2026-06-11,,1656647,24,True
SUB-00628-001,SME-2024-00628,SME-DEDICATED-50,Internet Dedicated,2026-04-04,,4274459,24,False
SUB-00629-001,SME-2024-00629,SME-BROADBAND-30,Broadband,2026-03-22,,1611325,12,True
SUB-00630-001,SME-2024-00630,SME-DEDICATED-100,Internet Dedicated,2026-01-31,,7037917,12,False
SUB-00631-001,SME-2024-00631,SME-DEDICATED-100,Internet Dedicated,2026-03-09,,8896273,12,True
SUB-00632-001,SME-2024-00632,SME-BROADBAND-50,Broadband,2026-01-20,,1563633,12,False
SUB-00633-001,SME-2024-00633,SME-BROADBAND-30,Broadband,2026-04-01,,2612105,24,False
SUB-00634-001,SME-2024-00634,SME-CLOUD-PRO,Cloud Service,2026-03-02,,4959135,24,True
SUB-00635-001,SME-2024-00635,SME-MANAGED-WIFI,Managed WiFi,2026-04-18,,1484072,6,True
SUB-00635-002,SME-2024-00635,SME-IOT-STARTER,IoT Package,2026-06-15,,1096175,24,True
SUB-00636-001,SME-2024-00636,SME-IOT-STARTER,IoT Package,2026-04-02,,865568,12,False
SUB-00637-001,SME-2024-00637,SME-UC-BASIC,Unified Communication,2026-04-20,,2619621,6,True
SUB-00638-001,SME-2024-00638,SME-DEDICATED-100,Internet Dedicated,2026-05-21,,7722936,12,True
SUB-00639-001,SME-2024-00639,SME-BUNDLE-BIZ,Bundle Business,2026-04-25,,3503803,12,True
SUB-00639-002,SME-2024-00639,SME-IOT-STARTER,IoT Package,2026-06-15,,1950370,6,False
SUB-00640-001,SME-2024-00640,SME-CLOUD-BASIC,Cloud Service,2026-06-15,,2013124,12,True
SUB-00641-001,SME-2024-00641,SME-DEDICATED-100,Internet Dedicated,2026-01-23,,7890645,12,True
SUB-00641-002,SME-2024-00641,SME-BROADBAND-30,Broadband,2026-06-15,,1672606,12,True
SUB-00642-001,SME-2024-00642,SME-BUNDLE-BIZ,Bundle Business,2026-06-08,,5366652,12,True
SUB-00643-001,SME-2024-00643,SME-IOT-STARTER,IoT Package,2026-04-20,,2077283,6,True
SUB-00644-001,SME-2024-00644,SME-DEDICATED-100,Internet Dedicated,2026-01-04,,5581289,6,True
SUB-00645-001,SME-2024-00645,SME-IOT-STARTER,IoT Package,2026-05-15,,1692217,12,True
SUB-00646-001,SME-2024-00646,SME-CLOUD-BASIC,Cloud Service,2026-05-05,,1969263,12,True
SUB-00646-002,SME-2024-00646,SME-BROADBAND-50,Broadband,2026-06-15,,4133140,12,True
SUB-00647-001,SME-2024-00647,SME-DEDICATED-50,Internet Dedicated,2026-02-27,,2730942,12,True
SUB-00647-002,SME-2024-00647,SME-BROADBAND-50,Broadband,2026-06-15,,2930857,12,True
SUB-00648-001,SME-2024-00648,SME-BUNDLE-BIZ,Bundle Business,2026-02-26,,7204010,12,True
SUB-00649-001,SME-2024-00649,SME-BUNDLE-BIZ,Bundle Business,2026-02-21,,4063514,12,False
SUB-00650-001,SME-2024-00650,SME-BUNDLE-BIZ,Bundle Business,2026-04-02,,6249136,12,False
SUB-00650-002,SME-2024-00650,SME-CLOUD-BASIC,Cloud Service,2026-06-15,,2420855,12,True
SUB-00650-003,SME-2024-00650,SME-BROADBAND-50,Broadband,2026-06-15,,3385122,12,True
SUB-00651-001,SME-2024-00651,SME-BROADBAND-30,Broadband,2026-03-13,,2288587,24,True
SUB-00652-001,SME-2024-00652,SME-BUNDLE-BIZ,Bundle Business,2026-03-21,,5061756,24,False
SUB-00653-001,SME-2024-00653,SME-CLOUD-BASIC,Cloud Service,2026-02-14,,842841,12,True
SUB-00654-001,SME-2024-00654,SME-DEDICATED-50,Internet Dedicated,2026-03-31,,5062564,12,True
SUB-00655-001,SME-2024-00655,SME-CLOUD-PRO,Cloud Service,2026-05-01,,3601177,12,False
SUB-00655-002,SME-2024-00655,SME-BROADBAND-50,Broadband,2026-06-15,,2675748,12,False
SUB-00656-001,SME-2024-00656,SME-CLOUD-BASIC,Cloud Service,2026-02-14,,1057471,24,True
SUB-00657-001,SME-2024-00657,SME-UC-BASIC,Unified Communication,2026-03-07,,3594620,12,True
SUB-00658-001,SME-2024-00658,SME-DEDICATED-100,Internet Dedicated,2026-02-12,,7828157,12,True
SUB-00659-001,SME-2024-00659,SME-CLOUD-PRO,Cloud Service,2026-01-25,,4476742,12,True
SUB-00660-001,SME-2024-00660,SME-MANAGED-WIFI,Managed WiFi,2026-04-18,,3111639,6,True
SUB-00660-002,SME-2024-00660,SME-IOT-STARTER,IoT Package,2026-06-15,,2082068,12,True
SUB-00661-001,SME-2024-00661,SME-CLOUD-PRO,Cloud Service,2026-02-26,,3478101,12,False
SUB-00662-001,SME-2024-00662,SME-MANAGED-WIFI,Managed WiFi,2026-06-14,,1357794,6,False
SUB-00663-001,SME-2024-00663,SME-IOT-STARTER,IoT Package,2026-03-14,,1443305,12,True
SUB-00664-001,SME-2024-00664,SME-IOT-STARTER,IoT Package,2026-06-15,,862312,24,True
SUB-00665-001,SME-2024-00665,SME-IOT-STARTER,IoT Package,2026-04-19,,1497019,12,True
SUB-00665-002,SME-2024-00665,SME-UC-BASIC,Unified Communication,2026-06-15,,3091294,12,False
SUB-00665-003,SME-2024-00665,SME-BUNDLE-BIZ,Bundle Business,2026-06-15,,3206771,12,True
SUB-00666-001,SME-2024-00666,SME-BUNDLE-BIZ,Bundle Business,2026-02-02,,4986612,12,True
SUB-00667-001,SME-2024-00667,SME-MANAGED-WIFI,Managed WiFi,2026-02-24,,2433612,12,True
SUB-00668-001,SME-2024-00668,SME-CLOUD-BASIC,Cloud Service,2026-04-09,,1578579,6,True
SUB-00669-001,SME-2024-00669,SME-UC-BASIC,Unified Communication,2026-03-18,,756918,6,False
SUB-00670-001,SME-2024-00670,SME-DEDICATED-100,Internet Dedicated,2026-03-24,,5951126,24,False
SUB-00671-001,SME-2024-00671,SME-UC-BASIC,Unified Communication,2026-04-11,,2821682,6,True
SUB-00672-001,SME-2024-00672,SME-BROADBAND-50,Broadband,2026-01-25,,2362560,24,True
SUB-00672-002,SME-2024-00672,SME-BROADBAND-30,Broadband,2026-05-25,,588828,12,True
SUB-00673-001,SME-2024-00673,SME-UC-BASIC,Unified Communication,2026-02-21,,3484322,6,True
SUB-00674-001,SME-2024-00674,SME-UC-BASIC,Unified Communication,2026-06-13,,796943,24,True
SUB-00675-001,SME-2024-00675,SME-UC-BASIC,Unified Communication,2026-01-22,,1277397,12,True
SUB-00675-002,SME-2024-00675,SME-BROADBAND-50,Broadband,2026-06-15,,1003727,12,False
SUB-00676-001,SME-2024-00676,SME-UC-BASIC,Unified Communication,2026-06-15,,2451259,24,False
SUB-00677-001,SME-2024-00677,SME-CLOUD-PRO,Cloud Service,2026-01-21,,2620504,24,True
SUB-00678-001,SME-2024-00678,SME-CLOUD-BASIC,Cloud Service,2026-03-07,,1312351,12,False
SUB-00679-001,SME-2024-00679,SME-DEDICATED-100,Internet Dedicated,2026-05-07,,4506904,12,False
SUB-00679-002,SME-2024-00679,SME-UC-BASIC,Unified Communication,2026-06-15,,2388011,24,True
SUB-00680-001,SME-2024-00680,SME-CLOUD-BASIC,Cloud Service,2026-04-18,,908185,12,False
SUB-00681-001,SME-2024-00681,SME-BUNDLE-BIZ,Bundle Business,2026-05-27,,9368306,12,True
SUB-00682-001,SME-2024-00682,SME-IOT-STARTER,IoT Package,2026-01-19,,593645,12,True
SUB-00683-001,SME-2024-00683,SME-BROADBAND-50,Broadband,2026-03-29,,2697858,24,True
SUB-00684-001,SME-2024-00684,SME-UC-BASIC,Unified Communication,2026-02-25,,1243468,12,False
SUB-00684-002,SME-2024-00684,SME-BUNDLE-BIZ,Bundle Business,2026-06-15,,5631312,6,False
SUB-00685-001,SME-2024-00685,SME-BROADBAND-50,Broadband,2026-02-15,,1237642,24,False
SUB-00686-001,SME-2024-00686,SME-BROADBAND-30,Broadband,2026-01-19,,1336973,12,False
SUB-00687-001,SME-2024-00687,SME-MANAGED-WIFI,Managed WiFi,2026-06-13,,715164,24,False
SUB-00688-001,SME-2024-00688,SME-CLOUD-PRO,Cloud Service,2026-02-26,,5008817,12,True
SUB-00689-001,SME-2024-00689,SME-DEDICATED-50,Internet Dedicated,2026-06-04,,1400246,12,True
SUB-00689-002,SME-2024-00689,SME-BROADBAND-30,Broadband,2026-06-15,,1428019,24,False
SUB-00690-001,SME-2024-00690,SME-CLOUD-PRO,Cloud Service,2026-03-13,,4630845,24,False
SUB-00691-001,SME-2024-00691,SME-CLOUD-BASIC,Cloud Service,2026-01-07,,1789499,12,True
SUB-00691-002,SME-2024-00691,SME-UC-BASIC,Unified Communication,2026-04-07,,3454039,24,True
SUB-00691-003,SME-2024-00691,SME-DEDICATED-50,Internet Dedicated,2026-06-15,,2152304,6,True
SUB-00692-001,SME-2024-00692,SME-IOT-STARTER,IoT Package,2026-02-03,,1746536,12,True
SUB-00692-002,SME-2024-00692,SME-CLOUD-BASIC,Cloud Service,2026-06-15,,2604278,6,True
SUB-00693-001,SME-2024-00693,SME-IOT-STARTER,IoT Package,2026-03-06,,1109048,12,True
SUB-00693-002,SME-2024-00693,SME-BUNDLE-BIZ,Bundle Business,2026-06-15,,5571944,12,False
SUB-00694-001,SME-2024-00694,SME-BUNDLE-BIZ,Bundle Business,2026-02-23,,10550120,24,False
SUB-00695-001,SME-2024-00695,SME-BROADBAND-30,Broadband,2026-04-09,,1259930,24,True
SUB-00696-001,SME-2024-00696,SME-BROADBAND-30,Broadband,2026-01-08,,1238102,12,True
SUB-00697-001,SME-2024-00697,SME-BROADBAND-50,Broadband,2026-03-18,,3735172,12,True
SUB-00698-001,SME-2024-00698,SME-CLOUD-PRO,Cloud Service,2026-05-10,,2336592,24,False
SUB-00698-002,SME-2024-00698,SME-BROADBAND-50,Broadband,2026-06-15,,4157240,12,False
SUB-00699-001,SME-2024-00699,SME-DEDICATED-100,Internet Dedicated,2026-04-29,,3668185,12,False
SUB-00700-001,SME-2024-00700,SME-BROADBAND-50,Broadband,2026-06-11,,2326972,12,True
SUB-00701-001,SME-2024-00701,SME-BUNDLE-BIZ,Bundle Business,2026-06-10,,3841207,12,False
SUB-00701-002,SME-2024-00701,SME-BROADBAND-30,Broadband,2026-06-15,,1943532,6,True
SUB-00702-001,SME-2024-00702,SME-CLOUD-BASIC,Cloud Service,2026-02-02,,1246581,12,True
SUB-00703-001,SME-2024-00703,SME-BROADBAND-50,Broadband,2026-05-19,,997895,12,True
SUB-00704-001,SME-2024-00704,SME-UC-BASIC,Unified Communication,2026-03-26,,809437,12,False
SUB-00705-001,SME-2024-00705,SME-UC-BASIC,Unified Communication,2026-03-06,,1149699,12,False
SUB-00706-001,SME-2024-00706,SME-IOT-STARTER,IoT Package,2026-01-31,,554218,12,True
SUB-00707-001,SME-2024-00707,SME-DEDICATED-100,Internet Dedicated,2026-06-15,,8665263,24,True
SUB-00707-002,SME-2024-00707,SME-IOT-STARTER,IoT Package,2026-06-15,,821068,24,False
SUB-00707-003,SME-2024-00707,SME-CLOUD-PRO,Cloud Service,2026-06-15,,4208547,12,True
SUB-00708-001,SME-2024-00708,SME-DEDICATED-50,Internet Dedicated,2026-01-12,,3439329,24,False
SUB-00709-001,SME-2024-00709,SME-BROADBAND-50,Broadband,2026-02-20,,3004977,12,True
SUB-00710-001,SME-2024-00710,SME-DEDICATED-100,Internet Dedicated,2026-03-18,,6769838,12,True
SUB-00711-001,SME-2024-00711,SME-DEDICATED-100,Internet Dedicated,2026-05-02,,6554275,24,True
SUB-00711-002,SME-2024-00711,SME-BUNDLE-BIZ,Bundle Business,2026-06-15,,6924284,24,True
SUB-00712-001,SME-2024-00712,SME-CLOUD-BASIC,Cloud Service,2026-05-15,,696127,12,True
SUB-00712-002,SME-2024-00712,SME-MANAGED-WIFI,Managed WiFi,2026-06-15,,2077064,12,True
SUB-00713-001,SME-2024-00713,SME-BUNDLE-BIZ,Bundle Business,2026-06-09,,8069739,6,False
SUB-00713-002,SME-2024-00713,SME-MANAGED-WIFI,Managed WiFi,2026-06-15,,2883029,12,True
SUB-00714-001,SME-2024-00714,SME-BROADBAND-30,Broadband,2026-01-21,,2512576,12,False
SUB-00715-001,SME-2024-00715,SME-IOT-STARTER,IoT Package,2026-04-11,,1916118,12,False
SUB-00715-002,SME-2024-00715,SME-DEDICATED-100,Internet Dedicated,2026-06-15,,6431038,12,True
SUB-00716-001,SME-2024-00716,SME-CLOUD-PRO,Cloud Service,2026-04-10,,5734098,24,False
SUB-00716-002,SME-2024-00716,SME-CLOUD-BASIC,Cloud Service,2026-06-15,,739166,12,True
SUB-00717-001,SME-2024-00717,SME-DEDICATED-100,Internet Dedicated,2026-04-13,,7409401,12,False
SUB-00718-001,SME-2024-00718,SME-DEDICATED-50,Internet Dedicated,2026-03-04,,3088164,12,True
SUB-00719-001,SME-2024-00719,SME-MANAGED-WIFI,Managed WiFi,2026-01-22,,1214464,6,True
SUB-00719-002,SME-2024-00719,SME-BROADBAND-50,Broadband,2026-05-22,,3304875,12,False
SUB-00720-001,SME-2024-00720,SME-MANAGED-WIFI,Managed WiFi,2026-06-04,,2419624,24,False
SUB-00721-001,SME-2024-00721,SME-DEDICATED-100,Internet Dedicated,2026-06-04,,8362248,12,True
SUB-00721-002,SME-2024-00721,SME-BROADBAND-50,Broadband,2026-06-15,,2000353,12,False
SUB-00722-001,SME-2024-00722,SME-BROADBAND-50,Broadband,2026-02-06,,2140350,6,False
SUB-00723-001,SME-2024-00723,SME-IOT-STARTER,IoT Package,2026-04-15,,449291,12,True
SUB-00723-002,SME-2024-00723,SME-DEDICATED-50,Internet Dedicated,2026-06-15,,4693044,6,True
SUB-00724-001,SME-2024-00724,SME-BROADBAND-30,Broadband,2026-05-19,,715472,12,True
SUB-00725-001,SME-2024-00725,SME-BUNDLE-BIZ,Bundle Business,2026-06-07,,6349449,6,True
SUB-00726-001,SME-2024-00726,SME-DEDICATED-100,Internet Dedicated,2026-06-15,,3234949,24,True
SUB-00727-001,SME-2024-00727,SME-DEDICATED-50,Internet Dedicated,2026-02-26,,4470023,24,True
SUB-00727-002,SME-2024-00727,SME-BROADBAND-30,Broadband,2026-06-15,,1651318,24,True
SUB-00728-001,SME-2024-00728,SME-IOT-STARTER,IoT Package,2026-02-03,,2037514,6,True
SUB-00728-002,SME-2024-00728,SME-CLOUD-BASIC,Cloud Service,2026-06-03,,1139809,12,True
SUB-00729-001,SME-2024-00729,SME-DEDICATED-100,Internet Dedicated,2026-06-13,,7596012,12,True
SUB-00730-001,SME-2024-00730,SME-IOT-STARTER,IoT Package,2026-02-04,,1245669,24,True
SUB-00730-002,SME-2024-00730,SME-BROADBAND-30,Broadband,2026-06-15,,2732194,24,True
SUB-00730-003,SME-2024-00730,SME-DEDICATED-100,Internet Dedicated,2026-06-15,,7846353,12,True
SUB-00731-001,SME-2024-00731,SME-BROADBAND-50,Broadband,2026-03-23,,4164649,6,False
SUB-00731-002,SME-2024-00731,SME-UC-BASIC,Unified Communication,2026-06-15,,3189574,12,True
SUB-00732-001,SME-2024-00732,SME-DEDICATED-50,Internet Dedicated,2026-02-21,,4924097,12,True
SUB-00733-001,SME-2024-00733,SME-CLOUD-BASIC,Cloud Service,2026-02-23,,2390678,12,False
SUB-00733-002,SME-2024-00733,SME-DEDICATED-100,Internet Dedicated,2026-06-15,,7327176,6,True
SUB-00734-001,SME-2024-00734,SME-CLOUD-BASIC,Cloud Service,2026-04-06,,1667323,24,False
SUB-00735-001,SME-2024-00735,SME-MANAGED-WIFI,Managed WiFi,2026-01-16,,1037471,6,False
SUB-00736-001,SME-2024-00736,SME-DEDICATED-100,Internet Dedicated,2026-05-29,,2582691,24,True
SUB-00737-001,SME-2024-00737,SME-IOT-STARTER,IoT Package,2026-06-09,,1059959,12,False
SUB-00737-002,SME-2024-00737,SME-UC-BASIC,Unified Communication,2026-06-15,,1441039,12,True
SUB-00738-001,SME-2024-00738,SME-BROADBAND-50,Broadband,2026-01-15,,2903832,12,True
SUB-00738-002,SME-2024-00738,SME-DEDICATED-50,Internet Dedicated,2026-04-15,,1967290,12,True
SUB-00739-001,SME-2024-00739,SME-CLOUD-BASIC,Cloud Service,2026-05-27,,1257140,12,False
SUB-00739-002,SME-2024-00739,SME-MANAGED-WIFI,Managed WiFi,2026-06-15,,2563559,6,True
SUB-00740-001,SME-2024-00740,SME-BUNDLE-BIZ,Bundle Business,2026-04-03,,9782316,12,True
SUB-00741-001,SME-2024-00741,SME-BROADBAND-30,Broadband,2026-04-07,,2461616,12,True
SUB-00742-001,SME-2024-00742,SME-BUNDLE-BIZ,Bundle Business,2026-05-26,,4469000,12,True
SUB-00743-001,SME-2024-00743,SME-DEDICATED-50,Internet Dedicated,2026-06-05,,3747908,12,True
SUB-00744-001,SME-2024-00744,SME-BROADBAND-30,Broadband,2026-06-15,,1852695,24,True
SUB-00744-002,SME-2024-00744,SME-DEDICATED-100,Internet Dedicated,2026-06-15,,2373097,12,True
SUB-00745-001,SME-2024-00745,SME-DEDICATED-100,Internet Dedicated,2026-01-30,,2385617,12,False
SUB-00745-002,SME-2024-00745,SME-BUNDLE-BIZ,Bundle Business,2026-06-15,,3344168,12,False
SUB-00746-001,SME-2024-00746,SME-MANAGED-WIFI,Managed WiFi,2026-04-07,,1891458,12,True
SUB-00747-001,SME-2024-00747,SME-BROADBAND-50,Broadband,2026-04-14,,2794508,24,True
SUB-00748-001,SME-2024-00748,SME-IOT-STARTER,IoT Package,2026-02-03,,732790,12,True
SUB-00749-001,SME-2024-00749,SME-BROADBAND-50,Broadband,2026-01-16,,4037485,12,False
SUB-00750-001,SME-2024-00750,SME-DEDICATED-100,Internet Dedicated,2026-02-03,,3642337,24,False
SUB-00751-001,SME-2024-00751,SME-CLOUD-BASIC,Cloud Service,2026-03-20,,1286390,12,True
SUB-00752-001,SME-2024-00752,SME-BROADBAND-30,Broadband,2026-04-20,,2193146,12,True
SUB-00752-002,SME-2024-00752,SME-CLOUD-PRO,Cloud Service,2026-06-15,,5407162,6,True
SUB-00753-001,SME-2024-00753,SME-BUNDLE-BIZ,Bundle Business,2026-04-18,,4335792,6,True
SUB-00754-001,SME-2024-00754,SME-MANAGED-WIFI,Managed WiFi,2026-04-11,,1359731,6,True
SUB-00755-001,SME-2024-00755,SME-CLOUD-BASIC,Cloud Service,2026-03-29,,1591265,24,True
SUB-00756-001,SME-2024-00756,SME-BUNDLE-BIZ,Bundle Business,2026-04-25,,4576670,6,True
SUB-00757-001,SME-2024-00757,SME-CLOUD-PRO,Cloud Service,2026-01-16,,3762409,6,False
SUB-00757-002,SME-2024-00757,SME-BROADBAND-30,Broadband,2026-06-15,,2436956,12,True
SUB-00758-001,SME-2024-00758,SME-MANAGED-WIFI,Managed WiFi,2026-03-30,,2618175,24,False
SUB-00759-001,SME-2024-00759,SME-IOT-STARTER,IoT Package,2026-02-17,,1641210,24,True
SUB-00760-001,SME-2024-00760,SME-BUNDLE-BIZ,Bundle Business,2026-01-24,,8622925,6,False
SUB-00761-001,SME-2024-00761,SME-DEDICATED-50,Internet Dedicated,2026-01-27,,4389416,24,False
SUB-00762-001,SME-2024-00762,SME-IOT-STARTER,IoT Package,2026-05-02,,1980688,6,False
SUB-00763-001,SME-2024-00763,SME-MANAGED-WIFI,Managed WiFi,2026-06-15,,1765182,12,True
SUB-00763-002,SME-2024-00763,SME-CLOUD-BASIC,Cloud Service,2026-06-15,,1288621,6,True
SUB-00764-001,SME-2024-00764,SME-BROADBAND-50,Broadband,2026-02-09,,4053621,24,True
SUB-00765-001,SME-2024-00765,SME-DEDICATED-50,Internet Dedicated,2026-01-09,,1433340,6,True
SUB-00765-002,SME-2024-00765,SME-BUNDLE-BIZ,Bundle Business,2026-04-09,,6984462,12,True
SUB-00765-003,SME-2024-00765,SME-CLOUD-PRO,Cloud Service,2026-06-15,,6190828,24,True
SUB-00766-001,SME-2024-00766,SME-UC-BASIC,Unified Communication,2026-02-26,,1853952,6,False
SUB-00767-001,SME-2024-00767,SME-BROADBAND-50,Broadband,2026-03-07,,1349229,12,False
SUB-00768-001,SME-2024-00768,SME-BROADBAND-50,Broadband,2026-01-11,,1826423,12,True
SUB-00769-001,SME-2024-00769,SME-MANAGED-WIFI,Managed WiFi,2026-05-21,,1509550,12,True
SUB-00769-002,SME-2024-00769,SME-BUNDLE-BIZ,Bundle Business,2026-06-15,,5326079,12,True
SUB-00770-001,SME-2024-00770,SME-BROADBAND-50,Broadband,2026-06-09,,3908262,12,True
SUB-00771-001,SME-2024-00771,SME-DEDICATED-50,Internet Dedicated,2026-01-26,,1559558,12,False
SUB-00772-001,SME-2024-00772,SME-BROADBAND-30,Broadband,2026-02-24,,1527230,12,True
SUB-00773-001,SME-2024-00773,SME-BROADBAND-30,Broadband,2026-01-05,,1165910,12,True
SUB-00773-002,SME-2024-00773,SME-CLOUD-BASIC,Cloud Service,2026-05-05,,1964927,24,True
SUB-00774-001,SME-2024-00774,SME-MANAGED-WIFI,Managed WiFi,2026-04-02,,2822390,6,True
SUB-00774-002,SME-2024-00774,SME-BUNDLE-BIZ,Bundle Business,2026-06-15,,7050458,12,True
SUB-00775-001,SME-2024-00775,SME-BROADBAND-30,Broadband,2026-06-11,,885199,12,True
SUB-00775-002,SME-2024-00775,SME-BUNDLE-BIZ,Bundle Business,2026-06-15,,9666893,12,True
SUB-00776-001,SME-2024-00776,SME-CLOUD-BASIC,Cloud Service,2026-03-06,,2527042,12,True
SUB-00777-001,SME-2024-00777,SME-BUNDLE-BIZ,Bundle Business,2026-01-29,,5622070,12,False
SUB-00777-002,SME-2024-00777,SME-UC-BASIC,Unified Communication,2026-06-15,,1755270,6,False
SUB-00778-001,SME-2024-00778,SME-IOT-STARTER,IoT Package,2026-04-30,,2098474,12,True
SUB-00779-001,SME-2024-00779,SME-DEDICATED-100,Internet Dedicated,2026-06-15,,4463058,12,False
SUB-00780-001,SME-2024-00780,SME-UC-BASIC,Unified Communication,2026-05-01,,3472022,12,True
SUB-00781-001,SME-2024-00781,SME-IOT-STARTER,IoT Package,2026-06-09,,1748911,12,True
SUB-00782-001,SME-2024-00782,SME-CLOUD-PRO,Cloud Service,2026-05-28,,1854849,24,True
SUB-00783-001,SME-2024-00783,SME-BUNDLE-BIZ,Bundle Business,2026-02-19,,3453497,6,True
SUB-00783-002,SME-2024-00783,SME-BROADBAND-50,Broadband,2026-06-15,,1125110,12,True
SUB-00784-001,SME-2024-00784,SME-IOT-STARTER,IoT Package,2026-02-03,,568843,6,True
SUB-00785-001,SME-2024-00785,SME-UC-BASIC,Unified Communication,2026-03-17,,3089113,24,False
SUB-00785-002,SME-2024-00785,SME-IOT-STARTER,IoT Package,2026-06-15,,1770772,12,True
SUB-00786-001,SME-2024-00786,SME-CLOUD-PRO,Cloud Service,2026-03-17,,4817573,12,True
SUB-00787-001,SME-2024-00787,SME-CLOUD-BASIC,Cloud Service,2026-05-21,,2050647,6,True
SUB-00788-001,SME-2024-00788,SME-BROADBAND-30,Broadband,2026-01-25,,988070,12,True
SUB-00789-001,SME-2024-00789,SME-BROADBAND-30,Broadband,2026-06-15,,1509872,12,False
SUB-00789-002,SME-2024-00789,SME-CLOUD-PRO,Cloud Service,2026-06-15,,3036707,6,True
SUB-00790-001,SME-2024-00790,SME-BUNDLE-BIZ,Bundle Business,2026-04-25,,5393467,12,True
SUB-00791-001,SME-2024-00791,SME-BROADBAND-50,Broadband,2026-06-15,,1370735,24,True
SUB-00791-002,SME-2024-00791,SME-MANAGED-WIFI,Managed WiFi,2026-06-15,,2902450,24,True
SUB-00792-001,SME-2024-00792,SME-BUNDLE-BIZ,Bundle Business,2026-05-18,,9947569,12,True
SUB-00793-001,SME-2024-00793,SME-BROADBAND-50,Broadband,2026-04-18,,1970110,12,True
SUB-00794-001,SME-2024-00794,SME-BROADBAND-50,Broadband,2026-02-15,,1822137,6,True
SUB-00794-002,SME-2024-00794,SME-CLOUD-PRO,Cloud Service,2026-06-15,,4115715,12,True
SUB-00794-003,SME-2024-00794,SME-IOT-STARTER,IoT Package,2026-06-15,,1410160,24,True
SUB-00795-001,SME-2024-00795,SME-BUNDLE-BIZ,Bundle Business,2026-03-22,,9252660,12,True
SUB-00795-002,SME-2024-00795,SME-CLOUD-BASIC,Cloud Service,2026-06-15,,1009003,12,True
SUB-00796-001,SME-2024-00796,SME-BUNDLE-BIZ,Bundle Business,2026-03-06,,5334828,12,True
SUB-00797-001,SME-2024-00797,SME-BROADBAND-50,Broadband,2026-05-01,,2392931,12,True
SUB-00798-001,SME-2024-00798,SME-BROADBAND-50,Broadband,2026-05-26,,3073494,12,True
SUB-00799-001,SME-2024-00799,SME-IOT-STARTER,IoT Package,2026-04-10,,646290,12,True
SUB-00800-001,SME-2024-00800,SME-CLOUD-BASIC,Cloud Service,2026-03-06,,2156251,12,True
SUB-00801-001,SME-2024-00801,SME-BROADBAND-30,Broadband,2026-04-10,,2679192,12,False
SUB-00802-001,SME-2024-00802,SME-IOT-STARTER,IoT Package,2026-01-22,,993259,24,False
SUB-00803-001,SME-2024-00803,SME-BROADBAND-50,Broadband,2026-03-27,,3259256,6,True
SUB-00803-002,SME-2024-00803,SME-BROADBAND-30,Broadband,2026-06-15,,604943,12,True
SUB-00804-001,SME-2024-00804,SME-IOT-STARTER,IoT Package,2026-05-10,,814872,6,True
SUB-00804-002,SME-2024-00804,SME-UC-BASIC,Unified Communication,2026-06-15,,1501766,6,True
SUB-00805-001,SME-2024-00805,SME-CLOUD-PRO,Cloud Service,2026-06-15,,3647542,24,True
SUB-00806-001,SME-2024-00806,SME-CLOUD-PRO,Cloud Service,2026-06-05,,3657830,12,True
SUB-00807-001,SME-2024-00807,SME-IOT-STARTER,IoT Package,2026-03-15,,1414140,12,False
SUB-00808-001,SME-2024-00808,SME-CLOUD-BASIC,Cloud Service,2026-04-27,,1186884,12,False
SUB-00808-002,SME-2024-00808,SME-BUNDLE-BIZ,Bundle Business,2026-06-15,,2971535,24,False
SUB-00809-001,SME-2024-00809,SME-BROADBAND-50,Broadband,2026-04-04,,1716413,12,False
SUB-00810-001,SME-2024-00810,SME-DEDICATED-50,Internet Dedicated,2026-03-30,,4871529,12,True
SUB-00811-001,SME-2024-00811,SME-BROADBAND-30,Broadband,2026-05-17,,1018647,24,False
SUB-00811-002,SME-2024-00811,SME-IOT-STARTER,IoT Package,2026-06-15,,910358,12,True
SUB-00812-001,SME-2024-00812,SME-CLOUD-PRO,Cloud Service,2026-04-30,,1824376,6,False
SUB-00812-002,SME-2024-00812,SME-IOT-STARTER,IoT Package,2026-06-15,,1174215,24,True
SUB-00813-001,SME-2024-00813,SME-BUNDLE-BIZ,Bundle Business,2026-04-30,,3391488,6,False
SUB-00813-002,SME-2024-00813,SME-IOT-STARTER,IoT Package,2026-06-15,,1697146,12,False
SUB-00813-003,SME-2024-00813,SME-MANAGED-WIFI,Managed WiFi,2026-06-15,,1823490,6,True
SUB-00814-001,SME-2024-00814,SME-BROADBAND-50,Broadband,2026-05-26,,2513737,12,True
SUB-00814-002,SME-2024-00814,SME-BUNDLE-BIZ,Bundle Business,2026-06-15,,2813037,6,True
SUB-00815-001,SME-2024-00815,SME-UC-BASIC,Unified Communication,2026-02-28,,2807721,24,True
SUB-00816-001,SME-2024-00816,SME-IOT-STARTER,IoT Package,2026-01-18,,1742153,24,True
SUB-00817-001,SME-2024-00817,SME-CLOUD-PRO,Cloud Service,2026-04-25,,3507697,12,True
SUB-00817-002,SME-2024-00817,SME-BROADBAND-50,Broadband,2026-06-15,,1500781,12,True
SUB-00818-001,SME-2024-00818,SME-CLOUD-PRO,Cloud Service,2026-03-02,,5247289,12,True
SUB-00819-001,SME-2024-00819,SME-CLOUD-BASIC,Cloud Service,2026-05-06,,2716180,12,False
SUB-00819-002,SME-2024-00819,SME-IOT-STARTER,IoT Package,2026-06-15,,1149171,12,True
SUB-00820-001,SME-2024-00820,SME-IOT-STARTER,IoT Package,2026-02-02,,1200795,24,False
SUB-00821-001,SME-2024-00821,SME-CLOUD-BASIC,Cloud Service,2026-03-16,,1609265,12,True
SUB-00822-001,SME-2024-00822,SME-DEDICATED-50,Internet Dedicated,2026-06-02,,2927533,24,True
SUB-00822-002,SME-2024-00822,SME-DEDICATED-100,Internet Dedicated,2026-06-15,,2528068,6,False
SUB-00822-003,SME-2024-00822,SME-IOT-STARTER,IoT Package,2026-06-15,,1008225,24,False
SUB-00823-001,SME-2024-00823,SME-UC-BASIC,Unified Communication,2026-02-05,,1502062,12,False
SUB-00823-002,SME-2024-00823,SME-BROADBAND-50,Broadband,2026-06-15,,3238999,12,True
SUB-00824-001,SME-2024-00824,SME-IOT-STARTER,IoT Package,2026-02-06,,1289355,6,True
SUB-00824-002,SME-2024-00824,SME-CLOUD-PRO,Cloud Service,2026-06-15,,2084507,24,False
SUB-00825-001,SME-2024-00825,SME-IOT-STARTER,IoT Package,2026-05-06,,1775915,24,True
SUB-00826-001,SME-2024-00826,SME-BROADBAND-50,Broadband,2026-02-21,,2902547,24,True
SUB-00827-001,SME-2024-00827,SME-DEDICATED-100,Internet Dedicated,2026-05-21,,3358535,12,True
SUB-00828-001,SME-2024-00828,SME-DEDICATED-50,Internet Dedicated,2026-03-19,,2080538,12,True
SUB-00829-001,SME-2024-00829,SME-DEDICATED-50,Internet Dedicated,2026-01-13,,3507800,6,True
SUB-00830-001,SME-2024-00830,SME-IOT-STARTER,IoT Package,2026-04-03,,1658003,6,True
SUB-00831-001,SME-2024-00831,SME-CLOUD-PRO,Cloud Service,2026-02-09,,1548471,6,True
SUB-00831-002,SME-2024-00831,SME-CLOUD-BASIC,Cloud Service,2026-06-15,,1350071,12,True
SUB-00831-003,SME-2024-00831,SME-DEDICATED-50,Internet Dedicated,2026-06-15,,2613012,12,False
SUB-00832-001,SME-2024-00832,SME-BROADBAND-50,Broadband,2026-05-16,,2461047,24,True
SUB-00833-001,SME-2024-00833,SME-DEDICATED-50,Internet Dedicated,2026-03-27,,1298711,24,True
SUB-00834-001,SME-2024-00834,SME-UC-BASIC,Unified Communication,2026-02-10,,1660190,24,True
SUB-00834-002,SME-2024-00834,SME-CLOUD-BASIC,Cloud Service,2026-06-15,,2080071,6,True
SUB-00835-001,SME-2024-00835,SME-IOT-STARTER,IoT Package,2026-02-27,,1162613,24,True
SUB-00835-002,SME-2024-00835,SME-BROADBAND-50,Broadband,2026-06-15,,3124777,24,False
SUB-00836-001,SME-2024-00836,SME-CLOUD-BASIC,Cloud Service,2026-06-15,,2520506,12,True
SUB-00837-001,SME-2024-00837,SME-DEDICATED-50,Internet Dedicated,2026-05-03,,3857993,12,False
SUB-00837-002,SME-2024-00837,SME-UC-BASIC,Unified Communication,2026-06-15,,892387,12,True
SUB-00838-001,SME-2024-00838,SME-BROADBAND-30,Broadband,2026-05-11,,1272882,24,True
SUB-00838-002,SME-2024-00838,SME-UC-BASIC,Unified Communication,2026-06-15,,1900890,6,True
SUB-00839-001,SME-2024-00839,SME-BROADBAND-30,Broadband,2026-05-28,,1385765,12,True
SUB-00839-002,SME-2024-00839,SME-IOT-STARTER,IoT Package,2026-06-15,,1063176,24,True
SUB-00839-003,SME-2024-00839,SME-CLOUD-BASIC,Cloud Service,2026-06-15,,912914,12,False
SUB-00840-001,SME-2024-00840,SME-BUNDLE-BIZ,Bundle Business,2026-05-03,,9972418,12,True
SUB-00841-001,SME-2024-00841,SME-CLOUD-BASIC,Cloud Service,2026-02-14,,1759099,12,False
SUB-00842-001,SME-2024-00842,SME-UC-BASIC,Unified Communication,2026-04-10,,2668020,24,True
SUB-00843-001,SME-2024-00843,SME-DEDICATED-50,Internet Dedicated,2026-03-06,,1293641,12,True
SUB-00844-001,SME-2024-00844,SME-BROADBAND-50,Broadband,2026-05-15,,3848371,12,True
SUB-00844-002,SME-2024-00844,SME-UC-BASIC,Unified Communication,2026-06-15,,3334616,12,True
SUB-00845-001,SME-2024-00845,SME-BROADBAND-50,Broadband,2026-04-02,,1615654,12,True
SUB-00846-001,SME-2024-00846,SME-MANAGED-WIFI,Managed WiFi,2026-02-27,,784691,12,False
SUB-00847-001,SME-2024-00847,SME-UC-BASIC,Unified Communication,2026-02-28,,2373901,12,False
SUB-00847-002,SME-2024-00847,SME-MANAGED-WIFI,Managed WiFi,2026-06-15,,1722918,6,True
SUB-00848-001,SME-2024-00848,SME-BUNDLE-BIZ,Bundle Business,2026-01-18,,9848964,12,True
SUB-00848-002,SME-2024-00848,SME-IOT-STARTER,IoT Package,2026-06-15,,1340398,6,True
SUB-00849-001,SME-2024-00849,SME-MANAGED-WIFI,Managed WiFi,2026-06-03,,1308397,12,False
SUB-00850-001,SME-2024-00850,SME-CLOUD-PRO,Cloud Service,2026-06-06,,3011024,12,True
SUB-00850-002,SME-2024-00850,SME-DEDICATED-100,Internet Dedicated,2026-06-15,,7472655,6,True
SUB-00851-001,SME-2024-00851,SME-MANAGED-WIFI,Managed WiFi,2023-11-02,2024-03-02,1465205,12,False
SUB-00852-001,SME-2024-00852,SME-IOT-STARTER,IoT Package,2024-04-01,,1017558,24,True
SUB-00853-001,SME-2024-00853,SME-CLOUD-BASIC,Cloud Service,2025-10-21,,2139261,12,False
SUB-00854-001,SME-2024-00854,SME-CLOUD-PRO,Cloud Service,2023-06-10,,6310221,12,True
SUB-00854-002,SME-2024-00854,SME-CLOUD-BASIC,Cloud Service,2024-07-10,,1045828,24,False
SUB-00855-001,SME-2024-00855,SME-DEDICATED-50,Internet Dedicated,2023-06-29,,4897232,6,True
SUB-00855-002,SME-2024-00855,SME-BROADBAND-30,Broadband,2023-09-29,,2462146,12,True
SUB-00856-001,SME-2024-00856,SME-CLOUD-BASIC,Cloud Service,2026-04-16,,705585,12,False
SUB-00857-001,SME-2024-00857,SME-MANAGED-WIFI,Managed WiFi,2025-08-28,,2716170,12,True
SUB-00858-001,SME-2024-00858,SME-UC-BASIC,Unified Communication,2023-06-10,,781821,12,True
SUB-00859-001,SME-2024-00859,SME-CLOUD-PRO,Cloud Service,2025-01-19,2025-11-19,2688815,6,True
SUB-00860-001,SME-2024-00860,SME-UC-BASIC,Unified Communication,2026-01-21,,2030461,6,False
SUB-00861-001,SME-2024-00861,SME-CLOUD-BASIC,Cloud Service,2023-09-06,,1945339,12,True
SUB-00862-001,SME-2024-00862,SME-UC-BASIC,Unified Communication,2023-03-26,,3585108,6,True
SUB-00863-001,SME-2024-00863,SME-BROADBAND-30,Broadband,2025-05-20,,2495790,24,True
SUB-00864-001,SME-2024-00864,SME-UC-BASIC,Unified Communication,2025-01-09,,1472075,24,False
SUB-00865-001,SME-2024-00865,SME-DEDICATED-100,Internet Dedicated,2025-09-16,,4034387,6,True
SUB-00865-002,SME-2024-00865,SME-CLOUD-PRO,Cloud Service,2026-06-15,,4983769,6,True
SUB-00865-003,SME-2024-00865,SME-MANAGED-WIFI,Managed WiFi,2026-05-16,,2110688,12,False
SUB-00866-001,SME-2024-00866,SME-BROADBAND-30,Broadband,2023-12-26,,2433826,24,True
SUB-00867-001,SME-2024-00867,SME-BUNDLE-BIZ,Bundle Business,2025-03-03,,6666865,24,False
SUB-00867-002,SME-2024-00867,SME-BROADBAND-30,Broadband,2023-06-03,,1407403,6,True
SUB-00868-001,SME-2024-00868,SME-BROADBAND-30,Broadband,2023-12-27,,1560683,12,True
SUB-00868-002,SME-2024-00868,SME-UC-BASIC,Unified Communication,2026-01-27,,2330434,12,False
SUB-00869-001,SME-2024-00869,SME-BROADBAND-50,Broadband,2025-04-24,2026-01-24,3481905,12,True
SUB-00869-002,SME-2024-00869,SME-DEDICATED-50,Internet Dedicated,2025-11-24,2026-04-24,1677876,12,True
SUB-00870-001,SME-2024-00870,SME-CLOUD-BASIC,Cloud Service,2026-06-23,,2599489,12,False
SUB-00871-001,SME-2024-00871,SME-BROADBAND-30,Broadband,2023-06-13,,1241415,12,True
SUB-00872-001,SME-2024-00872,SME-MANAGED-WIFI,Managed WiFi,2024-02-11,,1422258,24,True
SUB-00873-001,SME-2024-00873,SME-IOT-STARTER,IoT Package,2026-05-03,,1190004,12,False
SUB-00874-001,SME-2024-00874,SME-DEDICATED-50,Internet Dedicated,2023-12-14,,3895983,12,True
SUB-00875-001,SME-2024-00875,SME-BUNDLE-BIZ,Bundle Business,2025-12-04,,3149874,12,False
SUB-00875-002,SME-2024-00875,SME-DEDICATED-100,Internet Dedicated,2025-10-04,,5235581,24,True
SUB-00876-001,SME-2024-00876,SME-BUNDLE-BIZ,Bundle Business,2023-10-24,,7483441,6,True
SUB-00877-001,SME-2024-00877,SME-IOT-STARTER,IoT Package,2023-04-14,,986344,12,True
SUB-00878-001,SME-2024-00878,SME-MANAGED-WIFI,Managed WiFi,2024-10-24,2025-08-24,1174752,24,True
SUB-00879-001,SME-2024-00879,SME-BROADBAND-50,Broadband,2023-10-30,,2814508,12,True
SUB-00880-001,SME-2024-00880,SME-BROADBAND-50,Broadband,2023-01-10,,1819926,12,True
SUB-00881-001,SME-2024-00881,SME-CLOUD-BASIC,Cloud Service,2023-10-21,,2629227,12,True
SUB-00881-002,SME-2024-00881,SME-DEDICATED-100,Internet Dedicated,2026-01-21,,3341382,12,False
SUB-00882-001,SME-2024-00882,SME-BROADBAND-30,Broadband,2026-04-21,,1132491,12,False
SUB-00883-001,SME-2024-00883,SME-IOT-STARTER,IoT Package,2025-12-08,,1068297,12,True
SUB-00884-001,SME-2024-00884,SME-BROADBAND-30,Broadband,2025-10-12,,1812011,6,True
SUB-00884-002,SME-2024-00884,SME-BUNDLE-BIZ,Bundle Business,2026-06-15,,6266184,6,True
SUB-00885-001,SME-2024-00885,SME-UC-BASIC,Unified Communication,2023-04-20,,3011236,24,True
SUB-00886-001,SME-2024-00886,SME-UC-BASIC,Unified Communication,2025-10-10,,2869152,24,False
SUB-00887-001,SME-2024-00887,SME-CLOUD-BASIC,Cloud Service,2026-03-07,,1860539,6,False
SUB-00888-001,SME-2024-00888,SME-CLOUD-BASIC,Cloud Service,2023-07-19,,891303,24,True
SUB-00889-001,SME-2024-00889,SME-MANAGED-WIFI,Managed WiFi,2026-03-20,,932302,12,False
SUB-00890-001,SME-2024-00890,SME-MANAGED-WIFI,Managed WiFi,2025-01-15,,1304298,24,False
SUB-00891-001,SME-2024-00891,SME-DEDICATED-50,Internet Dedicated,2023-05-11,,4774658,12,True
SUB-00892-001,SME-2024-00892,SME-UC-BASIC,Unified Communication,2025-11-01,,1842600,12,True
SUB-00893-001,SME-2024-00893,SME-DEDICATED-100,Internet Dedicated,2024-03-25,,5815938,6,True
SUB-00893-002,SME-2024-00893,SME-CLOUD-PRO,Cloud Service,2024-11-25,,2229130,6,True
SUB-00894-001,SME-2024-00894,SME-BROADBAND-30,Broadband,2025-03-31,,976839,12,True
SUB-00895-001,SME-2024-00895,SME-IOT-STARTER,IoT Package,2024-03-09,2025-01-09,1481167,24,True
SUB-00896-001,SME-2024-00896,SME-MANAGED-WIFI,Managed WiFi,2023-02-11,,2965208,12,True
SUB-00896-002,SME-2024-00896,SME-DEDICATED-50,Internet Dedicated,2026-06-11,,4436536,6,False
SUB-00897-001,SME-2024-00897,SME-CLOUD-BASIC,Cloud Service,2026-04-03,,2691686,6,False
SUB-00897-002,SME-2024-00897,SME-DEDICATED-50,Internet Dedicated,2026-06-15,,2107909,6,True
SUB-00898-001,SME-2024-00898,SME-BROADBAND-30,Broadband,2024-04-09,,2125829,12,True
SUB-00898-002,SME-2024-00898,SME-BROADBAND-50,Broadband,2024-10-09,,3437155,12,True
SUB-00898-003,SME-2024-00898,SME-DEDICATED-50,Internet Dedicated,2025-09-09,,4939935,12,False
SUB-00899-001,SME-2024-00899,SME-CLOUD-PRO,Cloud Service,2024-11-20,,2096997,6,True
SUB-00899-002,SME-2024-00899,SME-BROADBAND-30,Broadband,2025-11-20,,2204361,12,True
SUB-00900-001,SME-2024-00900,SME-BROADBAND-30,Broadband,2024-12-24,,2050862,12,True
SUB-00901-001,SME-2024-00901,SME-BROADBAND-30,Broadband,2024-11-26,,1425204,12,True
SUB-00902-001,SME-2024-00902,SME-BROADBAND-50,Broadband,2023-11-04,,2732719,6,True
SUB-00903-001,SME-2024-00903,SME-DEDICATED-50,Internet Dedicated,2025-06-09,,3078320,12,True
SUB-00904-001,SME-2024-00904,SME-DEDICATED-50,Internet Dedicated,2023-11-28,,1229583,12,True
SUB-00905-001,SME-2024-00905,SME-MANAGED-WIFI,Managed WiFi,2024-01-29,,846449,12,True
SUB-00906-001,SME-2024-00906,SME-CLOUD-PRO,Cloud Service,2025-10-16,,5982069,12,False
SUB-00906-002,SME-2024-00906,SME-BUNDLE-BIZ,Bundle Business,2025-09-16,,7666653,12,True
SUB-00907-001,SME-2024-00907,SME-DEDICATED-50,Internet Dedicated,2026-03-19,,5200301,12,False
SUB-00908-001,SME-2024-00908,SME-BROADBAND-30,Broadband,2025-10-08,,2242051,6,True
SUB-00909-001,SME-2024-00909,SME-IOT-STARTER,IoT Package,2023-12-10,2024-10-10,639804,6,False
SUB-00910-001,SME-2024-00910,SME-BROADBAND-30,Broadband,2024-03-02,,1865634,12,True
SUB-00910-002,SME-2024-00910,SME-CLOUD-BASIC,Cloud Service,2025-02-02,,2101823,12,True
SUB-00910-003,SME-2024-00910,SME-BROADBAND-50,Broadband,2025-11-02,,3155232,12,False
SUB-00911-001,SME-2024-00911,SME-BROADBAND-50,Broadband,2025-04-06,,1041063,6,True
SUB-00912-001,SME-2024-00912,SME-CLOUD-PRO,Cloud Service,2024-11-26,2025-06-26,5394859,24,False
SUB-00913-001,SME-2024-00913,SME-DEDICATED-100,Internet Dedicated,2025-05-11,,3061614,12,True
SUB-00914-001,SME-2024-00914,SME-BROADBAND-50,Broadband,2023-07-02,,3446856,12,True
SUB-00915-001,SME-2024-00915,SME-BUNDLE-BIZ,Bundle Business,2025-12-23,,4696078,12,False
SUB-00916-001,SME-2024-00916,SME-BROADBAND-30,Broadband,2023-09-05,,596303,6,True
SUB-00917-001,SME-2024-00917,SME-IOT-STARTER,IoT Package,2025-07-02,,1755438,6,True
SUB-00918-001,SME-2024-00918,SME-MANAGED-WIFI,Managed WiFi,2024-10-12,,1387206,24,True
SUB-00919-001,SME-2024-00919,SME-CLOUD-PRO,Cloud Service,2024-11-22,,5700725,24,False
SUB-00920-001,SME-2024-00920,SME-BROADBAND-50,Broadband,2025-02-23,,2046410,24,False
SUB-00921-001,SME-2024-00921,SME-CLOUD-BASIC,Cloud Service,2025-10-07,,2803652,24,False
SUB-00922-001,SME-2024-00922,SME-MANAGED-WIFI,Managed WiFi,2024-11-10,,2660113,24,False
SUB-00922-002,SME-2024-00922,SME-CLOUD-PRO,Cloud Service,2026-06-10,,5408954,12,False
SUB-00923-001,SME-2024-00923,SME-DEDICATED-100,Internet Dedicated,2026-05-14,,4146145,12,False
SUB-00924-001,SME-2024-00924,SME-IOT-STARTER,IoT Package,2025-08-06,,1545993,12,False
SUB-00925-001,SME-2024-00925,SME-BUNDLE-BIZ,Bundle Business,2025-07-28,,4133772,12,True
SUB-00926-001,SME-2024-00926,SME-CLOUD-BASIC,Cloud Service,2025-10-20,,2260367,12,True
SUB-00927-001,SME-2024-00927,SME-BROADBAND-50,Broadband,2025-05-17,,2934812,12,True
SUB-00927-002,SME-2024-00927,SME-BUNDLE-BIZ,Bundle Business,2026-06-15,,8875920,12,True
SUB-00928-001,SME-2024-00928,SME-MANAGED-WIFI,Managed WiFi,2023-12-12,,2439017,12,True
SUB-00929-001,SME-2024-00929,SME-DEDICATED-50,Internet Dedicated,2024-03-28,,5366295,12,True
SUB-00929-002,SME-2024-00929,SME-CLOUD-BASIC,Cloud Service,2025-02-28,,952470,12,True
SUB-00930-001,SME-2024-00930,SME-DEDICATED-50,Internet Dedicated,2025-11-24,,1812108,6,True
SUB-00931-001,SME-2024-00931,SME-CLOUD-BASIC,Cloud Service,2023-07-27,,1498587,12,True
SUB-00932-001,SME-2024-00932,SME-BUNDLE-BIZ,Bundle Business,2023-02-01,,7295163,12,True
SUB-00933-001,SME-2024-00933,SME-DEDICATED-50,Internet Dedicated,2025-05-29,,1934274,24,True
SUB-00934-001,SME-2024-00934,SME-CLOUD-PRO,Cloud Service,2024-09-08,,3038504,12,True
SUB-00934-002,SME-2024-00934,SME-CLOUD-BASIC,Cloud Service,2025-09-08,,2188601,24,True
SUB-00935-001,SME-2024-00935,SME-CLOUD-PRO,Cloud Service,2024-05-19,,1729426,12,True
SUB-00936-001,SME-2024-00936,SME-DEDICATED-50,Internet Dedicated,2024-02-18,,2485830,24,True
SUB-00936-002,SME-2024-00936,SME-UC-BASIC,Unified Communication,2026-05-18,,3215502,6,False
SUB-00936-003,SME-2024-00936,SME-CLOUD-PRO,Cloud Service,2024-07-18,,3358573,6,True
SUB-00937-001,SME-2024-00937,SME-CLOUD-PRO,Cloud Service,2025-03-23,,3468424,24,True
SUB-00938-001,SME-2024-00938,SME-IOT-STARTER,IoT Package,2025-02-17,2025-09-17,1994187,24,False
SUB-00938-002,SME-2024-00938,SME-DEDICATED-100,Internet Dedicated,2025-09-17,,2942034,24,True
SUB-00939-001,SME-2024-00939,SME-CLOUD-BASIC,Cloud Service,2024-10-28,,1768031,12,True
SUB-00939-002,SME-2024-00939,SME-IOT-STARTER,IoT Package,2025-11-28,,1808307,12,True
SUB-00940-001,SME-2024-00940,SME-CLOUD-BASIC,Cloud Service,2023-04-29,,1828421,24,True
SUB-00940-002,SME-2024-00940,SME-IOT-STARTER,IoT Package,2023-09-29,,1040417,6,True
SUB-00941-001,SME-2024-00941,SME-DEDICATED-50,Internet Dedicated,2025-12-09,,2042328,12,False
SUB-00942-001,SME-2024-00942,SME-DEDICATED-50,Internet Dedicated,2023-05-18,,5033383,12,True
SUB-00943-001,SME-2024-00943,SME-CLOUD-PRO,Cloud Service,2024-05-01,,1636612,12,True
SUB-00944-001,SME-2024-00944,SME-DEDICATED-50,Internet Dedicated,2025-07-24,2025-11-24,3608599,12,False
SUB-00945-001,SME-2024-00945,SME-CLOUD-PRO,Cloud Service,2024-07-23,,3142963,12,True
SUB-00946-001,SME-2024-00946,SME-MANAGED-WIFI,Managed WiFi,2024-09-28,,1255749,6,True
SUB-00947-001,SME-2024-00947,SME-MANAGED-WIFI,Managed WiFi,2023-10-11,,1414419,24,True
SUB-00947-002,SME-2024-00947,SME-CLOUD-BASIC,Cloud Service,2026-02-11,,1948084,24,False
SUB-00948-001,SME-2024-00948,SME-DEDICATED-100,Internet Dedicated,2024-08-29,,2458900,12,True
SUB-00949-001,SME-2024-00949,SME-BROADBAND-30,Broadband,2023-01-19,2023-12-19,1413305,6,True
SUB-00950-001,SME-2024-00950,SME-CLOUD-BASIC,Cloud Service,2025-01-15,,2116334,12,True
SUB-00951-001,SME-2024-00951,SME-CLOUD-PRO,Cloud Service,2024-01-09,,2309711,12,True
SUB-00952-001,SME-2024-00952,SME-BROADBAND-30,Broadband,2024-02-07,,2491402,12,True
SUB-00952-002,SME-2024-00952,SME-DEDICATED-100,Internet Dedicated,2024-11-07,,5310260,6,True
SUB-00953-001,SME-2024-00953,SME-BROADBAND-30,Broadband,2025-11-14,,1717295,12,False
SUB-00953-002,SME-2024-00953,SME-DEDICATED-50,Internet Dedicated,2026-06-15,,1142782,24,True
SUB-00954-001,SME-2024-00954,SME-BUNDLE-BIZ,Bundle Business,2025-10-08,,5921251,12,False
SUB-00955-001,SME-2024-00955,SME-CLOUD-PRO,Cloud Service,2024-12-16,,2381920,6,True
SUB-00955-002,SME-2024-00955,SME-BROADBAND-50,Broadband,2025-10-16,,2871547,12,True
SUB-00956-001,SME-2024-00956,SME-DEDICATED-50,Internet Dedicated,2025-07-18,,1210902,24,True
SUB-00956-002,SME-2024-00956,SME-BUNDLE-BIZ,Bundle Business,2025-12-18,,10581103,12,False
SUB-00957-001,SME-2024-00957,SME-IOT-STARTER,IoT Package,2024-01-23,,791691,12,True
SUB-00958-001,SME-2024-00958,SME-DEDICATED-100,Internet Dedicated,2026-03-03,,2974836,12,False
SUB-00958-002,SME-2024-00958,SME-CLOUD-BASIC,Cloud Service,2025-10-03,,1578572,12,False
SUB-00959-001,SME-2024-00959,SME-BUNDLE-BIZ,Bundle Business,2023-10-24,,10344675,12,True
SUB-00960-001,SME-2024-00960,SME-BROADBAND-50,Broadband,2026-03-29,,3073163,12,False
SUB-00960-002,SME-2024-00960,SME-CLOUD-PRO,Cloud Service,2023-07-29,,3478507,6,True
SUB-00960-003,SME-2024-00960,SME-BROADBAND-30,Broadband,2026-04-29,,1011320,12,False
SUB-00961-001,SME-2024-00961,SME-BROADBAND-50,Broadband,2023-09-17,,3170121,12,True
SUB-00961-002,SME-2024-00961,SME-IOT-STARTER,IoT Package,2025-07-17,,1573038,12,False
SUB-00962-001,SME-2024-00962,SME-IOT-STARTER,IoT Package,2024-09-28,,2161586,12,True
SUB-00963-001,SME-2024-00963,SME-MANAGED-WIFI,Managed WiFi,2023-08-25,,2491424,12,True
SUB-00963-002,SME-2024-00963,SME-CLOUD-PRO,Cloud Service,2025-11-25,,3493317,12,False
SUB-00964-001,SME-2024-00964,SME-DEDICATED-50,Internet Dedicated,2025-10-24,,1826212,12,False
SUB-00965-001,SME-2024-00965,SME-CLOUD-PRO,Cloud Service,2023-09-07,,4244891,12,True
SUB-00965-002,SME-2024-00965,SME-DEDICATED-100,Internet Dedicated,2025-08-07,,2052842,12,False
SUB-00966-001,SME-2024-00966,SME-BROADBAND-30,Broadband,2023-07-17,,2320881,12,True
SUB-00966-002,SME-2024-00966,SME-UC-BASIC,Unified Communication,2024-03-17,,2181194,12,True
SUB-00967-001,SME-2024-00967,SME-DEDICATED-50,Internet Dedicated,2024-03-04,,3100783,24,True
SUB-00968-001,SME-2024-00968,SME-UC-BASIC,Unified Communication,2026-06-04,,1640095,12,False
SUB-00968-002,SME-2024-00968,SME-MANAGED-WIFI,Managed WiFi,2026-05-04,,2167061,6,False
SUB-00969-001,SME-2024-00969,SME-BROADBAND-50,Broadband,2025-08-11,,1656701,24,True
SUB-00970-001,SME-2024-00970,SME-BUNDLE-BIZ,Bundle Business,2024-09-30,,7579591,12,True
SUB-00971-001,SME-2024-00971,SME-BUNDLE-BIZ,Bundle Business,2025-06-28,,3593633,12,True
SUB-00972-001,SME-2024-00972,SME-UC-BASIC,Unified Communication,2026-02-02,,1066413,12,False
SUB-00973-001,SME-2024-00973,SME-BROADBAND-30,Broadband,2026-01-30,,2483251,6,False
SUB-00974-001,SME-2024-00974,SME-IOT-STARTER,IoT Package,2026-05-24,,1956775,12,False
SUB-00974-002,SME-2024-00974,SME-BUNDLE-BIZ,Bundle Business,2024-11-24,,8741526,12,True
SUB-00975-001,SME-2024-00975,SME-CLOUD-BASIC,Cloud Service,2024-06-20,,1924479,12,True
SUB-00975-002,SME-2024-00975,SME-CLOUD-PRO,Cloud Service,2025-10-20,,3492303,12,False
SUB-00976-001,SME-2024-00976,SME-DEDICATED-50,Internet Dedicated,2025-06-01,,1525901,6,True
SUB-00976-002,SME-2024-00976,SME-BROADBAND-30,Broadband,2026-05-01,,2014261,24,True
SUB-00977-001,SME-2024-00977,SME-BROADBAND-50,Broadband,2023-02-25,2023-10-25,1239993,12,True
SUB-00977-002,SME-2024-00977,SME-BROADBAND-30,Broadband,2023-10-25,,967110,12,True
SUB-00978-001,SME-2024-00978,SME-IOT-STARTER,IoT Package,2026-04-09,,525260,12,False
SUB-00979-001,SME-2024-00979,SME-DEDICATED-50,Internet Dedicated,2025-07-01,,1257523,24,True
SUB-00980-001,SME-2024-00980,SME-CLOUD-BASIC,Cloud Service,2025-12-29,,2192322,12,False
SUB-00981-001,SME-2024-00981,SME-IOT-STARTER,IoT Package,2026-01-17,,1231159,6,False
SUB-00982-001,SME-2024-00982,SME-MANAGED-WIFI,Managed WiFi,2023-04-26,,2435258,12,True
SUB-00983-001,SME-2024-00983,SME-CLOUD-PRO,Cloud Service,2026-01-29,,2043711,24,False
SUB-00983-002,SME-2024-00983,SME-BROADBAND-30,Broadband,2025-03-29,,2159166,12,True
SUB-00984-001,SME-2024-00984,SME-CLOUD-BASIC,Cloud Service,2025-01-12,,1210886,12,True
SUB-00984-002,SME-2024-00984,SME-UC-BASIC,Unified Communication,2026-03-12,,2429358,6,True
SUB-00985-001,SME-2024-00985,SME-BROADBAND-50,Broadband,2023-08-30,,1448641,24,True
SUB-00986-001,SME-2024-00986,SME-DEDICATED-100,Internet Dedicated,2026-05-30,,5430932,24,False
SUB-00986-002,SME-2024-00986,SME-UC-BASIC,Unified Communication,2024-12-30,,2101220,12,True
SUB-00987-001,SME-2024-00987,SME-IOT-STARTER,IoT Package,2025-08-18,,700561,12,True
SUB-00988-001,SME-2024-00988,SME-CLOUD-PRO,Cloud Service,2023-08-15,,2032158,6,True
SUB-00989-001,SME-2024-00989,SME-BROADBAND-30,Broadband,2025-08-18,,2706096,12,True
SUB-00990-001,SME-2024-00990,SME-UC-BASIC,Unified Communication,2022-12-31,2023-08-31,3307258,12,True
SUB-00991-001,SME-2024-00991,SME-CLOUD-PRO,Cloud Service,2023-02-03,,4775537,12,True
SUB-00992-001,SME-2024-00992,SME-CLOUD-BASIC,Cloud Service,2023-11-01,,2255447,12,True
SUB-00992-002,SME-2024-00992,SME-BROADBAND-50,Broadband,2024-02-01,,3997022,6,True
SUB-00993-001,SME-2024-00993,SME-CLOUD-PRO,Cloud Service,2022-12-13,2023-12-13,4764383,24,True
SUB-00994-001,SME-2024-00994,SME-DEDICATED-50,Internet Dedicated,2025-08-20,,3220641,6,True
SUB-00995-001,SME-2024-00995,SME-UC-BASIC,Unified Communication,2025-12-13,,2098849,6,True
SUB-00996-001,SME-2024-00996,SME-BUNDLE-BIZ,Bundle Business,2025-05-29,,7485784,24,False
SUB-00997-001,SME-2024-00997,SME-CLOUD-PRO,Cloud Service,2024-02-03,2025-01-03,2825849,12,False
SUB-00997-002,SME-2024-00997,SME-DEDICATED-100,Internet Dedicated,2025-03-03,,2209156,12,True
SUB-00998-001,SME-2024-00998,SME-UC-BASIC,Unified Communication,2026-03-25,,1859737,12,False
SUB-00999-001,SME-2024-00999,SME-DEDICATED-100,Internet Dedicated,2024-10-27,,3732108,12,True
SUB-00999-002,SME-2024-00999,SME-BROADBAND-50,Broadband,2025-12-27,,3954233,6,True
SUB-01000-001,SME-2024-01000,SME-UC-BASIC,Unified Communication,2025-09-26,,993129,12,True
