interaction_id,customer_id,interaction_date,channel,category,sentiment,resolution_status,response_time_minutes,follow_up_required
INT-00001-0001,SME-2024-00001,2025-09-01 12:21:00,Email,General,Negatif,Resolved,43,False
INT-00001-0002,SME-2024-00001,2025-09-14 14:57:00,WhatsApp,Billing,Netral,Resolved,39,False
INT-00001-0003,SME-2024-00001,2026-04-05 13:11:00,WhatsApp,General,Netral,Resolved,57,False
INT-00001-0004,SME-2024-00001,2025-12-19 14:43:00,Live Chat,General,Positif,Resolved,32,False
INT-00001-0005,SME-2024-00001,2026-03-19 11:57:00,WhatsApp,General,Positif,Resolved,37,False
INT-00003-0006,SME-2024-00003,2026-04-05 08:45:00,Phone,General,Positif,Resolved,57,False
INT-00003-0007,SME-2024-00003,2025-07-20 17:23:00,WhatsApp,Upgrade,Positif,Resolved,16,False
INT-00004-0008,SME-2024-00004,2026-01-18 12:46:00,WhatsApp,General,Negatif,Resolved,52,False
INT-00005-0009,SME-2024-00005,2026-03-07 10:11:00,Phone,Technical,Positif,Resolved,24,False
INT-00005-0010,SME-2024-00005,2025-08-08 17:12:00,WhatsApp,Technical,Positif,Pending,38,True
INT-00005-0011,SME-2024-00005,2025-07-25 11:03:00,WhatsApp,Billing,Positif,Resolved,43,False
INT-00005-0012,SME-2024-00005,2025-07-25 13:59:00,Live Chat,Upgrade,Netral,Resolved,34,False
INT-00005-0013,SME-2024-00005,2025-11-24 11:20:00,Live Chat,General,Positif,Resolved,16,False
INT-00006-0014,SME-2024-00006,2026-02-17 14:20:00,Phone,Technical,Positif,Resolved,8,False
INT-00006-0015,SME-2024-00006,2026-05-06 17:11:00,Portal,Technical,Netral,Resolved,19,False
INT-00008-0016,SME-2024-00008,2025-08-03 08:29:00,Portal,General,Negatif,Pending,42,True
INT-00008-0017,SME-2024-00008,2026-01-07 08:12:00,Phone,Technical,Positif,Resolved,31,False
INT-00008-0018,SME-2024-00008,2025-08-10 09:26:00,WhatsApp,Technical,Netral,Resolved,36,False
INT-00010-0019,SME-2024-00010,2026-02-09 11:00:00,WhatsApp,General,Positif,Resolved,44,False
INT-00010-0020,SME-2024-00010,2025-08-07 10:57:00,WhatsApp,Technical,Netral,Pending,14,True
INT-00010-0021,SME-2024-00010,2026-03-24 17:05:00,Phone,General,Netral,Resolved,9,False
INT-00010-0022,SME-2024-00010,2025-07-05 13:28:00,WhatsApp,Technical,Netral,Resolved,40,False
INT-00011-0023,SME-2024-00011,2026-03-10 13:32:00,Phone,General,Positif,Resolved,32,False
INT-00011-0024,SME-2024-00011,2025-08-03 14:04:00,Phone,Technical,Netral,Resolved,34,False
INT-00011-0025,SME-2024-00011,2025-09-22 09:52:00,Email,Billing,Negatif,Pending,50,True
INT-00012-0026,SME-2024-00012,2026-02-05 14:15:00,Phone,Upgrade,Positif,Escalated,32,True
INT-00012-0027,SME-2024-00012,2025-11-23 13:27:00,WhatsApp,Technical,Positif,Resolved,37,False
INT-00012-0028,SME-2024-00012,2026-05-16 13:14:00,WhatsApp,Technical,Positif,Resolved,49,False
INT-00013-0029,SME-2024-00013,2026-06-07 09:27:00,WhatsApp,General,Negatif,Escalated,57,True
INT-00013-0030,SME-2024-00013,2025-09-04 12:53:00,WhatsApp,Technical,Positif,Resolved,13,False
INT-00013-0031,SME-2024-00013,2026-02-19 13:39:00,Live Chat,Technical,Positif,Resolved,42,False
INT-00014-0032,SME-2024-00014,2025-07-11 16:25:00,Phone,Technical,Negatif,Closed-no-solution,75,False
INT-00015-0033,SME-2024-00015,2025-07-14 14:24:00,Phone,Technical,Positif,Escalated,5,True
INT-00016-0034,SME-2024-00016,2025-12-13 13:51:00,Email,Billing,Positif,Pending,40,True
INT-00017-0035,SME-2024-00017,2026-06-05 15:18:00,Email,Billing,Positif,Pending,44,True
INT-00017-0036,SME-2024-00017,2026-03-20 10:17:00,Live Chat,General,Negatif,Escalated,39,True
INT-00017-0037,SME-2024-00017,2025-08-02 15:49:00,WhatsApp,General,Positif,Resolved,15,False
INT-00017-0038,SME-2024-00017,2026-02-19 08:01:00,WhatsApp,Technical,Netral,Resolved,23,False
INT-00017-0039,SME-2024-00017,2026-01-03 11:26:00,Live Chat,Technical,Positif,Resolved,5,False
INT-00018-0040,SME-2024-00018,2025-08-09 17:11:00,Portal,Billing,Positif,Resolved,41,False
INT-00020-0041,SME-2024-00020,2025-08-10 10:54:00,Portal,Billing,Positif,Resolved,25,False
INT-00020-0042,SME-2024-00020,2025-08-03 09:42:00,Live Chat,Billing,Negatif,Pending,63,True
INT-00020-0043,SME-2024-00020,2025-09-08 08:19:00,Live Chat,Technical,Netral,Resolved,9,False
INT-00020-0044,SME-2024-00020,2026-06-16 11:16:00,WhatsApp,General,Netral,Resolved,27,False
INT-00020-0045,SME-2024-00020,2026-06-07 11:53:00,WhatsApp,General,Positif,Resolved,32,False
INT-00020-0046,SME-2024-00020,2026-05-25 10:40:00,Phone,Billing,Positif,Escalated,24,True
INT-00022-0047,SME-2024-00022,2026-06-22 17:42:00,WhatsApp,Technical,Positif,Resolved,27,False
INT-00022-0048,SME-2024-00022,2025-12-23 10:18:00,WhatsApp,Billing,Positif,Resolved,46,False
INT-00022-0049,SME-2024-00022,2025-12-05 13:26:00,WhatsApp,Technical,Netral,Pending,23,True
INT-00022-0050,SME-2024-00022,2025-12-03 12:40:00,Email,General,Positif,Resolved,5,False
INT-00022-0051,SME-2024-00022,2026-02-13 12:59:00,Live Chat,Technical,Positif,Pending,22,True
INT-00022-0052,SME-2024-00022,2025-08-24 14:20:00,Phone,Billing,Positif,Resolved,39,False
INT-00024-0053,SME-2024-00024,2025-11-05 15:23:00,WhatsApp,Technical,Netral,Resolved,47,False
INT-00024-0054,SME-2024-00024,2026-03-14 15:19:00,WhatsApp,Technical,Netral,Resolved,23,False
INT-00024-0055,SME-2024-00024,2026-06-25 13:57:00,Phone,Upgrade,Positif,Resolved,19,False
INT-00024-0056,SME-2024-00024,2025-12-10 11:52:00,Portal,Technical,Netral,Pending,5,True
INT-00026-0057,SME-2024-00026,2026-02-09 14:50:00,Email,Billing,Netral,Pending,5,True
INT-00026-0058,SME-2024-00026,2025-09-04 13:05:00,Email,Billing,Positif,Resolved,52,False
INT-00027-0059,SME-2024-00027,2026-03-27 15:03:00,Live Chat,Technical,Positif,Resolved,5,False
INT-00027-0060,SME-2024-00027,2025-09-14 11:32:00,WhatsApp,Technical,Positif,Escalated,33,True
INT-00028-0061,SME-2024-00028,2025-12-18 13:30:00,Phone,Billing,Positif,Resolved,29,False
INT-00029-0062,SME-2024-00029,2026-01-09 10:08:00,WhatsApp,General,Netral,Pending,24,True
INT-00029-0063,SME-2024-00029,2026-06-06 10:26:00,WhatsApp,Technical,Negatif,Pending,73,True
INT-00029-0064,SME-2024-00029,2026-06-14 08:45:00,Email,Technical,Netral,Resolved,34,False
INT-00030-0065,SME-2024-00030,2025-08-24 11:33:00,Portal,General,Positif,Resolved,53,False
INT-00031-0066,SME-2024-00031,2026-06-18 11:37:00,WhatsApp,Billing,Positif,Resolved,25,False
INT-00032-0067,SME-2024-00032,2026-04-14 09:48:00,WhatsApp,Billing,Netral,Resolved,46,False
INT-00033-0068,SME-2024-00033,2026-04-18 16:40:00,Phone,Billing,Netral,Resolved,15,False
INT-00034-0069,SME-2024-00034,2025-09-27 14:23:00,WhatsApp,General,Negatif,Pending,69,True
INT-00035-0070,SME-2024-00035,2025-12-19 17:54:00,Phone,Upgrade,Netral,Resolved,14,False
INT-00036-0071,SME-2024-00036,2025-09-01 17:26:00,WhatsApp,Billing,Netral,Resolved,21,False
INT-00036-0072,SME-2024-00036,2026-04-26 17:16:00,Email,Technical,Netral,Resolved,29,False
INT-00037-0073,SME-2024-00037,2025-07-18 13:08:00,Phone,Billing,Negatif,Resolved,54,False
INT-00037-0074,SME-2024-00037,2026-05-27 12:39:00,WhatsApp,Upgrade,Netral,Resolved,5,False
INT-00037-0075,SME-2024-00037,2026-05-21 09:38:00,Email,Technical,Netral,Resolved,32,False
INT-00037-0076,SME-2024-00037,2026-03-24 14:40:00,WhatsApp,General,Positif,Resolved,67,False
INT-00037-0077,SME-2024-00037,2026-03-17 14:31:00,WhatsApp,General,Netral,Resolved,5,False
INT-00038-0078,SME-2024-00038,2025-10-05 13:56:00,Live Chat,General,Netral,Resolved,18,False
INT-00038-0079,SME-2024-00038,2025-11-24 15:31:00,Portal,Upgrade,Positif,Resolved,31,False
INT-00038-0080,SME-2024-00038,2025-09-03 10:12:00,Email,Upgrade,Positif,Resolved,27,False
INT-00040-0081,SME-2024-00040,2025-11-15 12:10:00,Live Chat,Billing,Positif,Resolved,5,False
INT-00040-0082,SME-2024-00040,2025-11-10 10:35:00,WhatsApp,Technical,Netral,Resolved,17,False
INT-00040-0083,SME-2024-00040,2026-02-18 16:48:00,Live Chat,General,Netral,Pending,32,True
INT-00040-0084,SME-2024-00040,2026-05-24 08:17:00,Portal,General,Netral,Escalated,39,True
INT-00041-0085,SME-2024-00041,2025-11-27 16:26:00,Email,Technical,Positif,Resolved,20,False
INT-00041-0086,SME-2024-00041,2026-02-05 12:14:00,Email,General,Positif,Resolved,5,False
INT-00041-0087,SME-2024-00041,2026-02-25 08:16:00,Live Chat,Technical,Positif,Resolved,51,False
INT-00041-0088,SME-2024-00041,2025-08-10 12:11:00,Email,Upgrade,Positif,Resolved,33,False
INT-00042-0089,SME-2024-00042,2025-12-03 16:33:00,WhatsApp,General,Positif,Resolved,35,False
INT-00042-0090,SME-2024-00042,2026-02-22 10:15:00,Email,Technical,Negatif,Pending,58,True
INT-00045-0091,SME-2024-00045,2025-07-13 16:49:00,WhatsApp,General,Positif,Resolved,24,False
INT-00046-0092,SME-2024-00046,2026-04-27 11:32:00,WhatsApp,Technical,Negatif,Closed-no-solution,50,False
INT-00046-0093,SME-2024-00046,2025-12-13 11:04:00,Phone,Technical,Netral,Resolved,51,False
INT-00046-0094,SME-2024-00046,2025-07-12 13:53:00,Live Chat,Technical,Positif,Pending,60,True
INT-00046-0095,SME-2024-00046,2025-07-11 14:29:00,Live Chat,Technical,Netral,Resolved,40,False
INT-00046-0096,SME-2024-00046,2025-10-21 09:48:00,Phone,Billing,Positif,Pending,33,True
INT-00046-0097,SME-2024-00046,2026-02-18 15:00:00,Email,General,Netral,Escalated,43,True
INT-00047-0098,SME-2024-00047,2026-03-19 11:03:00,WhatsApp,General,Positif,Resolved,31,False
INT-00047-0099,SME-2024-00047,2026-04-16 17:17:00,Phone,General,Netral,Resolved,35,False
INT-00047-0100,SME-2024-00047,2025-08-16 13:48:00,WhatsApp,Billing,Positif,Resolved,13,False
INT-00047-0101,SME-2024-00047,2025-10-02 14:44:00,Portal,Technical,Positif,Resolved,30,False
INT-00048-0102,SME-2024-00048,2025-12-12 13:23:00,Phone,Technical,Positif,Pending,41,True
INT-00048-0103,SME-2024-00048,2025-10-27 14:25:00,Live Chat,General,Positif,Resolved,13,False
INT-00048-0104,SME-2024-00048,2026-02-18 09:21:00,WhatsApp,General,Negatif,Resolved,44,False
INT-00049-0105,SME-2024-00049,2025-10-05 14:09:00,Portal,General,Positif,Resolved,19,False
INT-00050-0106,SME-2024-00050,2026-06-01 14:33:00,WhatsApp,General,Positif,Resolved,22,False
INT-00050-0107,SME-2024-00050,2026-05-13 15:19:00,Live Chat,General,Positif,Resolved,28,False
INT-00051-0108,SME-2024-00051,2025-12-10 17:16:00,WhatsApp,General,Negatif,Resolved,66,False
INT-00051-0109,SME-2024-00051,2025-10-22 09:20:00,WhatsApp,General,Netral,Escalated,51,True
INT-00051-0110,SME-2024-00051,2026-06-03 13:05:00,Email,Technical,Positif,Resolved,47,False
INT-00051-0111,SME-2024-00051,2025-07-10 11:18:00,Phone,Upgrade,Positif,Resolved,45,False
INT-00052-0112,SME-2024-00052,2026-04-22 10:38:00,Phone,Technical,Netral,Resolved,20,False
INT-00052-0113,SME-2024-00052,2025-11-05 10:30:00,Email,Technical,Positif,Resolved,44,False
INT-00052-0114,SME-2024-00052,2026-06-12 08:12:00,Phone,Upgrade,Netral,Resolved,28,False
INT-00053-0115,SME-2024-00053,2025-08-10 15:16:00,WhatsApp,Technical,Negatif,Pending,70,True
INT-00055-0116,SME-2024-00055,2025-11-16 14:18:00,WhatsApp,General,Netral,Pending,18,True
INT-00057-0117,SME-2024-00057,2026-06-17 09:57:00,Phone,Upgrade,Negatif,Pending,36,True
INT-00057-0118,SME-2024-00057,2026-03-02 16:40:00,Portal,Technical,Netral,Resolved,30,False
INT-00057-0119,SME-2024-00057,2026-06-13 16:54:00,Portal,Billing,Positif,Resolved,44,False
INT-00057-0120,SME-2024-00057,2026-03-26 11:56:00,WhatsApp,General,Negatif,Pending,59,True
INT-00057-0121,SME-2024-00057,2025-12-15 16:36:00,Phone,Billing,Netral,Pending,36,True
INT-00058-0122,SME-2024-00058,2026-05-16 10:51:00,WhatsApp,Upgrade,Negatif,Pending,64,True
INT-00058-0123,SME-2024-00058,2026-04-12 14:16:00,Phone,General,Netral,Resolved,9,False
INT-00058-0124,SME-2024-00058,2025-09-25 16:04:00,Live Chat,General,Netral,Resolved,30,False
INT-00059-0125,SME-2024-00059,2025-08-06 16:43:00,WhatsApp,Technical,Positif,Pending,45,True
INT-00059-0126,SME-2024-00059,2026-03-27 09:37:00,WhatsApp,Billing,Positif,Resolved,57,False
INT-00059-0127,SME-2024-00059,2025-11-15 15:41:00,Portal,General,Netral,Resolved,29,False
INT-00060-0128,SME-2024-00060,2026-03-24 14:55:00,WhatsApp,Billing,Negatif,Closed-no-solution,42,False
INT-00060-0129,SME-2024-00060,2025-07-05 10:39:00,Portal,General,Netral,Resolved,27,False
INT-00060-0130,SME-2024-00060,2025-10-16 17:15:00,Phone,Billing,Positif,Resolved,21,False
INT-00061-0131,SME-2024-00061,2026-01-16 10:24:00,Email,Technical,Negatif,Resolved,31,False
INT-00061-0132,SME-2024-00061,2026-01-26 12:42:00,Email,Billing,Negatif,Resolved,42,False
INT-00061-0133,SME-2024-00061,2026-04-15 12:00:00,Email,Technical,Netral,Resolved,22,False
INT-00062-0134,SME-2024-00062,2026-01-12 17:53:00,WhatsApp,Billing,Positif,Pending,22,True
INT-00062-0135,SME-2024-00062,2025-10-15 17:19:00,WhatsApp,Technical,Positif,Pending,12,True
INT-00062-0136,SME-2024-00062,2025-11-10 11:26:00,Phone,General,Netral,Resolved,22,False
INT-00063-0137,SME-2024-00063,2025-08-17 16:07:00,WhatsApp,General,Negatif,Closed-no-solution,49,False
INT-00063-0138,SME-2024-00063,2026-06-24 11:38:00,WhatsApp,Upgrade,Netral,Pending,29,True
INT-00063-0139,SME-2024-00063,2025-11-20 12:01:00,Phone,Technical,Netral,Resolved,48,False
INT-00063-0140,SME-2024-00063,2025-11-22 11:44:00,Phone,Technical,Netral,Resolved,14,False
INT-00063-0141,SME-2024-00063,2026-01-12 17:42:00,Phone,Technical,Netral,Resolved,29,False
INT-00064-0142,SME-2024-00064,2026-01-07 13:09:00,WhatsApp,Billing,Negatif,Resolved,105,False
INT-00066-0143,SME-2024-00066,2026-02-10 15:02:00,Phone,Technical,Netral,Resolved,36,False
INT-00066-0144,SME-2024-00066,2025-10-06 08:28:00,Email,Upgrade,Netral,Resolved,46,False
INT-00066-0145,SME-2024-00066,2026-04-18 15:30:00,Live Chat,General,Positif,Resolved,45,False
INT-00066-0146,SME-2024-00066,2026-06-25 13:08:00,Phone,General,Netral,Resolved,28,False
INT-00069-0147,SME-2024-00069,2026-01-18 11:50:00,Phone,Upgrade,Negatif,Resolved,55,False
INT-00069-0148,SME-2024-00069,2026-06-12 09:30:00,Phone,Technical,Positif,Resolved,5,False
INT-00070-0149,SME-2024-00070,2025-08-11 13:23:00,Email,Billing,Positif,Resolved,34,False
INT-00070-0150,SME-2024-00070,2025-12-18 10:59:00,Phone,Upgrade,Positif,Escalated,27,True
INT-00070-0151,SME-2024-00070,2026-04-26 13:16:00,Email,Technical,Netral,Resolved,35,False
INT-00070-0152,SME-2024-00070,2025-11-24 11:27:00,Email,Upgrade,Positif,Resolved,53,False
INT-00071-0153,SME-2024-00071,2025-09-10 16:30:00,WhatsApp,Billing,Positif,Resolved,50,False
INT-00071-0154,SME-2024-00071,2025-12-10 11:19:00,WhatsApp,General,Negatif,Closed-no-solution,62,False
INT-00072-0155,SME-2024-00072,2025-07-04 16:18:00,Phone,Technical,Netral,Resolved,55,False
INT-00072-0156,SME-2024-00072,2025-12-06 16:35:00,WhatsApp,Billing,Netral,Resolved,36,False
INT-00072-0157,SME-2024-00072,2026-01-03 09:23:00,Live Chat,Technical,Negatif,Closed-no-solution,64,False
INT-00073-0158,SME-2024-00073,2026-05-08 14:48:00,Portal,Technical,Positif,Resolved,14,False
INT-00073-0159,SME-2024-00073,2025-11-02 12:29:00,Phone,Billing,Netral,Resolved,28,False
INT-00073-0160,SME-2024-00073,2025-12-22 13:19:00,Phone,Billing,Positif,Pending,12,True
INT-00074-0161,SME-2024-00074,2025-09-11 17:28:00,Portal,Billing,Positif,Resolved,13,False
INT-00074-0162,SME-2024-00074,2025-11-10 15:06:00,WhatsApp,Technical,Positif,Resolved,16,False
INT-00074-0163,SME-2024-00074,2025-08-22 09:14:00,WhatsApp,General,Netral,Resolved,23,False
INT-00075-0164,SME-2024-00075,2025-10-07 08:40:00,Email,Technical,Netral,Resolved,31,False
INT-00076-0165,SME-2024-00076,2025-11-04 16:42:00,Email,General,Negatif,Closed-no-solution,49,False
INT-00076-0166,SME-2024-00076,2025-07-18 15:17:00,WhatsApp,Technical,Netral,Resolved,28,False
INT-00077-0167,SME-2024-00077,2026-05-24 09:42:00,Phone,Technical,Positif,Resolved,33,False
INT-00077-0168,SME-2024-00077,2026-05-15 08:13:00,Phone,General,Positif,Resolved,42,False
INT-00077-0169,SME-2024-00077,2026-04-13 09:05:00,Email,Billing,Positif,Resolved,25,False
INT-00078-0170,SME-2024-00078,2026-02-07 10:34:00,WhatsApp,Technical,Positif,Resolved,20,False
INT-00078-0171,SME-2024-00078,2025-07-03 11:32:00,Phone,Billing,Positif,Resolved,58,False
INT-00078-0172,SME-2024-00078,2025-11-08 15:23:00,Live Chat,Billing,Positif,Resolved,11,False
INT-00079-0173,SME-2024-00079,2026-01-09 16:27:00,WhatsApp,General,Netral,Resolved,23,False
INT-00080-0174,SME-2024-00080,2025-07-13 14:40:00,Email,General,Negatif,Resolved,65,False
INT-00081-0175,SME-2024-00081,2025-11-25 15:33:00,Portal,Billing,Netral,Resolved,43,False
INT-00081-0176,SME-2024-00081,2025-08-19 15:01:00,WhatsApp,Technical,Negatif,Pending,32,True
INT-00082-0177,SME-2024-00082,2026-05-12 08:52:00,Phone,Technical,Netral,Resolved,44,False
INT-00082-0178,SME-2024-00082,2025-11-20 14:31:00,Email,Technical,Negatif,Closed-no-solution,75,False
INT-00083-0179,SME-2024-00083,2026-01-11 14:37:00,Phone,Upgrade,Netral,Resolved,23,False
INT-00083-0180,SME-2024-00083,2026-06-13 17:28:00,WhatsApp,Upgrade,Netral,Resolved,47,False
INT-00084-0181,SME-2024-00084,2026-06-12 15:39:00,Portal,Technical,Netral,Resolved,10,False
INT-00084-0182,SME-2024-00084,2026-02-27 11:45:00,Live Chat,Upgrade,Netral,Resolved,26,False
INT-00085-0183,SME-2024-00085,2026-05-24 13:18:00,Live Chat,Billing,Positif,Resolved,29,False
INT-00085-0184,SME-2024-00085,2025-11-01 09:59:00,WhatsApp,Technical,Netral,Resolved,37,False
INT-00085-0185,SME-2024-00085,2026-02-07 15:00:00,WhatsApp,Billing,Netral,Resolved,15,False
INT-00085-0186,SME-2024-00085,2025-12-14 16:48:00,Phone,Upgrade,Negatif,Pending,45,True
INT-00085-0187,SME-2024-00085,2025-08-22 09:32:00,WhatsApp,Billing,Positif,Resolved,50,False
INT-00086-0188,SME-2024-00086,2025-11-17 11:14:00,Portal,Billing,Positif,Resolved,69,False
INT-00086-0189,SME-2024-00086,2026-01-10 15:01:00,Portal,General,Positif,Resolved,17,False
INT-00086-0190,SME-2024-00086,2026-05-10 16:50:00,WhatsApp,Technical,Positif,Resolved,35,False
INT-00086-0191,SME-2024-00086,2025-09-11 10:58:00,Portal,Upgrade,Positif,Resolved,31,False
INT-00087-0192,SME-2024-00087,2026-04-17 09:58:00,Email,General,Netral,Resolved,22,False
INT-00087-0193,SME-2024-00087,2026-05-12 14:50:00,Email,Billing,Netral,Pending,33,True
INT-00087-0194,SME-2024-00087,2026-03-07 16:21:00,WhatsApp,Technical,Positif,Resolved,28,False
INT-00087-0195,SME-2024-00087,2025-09-05 14:17:00,Phone,General,Netral,Resolved,17,False
INT-00087-0196,SME-2024-00087,2026-02-03 15:04:00,WhatsApp,Billing,Positif,Resolved,48,False
INT-00088-0197,SME-2024-00088,2026-02-11 15:09:00,WhatsApp,Technical,Netral,Resolved,41,False
INT-00088-0198,SME-2024-00088,2025-12-05 16:32:00,WhatsApp,Technical,Positif,Resolved,22,False
INT-00089-0199,SME-2024-00089,2026-06-12 14:19:00,WhatsApp,Billing,Positif,Resolved,40,False
INT-00089-0200,SME-2024-00089,2025-10-26 11:11:00,Live Chat,General,Positif,Resolved,44,False
INT-00089-0201,SME-2024-00089,2026-03-20 08:51:00,Phone,Upgrade,Positif,Resolved,44,False
INT-00090-0202,SME-2024-00090,2026-01-11 11:36:00,WhatsApp,Technical,Negatif,Pending,60,True
INT-00090-0203,SME-2024-00090,2026-04-10 10:51:00,Email,General,Negatif,Closed-no-solution,63,False
INT-00090-0204,SME-2024-00090,2025-11-18 12:54:00,WhatsApp,General,Netral,Resolved,29,False
INT-00091-0205,SME-2024-00091,2026-05-24 13:08:00,Email,Technical,Negatif,Resolved,41,False
INT-00091-0206,SME-2024-00091,2026-02-14 08:16:00,Live Chat,Technical,Positif,Resolved,33,False
INT-00091-0207,SME-2024-00091,2025-11-10 16:20:00,Phone,General,Netral,Resolved,35,False
INT-00092-0208,SME-2024-00092,2025-12-25 10:44:00,WhatsApp,General,Netral,Resolved,22,False
INT-00092-0209,SME-2024-00092,2025-12-21 10:25:00,WhatsApp,Upgrade,Netral,Resolved,8,False
INT-00092-0210,SME-2024-00092,2026-03-11 16:11:00,Portal,General,Positif,Resolved,31,False
INT-00092-0211,SME-2024-00092,2026-02-16 15:50:00,Phone,Upgrade,Netral,Resolved,15,False
INT-00093-0212,SME-2024-00093,2025-09-10 14:10:00,Phone,General,Positif,Resolved,38,False
INT-00093-0213,SME-2024-00093,2026-05-16 13:44:00,WhatsApp,Billing,Netral,Resolved,58,False
INT-00093-0214,SME-2024-00093,2025-10-13 14:30:00,Live Chat,Billing,Negatif,Resolved,72,False
INT-00093-0215,SME-2024-00093,2025-12-13 08:24:00,WhatsApp,Upgrade,Netral,Resolved,30,False
INT-00093-0216,SME-2024-00093,2025-07-25 12:57:00,Live Chat,Upgrade,Netral,Resolved,39,False
INT-00093-0217,SME-2024-00093,2026-06-15 15:25:00,Email,Technical,Negatif,Pending,43,True
INT-00095-0218,SME-2024-00095,2026-04-12 14:16:00,WhatsApp,Billing,Netral,Pending,19,True
INT-00095-0219,SME-2024-00095,2025-10-09 17:09:00,Phone,Technical,Positif,Resolved,14,False
INT-00095-0220,SME-2024-00095,2025-08-13 08:23:00,Live Chat,Technical,Negatif,Pending,60,True
INT-00095-0221,SME-2024-00095,2025-08-05 17:25:00,Live Chat,General,Positif,Resolved,18,False
INT-00095-0222,SME-2024-00095,2026-05-27 12:52:00,Live Chat,Technical,Positif,Resolved,39,False
INT-00096-0223,SME-2024-00096,2026-02-05 09:30:00,Live Chat,Upgrade,Netral,Resolved,41,False
INT-00096-0224,SME-2024-00096,2026-02-27 13:53:00,WhatsApp,Technical,Netral,Resolved,65,False
INT-00096-0225,SME-2024-00096,2026-05-14 16:32:00,WhatsApp,Upgrade,Netral,Resolved,5,False
INT-00096-0226,SME-2024-00096,2026-02-26 08:07:00,WhatsApp,Billing,Netral,Resolved,23,False
INT-00097-0227,SME-2024-00097,2025-11-26 11:42:00,Phone,Billing,Netral,Pending,40,True
INT-00097-0228,SME-2024-00097,2025-09-08 11:53:00,WhatsApp,General,Positif,Resolved,42,False
INT-00097-0229,SME-2024-00097,2025-09-21 11:38:00,Email,General,Negatif,Resolved,58,False
INT-00098-0230,SME-2024-00098,2026-03-23 08:25:00,WhatsApp,General,Positif,Resolved,5,False
INT-00099-0231,SME-2024-00099,2026-01-01 15:32:00,Email,General,Netral,Resolved,31,False
INT-00099-0232,SME-2024-00099,2026-01-05 12:24:00,WhatsApp,General,Negatif,Closed-no-solution,68,False
INT-00099-0233,SME-2024-00099,2026-06-21 09:00:00,WhatsApp,Billing,Positif,Pending,41,True
INT-00100-0234,SME-2024-00100,2026-05-12 08:15:00,Live Chat,Upgrade,Netral,Resolved,22,False
INT-00102-0235,SME-2024-00102,2025-10-23 09:52:00,WhatsApp,Technical,Positif,Resolved,48,False
INT-00102-0236,SME-2024-00102,2026-01-23 12:26:00,Phone,Technical,Positif,Resolved,14,False
INT-00102-0237,SME-2024-00102,2025-09-19 09:29:00,WhatsApp,Billing,Positif,Resolved,37,False
INT-00103-0238,SME-2024-00103,2026-03-07 16:58:00,Phone,Technical,Positif,Resolved,24,False
INT-00103-0239,SME-2024-00103,2025-08-11 12:16:00,WhatsApp,General,Netral,Resolved,47,False
INT-00103-0240,SME-2024-00103,2026-03-11 13:41:00,WhatsApp,Technical,Negatif,Resolved,50,False
INT-00104-0241,SME-2024-00104,2025-12-04 14:42:00,WhatsApp,Technical,Netral,Resolved,5,False
INT-00104-0242,SME-2024-00104,2026-02-11 10:09:00,WhatsApp,Upgrade,Negatif,Pending,74,True
INT-00104-0243,SME-2024-00104,2026-03-24 16:12:00,WhatsApp,General,Netral,Resolved,30,False
INT-00105-0244,SME-2024-00105,2026-03-04 13:27:00,Portal,General,Positif,Resolved,32,False
INT-00105-0245,SME-2024-00105,2026-04-16 17:50:00,Phone,Upgrade,Negatif,Resolved,60,False
INT-00106-0246,SME-2024-00106,2025-10-19 08:49:00,Email,General,Netral,Resolved,36,False
INT-00106-0247,SME-2024-00106,2026-03-15 13:15:00,WhatsApp,Upgrade,Negatif,Pending,45,True
INT-00107-0248,SME-2024-00107,2026-04-25 15:11:00,Phone,Technical,Positif,Resolved,38,False
INT-00107-0249,SME-2024-00107,2025-12-15 12:45:00,Live Chat,Technical,Netral,Resolved,41,False
INT-00107-0250,SME-2024-00107,2026-03-12 14:51:00,WhatsApp,Technical,Netral,Pending,57,True
INT-00107-0251,SME-2024-00107,2025-11-20 10:54:00,WhatsApp,Technical,Netral,Resolved,38,False
INT-00108-0252,SME-2024-00108,2025-10-20 17:31:00,Live Chat,Technical,Negatif,Resolved,26,False
INT-00108-0253,SME-2024-00108,2026-05-19 09:16:00,Phone,General,Negatif,Closed-no-solution,50,False
INT-00108-0254,SME-2024-00108,2026-01-07 11:57:00,WhatsApp,Billing,Netral,Resolved,15,False
INT-00109-0255,SME-2024-00109,2025-09-04 13:18:00,Phone,Technical,Netral,Resolved,20,False
INT-00110-0256,SME-2024-00110,2025-07-11 11:07:00,WhatsApp,General,Netral,Resolved,47,False
INT-00110-0257,SME-2024-00110,2025-08-19 10:24:00,Portal,General,Positif,Resolved,22,False
INT-00110-0258,SME-2024-00110,2025-08-08 13:17:00,WhatsApp,Technical,Netral,Pending,13,True
INT-00110-0259,SME-2024-00110,2026-02-19 09:31:00,Phone,General,Netral,Resolved,10,False
INT-00110-0260,SME-2024-00110,2025-08-15 11:05:00,WhatsApp,Billing,Positif,Resolved,25,False
INT-00111-0261,SME-2024-00111,2026-04-27 12:09:00,Live Chat,Billing,Netral,Resolved,24,False
INT-00111-0262,SME-2024-00111,2026-02-22 10:49:00,Email,Billing,Positif,Resolved,39,False
INT-00112-0263,SME-2024-00112,2026-02-24 11:33:00,Live Chat,Technical,Netral,Resolved,27,False
INT-00112-0264,SME-2024-00112,2026-03-19 08:22:00,Email,Upgrade,Negatif,Resolved,41,False
INT-00112-0265,SME-2024-00112,2026-01-27 13:35:00,Live Chat,General,Netral,Resolved,33,False
INT-00112-0266,SME-2024-00112,2025-08-22 13:15:00,Email,General,Positif,Resolved,30,False
INT-00112-0267,SME-2024-00112,2026-06-27 17:01:00,Email,Billing,Positif,Resolved,42,False
INT-00113-0268,SME-2024-00113,2026-03-07 15:57:00,Phone,General,Netral,Pending,28,True
INT-00113-0269,SME-2024-00113,2026-06-18 15:36:00,Email,Upgrade,Negatif,Pending,73,True
INT-00114-0270,SME-2024-00114,2026-06-16 14:21:00,WhatsApp,Technical,Positif,Resolved,12,False
INT-00115-0271,SME-2024-00115,2026-06-13 10:38:00,Live Chat,Technical,Netral,Pending,67,True
INT-00115-0272,SME-2024-00115,2026-04-03 16:30:00,Phone,General,Positif,Resolved,40,False
INT-00116-0273,SME-2024-00116,2026-01-15 16:07:00,Live Chat,Billing,Netral,Resolved,5,False
INT-00117-0274,SME-2024-00117,2026-03-02 08:28:00,WhatsApp,General,Positif,Resolved,16,False
INT-00117-0275,SME-2024-00117,2025-12-09 14:49:00,Phone,General,Positif,Resolved,82,False
INT-00118-0276,SME-2024-00118,2026-06-07 14:21:00,Live Chat,General,Netral,Resolved,11,False
INT-00118-0277,SME-2024-00118,2026-06-23 15:58:00,Live Chat,Billing,Positif,Resolved,5,False
INT-00118-0278,SME-2024-00118,2026-02-16 10:40:00,WhatsApp,Billing,Netral,Resolved,32,False
INT-00119-0279,SME-2024-00119,2026-04-20 09:03:00,Phone,General,Positif,Resolved,20,False
INT-00119-0280,SME-2024-00119,2025-10-12 09:17:00,Portal,General,Netral,Resolved,39,False
INT-00119-0281,SME-2024-00119,2025-11-18 17:43:00,WhatsApp,General,Netral,Resolved,33,False
INT-00120-0282,SME-2024-00120,2025-09-09 15:04:00,WhatsApp,Billing,Netral,Resolved,45,False
INT-00121-0283,SME-2024-00121,2026-06-08 17:00:00,WhatsApp,Technical,Netral,Resolved,32,False
INT-00121-0284,SME-2024-00121,2026-05-21 11:25:00,Email,General,Netral,Resolved,5,False
INT-00121-0285,SME-2024-00121,2026-05-22 15:13:00,WhatsApp,Billing,Netral,Resolved,35,False
INT-00121-0286,SME-2024-00121,2026-01-23 10:00:00,Phone,General,Netral,Resolved,5,False
INT-00121-0287,SME-2024-00121,2025-10-01 13:55:00,Phone,Billing,Negatif,Closed-no-solution,85,False
INT-00121-0288,SME-2024-00121,2025-08-27 08:28:00,WhatsApp,Billing,Positif,Resolved,32,False
INT-00122-0289,SME-2024-00122,2026-05-23 10:13:00,Portal,General,Netral,Resolved,7,False
INT-00122-0290,SME-2024-00122,2026-04-19 17:00:00,Phone,Billing,Netral,Resolved,25,False
INT-00123-0291,SME-2024-00123,2026-03-03 14:48:00,WhatsApp,Billing,Positif,Resolved,33,False
INT-00123-0292,SME-2024-00123,2025-10-01 14:05:00,Email,Billing,Negatif,Resolved,72,False
INT-00124-0293,SME-2024-00124,2026-02-19 15:57:00,Phone,General,Negatif,Pending,35,True
INT-00125-0294,SME-2024-00125,2025-08-10 17:47:00,WhatsApp,Technical,Netral,Resolved,11,False
INT-00125-0295,SME-2024-00125,2025-07-14 08:21:00,Email,Upgrade,Netral,Resolved,31,False
INT-00127-0296,SME-2024-00127,2025-08-26 17:29:00,WhatsApp,Billing,Netral,Resolved,27,False
INT-00127-0297,SME-2024-00127,2025-07-25 08:29:00,WhatsApp,Billing,Negatif,Closed-no-solution,93,False
INT-00128-0298,SME-2024-00128,2026-03-11 17:57:00,WhatsApp,Technical,Negatif,Escalated,85,True
INT-00128-0299,SME-2024-00128,2025-11-02 12:53:00,Live Chat,Billing,Netral,Resolved,32,False
INT-00128-0300,SME-2024-00128,2026-05-21 15:40:00,Portal,Technical,Positif,Pending,42,True
INT-00129-0301,SME-2024-00129,2025-09-24 16:18:00,Portal,Billing,Netral,Pending,21,True
INT-00129-0302,SME-2024-00129,2026-06-12 12:10:00,Portal,Billing,Negatif,Resolved,52,False
INT-00129-0303,SME-2024-00129,2025-11-22 10:20:00,WhatsApp,General,Netral,Resolved,37,False
INT-00129-0304,SME-2024-00129,2026-01-10 12:55:00,Phone,Billing,Positif,Escalated,22,True
INT-00129-0305,SME-2024-00129,2026-05-01 09:16:00,WhatsApp,Technical,Netral,Pending,38,True
INT-00130-0306,SME-2024-00130,2026-01-10 17:08:00,Phone,General,Negatif,Pending,36,True
INT-00130-0307,SME-2024-00130,2025-08-03 08:06:00,Email,General,Netral,Resolved,15,False
INT-00130-0308,SME-2024-00130,2025-12-04 17:56:00,Phone,Technical,Netral,Resolved,26,False
INT-00130-0309,SME-2024-00130,2026-02-19 13:19:00,Live Chat,Billing,Positif,Resolved,26,False
INT-00130-0310,SME-2024-00130,2025-11-22 15:41:00,WhatsApp,Technical,Positif,Resolved,28,False
INT-00130-0311,SME-2024-00130,2026-03-25 14:51:00,WhatsApp,Upgrade,Netral,Resolved,34,False
INT-00131-0312,SME-2024-00131,2025-11-07 10:12:00,Phone,General,Positif,Pending,15,True
INT-00131-0313,SME-2024-00131,2025-11-22 14:11:00,Phone,General,Positif,Resolved,30,False
INT-00131-0314,SME-2024-00131,2025-12-18 09:27:00,Portal,Billing,Netral,Resolved,14,False
INT-00131-0315,SME-2024-00131,2025-09-18 17:35:00,WhatsApp,Upgrade,Netral,Resolved,17,False
INT-00131-0316,SME-2024-00131,2026-03-08 15:01:00,WhatsApp,General,Positif,Resolved,52,False
INT-00132-0317,SME-2024-00132,2026-04-02 14:36:00,WhatsApp,Upgrade,Positif,Resolved,30,False
INT-00133-0318,SME-2024-00133,2026-02-24 15:25:00,Email,Technical,Netral,Resolved,45,False
INT-00133-0319,SME-2024-00133,2025-08-03 13:42:00,Phone,Technical,Positif,Resolved,16,False
INT-00133-0320,SME-2024-00133,2025-12-16 16:07:00,Phone,General,Negatif,Pending,62,True
INT-00133-0321,SME-2024-00133,2025-10-01 09:55:00,Phone,Technical,Netral,Resolved,29,False
INT-00134-0322,SME-2024-00134,2025-12-13 16:13:00,WhatsApp,Upgrade,Positif,Resolved,5,False
INT-00134-0323,SME-2024-00134,2026-02-02 16:24:00,Phone,Upgrade,Positif,Resolved,45,False
INT-00134-0324,SME-2024-00134,2026-06-06 17:11:00,Phone,Technical,Netral,Pending,24,True
INT-00134-0325,SME-2024-00134,2026-03-12 10:00:00,Phone,Technical,Netral,Resolved,37,False
INT-00135-0326,SME-2024-00135,2025-10-24 10:28:00,Live Chat,Upgrade,Negatif,Pending,54,True
INT-00135-0327,SME-2024-00135,2025-09-17 08:48:00,Email,Technical,Positif,Resolved,40,False
INT-00135-0328,SME-2024-00135,2025-12-03 14:33:00,Phone,General,Positif,Resolved,24,False
INT-00135-0329,SME-2024-00135,2025-07-14 13:06:00,Portal,Upgrade,Netral,Resolved,32,False
INT-00136-0330,SME-2024-00136,2026-02-01 14:11:00,WhatsApp,Upgrade,Positif,Escalated,41,True
INT-00136-0331,SME-2024-00136,2025-09-05 08:20:00,Live Chat,Billing,Netral,Resolved,22,False
INT-00136-0332,SME-2024-00136,2026-02-18 13:48:00,WhatsApp,General,Netral,Resolved,31,False
INT-00137-0333,SME-2024-00137,2025-08-04 10:10:00,WhatsApp,Technical,Negatif,Resolved,61,False
INT-00137-0334,SME-2024-00137,2025-07-23 11:50:00,Live Chat,Billing,Netral,Resolved,5,False
INT-00137-0335,SME-2024-00137,2026-02-03 08:18:00,Phone,Technical,Positif,Resolved,12,False
INT-00138-0336,SME-2024-00138,2025-09-09 16:08:00,Email,General,Negatif,Resolved,8,False
INT-00138-0337,SME-2024-00138,2025-08-14 14:36:00,Phone,General,Netral,Resolved,31,False
INT-00138-0338,SME-2024-00138,2025-09-02 09:47:00,WhatsApp,Technical,Positif,Resolved,54,False
INT-00139-0339,SME-2024-00139,2026-03-15 17:34:00,Email,Upgrade,Netral,Resolved,43,False
INT-00139-0340,SME-2024-00139,2026-02-27 11:35:00,WhatsApp,Technical,Positif,Resolved,32,False
INT-00140-0341,SME-2024-00140,2026-01-25 11:02:00,WhatsApp,General,Netral,Resolved,10,False
INT-00140-0342,SME-2024-00140,2025-08-09 12:05:00,Phone,Upgrade,Positif,Resolved,25,False
INT-00141-0343,SME-2024-00141,2026-01-10 11:03:00,WhatsApp,General,Netral,Resolved,28,False
INT-00142-0344,SME-2024-00142,2026-06-14 14:16:00,Live Chat,General,Negatif,Resolved,57,False
INT-00142-0345,SME-2024-00142,2025-07-05 13:16:00,WhatsApp,General,Positif,Resolved,22,False
INT-00143-0346,SME-2024-00143,2026-02-01 17:41:00,Phone,General,Netral,Escalated,36,True
INT-00143-0347,SME-2024-00143,2026-03-22 15:55:00,Email,Technical,Netral,Resolved,29,False
INT-00143-0348,SME-2024-00143,2025-11-22 16:48:00,Portal,Billing,Negatif,Resolved,53,False
INT-00143-0349,SME-2024-00143,2026-01-12 10:06:00,WhatsApp,General,Netral,Resolved,25,False
INT-00143-0350,SME-2024-00143,2025-12-11 15:46:00,Live Chat,Technical,Negatif,Escalated,44,True
INT-00145-0351,SME-2024-00145,2026-01-14 12:43:00,WhatsApp,Technical,Netral,Pending,31,True
INT-00145-0352,SME-2024-00145,2025-08-02 15:02:00,Live Chat,Billing,Netral,Resolved,37,False
INT-00146-0353,SME-2024-00146,2025-10-09 09:17:00,Email,Upgrade,Positif,Resolved,37,False
INT-00146-0354,SME-2024-00146,2026-06-22 17:04:00,Email,General,Positif,Resolved,15,False
INT-00146-0355,SME-2024-00146,2025-08-19 09:43:00,Phone,Technical,Positif,Resolved,20,False
INT-00146-0356,SME-2024-00146,2026-03-03 12:30:00,WhatsApp,Technical,Netral,Resolved,34,False
INT-00146-0357,SME-2024-00146,2026-02-18 14:49:00,Live Chat,General,Netral,Pending,52,True
INT-00146-0358,SME-2024-00146,2026-05-06 09:40:00,Portal,Billing,Netral,Resolved,41,False
INT-00148-0359,SME-2024-00148,2026-01-23 14:43:00,Email,General,Netral,Resolved,41,False
INT-00148-0360,SME-2024-00148,2026-01-19 11:18:00,WhatsApp,Technical,Netral,Resolved,17,False
INT-00148-0361,SME-2024-00148,2025-07-27 16:27:00,WhatsApp,Upgrade,Netral,Resolved,26,False
INT-00148-0362,SME-2024-00148,2026-05-18 15:22:00,Email,Upgrade,Netral,Resolved,41,False
INT-00149-0363,SME-2024-00149,2026-06-15 15:18:00,Portal,Technical,Positif,Resolved,21,False
INT-00149-0364,SME-2024-00149,2026-03-12 17:59:00,Email,Upgrade,Negatif,Pending,85,True
INT-00149-0365,SME-2024-00149,2025-10-09 17:04:00,WhatsApp,Technical,Positif,Resolved,24,False
INT-00149-0366,SME-2024-00149,2025-08-11 17:46:00,Live Chat,Upgrade,Netral,Resolved,10,False
INT-00150-0367,SME-2024-00150,2025-12-01 10:26:00,Portal,Technical,Netral,Resolved,20,False
INT-00150-0368,SME-2024-00150,2025-12-20 16:25:00,WhatsApp,Technical,Positif,Resolved,5,False
INT-00150-0369,SME-2024-00150,2025-11-18 12:52:00,Live Chat,General,Netral,Resolved,46,False
INT-00152-0370,SME-2024-00152,2025-08-26 16:21:00,WhatsApp,Billing,Positif,Resolved,62,False
INT-00152-0371,SME-2024-00152,2026-04-08 17:30:00,Live Chat,General,Positif,Escalated,36,True
INT-00152-0372,SME-2024-00152,2025-11-27 10:03:00,Live Chat,Billing,Positif,Pending,34,True
INT-00152-0373,SME-2024-00152,2025-10-22 08:18:00,WhatsApp,Billing,Positif,Resolved,32,False
INT-00152-0374,SME-2024-00152,2025-08-03 09:59:00,Email,Billing,Netral,Pending,63,True
INT-00153-0375,SME-2024-00153,2026-03-26 10:40:00,WhatsApp,Upgrade,Negatif,Resolved,64,False
INT-00153-0376,SME-2024-00153,2025-08-23 11:51:00,Portal,Upgrade,Positif,Resolved,22,False
INT-00153-0377,SME-2024-00153,2025-12-16 10:24:00,Email,Billing,Positif,Resolved,54,False
INT-00153-0378,SME-2024-00153,2025-07-18 13:02:00,WhatsApp,Technical,Netral,Pending,41,True
INT-00154-0379,SME-2024-00154,2025-07-22 09:02:00,Phone,Technical,Positif,Resolved,17,False
INT-00154-0380,SME-2024-00154,2026-06-18 17:25:00,Live Chat,Technical,Negatif,Escalated,37,True
INT-00154-0381,SME-2024-00154,2026-01-26 14:50:00,Live Chat,Billing,Negatif,Pending,54,True
INT-00154-0382,SME-2024-00154,2025-07-22 13:47:00,WhatsApp,General,Negatif,Resolved,88,False
INT-00155-0383,SME-2024-00155,2025-07-27 16:31:00,Phone,General,Positif,Resolved,5,False
INT-00155-0384,SME-2024-00155,2026-06-12 12:15:00,WhatsApp,Technical,Positif,Resolved,41,False
INT-00156-0385,SME-2024-00156,2025-07-22 09:51:00,Portal,Upgrade,Netral,Escalated,26,True
INT-00156-0386,SME-2024-00156,2025-08-27 12:58:00,Email,Billing,Positif,Resolved,38,False
INT-00156-0387,SME-2024-00156,2025-07-11 08:55:00,Portal,Technical,Netral,Resolved,18,False
INT-00156-0388,SME-2024-00156,2026-06-01 09:20:00,Phone,Technical,Positif,Resolved,32,False
INT-00157-0389,SME-2024-00157,2026-04-19 09:22:00,Email,Billing,Positif,Resolved,5,False
INT-00158-0390,SME-2024-00158,2026-02-07 16:57:00,WhatsApp,General,Netral,Resolved,46,False
INT-00158-0391,SME-2024-00158,2026-04-06 14:44:00,Live Chat,Billing,Negatif,Pending,46,True
INT-00158-0392,SME-2024-00158,2026-01-25 14:59:00,WhatsApp,Billing,Positif,Resolved,42,False
INT-00158-0393,SME-2024-00158,2026-05-19 14:38:00,Email,Upgrade,Netral,Resolved,50,False
INT-00159-0394,SME-2024-00159,2025-12-12 15:37:00,WhatsApp,Technical,Positif,Resolved,35,False
INT-00159-0395,SME-2024-00159,2026-01-13 15:58:00,WhatsApp,Technical,Positif,Resolved,65,False
INT-00159-0396,SME-2024-00159,2025-07-01 08:45:00,Phone,Technical,Netral,Resolved,31,False
INT-00160-0397,SME-2024-00160,2026-01-11 16:18:00,Phone,Technical,Negatif,Closed-no-solution,59,False
INT-00160-0398,SME-2024-00160,2026-02-08 11:49:00,Live Chat,General,Netral,Resolved,43,False
INT-00160-0399,SME-2024-00160,2025-12-20 12:53:00,Phone,Technical,Positif,Pending,32,True
INT-00161-0400,SME-2024-00161,2026-06-15 08:27:00,Email,Upgrade,Netral,Pending,44,True
INT-00161-0401,SME-2024-00161,2025-12-09 11:59:00,Phone,Technical,Netral,Resolved,24,False
INT-00161-0402,SME-2024-00161,2025-08-27 10:45:00,Portal,General,Positif,Resolved,24,False
INT-00161-0403,SME-2024-00161,2025-08-25 11:50:00,Live Chat,Billing,Netral,Resolved,24,False
INT-00162-0404,SME-2024-00162,2026-05-19 10:14:00,Phone,General,Netral,Resolved,29,False
INT-00162-0405,SME-2024-00162,2025-10-21 08:05:00,Portal,General,Negatif,Escalated,65,True
INT-00162-0406,SME-2024-00162,2026-01-17 14:22:00,Email,General,Netral,Resolved,9,False
INT-00163-0407,SME-2024-00163,2025-07-12 13:40:00,WhatsApp,Technical,Positif,Pending,5,True
INT-00163-0408,SME-2024-00163,2025-10-24 14:03:00,Portal,Upgrade,Positif,Resolved,38,False
INT-00163-0409,SME-2024-00163,2025-12-26 14:14:00,Email,Billing,Positif,Resolved,45,False
INT-00163-0410,SME-2024-00163,2025-09-27 08:43:00,WhatsApp,Technical,Netral,Resolved,37,False
INT-00163-0411,SME-2024-00163,2025-12-17 10:44:00,WhatsApp,Technical,Negatif,Escalated,81,True
INT-00163-0412,SME-2024-00163,2025-07-22 11:07:00,WhatsApp,Upgrade,Netral,Resolved,31,False
INT-00165-0413,SME-2024-00165,2025-09-05 12:33:00,WhatsApp,Technical,Positif,Resolved,50,False
INT-00166-0414,SME-2024-00166,2025-09-14 14:50:00,Live Chat,Technical,Netral,Resolved,34,False
INT-00166-0415,SME-2024-00166,2025-10-11 13:41:00,WhatsApp,General,Netral,Resolved,21,False
INT-00166-0416,SME-2024-00166,2025-08-04 08:26:00,WhatsApp,Upgrade,Positif,Resolved,28,False
INT-00166-0417,SME-2024-00166,2025-07-22 15:03:00,Live Chat,Technical,Netral,Resolved,18,False
INT-00166-0418,SME-2024-00166,2025-08-11 16:19:00,Email,General,Netral,Resolved,18,False
INT-00166-0419,SME-2024-00166,2026-05-16 17:53:00,Live Chat,Billing,Netral,Pending,55,True
INT-00167-0420,SME-2024-00167,2026-03-12 09:53:00,Phone,General,Netral,Pending,27,True
INT-00167-0421,SME-2024-00167,2026-05-04 15:41:00,Email,Technical,Positif,Resolved,17,False
INT-00167-0422,SME-2024-00167,2025-10-17 17:04:00,Phone,Upgrade,Netral,Resolved,39,False
INT-00170-0423,SME-2024-00170,2026-05-22 16:06:00,WhatsApp,General,Netral,Resolved,40,False
INT-00170-0424,SME-2024-00170,2025-11-13 12:54:00,Phone,Technical,Positif,Resolved,21,False
INT-00170-0425,SME-2024-00170,2026-01-25 14:45:00,WhatsApp,General,Positif,Resolved,42,False
INT-00171-0426,SME-2024-00171,2025-09-24 15:55:00,Phone,Upgrade,Positif,Resolved,46,False
INT-00172-0427,SME-2024-00172,2026-06-16 09:57:00,Email,Technical,Netral,Resolved,11,False
INT-00172-0428,SME-2024-00172,2026-06-17 16:22:00,Phone,Technical,Netral,Resolved,39,False
INT-00173-0429,SME-2024-00173,2026-01-19 15:22:00,WhatsApp,Technical,Negatif,Resolved,38,False
INT-00173-0430,SME-2024-00173,2025-08-21 09:27:00,Email,General,Positif,Resolved,36,False
INT-00173-0431,SME-2024-00173,2026-05-02 12:39:00,Phone,Billing,Positif,Resolved,29,False
INT-00174-0432,SME-2024-00174,2026-03-21 10:27:00,WhatsApp,Billing,Positif,Resolved,35,False
INT-00174-0433,SME-2024-00174,2026-03-14 09:12:00,WhatsApp,General,Positif,Resolved,18,False
INT-00175-0434,SME-2024-00175,2026-05-01 11:36:00,Phone,Technical,Netral,Resolved,10,False
INT-00176-0435,SME-2024-00176,2025-08-12 08:57:00,Portal,Billing,Negatif,Resolved,15,False
INT-00176-0436,SME-2024-00176,2025-09-04 15:40:00,WhatsApp,Upgrade,Positif,Resolved,47,False
INT-00176-0437,SME-2024-00176,2025-09-10 11:55:00,Phone,General,Positif,Resolved,41,False
INT-00176-0438,SME-2024-00176,2025-08-07 08:40:00,Phone,Technical,Netral,Pending,23,True
INT-00176-0439,SME-2024-00176,2026-03-24 16:29:00,Phone,Billing,Netral,Resolved,51,False
INT-00176-0440,SME-2024-00176,2026-05-02 15:17:00,WhatsApp,Technical,Netral,Resolved,38,False
INT-00177-0441,SME-2024-00177,2025-08-04 13:16:00,WhatsApp,Technical,Positif,Resolved,50,False
INT-00178-0442,SME-2024-00178,2026-05-19 11:54:00,Phone,Technical,Negatif,Resolved,67,False
INT-00178-0443,SME-2024-00178,2026-01-26 13:48:00,WhatsApp,Technical,Negatif,Resolved,54,False
INT-00178-0444,SME-2024-00178,2026-03-27 16:01:00,Phone,Billing,Netral,Resolved,14,False
INT-00179-0445,SME-2024-00179,2026-01-03 16:58:00,WhatsApp,Upgrade,Positif,Resolved,15,False
INT-00179-0446,SME-2024-00179,2026-01-04 08:44:00,Live Chat,Billing,Positif,Resolved,5,False
INT-00180-0447,SME-2024-00180,2026-02-24 14:06:00,Phone,Technical,Netral,Resolved,20,False
INT-00180-0448,SME-2024-00180,2025-10-18 10:54:00,Phone,General,Netral,Resolved,36,False
INT-00181-0449,SME-2024-00181,2025-08-01 11:30:00,Email,Billing,Netral,Escalated,46,True
INT-00181-0450,SME-2024-00181,2025-07-03 17:40:00,Portal,Technical,Negatif,Resolved,61,False
INT-00181-0451,SME-2024-00181,2026-03-09 08:52:00,WhatsApp,Technical,Positif,Resolved,30,False
INT-00182-0452,SME-2024-00182,2025-10-09 10:12:00,WhatsApp,Billing,Negatif,Pending,54,True
INT-00182-0453,SME-2024-00182,2026-01-03 13:57:00,Live Chat,Technical,Positif,Resolved,8,False
INT-00182-0454,SME-2024-00182,2025-11-15 10:13:00,Live Chat,Billing,Netral,Resolved,25,False
INT-00183-0455,SME-2024-00183,2026-03-07 15:10:00,WhatsApp,Technical,Netral,Resolved,31,False
INT-00184-0456,SME-2024-00184,2025-10-10 15:11:00,Phone,Upgrade,Positif,Pending,50,True
INT-00186-0457,SME-2024-00186,2025-07-07 08:25:00,WhatsApp,Billing,Netral,Pending,34,True
INT-00186-0458,SME-2024-00186,2025-09-04 13:14:00,WhatsApp,Technical,Positif,Resolved,27,False
INT-00186-0459,SME-2024-00186,2025-09-25 16:16:00,WhatsApp,General,Positif,Resolved,31,False
INT-00186-0460,SME-2024-00186,2025-11-26 08:48:00,Phone,Technical,Positif,Resolved,28,False
INT-00186-0461,SME-2024-00186,2026-04-14 12:16:00,Email,Technical,Netral,Resolved,34,False
INT-00186-0462,SME-2024-00186,2025-07-23 15:29:00,WhatsApp,General,Netral,Resolved,46,False
INT-00186-0463,SME-2024-00186,2026-03-03 17:01:00,Portal,General,Positif,Resolved,23,False
INT-00186-0464,SME-2024-00186,2025-11-24 14:13:00,Live Chat,Upgrade,Negatif,Resolved,51,False
INT-00186-0465,SME-2024-00186,2025-11-19 14:59:00,Phone,General,Negatif,Resolved,63,False
INT-00186-0466,SME-2024-00186,2025-07-04 14:54:00,Live Chat,General,Positif,Resolved,24,False
INT-00187-0467,SME-2024-00187,2025-10-13 11:03:00,WhatsApp,General,Netral,Resolved,65,False
INT-00187-0468,SME-2024-00187,2026-02-17 14:22:00,Phone,Billing,Netral,Resolved,49,False
INT-00188-0469,SME-2024-00188,2026-03-21 11:27:00,Portal,Billing,Positif,Escalated,43,True
INT-00188-0470,SME-2024-00188,2026-04-15 16:08:00,WhatsApp,Technical,Positif,Resolved,25,False
INT-00188-0471,SME-2024-00188,2025-07-21 15:01:00,Portal,General,Negatif,Pending,51,True
INT-00188-0472,SME-2024-00188,2025-08-19 12:33:00,WhatsApp,Technical,Positif,Resolved,24,False
INT-00188-0473,SME-2024-00188,2026-06-25 13:06:00,Live Chat,Technical,Netral,Resolved,21,False
INT-00188-0474,SME-2024-00188,2025-09-11 15:09:00,Phone,Billing,Netral,Resolved,39,False
INT-00188-0475,SME-2024-00188,2026-05-11 09:44:00,WhatsApp,Upgrade,Netral,Resolved,35,False
INT-00190-0476,SME-2024-00190,2025-08-02 10:04:00,WhatsApp,Technical,Netral,Resolved,26,False
INT-00190-0477,SME-2024-00190,2026-03-17 09:45:00,WhatsApp,General,Netral,Resolved,29,False
INT-00190-0478,SME-2024-00190,2025-12-02 12:43:00,WhatsApp,Upgrade,Netral,Resolved,23,False
INT-00192-0479,SME-2024-00192,2026-04-08 14:45:00,Portal,Billing,Positif,Resolved,23,False
INT-00192-0480,SME-2024-00192,2025-11-03 15:13:00,Phone,Technical,Negatif,Pending,54,True
INT-00192-0481,SME-2024-00192,2025-09-12 15:38:00,WhatsApp,Billing,Netral,Resolved,31,False
INT-00192-0482,SME-2024-00192,2026-02-09 15:31:00,Phone,Billing,Negatif,Resolved,30,False
INT-00193-0483,SME-2024-00193,2026-04-10 16:44:00,Live Chat,Technical,Positif,Resolved,31,False
INT-00194-0484,SME-2024-00194,2026-04-01 09:41:00,Email,General,Positif,Resolved,5,False
INT-00194-0485,SME-2024-00194,2025-08-25 12:00:00,Live Chat,Technical,Negatif,Pending,33,True
INT-00194-0486,SME-2024-00194,2025-12-05 08:22:00,WhatsApp,Billing,Positif,Resolved,62,False
INT-00195-0487,SME-2024-00195,2025-07-14 09:44:00,WhatsApp,Billing,Netral,Resolved,36,False
INT-00195-0488,SME-2024-00195,2025-09-23 10:07:00,Phone,Upgrade,Netral,Resolved,39,False
INT-00195-0489,SME-2024-00195,2026-05-19 16:23:00,WhatsApp,Technical,Positif,Resolved,36,False
INT-00195-0490,SME-2024-00195,2025-11-13 13:58:00,Portal,Upgrade,Netral,Resolved,40,False
INT-00196-0491,SME-2024-00196,2026-02-04 15:42:00,WhatsApp,General,Positif,Resolved,54,False
INT-00196-0492,SME-2024-00196,2025-08-19 08:00:00,Email,General,Positif,Resolved,17,False
INT-00196-0493,SME-2024-00196,2026-04-05 08:18:00,Live Chat,Billing,Positif,Resolved,7,False
INT-00196-0494,SME-2024-00196,2026-06-05 16:03:00,Phone,Upgrade,Negatif,Resolved,70,False
INT-00196-0495,SME-2024-00196,2025-12-14 16:54:00,WhatsApp,Upgrade,Positif,Resolved,33,False
INT-00196-0496,SME-2024-00196,2025-07-18 08:13:00,Live Chat,Technical,Netral,Resolved,37,False
INT-00197-0497,SME-2024-00197,2026-04-24 09:05:00,Email,Upgrade,Netral,Resolved,29,False
INT-00197-0498,SME-2024-00197,2025-11-02 17:31:00,WhatsApp,Technical,Positif,Pending,24,True
INT-00197-0499,SME-2024-00197,2025-08-21 17:17:00,Portal,Technical,Negatif,Resolved,72,False
INT-00197-0500,SME-2024-00197,2025-10-19 13:56:00,Phone,Billing,Netral,Resolved,45,False
INT-00198-0501,SME-2024-00198,2026-02-06 17:01:00,Phone,General,Netral,Resolved,17,False
INT-00198-0502,SME-2024-00198,2025-09-19 11:03:00,Phone,General,Positif,Resolved,42,False
INT-00198-0503,SME-2024-00198,2026-03-21 08:01:00,Phone,General,Netral,Resolved,21,False
INT-00199-0504,SME-2024-00199,2026-01-05 14:12:00,Portal,General,Netral,Resolved,41,False
INT-00199-0505,SME-2024-00199,2026-06-24 11:53:00,WhatsApp,Billing,Positif,Resolved,52,False
INT-00199-0506,SME-2024-00199,2025-11-16 08:57:00,Portal,Billing,Positif,Resolved,42,False
INT-00199-0507,SME-2024-00199,2026-01-22 15:12:00,Live Chat,Upgrade,Negatif,Pending,46,True
INT-00199-0508,SME-2024-00199,2025-12-09 08:20:00,Phone,Technical,Netral,Resolved,44,False
INT-00200-0509,SME-2024-00200,2025-11-23 08:26:00,WhatsApp,Billing,Negatif,Escalated,47,True
INT-00200-0510,SME-2024-00200,2025-12-16 17:17:00,WhatsApp,Billing,Positif,Resolved,31,False
INT-00202-0511,SME-2024-00202,2026-02-02 16:02:00,Live Chat,Upgrade,Netral,Resolved,40,False
INT-00202-0512,SME-2024-00202,2026-05-21 08:31:00,Email,Technical,Negatif,Pending,53,True
INT-00202-0513,SME-2024-00202,2025-09-19 13:55:00,WhatsApp,Upgrade,Netral,Resolved,5,False
INT-00203-0514,SME-2024-00203,2026-01-01 13:29:00,Live Chat,General,Netral,Resolved,40,False
INT-00203-0515,SME-2024-00203,2026-05-11 17:57:00,Phone,Billing,Negatif,Resolved,37,False
INT-00204-0516,SME-2024-00204,2026-01-20 14:51:00,WhatsApp,General,Positif,Resolved,31,False
INT-00205-0517,SME-2024-00205,2026-03-03 13:20:00,Live Chat,Billing,Positif,Resolved,27,False
INT-00205-0518,SME-2024-00205,2025-09-21 15:44:00,Email,Technical,Netral,Resolved,41,False
INT-00205-0519,SME-2024-00205,2025-08-06 17:03:00,WhatsApp,Billing,Positif,Resolved,30,False
INT-00206-0520,SME-2024-00206,2025-12-25 09:30:00,WhatsApp,Technical,Netral,Pending,27,True
INT-00206-0521,SME-2024-00206,2025-10-13 13:37:00,Live Chat,Technical,Positif,Escalated,34,True
INT-00206-0522,SME-2024-00206,2025-07-26 12:35:00,Phone,Technical,Positif,Resolved,21,False
INT-00206-0523,SME-2024-00206,2025-10-21 14:15:00,WhatsApp,General,Positif,Resolved,45,False
INT-00207-0524,SME-2024-00207,2026-03-10 11:27:00,Phone,Technical,Negatif,Closed-no-solution,44,False
INT-00207-0525,SME-2024-00207,2025-10-11 15:17:00,Phone,Billing,Positif,Resolved,8,False
INT-00207-0526,SME-2024-00207,2025-11-26 13:20:00,Email,Upgrade,Positif,Resolved,24,False
INT-00208-0527,SME-2024-00208,2025-08-18 17:58:00,Portal,Billing,Netral,Resolved,40,False
INT-00208-0528,SME-2024-00208,2026-03-25 09:42:00,Email,General,Positif,Resolved,29,False
INT-00208-0529,SME-2024-00208,2025-08-19 16:13:00,Live Chat,Technical,Netral,Resolved,36,False
INT-00209-0530,SME-2024-00209,2026-03-08 13:03:00,Live Chat,General,Positif,Escalated,19,True
INT-00209-0531,SME-2024-00209,2025-11-24 09:27:00,WhatsApp,Upgrade,Positif,Resolved,33,False
INT-00209-0532,SME-2024-00209,2026-02-23 14:47:00,WhatsApp,Technical,Negatif,Resolved,49,False
INT-00209-0533,SME-2024-00209,2025-12-03 10:50:00,Phone,General,Netral,Resolved,54,False
INT-00210-0534,SME-2024-00210,2025-11-16 09:01:00,Portal,Technical,Positif,Pending,35,True
INT-00211-0535,SME-2024-00211,2025-10-22 12:15:00,WhatsApp,Technical,Positif,Resolved,25,False
INT-00211-0536,SME-2024-00211,2026-02-15 15:55:00,WhatsApp,Technical,Positif,Resolved,5,False
INT-00211-0537,SME-2024-00211,2026-05-02 13:07:00,WhatsApp,Technical,Netral,Resolved,56,False
INT-00214-0538,SME-2024-00214,2025-07-11 10:10:00,WhatsApp,Technical,Negatif,Resolved,55,False
INT-00214-0539,SME-2024-00214,2026-04-23 17:33:00,Email,General,Netral,Resolved,32,False
INT-00214-0540,SME-2024-00214,2026-06-11 11:15:00,Email,General,Negatif,Resolved,25,False
INT-00215-0541,SME-2024-00215,2025-07-16 08:24:00,Phone,Technical,Positif,Escalated,13,True
INT-00215-0542,SME-2024-00215,2026-06-05 17:59:00,Phone,Billing,Netral,Resolved,30,False
INT-00215-0543,SME-2024-00215,2026-06-24 10:35:00,WhatsApp,Upgrade,Negatif,Resolved,77,False
INT-00215-0544,SME-2024-00215,2026-05-01 15:26:00,Phone,Technical,Netral,Resolved,46,False
INT-00216-0545,SME-2024-00216,2025-10-15 08:32:00,WhatsApp,General,Positif,Resolved,30,False
INT-00217-0546,SME-2024-00217,2025-07-11 17:22:00,WhatsApp,Technical,Netral,Resolved,40,False
INT-00217-0547,SME-2024-00217,2025-11-05 16:02:00,Phone,General,Negatif,Pending,38,True
INT-00217-0548,SME-2024-00217,2025-09-25 17:22:00,WhatsApp,General,Negatif,Resolved,44,False
INT-00217-0549,SME-2024-00217,2026-06-16 09:09:00,Live Chat,Technical,Netral,Resolved,27,False
INT-00218-0550,SME-2024-00218,2026-02-22 10:09:00,Phone,General,Negatif,Pending,68,True
INT-00218-0551,SME-2024-00218,2025-10-11 15:33:00,WhatsApp,Billing,Netral,Resolved,33,False
INT-00219-0552,SME-2024-00219,2025-08-23 11:08:00,Live Chat,Technical,Negatif,Resolved,72,False
INT-00219-0553,SME-2024-00219,2026-05-06 10:41:00,Email,Upgrade,Netral,Resolved,65,False
INT-00219-0554,SME-2024-00219,2025-07-12 13:57:00,Live Chat,Technical,Positif,Escalated,20,True
INT-00219-0555,SME-2024-00219,2026-05-24 09:11:00,Live Chat,Technical,Positif,Resolved,19,False
INT-00219-0556,SME-2024-00219,2026-04-09 15:02:00,Phone,Billing,Netral,Pending,9,True
INT-00220-0557,SME-2024-00220,2026-01-10 10:34:00,WhatsApp,Upgrade,Netral,Resolved,21,False
INT-00221-0558,SME-2024-00221,2026-01-12 10:40:00,Live Chat,Technical,Positif,Pending,31,True
INT-00221-0559,SME-2024-00221,2025-12-09 11:48:00,Live Chat,Billing,Negatif,Escalated,44,True
INT-00221-0560,SME-2024-00221,2025-10-16 13:38:00,Live Chat,General,Netral,Resolved,34,False
INT-00221-0561,SME-2024-00221,2026-06-24 12:32:00,Phone,Technical,Positif,Resolved,35,False
INT-00221-0562,SME-2024-00221,2025-07-23 17:41:00,WhatsApp,Billing,Netral,Resolved,5,False
INT-00222-0563,SME-2024-00222,2025-11-08 09:35:00,WhatsApp,Billing,Negatif,Pending,53,True
INT-00222-0564,SME-2024-00222,2026-06-18 10:43:00,WhatsApp,General,Positif,Resolved,42,False
INT-00222-0565,SME-2024-00222,2026-06-13 16:43:00,Live Chat,General,Negatif,Resolved,50,False
INT-00223-0566,SME-2024-00223,2025-10-20 09:13:00,WhatsApp,Technical,Positif,Resolved,5,False
INT-00223-0567,SME-2024-00223,2025-10-26 15:39:00,Portal,General,Positif,Resolved,18,False
INT-00223-0568,SME-2024-00223,2026-04-15 16:29:00,Phone,Technical,Positif,Resolved,24,False
INT-00223-0569,SME-2024-00223,2026-05-06 12:00:00,Live Chat,Technical,Positif,Resolved,32,False
INT-00223-0570,SME-2024-00223,2025-10-03 15:32:00,WhatsApp,General,Negatif,Pending,37,True
INT-00223-0571,SME-2024-00223,2026-03-23 16:56:00,Portal,Technical,Netral,Resolved,34,False
INT-00225-0572,SME-2024-00225,2025-08-18 08:16:00,Email,Billing,Positif,Resolved,26,False
INT-00225-0573,SME-2024-00225,2025-09-21 12:57:00,Live Chat,Upgrade,Netral,Resolved,46,False
INT-00225-0574,SME-2024-00225,2026-06-06 14:47:00,Phone,Technical,Negatif,Resolved,40,False
INT-00226-0575,SME-2024-00226,2026-02-17 09:08:00,WhatsApp,Technical,Netral,Resolved,26,False
INT-00226-0576,SME-2024-00226,2026-04-24 14:21:00,Email,Billing,Netral,Resolved,15,False
INT-00227-0577,SME-2024-00227,2026-06-12 09:04:00,WhatsApp,General,Positif,Resolved,42,False
INT-00227-0578,SME-2024-00227,2025-08-11 17:13:00,WhatsApp,Upgrade,Negatif,Pending,61,True
INT-00227-0579,SME-2024-00227,2026-02-09 14:43:00,Portal,Upgrade,Positif,Resolved,16,False
INT-00227-0580,SME-2024-00227,2026-05-11 15:50:00,Live Chat,General,Positif,Resolved,28,False
INT-00227-0581,SME-2024-00227,2026-04-13 16:32:00,WhatsApp,Billing,Positif,Resolved,12,False
INT-00228-0582,SME-2024-00228,2025-07-12 12:29:00,WhatsApp,Technical,Positif,Resolved,35,False
INT-00228-0583,SME-2024-00228,2025-07-17 12:34:00,Live Chat,Technical,Negatif,Escalated,55,True
INT-00228-0584,SME-2024-00228,2025-11-24 09:37:00,WhatsApp,General,Netral,Resolved,20,False
INT-00229-0585,SME-2024-00229,2025-07-04 14:20:00,Live Chat,Technical,Positif,Resolved,18,False
INT-00229-0586,SME-2024-00229,2026-03-01 10:51:00,Email,Technical,Positif,Resolved,36,False
INT-00229-0587,SME-2024-00229,2025-10-25 10:45:00,WhatsApp,General,Netral,Resolved,13,False
INT-00229-0588,SME-2024-00229,2026-03-09 15:53:00,Phone,Billing,Positif,Resolved,32,False
INT-00230-0589,SME-2024-00230,2026-05-23 14:07:00,Email,General,Negatif,Pending,48,True
INT-00230-0590,SME-2024-00230,2026-05-06 14:30:00,Live Chat,Technical,Positif,Resolved,34,False
INT-00230-0591,SME-2024-00230,2025-11-02 09:05:00,WhatsApp,Technical,Netral,Resolved,6,False
INT-00230-0592,SME-2024-00230,2026-05-03 16:59:00,Phone,General,Negatif,Escalated,55,True
INT-00230-0593,SME-2024-00230,2025-07-14 13:50:00,Portal,Upgrade,Netral,Resolved,37,False
INT-00232-0594,SME-2024-00232,2026-04-14 11:36:00,Email,Upgrade,Negatif,Pending,76,True
INT-00232-0595,SME-2024-00232,2026-06-22 09:33:00,Portal,General,Positif,Resolved,25,False
INT-00232-0596,SME-2024-00232,2025-07-18 12:49:00,Portal,Billing,Netral,Resolved,34,False
INT-00232-0597,SME-2024-00232,2026-02-05 09:18:00,Email,Technical,Positif,Pending,41,True
INT-00232-0598,SME-2024-00232,2026-04-18 15:26:00,WhatsApp,General,Netral,Resolved,38,False
INT-00233-0599,SME-2024-00233,2025-08-05 15:37:00,Phone,Billing,Negatif,Resolved,56,False
INT-00233-0600,SME-2024-00233,2026-01-23 11:52:00,Portal,Billing,Negatif,Pending,73,True
INT-00233-0601,SME-2024-00233,2026-02-26 17:34:00,Email,Billing,Negatif,Resolved,62,False
INT-00233-0602,SME-2024-00233,2025-12-01 16:59:00,Email,General,Netral,Resolved,20,False
INT-00233-0603,SME-2024-00233,2026-04-08 16:48:00,Phone,Billing,Negatif,Closed-no-solution,55,False
INT-00233-0604,SME-2024-00233,2026-01-19 08:13:00,WhatsApp,Technical,Netral,Escalated,29,True
INT-00234-0605,SME-2024-00234,2025-10-21 17:26:00,WhatsApp,Upgrade,Negatif,Pending,44,True
INT-00234-0606,SME-2024-00234,2025-08-10 13:15:00,Live Chat,Billing,Negatif,Resolved,48,False
INT-00234-0607,SME-2024-00234,2025-07-04 15:57:00,Live Chat,General,Netral,Resolved,14,False
INT-00234-0608,SME-2024-00234,2026-02-03 12:52:00,WhatsApp,Technical,Positif,Resolved,59,False
INT-00235-0609,SME-2024-00235,2026-04-19 15:45:00,Live Chat,Technical,Netral,Resolved,25,False
INT-00236-0610,SME-2024-00236,2026-06-14 15:31:00,Live Chat,General,Negatif,Pending,71,True
INT-00236-0611,SME-2024-00236,2026-01-24 08:42:00,WhatsApp,General,Positif,Resolved,18,False
INT-00236-0612,SME-2024-00236,2026-01-08 11:06:00,Live Chat,Technical,Positif,Resolved,5,False
INT-00236-0613,SME-2024-00236,2025-08-12 12:51:00,Phone,Technical,Netral,Resolved,29,False
INT-00237-0614,SME-2024-00237,2025-10-21 14:56:00,Portal,Technical,Netral,Resolved,10,False
INT-00237-0615,SME-2024-00237,2025-07-05 14:45:00,Live Chat,Technical,Positif,Escalated,39,True
INT-00237-0616,SME-2024-00237,2025-12-27 15:46:00,WhatsApp,Technical,Positif,Resolved,27,False
INT-00238-0617,SME-2024-00238,2026-01-04 08:47:00,Live Chat,Technical,Positif,Pending,13,True
INT-00238-0618,SME-2024-00238,2025-08-25 12:08:00,Portal,Billing,Netral,Resolved,40,False
INT-00238-0619,SME-2024-00238,2026-02-01 16:39:00,Live Chat,Technical,Negatif,Resolved,54,False
INT-00238-0620,SME-2024-00238,2025-10-04 13:44:00,Phone,Technical,Netral,Resolved,68,False
INT-00238-0621,SME-2024-00238,2025-08-26 12:29:00,WhatsApp,Billing,Netral,Resolved,5,False
INT-00239-0622,SME-2024-00239,2025-07-24 15:56:00,Portal,Billing,Netral,Resolved,14,False
INT-00239-0623,SME-2024-00239,2025-11-20 09:15:00,WhatsApp,Technical,Negatif,Pending,43,True
INT-00239-0624,SME-2024-00239,2026-05-11 13:48:00,WhatsApp,Technical,Negatif,Resolved,60,False
INT-00239-0625,SME-2024-00239,2026-06-08 09:22:00,WhatsApp,Upgrade,Netral,Resolved,38,False
INT-00239-0626,SME-2024-00239,2026-04-08 15:04:00,Phone,Technical,Netral,Resolved,20,False
INT-00240-0627,SME-2024-00240,2025-08-20 08:07:00,WhatsApp,Billing,Positif,Pending,33,True
INT-00240-0628,SME-2024-00240,2025-08-14 16:16:00,Phone,Upgrade,Netral,Pending,30,True
INT-00240-0629,SME-2024-00240,2025-09-11 15:52:00,Email,Billing,Netral,Escalated,37,True
INT-00241-0630,SME-2024-00241,2025-09-27 11:30:00,Phone,Technical,Positif,Resolved,34,False
INT-00241-0631,SME-2024-00241,2025-12-15 08:33:00,Portal,General,Positif,Resolved,31,False
INT-00242-0632,SME-2024-00242,2025-09-04 16:23:00,Phone,General,Positif,Resolved,24,False
INT-00242-0633,SME-2024-00242,2026-01-19 09:14:00,WhatsApp,General,Positif,Resolved,5,False
INT-00242-0634,SME-2024-00242,2025-09-06 14:53:00,Email,Upgrade,Positif,Resolved,40,False
INT-00242-0635,SME-2024-00242,2025-08-22 08:06:00,Phone,General,Netral,Resolved,24,False
INT-00243-0636,SME-2024-00243,2025-11-27 16:17:00,Email,Billing,Positif,Resolved,61,False
INT-00243-0637,SME-2024-00243,2025-09-11 09:58:00,WhatsApp,Technical,Netral,Resolved,42,False
INT-00243-0638,SME-2024-00243,2025-08-27 09:12:00,Phone,Technical,Positif,Resolved,14,False
INT-00244-0639,SME-2024-00244,2025-09-19 11:57:00,WhatsApp,Billing,Positif,Resolved,15,False
INT-00244-0640,SME-2024-00244,2026-04-25 08:54:00,Live Chat,Technical,Positif,Resolved,24,False
INT-00245-0641,SME-2024-00245,2026-04-11 14:59:00,Live Chat,Technical,Positif,Resolved,36,False
INT-00246-0642,SME-2024-00246,2025-10-27 09:24:00,Live Chat,Billing,Netral,Resolved,24,False
INT-00246-0643,SME-2024-00246,2025-11-04 10:48:00,WhatsApp,General,Negatif,Pending,79,True
INT-00246-0644,SME-2024-00246,2026-05-10 08:53:00,Phone,Billing,Netral,Resolved,30,False
INT-00246-0645,SME-2024-00246,2026-01-05 09:24:00,Live Chat,Billing,Positif,Resolved,56,False
INT-00246-0646,SME-2024-00246,2026-01-07 11:02:00,Portal,Billing,Netral,Resolved,26,False
INT-00246-0647,SME-2024-00246,2026-01-06 09:49:00,Live Chat,Technical,Netral,Resolved,8,False
INT-00246-0648,SME-2024-00246,2025-11-05 09:28:00,Live Chat,Technical,Positif,Resolved,27,False
INT-00246-0649,SME-2024-00246,2026-03-14 16:16:00,WhatsApp,General,Negatif,Pending,51,True
INT-00247-0650,SME-2024-00247,2026-04-07 14:54:00,WhatsApp,General,Positif,Pending,24,True
INT-00247-0651,SME-2024-00247,2026-06-24 11:15:00,Live Chat,General,Negatif,Resolved,32,False
INT-00247-0652,SME-2024-00247,2026-06-06 10:03:00,Live Chat,General,Negatif,Resolved,20,False
INT-00248-0653,SME-2024-00248,2025-07-24 12:53:00,WhatsApp,Technical,Positif,Resolved,21,False
INT-00248-0654,SME-2024-00248,2025-12-06 08:52:00,Email,Upgrade,Positif,Resolved,12,False
INT-00248-0655,SME-2024-00248,2026-03-27 10:23:00,Phone,Technical,Positif,Resolved,35,False
INT-00248-0656,SME-2024-00248,2025-10-26 12:27:00,Portal,Technical,Negatif,Pending,29,True
INT-00248-0657,SME-2024-00248,2025-09-16 11:00:00,WhatsApp,General,Netral,Resolved,51,False
INT-00248-0658,SME-2024-00248,2026-01-23 13:03:00,WhatsApp,Upgrade,Netral,Resolved,12,False
INT-00249-0659,SME-2024-00249,2026-03-07 16:28:00,Email,Billing,Positif,Resolved,34,False
INT-00249-0660,SME-2024-00249,2026-05-03 15:52:00,Portal,Billing,Positif,Pending,59,True
INT-00249-0661,SME-2024-00249,2026-03-14 11:08:00,Email,Billing,Negatif,Pending,76,True
INT-00249-0662,SME-2024-00249,2025-09-02 14:53:00,WhatsApp,General,Positif,Resolved,12,False
INT-00249-0663,SME-2024-00249,2025-11-05 16:19:00,Live Chat,Technical,Netral,Resolved,36,False
INT-00249-0664,SME-2024-00249,2025-09-17 13:32:00,WhatsApp,General,Positif,Resolved,26,False
INT-00249-0665,SME-2024-00249,2026-03-02 17:26:00,WhatsApp,Upgrade,Positif,Resolved,6,False
INT-00249-0666,SME-2024-00249,2026-01-11 08:56:00,WhatsApp,Billing,Netral,Resolved,27,False
INT-00249-0667,SME-2024-00249,2026-03-06 11:16:00,WhatsApp,Upgrade,Netral,Resolved,47,False
INT-00249-0668,SME-2024-00249,2025-09-20 11:30:00,WhatsApp,Technical,Positif,Resolved,45,False
INT-00251-0669,SME-2024-00251,2026-04-18 08:21:00,Phone,Billing,Netral,Resolved,26,False
INT-00251-0670,SME-2024-00251,2026-05-16 10:11:00,WhatsApp,General,Positif,Resolved,35,False
INT-00251-0671,SME-2024-00251,2026-01-27 15:39:00,Phone,Billing,Netral,Resolved,65,False
INT-00252-0672,SME-2024-00252,2025-10-20 15:32:00,Portal,General,Netral,Resolved,36,False
INT-00252-0673,SME-2024-00252,2025-07-23 12:28:00,WhatsApp,Technical,Positif,Resolved,54,False
INT-00252-0674,SME-2024-00252,2026-03-04 08:14:00,WhatsApp,Technical,Positif,Resolved,34,False
INT-00252-0675,SME-2024-00252,2025-10-16 13:47:00,Email,General,Netral,Pending,46,True
INT-00253-0676,SME-2024-00253,2025-11-10 14:48:00,Live Chat,Technical,Negatif,Closed-no-solution,41,False
INT-00253-0677,SME-2024-00253,2026-05-18 13:22:00,Live Chat,Billing,Netral,Resolved,40,False
INT-00254-0678,SME-2024-00254,2026-04-24 09:12:00,WhatsApp,Technical,Positif,Resolved,29,False
INT-00254-0679,SME-2024-00254,2026-01-23 13:38:00,WhatsApp,Billing,Positif,Resolved,28,False
INT-00254-0680,SME-2024-00254,2025-10-14 10:53:00,Phone,Technical,Netral,Resolved,5,False
INT-00254-0681,SME-2024-00254,2025-10-16 14:38:00,Phone,General,Positif,Pending,29,True
INT-00254-0682,SME-2024-00254,2025-10-08 14:18:00,Live Chat,Billing,Positif,Resolved,5,False
INT-00254-0683,SME-2024-00254,2026-05-19 14:26:00,Email,Technical,Positif,Pending,29,True
INT-00255-0684,SME-2024-00255,2026-03-22 14:52:00,Portal,Billing,Netral,Resolved,60,False
INT-00255-0685,SME-2024-00255,2026-06-11 16:37:00,WhatsApp,Billing,Positif,Resolved,19,False
INT-00255-0686,SME-2024-00255,2025-10-01 08:51:00,Live Chat,Technical,Negatif,Escalated,69,True
INT-00256-0687,SME-2024-00256,2025-09-21 13:05:00,Live Chat,General,Negatif,Closed-no-solution,45,False
INT-00256-0688,SME-2024-00256,2026-04-12 09:30:00,WhatsApp,Technical,Negatif,Pending,48,True
INT-00256-0689,SME-2024-00256,2026-03-07 12:13:00,Live Chat,Billing,Positif,Pending,55,True
INT-00257-0690,SME-2024-00257,2025-12-12 09:58:00,Phone,Upgrade,Netral,Resolved,58,False
INT-00257-0691,SME-2024-00257,2025-12-18 16:29:00,WhatsApp,Technical,Netral,Resolved,37,False
INT-00258-0692,SME-2024-00258,2026-03-04 10:46:00,Phone,Upgrade,Netral,Resolved,22,False
INT-00258-0693,SME-2024-00258,2025-12-08 09:00:00,WhatsApp,General,Negatif,Escalated,55,True
INT-00258-0694,SME-2024-00258,2025-08-02 09:38:00,Phone,Technical,Netral,Resolved,26,False
INT-00258-0695,SME-2024-00258,2025-10-07 11:49:00,WhatsApp,Upgrade,Netral,Resolved,40,False
INT-00258-0696,SME-2024-00258,2026-06-23 16:15:00,WhatsApp,General,Positif,Resolved,33,False
INT-00258-0697,SME-2024-00258,2025-12-03 12:15:00,Phone,General,Netral,Resolved,12,False
INT-00258-0698,SME-2024-00258,2025-08-02 16:29:00,WhatsApp,Technical,Netral,Resolved,40,False
INT-00258-0699,SME-2024-00258,2025-10-06 09:24:00,Phone,Technical,Negatif,Resolved,67,False
INT-00259-0700,SME-2024-00259,2025-08-19 14:56:00,Portal,Upgrade,Netral,Escalated,14,True
INT-00259-0701,SME-2024-00259,2026-05-21 14:31:00,Phone,Upgrade,Netral,Resolved,14,False
INT-00259-0702,SME-2024-00259,2025-09-25 13:55:00,WhatsApp,Billing,Positif,Resolved,24,False
INT-00259-0703,SME-2024-00259,2025-09-24 09:16:00,Email,Billing,Positif,Resolved,18,False
INT-00259-0704,SME-2024-00259,2026-03-06 11:30:00,Email,Technical,Negatif,Resolved,44,False
INT-00259-0705,SME-2024-00259,2026-02-11 09:09:00,Phone,Upgrade,Positif,Resolved,30,False
INT-00259-0706,SME-2024-00259,2026-03-03 17:51:00,Phone,Technical,Positif,Resolved,26,False
INT-00259-0707,SME-2024-00259,2026-02-17 16:31:00,Live Chat,Upgrade,Netral,Resolved,34,False
INT-00260-0708,SME-2024-00260,2026-03-01 13:32:00,Portal,Technical,Netral,Resolved,21,False
INT-00260-0709,SME-2024-00260,2026-04-01 10:59:00,Live Chat,Technical,Positif,Resolved,46,False
INT-00261-0710,SME-2024-00261,2026-01-15 16:28:00,Email,Billing,Negatif,Pending,50,True
INT-00261-0711,SME-2024-00261,2025-09-23 12:40:00,WhatsApp,Billing,Negatif,Pending,60,True
INT-00261-0712,SME-2024-00261,2025-09-04 13:36:00,Portal,Technical,Negatif,Pending,74,True
INT-00261-0713,SME-2024-00261,2025-07-07 10:33:00,Phone,General,Negatif,Resolved,54,False
INT-00261-0714,SME-2024-00261,2025-11-11 09:30:00,WhatsApp,Technical,Negatif,Closed-no-solution,53,False
INT-00261-0715,SME-2024-00261,2025-12-12 12:44:00,Live Chat,General,Netral,Resolved,24,False
INT-00261-0716,SME-2024-00261,2025-07-26 16:26:00,WhatsApp,Technical,Netral,Resolved,39,False
INT-00262-0717,SME-2024-00262,2026-04-01 08:52:00,Email,Billing,Positif,Resolved,35,False
INT-00262-0718,SME-2024-00262,2026-01-02 15:20:00,WhatsApp,Upgrade,Positif,Resolved,43,False
INT-00262-0719,SME-2024-00262,2026-05-08 13:01:00,WhatsApp,Billing,Positif,Resolved,8,False
INT-00262-0720,SME-2024-00262,2026-04-20 16:02:00,Live Chat,Billing,Positif,Resolved,21,False
INT-00263-0721,SME-2024-00263,2026-03-10 15:52:00,Portal,General,Positif,Resolved,42,False
INT-00263-0722,SME-2024-00263,2025-12-17 14:02:00,Portal,Billing,Netral,Resolved,32,False
INT-00263-0723,SME-2024-00263,2026-05-26 11:48:00,Phone,Technical,Positif,Resolved,32,False
INT-00263-0724,SME-2024-00263,2026-04-06 13:58:00,Phone,Upgrade,Positif,Resolved,25,False
INT-00265-0725,SME-2024-00265,2026-06-06 16:07:00,Phone,Technical,Positif,Resolved,40,False
INT-00265-0726,SME-2024-00265,2026-05-17 13:38:00,Phone,General,Negatif,Resolved,75,False
INT-00265-0727,SME-2024-00265,2025-11-18 17:50:00,WhatsApp,General,Positif,Resolved,20,False
INT-00266-0728,SME-2024-00266,2026-05-20 16:52:00,WhatsApp,Upgrade,Positif,Resolved,47,False
INT-00267-0729,SME-2024-00267,2025-11-21 14:39:00,Live Chat,General,Netral,Resolved,23,False
INT-00267-0730,SME-2024-00267,2026-05-02 13:32:00,Email,General,Negatif,Pending,49,True
INT-00268-0731,SME-2024-00268,2025-08-13 13:35:00,Email,Technical,Negatif,Resolved,59,False
INT-00268-0732,SME-2024-00268,2026-05-08 17:39:00,WhatsApp,Technical,Positif,Resolved,34,False
INT-00268-0733,SME-2024-00268,2026-01-03 12:36:00,Live Chat,Billing,Negatif,Resolved,52,False
INT-00269-0734,SME-2024-00269,2026-04-12 16:27:00,WhatsApp,General,Netral,Resolved,40,False
INT-00269-0735,SME-2024-00269,2026-03-04 08:39:00,WhatsApp,General,Positif,Pending,42,True
INT-00269-0736,SME-2024-00269,2026-06-24 15:28:00,Portal,Technical,Netral,Escalated,19,True
INT-00270-0737,SME-2024-00270,2026-01-22 12:04:00,WhatsApp,Technical,Netral,Escalated,21,True
INT-00270-0738,SME-2024-00270,2026-04-08 17:30:00,Phone,General,Negatif,Resolved,57,False
INT-00270-0739,SME-2024-00270,2026-01-02 08:04:00,Live Chat,General,Netral,Resolved,39,False
INT-00271-0740,SME-2024-00271,2025-08-20 08:12:00,Live Chat,Upgrade,Positif,Resolved,51,False
INT-00272-0741,SME-2024-00272,2026-05-01 12:35:00,Live Chat,General,Netral,Resolved,44,False
INT-00272-0742,SME-2024-00272,2026-04-18 09:32:00,Phone,General,Netral,Resolved,38,False
INT-00273-0743,SME-2024-00273,2025-08-04 08:39:00,Email,Billing,Netral,Resolved,37,False
INT-00273-0744,SME-2024-00273,2025-11-05 10:48:00,Email,Billing,Positif,Resolved,42,False
INT-00274-0745,SME-2024-00274,2025-07-16 13:47:00,Email,Billing,Netral,Resolved,5,False
INT-00275-0746,SME-2024-00275,2026-04-25 17:27:00,Phone,Technical,Netral,Resolved,11,False
INT-00275-0747,SME-2024-00275,2026-01-19 17:06:00,Live Chat,Technical,Positif,Escalated,27,True
INT-00275-0748,SME-2024-00275,2026-03-17 17:30:00,WhatsApp,General,Netral,Resolved,29,False
INT-00277-0749,SME-2024-00277,2025-11-25 12:24:00,Email,Technical,Positif,Resolved,44,False
INT-00278-0750,SME-2024-00278,2025-11-12 11:56:00,WhatsApp,Billing,Positif,Resolved,41,False
INT-00278-0751,SME-2024-00278,2026-03-19 08:52:00,Live Chat,Technical,Netral,Resolved,42,False
INT-00279-0752,SME-2024-00279,2026-03-06 15:05:00,Phone,General,Positif,Resolved,14,False
INT-00280-0753,SME-2024-00280,2026-02-08 09:06:00,Phone,Upgrade,Netral,Resolved,23,False
INT-00280-0754,SME-2024-00280,2026-06-04 13:26:00,WhatsApp,Technical,Negatif,Pending,65,True
INT-00280-0755,SME-2024-00280,2025-12-17 14:01:00,WhatsApp,General,Negatif,Resolved,20,False
INT-00281-0756,SME-2024-00281,2025-11-12 10:13:00,WhatsApp,General,Negatif,Pending,33,True
INT-00281-0757,SME-2024-00281,2025-11-09 08:40:00,Email,General,Negatif,Escalated,77,True
INT-00282-0758,SME-2024-00282,2026-06-21 10:02:00,Portal,Technical,Netral,Pending,7,True
INT-00283-0759,SME-2024-00283,2026-04-12 08:22:00,WhatsApp,Upgrade,Positif,Resolved,10,False
INT-00283-0760,SME-2024-00283,2025-10-09 11:09:00,Phone,Technical,Netral,Pending,45,True
INT-00283-0761,SME-2024-00283,2025-09-09 08:09:00,WhatsApp,General,Positif,Resolved,32,False
INT-00284-0762,SME-2024-00284,2025-09-27 12:32:00,Live Chat,General,Positif,Resolved,47,False
INT-00284-0763,SME-2024-00284,2026-03-13 11:03:00,Phone,Technical,Netral,Resolved,23,False
INT-00285-0764,SME-2024-00285,2026-06-27 08:24:00,WhatsApp,General,Positif,Resolved,26,False
INT-00286-0765,SME-2024-00286,2025-09-13 09:36:00,Phone,Technical,Positif,Resolved,5,False
INT-00286-0766,SME-2024-00286,2025-08-23 15:23:00,WhatsApp,Upgrade,Negatif,Resolved,21,False
INT-00287-0767,SME-2024-00287,2026-04-09 16:45:00,Phone,Technical,Netral,Resolved,51,False
INT-00288-0768,SME-2024-00288,2026-03-08 13:11:00,Live Chat,Technical,Netral,Resolved,49,False
INT-00288-0769,SME-2024-00288,2025-09-23 08:52:00,Live Chat,Technical,Negatif,Pending,52,True
INT-00289-0770,SME-2024-00289,2025-11-23 14:33:00,Email,Upgrade,Netral,Resolved,31,False
INT-00289-0771,SME-2024-00289,2025-11-26 17:13:00,Portal,Billing,Positif,Resolved,5,False
INT-00289-0772,SME-2024-00289,2026-01-04 12:58:00,WhatsApp,General,Positif,Resolved,27,False
INT-00289-0773,SME-2024-00289,2026-03-21 14:32:00,Phone,General,Positif,Resolved,9,False
INT-00291-0774,SME-2024-00291,2025-07-27 10:24:00,WhatsApp,Technical,Netral,Pending,25,True
INT-00291-0775,SME-2024-00291,2025-07-10 12:05:00,Phone,Technical,Netral,Pending,35,True
INT-00291-0776,SME-2024-00291,2025-10-27 08:17:00,WhatsApp,Billing,Netral,Resolved,51,False
INT-00291-0777,SME-2024-00291,2026-06-24 13:50:00,Phone,Technical,Netral,Resolved,35,False
INT-00291-0778,SME-2024-00291,2026-03-11 17:18:00,Phone,Upgrade,Netral,Resolved,19,False
INT-00291-0779,SME-2024-00291,2025-09-12 08:52:00,Email,Upgrade,Netral,Resolved,31,False
INT-00291-0780,SME-2024-00291,2026-04-16 14:44:00,Phone,Billing,Positif,Escalated,40,True
INT-00292-0781,SME-2024-00292,2026-03-15 17:38:00,Phone,Billing,Netral,Resolved,32,False
INT-00292-0782,SME-2024-00292,2026-03-04 11:39:00,Phone,Technical,Positif,Resolved,40,False
INT-00293-0783,SME-2024-00293,2026-05-01 15:37:00,Portal,Technical,Positif,Resolved,20,False
INT-00293-0784,SME-2024-00293,2026-06-23 11:29:00,WhatsApp,Technical,Positif,Resolved,49,False
INT-00293-0785,SME-2024-00293,2026-02-11 15:38:00,WhatsApp,Billing,Negatif,Resolved,52,False
INT-00294-0786,SME-2024-00294,2026-03-24 13:58:00,Phone,General,Positif,Resolved,20,False
INT-00294-0787,SME-2024-00294,2025-12-11 14:23:00,Phone,Billing,Netral,Resolved,24,False
INT-00294-0788,SME-2024-00294,2025-11-25 12:19:00,WhatsApp,Upgrade,Netral,Resolved,33,False
INT-00295-0789,SME-2024-00295,2026-02-19 11:36:00,Live Chat,General,Positif,Resolved,32,False
INT-00296-0790,SME-2024-00296,2025-10-22 15:00:00,Phone,Upgrade,Netral,Escalated,35,True
INT-00297-0791,SME-2024-00297,2026-06-23 12:53:00,Portal,General,Netral,Resolved,25,False
INT-00297-0792,SME-2024-00297,2025-12-09 09:31:00,Phone,General,Positif,Resolved,47,False
INT-00298-0793,SME-2024-00298,2026-01-12 09:06:00,WhatsApp,Technical,Netral,Resolved,21,False
INT-00298-0794,SME-2024-00298,2025-10-17 11:11:00,Phone,Upgrade,Positif,Escalated,23,True
INT-00298-0795,SME-2024-00298,2025-07-12 14:21:00,Live Chat,General,Netral,Pending,43,True
INT-00298-0796,SME-2024-00298,2026-01-11 17:19:00,Email,General,Positif,Resolved,17,False
INT-00299-0797,SME-2024-00299,2026-02-18 09:07:00,WhatsApp,Billing,Positif,Resolved,42,False
INT-00299-0798,SME-2024-00299,2026-05-19 09:07:00,Portal,Technical,Netral,Pending,30,True
INT-00300-0799,SME-2024-00300,2026-04-23 10:24:00,Live Chat,Technical,Positif,Resolved,34,False
INT-00301-0800,SME-2024-00301,2025-10-02 15:45:00,Phone,Billing,Negatif,Resolved,5,False
INT-00301-0801,SME-2024-00301,2025-09-04 13:06:00,WhatsApp,General,Netral,Resolved,43,False
INT-00302-0802,SME-2024-00302,2025-07-26 13:17:00,WhatsApp,General,Positif,Resolved,59,False
INT-00302-0803,SME-2024-00302,2026-04-02 13:28:00,WhatsApp,Technical,Positif,Resolved,47,False
INT-00302-0804,SME-2024-00302,2025-12-20 09:18:00,Portal,Technical,Positif,Resolved,18,False
INT-00304-0805,SME-2024-00304,2026-04-01 10:59:00,Phone,General,Positif,Resolved,5,False
INT-00304-0806,SME-2024-00304,2026-06-07 17:48:00,WhatsApp,Billing,Netral,Resolved,41,False
INT-00304-0807,SME-2024-00304,2026-03-02 08:41:00,Live Chat,Technical,Positif,Resolved,13,False
INT-00305-0808,SME-2024-00305,2025-08-14 17:25:00,WhatsApp,Technical,Positif,Resolved,33,False
INT-00305-0809,SME-2024-00305,2026-04-17 09:11:00,Portal,Billing,Positif,Resolved,19,False
INT-00305-0810,SME-2024-00305,2026-03-07 09:42:00,Portal,Technical,Negatif,Closed-no-solution,70,False
INT-00305-0811,SME-2024-00305,2025-11-06 09:13:00,WhatsApp,Technical,Netral,Resolved,40,False
INT-00306-0812,SME-2024-00306,2026-01-21 11:20:00,Email,General,Negatif,Resolved,66,False
INT-00306-0813,SME-2024-00306,2025-08-20 10:25:00,Live Chat,General,Netral,Pending,38,True
INT-00306-0814,SME-2024-00306,2025-09-02 17:12:00,WhatsApp,General,Positif,Resolved,30,False
INT-00306-0815,SME-2024-00306,2026-06-19 14:06:00,Portal,Upgrade,Positif,Resolved,37,False
INT-00306-0816,SME-2024-00306,2026-04-27 16:51:00,Live Chat,Billing,Positif,Resolved,29,False
INT-00306-0817,SME-2024-00306,2026-02-26 08:19:00,WhatsApp,General,Positif,Resolved,68,False
INT-00306-0818,SME-2024-00306,2025-08-06 09:31:00,WhatsApp,Billing,Netral,Resolved,23,False
INT-00306-0819,SME-2024-00306,2026-05-22 09:41:00,Live Chat,General,Netral,Escalated,56,True
INT-00307-0820,SME-2024-00307,2025-07-26 10:57:00,Live Chat,Technical,Netral,Escalated,44,True
INT-00307-0821,SME-2024-00307,2026-04-17 11:03:00,Phone,Billing,Netral,Resolved,18,False
INT-00307-0822,SME-2024-00307,2026-03-14 16:54:00,WhatsApp,Upgrade,Netral,Resolved,9,False
INT-00308-0823,SME-2024-00308,2026-02-13 17:52:00,Portal,General,Netral,Resolved,46,False
INT-00309-0824,SME-2024-00309,2026-01-21 10:22:00,Portal,Upgrade,Positif,Resolved,36,False
INT-00310-0825,SME-2024-00310,2026-02-02 09:48:00,Live Chat,General,Negatif,Pending,55,True
INT-00311-0826,SME-2024-00311,2025-08-22 13:09:00,WhatsApp,General,Positif,Resolved,45,False
INT-00312-0827,SME-2024-00312,2026-03-21 08:37:00,WhatsApp,Technical,Negatif,Closed-no-solution,91,False
INT-00312-0828,SME-2024-00312,2026-06-26 13:20:00,Portal,General,Positif,Resolved,14,False
INT-00312-0829,SME-2024-00312,2025-09-25 09:18:00,Email,General,Positif,Resolved,34,False
INT-00312-0830,SME-2024-00312,2026-02-11 17:24:00,Email,Billing,Netral,Resolved,7,False
INT-00313-0831,SME-2024-00313,2026-02-13 09:30:00,Email,Technical,Netral,Resolved,29,False
INT-00314-0832,SME-2024-00314,2025-08-12 09:15:00,Portal,General,Netral,Resolved,27,False
INT-00316-0833,SME-2024-00316,2025-10-09 12:21:00,Phone,Billing,Netral,Resolved,5,False
INT-00316-0834,SME-2024-00316,2025-07-18 11:40:00,Email,Upgrade,Positif,Resolved,48,False
INT-00316-0835,SME-2024-00316,2026-05-07 09:38:00,Portal,Upgrade,Positif,Pending,43,True
INT-00316-0836,SME-2024-00316,2025-12-06 10:29:00,Email,Technical,Netral,Resolved,31,False
INT-00317-0837,SME-2024-00317,2025-07-13 14:52:00,Phone,Technical,Positif,Resolved,39,False
INT-00318-0838,SME-2024-00318,2026-03-12 15:38:00,WhatsApp,General,Netral,Resolved,23,False
INT-00319-0839,SME-2024-00319,2025-08-10 11:33:00,Live Chat,Billing,Netral,Escalated,39,True
INT-00320-0840,SME-2024-00320,2025-12-19 11:35:00,Email,Upgrade,Netral,Resolved,40,False
INT-00320-0841,SME-2024-00320,2025-10-27 17:27:00,Portal,General,Netral,Resolved,42,False
INT-00320-0842,SME-2024-00320,2026-03-22 17:10:00,Email,Billing,Netral,Resolved,12,False
INT-00321-0843,SME-2024-00321,2026-06-07 09:29:00,Live Chat,Technical,Netral,Resolved,35,False
INT-00321-0844,SME-2024-00321,2025-08-12 15:45:00,Live Chat,Technical,Netral,Resolved,71,False
INT-00321-0845,SME-2024-00321,2026-01-21 08:43:00,Live Chat,Technical,Positif,Resolved,30,False
INT-00321-0846,SME-2024-00321,2025-11-27 08:48:00,Phone,General,Netral,Pending,28,True
INT-00322-0847,SME-2024-00322,2026-05-04 11:03:00,Phone,Billing,Netral,Resolved,38,False
INT-00322-0848,SME-2024-00322,2026-06-06 16:38:00,WhatsApp,Billing,Netral,Pending,19,True
INT-00322-0849,SME-2024-00322,2026-02-22 12:51:00,Phone,Upgrade,Netral,Resolved,22,False
INT-00322-0850,SME-2024-00322,2025-10-23 16:02:00,WhatsApp,Technical,Positif,Resolved,32,False
INT-00322-0851,SME-2024-00322,2026-02-08 08:28:00,WhatsApp,Technical,Positif,Resolved,28,False
INT-00323-0852,SME-2024-00323,2025-11-24 15:01:00,WhatsApp,Technical,Positif,Resolved,19,False
INT-00323-0853,SME-2024-00323,2026-05-05 09:10:00,WhatsApp,Upgrade,Positif,Escalated,12,True
INT-00324-0854,SME-2024-00324,2026-05-05 12:38:00,WhatsApp,Technical,Negatif,Pending,53,True
INT-00325-0855,SME-2024-00325,2025-09-05 17:09:00,WhatsApp,Technical,Netral,Pending,16,True
INT-00326-0856,SME-2024-00326,2026-03-13 16:27:00,WhatsApp,General,Positif,Pending,25,True
INT-00326-0857,SME-2024-00326,2026-06-17 12:07:00,Live Chat,Technical,Positif,Pending,23,True
INT-00327-0858,SME-2024-00327,2025-12-19 13:14:00,WhatsApp,Technical,Netral,Resolved,22,False
INT-00328-0859,SME-2024-00328,2025-09-18 08:49:00,WhatsApp,Upgrade,Positif,Resolved,22,False
INT-00330-0860,SME-2024-00330,2026-03-20 12:36:00,Phone,Technical,Negatif,Escalated,47,True
INT-00330-0861,SME-2024-00330,2025-08-06 08:03:00,Email,Billing,Netral,Resolved,12,False
INT-00330-0862,SME-2024-00330,2026-01-09 09:54:00,Portal,Technical,Negatif,Resolved,43,False
INT-00330-0863,SME-2024-00330,2026-04-15 09:43:00,Phone,Billing,Positif,Resolved,11,False
INT-00330-0864,SME-2024-00330,2026-01-06 11:27:00,Phone,Upgrade,Netral,Resolved,38,False
INT-00331-0865,SME-2024-00331,2025-07-26 15:38:00,Phone,General,Netral,Resolved,20,False
INT-00331-0866,SME-2024-00331,2025-09-08 08:45:00,WhatsApp,Upgrade,Negatif,Pending,60,True
INT-00331-0867,SME-2024-00331,2026-03-25 14:58:00,Live Chat,Billing,Positif,Resolved,43,False
INT-00331-0868,SME-2024-00331,2025-11-14 13:39:00,WhatsApp,Technical,Netral,Resolved,20,False
INT-00331-0869,SME-2024-00331,2025-09-04 15:46:00,Phone,General,Positif,Resolved,19,False
INT-00332-0870,SME-2024-00332,2025-08-18 15:41:00,Phone,Technical,Netral,Resolved,31,False
INT-00332-0871,SME-2024-00332,2025-07-20 11:01:00,Phone,General,Positif,Resolved,37,False
INT-00333-0872,SME-2024-00333,2026-04-07 09:34:00,Phone,Billing,Positif,Resolved,29,False
INT-00333-0873,SME-2024-00333,2025-12-23 13:09:00,WhatsApp,Technical,Negatif,Pending,40,True
INT-00333-0874,SME-2024-00333,2026-05-06 17:21:00,Email,Technical,Positif,Resolved,19,False
INT-00333-0875,SME-2024-00333,2025-10-11 09:41:00,Phone,Technical,Netral,Resolved,48,False
INT-00333-0876,SME-2024-00333,2025-12-18 08:18:00,Email,Billing,Positif,Resolved,15,False
INT-00334-0877,SME-2024-00334,2025-07-27 11:26:00,Live Chat,General,Positif,Pending,41,True
INT-00334-0878,SME-2024-00334,2026-03-15 15:30:00,Live Chat,Billing,Positif,Resolved,25,False
INT-00334-0879,SME-2024-00334,2026-04-04 14:12:00,Phone,Upgrade,Negatif,Resolved,52,False
INT-00336-0880,SME-2024-00336,2026-01-01 16:31:00,WhatsApp,Billing,Positif,Resolved,16,False
INT-00336-0881,SME-2024-00336,2025-11-09 17:44:00,Portal,Upgrade,Netral,Resolved,18,False
INT-00336-0882,SME-2024-00336,2025-10-18 10:04:00,Live Chat,Upgrade,Netral,Pending,21,True
INT-00339-0883,SME-2024-00339,2025-10-11 10:01:00,WhatsApp,Billing,Netral,Pending,16,True
INT-00339-0884,SME-2024-00339,2026-01-20 16:27:00,WhatsApp,Billing,Positif,Pending,33,True
INT-00339-0885,SME-2024-00339,2026-05-12 08:31:00,Phone,Technical,Netral,Resolved,24,False
INT-00340-0886,SME-2024-00340,2025-08-06 14:22:00,WhatsApp,General,Netral,Pending,5,True
INT-00340-0887,SME-2024-00340,2025-10-01 12:03:00,Phone,Billing,Negatif,Resolved,47,False
INT-00340-0888,SME-2024-00340,2025-11-13 11:09:00,Live Chat,Technical,Positif,Resolved,33,False
INT-00341-0889,SME-2024-00341,2025-11-24 11:10:00,Phone,Technical,Positif,Resolved,51,False
INT-00342-0890,SME-2024-00342,2026-04-16 11:20:00,WhatsApp,Technical,Positif,Resolved,34,False
INT-00342-0891,SME-2024-00342,2025-10-04 12:18:00,Phone,Technical,Negatif,Pending,34,True
INT-00342-0892,SME-2024-00342,2025-11-27 08:53:00,Phone,Technical,Negatif,Pending,66,True
INT-00342-0893,SME-2024-00342,2026-05-24 08:02:00,WhatsApp,General,Netral,Resolved,30,False
INT-00342-0894,SME-2024-00342,2025-09-25 08:37:00,Live Chat,General,Netral,Resolved,34,False
INT-00342-0895,SME-2024-00342,2026-05-12 13:34:00,Portal,Billing,Positif,Resolved,32,False
INT-00343-0896,SME-2024-00343,2026-06-02 11:34:00,WhatsApp,Upgrade,Negatif,Closed-no-solution,64,False
INT-00343-0897,SME-2024-00343,2025-12-21 14:18:00,WhatsApp,Technical,Positif,Resolved,5,False
INT-00344-0898,SME-2024-00344,2026-04-19 13:28:00,Live Chat,General,Netral,Resolved,40,False
INT-00344-0899,SME-2024-00344,2026-02-11 14:58:00,Phone,Technical,Netral,Resolved,67,False
INT-00345-0900,SME-2024-00345,2026-03-25 17:33:00,Live Chat,General,Netral,Resolved,39,False
INT-00346-0901,SME-2024-00346,2026-03-10 08:15:00,WhatsApp,Technical,Netral,Resolved,41,False
INT-00346-0902,SME-2024-00346,2025-12-14 12:08:00,Phone,Technical,Netral,Resolved,37,False
INT-00347-0903,SME-2024-00347,2025-10-04 17:09:00,WhatsApp,Upgrade,Positif,Resolved,5,False
INT-00347-0904,SME-2024-00347,2025-07-16 17:36:00,WhatsApp,General,Netral,Resolved,38,False
INT-00347-0905,SME-2024-00347,2025-08-06 15:26:00,WhatsApp,Upgrade,Negatif,Resolved,57,False
INT-00347-0906,SME-2024-00347,2026-04-09 09:58:00,WhatsApp,Billing,Netral,Resolved,29,False
INT-00347-0907,SME-2024-00347,2025-10-16 15:58:00,Email,Technical,Positif,Resolved,22,False
INT-00347-0908,SME-2024-00347,2026-03-08 10:17:00,Live Chat,Billing,Negatif,Pending,58,True
INT-00348-0909,SME-2024-00348,2026-05-05 08:18:00,WhatsApp,Upgrade,Netral,Resolved,27,False
INT-00348-0910,SME-2024-00348,2026-05-06 12:45:00,Email,Billing,Netral,Resolved,40,False
INT-00348-0911,SME-2024-00348,2026-02-05 11:05:00,WhatsApp,General,Positif,Pending,43,True
INT-00349-0912,SME-2024-00349,2026-04-14 10:32:00,Phone,Technical,Positif,Resolved,30,False
INT-00349-0913,SME-2024-00349,2026-02-10 13:39:00,WhatsApp,Upgrade,Positif,Pending,5,True
INT-00349-0914,SME-2024-00349,2026-01-04 15:36:00,Email,Technical,Positif,Resolved,28,False
INT-00349-0915,SME-2024-00349,2026-01-26 10:22:00,Email,Billing,Netral,Resolved,36,False
INT-00349-0916,SME-2024-00349,2026-03-15 14:35:00,Phone,Billing,Netral,Resolved,34,False
INT-00349-0917,SME-2024-00349,2025-12-25 10:20:00,WhatsApp,Technical,Negatif,Closed-no-solution,43,False
INT-00349-0918,SME-2024-00349,2025-11-18 10:35:00,WhatsApp,General,Netral,Resolved,54,False
INT-00349-0919,SME-2024-00349,2025-12-20 17:26:00,Phone,General,Negatif,Closed-no-solution,43,False
INT-00350-0920,SME-2024-00350,2025-12-26 12:09:00,WhatsApp,General,Netral,Resolved,43,False
INT-00350-0921,SME-2024-00350,2025-09-10 17:59:00,WhatsApp,Billing,Netral,Resolved,51,False
INT-00350-0922,SME-2024-00350,2026-03-15 16:10:00,WhatsApp,Technical,Netral,Resolved,33,False
INT-00351-0923,SME-2024-00351,2026-01-21 11:48:00,Live Chat,Technical,Positif,Resolved,56,False
INT-00352-0924,SME-2024-00352,2025-10-12 12:08:00,Live Chat,General,Positif,Resolved,34,False
INT-00352-0925,SME-2024-00352,2025-07-04 13:10:00,Phone,General,Netral,Resolved,22,False
INT-00352-0926,SME-2024-00352,2026-01-10 08:13:00,Portal,Technical,Netral,Resolved,54,False
INT-00352-0927,SME-2024-00352,2026-04-18 16:45:00,WhatsApp,Technical,Negatif,Resolved,64,False
INT-00352-0928,SME-2024-00352,2025-12-16 12:29:00,WhatsApp,General,Positif,Resolved,29,False
INT-00352-0929,SME-2024-00352,2025-11-06 16:53:00,Portal,Technical,Positif,Resolved,12,False
INT-00352-0930,SME-2024-00352,2026-05-01 11:29:00,Phone,General,Negatif,Resolved,45,False
INT-00353-0931,SME-2024-00353,2025-12-07 17:43:00,Phone,Upgrade,Positif,Resolved,26,False
INT-00354-0932,SME-2024-00354,2026-05-05 12:30:00,Portal,Billing,Netral,Resolved,53,False
INT-00354-0933,SME-2024-00354,2025-12-04 09:30:00,Email,Technical,Netral,Resolved,28,False
INT-00355-0934,SME-2024-00355,2025-12-04 17:22:00,Email,Technical,Positif,Resolved,26,False
INT-00355-0935,SME-2024-00355,2026-02-04 14:21:00,Portal,General,Netral,Escalated,27,True
INT-00356-0936,SME-2024-00356,2026-03-21 12:20:00,Email,Technical,Netral,Resolved,36,False
INT-00357-0937,SME-2024-00357,2025-11-08 16:14:00,Phone,Billing,Netral,Escalated,33,True
INT-00357-0938,SME-2024-00357,2026-02-12 13:11:00,Live Chat,Technical,Positif,Resolved,35,False
INT-00357-0939,SME-2024-00357,2026-02-15 08:45:00,Phone,General,Netral,Resolved,38,False
INT-00357-0940,SME-2024-00357,2025-08-11 10:19:00,Live Chat,General,Netral,Resolved,17,False
INT-00357-0941,SME-2024-00357,2025-09-19 14:52:00,WhatsApp,Billing,Netral,Resolved,33,False
INT-00358-0942,SME-2024-00358,2026-04-26 10:13:00,WhatsApp,Billing,Negatif,Pending,61,True
INT-00358-0943,SME-2024-00358,2025-11-23 10:38:00,Phone,Technical,Netral,Resolved,22,False
INT-00358-0944,SME-2024-00358,2026-04-06 13:44:00,Email,General,Netral,Resolved,52,False
INT-00359-0945,SME-2024-00359,2025-09-11 15:24:00,Phone,General,Positif,Resolved,22,False
INT-00359-0946,SME-2024-00359,2025-12-01 12:49:00,WhatsApp,General,Positif,Resolved,21,False
INT-00359-0947,SME-2024-00359,2025-09-04 09:16:00,Phone,General,Positif,Pending,5,True
INT-00361-0948,SME-2024-00361,2026-04-16 11:20:00,Portal,General,Negatif,Closed-no-solution,55,False
INT-00361-0949,SME-2024-00361,2025-09-10 08:27:00,Phone,Upgrade,Positif,Resolved,14,False
INT-00361-0950,SME-2024-00361,2025-11-16 13:24:00,Phone,Billing,Netral,Resolved,20,False
INT-00361-0951,SME-2024-00361,2025-12-17 10:11:00,Live Chat,Upgrade,Netral,Resolved,32,False
INT-00362-0952,SME-2024-00362,2026-06-16 09:01:00,Phone,Billing,Positif,Pending,37,True
INT-00362-0953,SME-2024-00362,2025-12-11 12:51:00,Portal,Upgrade,Positif,Resolved,45,False
INT-00363-0954,SME-2024-00363,2025-08-27 09:04:00,Live Chat,Technical,Negatif,Escalated,60,True
INT-00363-0955,SME-2024-00363,2025-07-19 08:37:00,WhatsApp,Upgrade,Negatif,Escalated,81,True
INT-00363-0956,SME-2024-00363,2025-08-04 12:58:00,Phone,Technical,Negatif,Pending,41,True
INT-00364-0957,SME-2024-00364,2025-07-09 10:50:00,Live Chat,Technical,Netral,Resolved,28,False
INT-00365-0958,SME-2024-00365,2026-04-12 14:43:00,WhatsApp,General,Negatif,Closed-no-solution,75,False
INT-00366-0959,SME-2024-00366,2026-04-20 15:29:00,WhatsApp,Upgrade,Negatif,Resolved,73,False
INT-00366-0960,SME-2024-00366,2025-12-25 17:22:00,Portal,General,Netral,Resolved,25,False
INT-00366-0961,SME-2024-00366,2026-03-05 09:05:00,Email,Upgrade,Netral,Resolved,55,False
INT-00366-0962,SME-2024-00366,2025-07-19 16:08:00,Email,Billing,Negatif,Resolved,26,False
INT-00366-0963,SME-2024-00366,2025-11-04 14:23:00,Live Chat,Upgrade,Negatif,Resolved,42,False
INT-00367-0964,SME-2024-00367,2025-07-16 12:27:00,Phone,General,Netral,Resolved,23,False
INT-00367-0965,SME-2024-00367,2026-04-10 11:40:00,Portal,Technical,Netral,Resolved,10,False
INT-00368-0966,SME-2024-00368,2025-10-01 12:46:00,WhatsApp,Technical,Negatif,Resolved,44,False
INT-00368-0967,SME-2024-00368,2025-09-02 09:49:00,WhatsApp,Technical,Positif,Resolved,27,False
INT-00368-0968,SME-2024-00368,2026-06-11 12:50:00,Live Chat,Upgrade,Positif,Resolved,36,False
INT-00369-0969,SME-2024-00369,2025-11-11 12:45:00,Email,General,Negatif,Escalated,52,True
INT-00369-0970,SME-2024-00369,2026-06-11 17:50:00,WhatsApp,General,Netral,Escalated,5,True
INT-00371-0971,SME-2024-00371,2025-09-08 10:00:00,WhatsApp,Upgrade,Netral,Resolved,60,False
INT-00371-0972,SME-2024-00371,2026-06-27 17:55:00,WhatsApp,General,Netral,Resolved,52,False
INT-00371-0973,SME-2024-00371,2026-05-09 12:13:00,WhatsApp,General,Positif,Resolved,45,False
INT-00371-0974,SME-2024-00371,2026-04-02 12:28:00,Phone,Upgrade,Positif,Escalated,17,True
INT-00372-0975,SME-2024-00372,2026-03-18 15:21:00,Phone,General,Positif,Resolved,31,False
INT-00372-0976,SME-2024-00372,2026-01-19 11:07:00,Portal,Technical,Netral,Resolved,33,False
INT-00372-0977,SME-2024-00372,2025-12-11 14:50:00,WhatsApp,General,Positif,Resolved,27,False
INT-00372-0978,SME-2024-00372,2025-09-04 14:11:00,WhatsApp,Billing,Positif,Resolved,35,False
INT-00372-0979,SME-2024-00372,2026-04-23 08:29:00,Live Chat,General,Positif,Resolved,32,False
INT-00373-0980,SME-2024-00373,2025-10-13 14:39:00,WhatsApp,General,Netral,Resolved,29,False
INT-00373-0981,SME-2024-00373,2026-04-16 11:48:00,Live Chat,Upgrade,Netral,Resolved,22,False
INT-00373-0982,SME-2024-00373,2025-10-25 15:49:00,Email,Billing,Positif,Resolved,57,False
INT-00373-0983,SME-2024-00373,2025-08-18 15:20:00,Email,General,Positif,Resolved,37,False
INT-00374-0984,SME-2024-00374,2026-06-05 08:58:00,Email,General,Positif,Resolved,14,False
INT-00374-0985,SME-2024-00374,2026-04-11 15:49:00,Phone,Technical,Negatif,Resolved,47,False
INT-00374-0986,SME-2024-00374,2025-10-19 08:32:00,WhatsApp,Upgrade,Netral,Resolved,25,False
INT-00374-0987,SME-2024-00374,2026-02-25 08:33:00,Phone,Billing,Positif,Resolved,28,False
INT-00374-0988,SME-2024-00374,2025-07-02 08:42:00,Phone,General,Positif,Resolved,43,False
INT-00375-0989,SME-2024-00375,2026-04-20 13:43:00,Live Chat,Upgrade,Netral,Resolved,28,False
INT-00375-0990,SME-2024-00375,2025-11-13 09:44:00,Portal,General,Netral,Resolved,10,False
INT-00375-0991,SME-2024-00375,2026-01-12 15:40:00,Email,Billing,Positif,Resolved,42,False
INT-00375-0992,SME-2024-00375,2025-12-13 17:01:00,Email,Technical,Netral,Resolved,41,False
INT-00376-0993,SME-2024-00376,2025-11-15 10:46:00,Phone,General,Positif,Resolved,37,False
INT-00376-0994,SME-2024-00376,2026-05-04 14:21:00,Phone,General,Netral,Pending,35,True
INT-00376-0995,SME-2024-00376,2026-02-01 11:08:00,WhatsApp,Billing,Netral,Resolved,28,False
INT-00376-0996,SME-2024-00376,2026-03-10 14:07:00,Live Chat,General,Netral,Resolved,33,False
INT-00377-0997,SME-2024-00377,2026-04-02 15:10:00,Portal,General,Positif,Resolved,11,False
INT-00377-0998,SME-2024-00377,2026-05-08 13:41:00,Phone,Technical,Netral,Resolved,31,False
INT-00377-0999,SME-2024-00377,2026-06-17 15:06:00,WhatsApp,General,Positif,Resolved,35,False
INT-00377-1000,SME-2024-00377,2026-04-14 13:46:00,WhatsApp,Technical,Netral,Resolved,24,False
INT-00377-1001,SME-2024-00377,2025-11-13 11:15:00,Phone,General,Negatif,Resolved,31,False
INT-00378-1002,SME-2024-00378,2026-04-16 15:10:00,Phone,Billing,Netral,Resolved,15,False
INT-00378-1003,SME-2024-00378,2026-05-14 12:41:00,Portal,Billing,Netral,Escalated,40,True
INT-00378-1004,SME-2024-00378,2025-09-18 14:28:00,Email,Upgrade,Netral,Resolved,56,False
INT-00379-1005,SME-2024-00379,2026-06-26 10:48:00,Phone,Technical,Positif,Resolved,26,False
INT-00379-1006,SME-2024-00379,2026-05-18 17:11:00,Phone,Technical,Negatif,Resolved,43,False
INT-00379-1007,SME-2024-00379,2026-02-23 11:36:00,Email,General,Negatif,Pending,76,True
INT-00380-1008,SME-2024-00380,2026-02-02 12:33:00,Email,Billing,Positif,Pending,21,True
INT-00380-1009,SME-2024-00380,2025-09-10 12:39:00,Email,General,Positif,Resolved,26,False
INT-00380-1010,SME-2024-00380,2025-07-05 14:30:00,Live Chat,Technical,Netral,Resolved,24,False
INT-00380-1011,SME-2024-00380,2025-11-03 12:20:00,WhatsApp,Technical,Positif,Resolved,19,False
INT-00381-1012,SME-2024-00381,2025-08-13 17:08:00,WhatsApp,General,Negatif,Resolved,47,False
INT-00382-1013,SME-2024-00382,2025-10-22 15:51:00,WhatsApp,Technical,Positif,Resolved,19,False
INT-00382-1014,SME-2024-00382,2025-10-15 13:48:00,WhatsApp,General,Negatif,Pending,49,True
INT-00383-1015,SME-2024-00383,2025-07-19 13:32:00,Live Chat,General,Netral,Resolved,21,False
INT-00384-1016,SME-2024-00384,2025-07-01 12:21:00,Phone,Billing,Netral,Resolved,34,False
INT-00384-1017,SME-2024-00384,2025-12-12 16:35:00,WhatsApp,General,Netral,Resolved,5,False
INT-00385-1018,SME-2024-00385,2025-09-20 10:43:00,Live Chat,General,Netral,Resolved,20,False
INT-00385-1019,SME-2024-00385,2025-07-04 13:39:00,WhatsApp,Technical,Positif,Resolved,65,False
INT-00385-1020,SME-2024-00385,2025-09-07 13:40:00,WhatsApp,Billing,Netral,Resolved,11,False
INT-00385-1021,SME-2024-00385,2025-11-27 10:32:00,Phone,Upgrade,Positif,Resolved,29,False
INT-00385-1022,SME-2024-00385,2025-08-10 08:31:00,Email,General,Netral,Resolved,46,False
INT-00385-1023,SME-2024-00385,2026-04-27 17:36:00,Live Chat,Upgrade,Positif,Resolved,32,False
INT-00386-1024,SME-2024-00386,2026-04-05 12:07:00,WhatsApp,Billing,Positif,Resolved,29,False
INT-00386-1025,SME-2024-00386,2026-03-12 16:36:00,Phone,Billing,Positif,Resolved,8,False
INT-00386-1026,SME-2024-00386,2025-08-27 15:19:00,Email,Technical,Netral,Resolved,19,False
INT-00386-1027,SME-2024-00386,2025-08-08 08:42:00,Live Chat,Upgrade,Positif,Pending,9,True
INT-00386-1028,SME-2024-00386,2026-02-15 13:18:00,Live Chat,Technical,Positif,Resolved,32,False
INT-00387-1029,SME-2024-00387,2025-11-19 15:52:00,Phone,Technical,Negatif,Closed-no-solution,44,False
INT-00387-1030,SME-2024-00387,2026-03-18 11:47:00,Live Chat,General,Positif,Pending,72,True
INT-00388-1031,SME-2024-00388,2026-04-19 08:44:00,Email,Technical,Netral,Resolved,12,False
INT-00388-1032,SME-2024-00388,2025-10-23 08:56:00,Live Chat,General,Netral,Resolved,32,False
INT-00389-1033,SME-2024-00389,2025-07-24 08:56:00,WhatsApp,General,Negatif,Closed-no-solution,74,False
INT-00389-1034,SME-2024-00389,2026-06-23 09:17:00,Portal,Billing,Negatif,Resolved,69,False
INT-00390-1035,SME-2024-00390,2025-10-14 14:33:00,WhatsApp,Technical,Netral,Resolved,21,False
INT-00391-1036,SME-2024-00391,2025-08-09 11:33:00,WhatsApp,Technical,Negatif,Pending,48,True
INT-00391-1037,SME-2024-00391,2026-05-13 08:20:00,Phone,General,Negatif,Pending,44,True
INT-00391-1038,SME-2024-00391,2026-04-03 16:43:00,Phone,Technical,Positif,Resolved,37,False
INT-00391-1039,SME-2024-00391,2025-07-15 17:47:00,WhatsApp,Technical,Netral,Resolved,20,False
INT-00392-1040,SME-2024-00392,2025-07-09 14:47:00,Email,Technical,Netral,Resolved,22,False
INT-00392-1041,SME-2024-00392,2025-12-25 13:36:00,Email,Upgrade,Negatif,Pending,38,True
INT-00392-1042,SME-2024-00392,2026-05-01 13:37:00,Phone,General,Netral,Resolved,26,False
INT-00393-1043,SME-2024-00393,2026-03-03 11:56:00,Phone,Technical,Negatif,Pending,85,True
INT-00393-1044,SME-2024-00393,2026-04-18 10:55:00,WhatsApp,Upgrade,Netral,Resolved,13,False
INT-00394-1045,SME-2024-00394,2026-06-24 11:43:00,WhatsApp,Billing,Positif,Resolved,5,False
INT-00394-1046,SME-2024-00394,2026-02-12 14:33:00,Live Chat,Technical,Netral,Resolved,34,False
INT-00395-1047,SME-2024-00395,2026-03-05 13:00:00,Live Chat,General,Positif,Resolved,15,False
INT-00395-1048,SME-2024-00395,2025-10-15 08:21:00,Live Chat,Billing,Positif,Resolved,18,False
INT-00395-1049,SME-2024-00395,2026-06-13 13:47:00,Phone,General,Netral,Resolved,25,False
INT-00395-1050,SME-2024-00395,2025-11-25 14:30:00,Live Chat,Technical,Netral,Resolved,10,False
INT-00396-1051,SME-2024-00396,2026-03-20 08:42:00,Live Chat,Billing,Negatif,Resolved,64,False
INT-00396-1052,SME-2024-00396,2026-03-19 15:25:00,WhatsApp,Technical,Positif,Resolved,20,False
INT-00396-1053,SME-2024-00396,2026-05-13 08:16:00,WhatsApp,General,Negatif,Escalated,98,True
INT-00397-1054,SME-2024-00397,2026-02-25 09:39:00,Email,General,Netral,Resolved,23,False
INT-00397-1055,SME-2024-00397,2026-01-05 14:06:00,WhatsApp,Billing,Negatif,Resolved,40,False
INT-00397-1056,SME-2024-00397,2026-05-15 15:12:00,Email,Technical,Netral,Resolved,45,False
INT-00397-1057,SME-2024-00397,2026-03-06 11:00:00,Live Chat,Billing,Netral,Resolved,9,False
INT-00398-1058,SME-2024-00398,2026-06-19 14:21:00,WhatsApp,Technical,Negatif,Resolved,84,False
INT-00398-1059,SME-2024-00398,2025-11-24 15:59:00,Phone,General,Positif,Resolved,29,False
INT-00399-1060,SME-2024-00399,2026-01-16 14:46:00,WhatsApp,Billing,Positif,Resolved,50,False
INT-00399-1061,SME-2024-00399,2026-04-27 16:15:00,Email,Technical,Positif,Resolved,25,False
INT-00399-1062,SME-2024-00399,2026-05-09 11:01:00,WhatsApp,General,Netral,Resolved,5,False
INT-00400-1063,SME-2024-00400,2026-03-03 11:17:00,Portal,Technical,Positif,Resolved,22,False
INT-00401-1064,SME-2024-00401,2026-04-19 13:29:00,WhatsApp,Technical,Netral,Resolved,35,False
INT-00402-1065,SME-2024-00402,2025-08-09 13:07:00,WhatsApp,Technical,Negatif,Resolved,38,False
INT-00402-1066,SME-2024-00402,2026-01-17 17:28:00,Portal,Upgrade,Negatif,Pending,55,True
INT-00402-1067,SME-2024-00402,2026-05-25 09:25:00,WhatsApp,Technical,Positif,Resolved,35,False
INT-00402-1068,SME-2024-00402,2026-04-16 13:51:00,WhatsApp,Technical,Positif,Resolved,32,False
INT-00402-1069,SME-2024-00402,2026-01-19 13:41:00,WhatsApp,General,Positif,Pending,5,True
INT-00403-1070,SME-2024-00403,2025-10-01 08:41:00,WhatsApp,General,Netral,Resolved,27,False
INT-00404-1071,SME-2024-00404,2026-01-13 14:56:00,Phone,Billing,Positif,Resolved,39,False
INT-00404-1072,SME-2024-00404,2025-12-18 16:11:00,Portal,Upgrade,Negatif,Pending,69,True
INT-00404-1073,SME-2024-00404,2025-09-10 17:35:00,Portal,Technical,Netral,Resolved,22,False
INT-00405-1074,SME-2024-00405,2025-07-10 11:11:00,WhatsApp,Billing,Netral,Resolved,27,False
INT-00405-1075,SME-2024-00405,2025-11-21 14:43:00,Phone,General,Netral,Resolved,13,False
INT-00405-1076,SME-2024-00405,2026-06-14 16:45:00,Phone,Upgrade,Netral,Pending,40,True
INT-00405-1077,SME-2024-00405,2026-05-11 09:18:00,Phone,General,Netral,Resolved,19,False
INT-00405-1078,SME-2024-00405,2026-02-18 09:19:00,WhatsApp,General,Positif,Resolved,36,False
INT-00406-1079,SME-2024-00406,2025-07-16 15:20:00,Portal,Upgrade,Positif,Resolved,61,False
INT-00406-1080,SME-2024-00406,2025-09-12 15:35:00,Phone,Billing,Positif,Resolved,11,False
INT-00406-1081,SME-2024-00406,2026-04-21 10:48:00,WhatsApp,Technical,Netral,Resolved,29,False
INT-00406-1082,SME-2024-00406,2025-09-26 17:01:00,Live Chat,General,Negatif,Resolved,66,False
INT-00410-1083,SME-2024-00410,2026-05-15 11:45:00,WhatsApp,Technical,Netral,Resolved,21,False
INT-00410-1084,SME-2024-00410,2025-12-19 12:58:00,WhatsApp,Technical,Positif,Resolved,29,False
INT-00410-1085,SME-2024-00410,2026-01-20 10:16:00,WhatsApp,Technical,Netral,Resolved,27,False
INT-00410-1086,SME-2024-00410,2025-07-05 13:12:00,Live Chat,Billing,Netral,Resolved,25,False
INT-00410-1087,SME-2024-00410,2025-11-14 13:04:00,WhatsApp,Billing,Positif,Pending,46,True
INT-00411-1088,SME-2024-00411,2025-11-11 14:36:00,Phone,General,Netral,Resolved,33,False
INT-00411-1089,SME-2024-00411,2025-09-24 17:08:00,WhatsApp,General,Negatif,Escalated,49,True
INT-00411-1090,SME-2024-00411,2026-06-12 16:36:00,Portal,Technical,Negatif,Escalated,58,True
INT-00411-1091,SME-2024-00411,2026-02-10 17:58:00,Email,General,Negatif,Pending,42,True
INT-00411-1092,SME-2024-00411,2025-08-27 16:56:00,WhatsApp,Technical,Positif,Resolved,15,False
INT-00412-1093,SME-2024-00412,2025-08-08 16:09:00,WhatsApp,Upgrade,Negatif,Resolved,53,False
INT-00412-1094,SME-2024-00412,2026-04-04 17:45:00,Live Chat,General,Negatif,Closed-no-solution,34,False
INT-00412-1095,SME-2024-00412,2025-09-22 17:15:00,Phone,Technical,Netral,Resolved,14,False
INT-00413-1096,SME-2024-00413,2025-08-26 09:37:00,Phone,Technical,Negatif,Resolved,82,False
INT-00414-1097,SME-2024-00414,2026-06-13 14:52:00,Email,General,Positif,Pending,14,True
INT-00414-1098,SME-2024-00414,2026-01-14 12:30:00,Email,General,Positif,Resolved,33,False
INT-00414-1099,SME-2024-00414,2026-01-17 14:44:00,WhatsApp,General,Netral,Resolved,21,False
INT-00414-1100,SME-2024-00414,2026-01-11 13:27:00,WhatsApp,General,Netral,Resolved,19,False
INT-00415-1101,SME-2024-00415,2025-08-23 15:35:00,WhatsApp,General,Negatif,Closed-no-solution,40,False
INT-00415-1102,SME-2024-00415,2026-05-05 12:26:00,Email,Technical,Negatif,Escalated,43,True
INT-00416-1103,SME-2024-00416,2025-12-15 09:52:00,WhatsApp,General,Positif,Pending,38,True
INT-00416-1104,SME-2024-00416,2026-06-02 15:44:00,Email,General,Positif,Resolved,50,False
INT-00416-1105,SME-2024-00416,2025-08-04 15:02:00,Phone,General,Negatif,Closed-no-solution,57,False
INT-00416-1106,SME-2024-00416,2026-04-26 16:47:00,Live Chat,Technical,Positif,Resolved,45,False
INT-00416-1107,SME-2024-00416,2025-09-19 12:11:00,WhatsApp,General,Positif,Resolved,46,False
INT-00418-1108,SME-2024-00418,2026-01-27 12:23:00,WhatsApp,Technical,Negatif,Escalated,63,True
INT-00419-1109,SME-2024-00419,2025-11-26 08:16:00,Phone,Technical,Netral,Escalated,60,True
INT-00419-1110,SME-2024-00419,2025-07-04 13:26:00,Portal,Upgrade,Netral,Resolved,40,False
INT-00420-1111,SME-2024-00420,2026-01-02 11:15:00,WhatsApp,Technical,Netral,Resolved,5,False
INT-00420-1112,SME-2024-00420,2025-12-22 14:12:00,WhatsApp,General,Positif,Resolved,11,False
INT-00420-1113,SME-2024-00420,2025-12-07 17:59:00,WhatsApp,Billing,Netral,Resolved,34,False
INT-00420-1114,SME-2024-00420,2025-07-15 10:41:00,Phone,Technical,Netral,Resolved,18,False
INT-00420-1115,SME-2024-00420,2025-12-07 09:20:00,Live Chat,Technical,Netral,Resolved,33,False
INT-00420-1116,SME-2024-00420,2026-02-08 15:19:00,WhatsApp,Billing,Positif,Resolved,39,False
INT-00421-1117,SME-2024-00421,2025-11-04 16:40:00,WhatsApp,Technical,Positif,Resolved,19,False
INT-00422-1118,SME-2024-00422,2025-08-15 15:18:00,Phone,General,Positif,Resolved,45,False
INT-00422-1119,SME-2024-00422,2025-07-26 14:23:00,WhatsApp,General,Netral,Resolved,39,False
INT-00422-1120,SME-2024-00422,2026-02-18 14:37:00,WhatsApp,General,Positif,Resolved,10,False
INT-00422-1121,SME-2024-00422,2025-11-06 09:38:00,WhatsApp,Billing,Netral,Resolved,32,False
INT-00424-1122,SME-2024-00424,2025-09-18 12:06:00,WhatsApp,Technical,Netral,Resolved,33,False
INT-00425-1123,SME-2024-00425,2026-04-23 17:22:00,Phone,Upgrade,Positif,Resolved,20,False
INT-00425-1124,SME-2024-00425,2025-08-07 11:47:00,Live Chat,Billing,Negatif,Resolved,48,False
INT-00425-1125,SME-2024-00425,2025-08-08 11:07:00,Live Chat,General,Positif,Resolved,38,False
INT-00425-1126,SME-2024-00425,2026-02-06 11:08:00,WhatsApp,Technical,Positif,Pending,55,True
INT-00425-1127,SME-2024-00425,2025-11-19 17:55:00,WhatsApp,General,Positif,Resolved,57,False
INT-00425-1128,SME-2024-00425,2025-08-22 15:09:00,Live Chat,Technical,Netral,Resolved,38,False
INT-00425-1129,SME-2024-00425,2025-10-22 12:26:00,Live Chat,General,Positif,Resolved,17,False
INT-00426-1130,SME-2024-00426,2025-09-12 14:30:00,Email,Billing,Netral,Resolved,28,False
INT-00426-1131,SME-2024-00426,2025-11-01 16:48:00,Phone,Billing,Positif,Pending,10,True
INT-00426-1132,SME-2024-00426,2025-08-10 14:00:00,WhatsApp,Technical,Netral,Resolved,18,False
INT-00426-1133,SME-2024-00426,2026-02-27 10:56:00,Live Chat,Technical,Positif,Resolved,31,False
INT-00427-1134,SME-2024-00427,2026-01-18 10:58:00,WhatsApp,Billing,Netral,Resolved,8,False
INT-00427-1135,SME-2024-00427,2026-05-22 08:47:00,WhatsApp,Billing,Positif,Resolved,36,False
INT-00427-1136,SME-2024-00427,2025-07-06 14:40:00,Live Chat,Billing,Netral,Pending,37,True
INT-00427-1137,SME-2024-00427,2025-12-22 10:57:00,Live Chat,Upgrade,Positif,Resolved,11,False
INT-00427-1138,SME-2024-00427,2026-06-11 12:44:00,Phone,Billing,Netral,Resolved,43,False
INT-00428-1139,SME-2024-00428,2026-05-18 15:08:00,Portal,Upgrade,Netral,Resolved,5,False
INT-00428-1140,SME-2024-00428,2026-01-08 17:42:00,WhatsApp,Technical,Negatif,Resolved,75,False
INT-00428-1141,SME-2024-00428,2025-08-25 08:10:00,WhatsApp,Billing,Netral,Resolved,69,False
INT-00429-1142,SME-2024-00429,2025-10-10 12:17:00,Email,Upgrade,Netral,Resolved,31,False
INT-00429-1143,SME-2024-00429,2025-12-03 12:40:00,WhatsApp,Upgrade,Positif,Resolved,22,False
INT-00430-1144,SME-2024-00430,2026-06-01 12:02:00,WhatsApp,Technical,Positif,Resolved,12,False
INT-00430-1145,SME-2024-00430,2026-04-04 17:08:00,WhatsApp,Billing,Positif,Resolved,39,False
INT-00431-1146,SME-2024-00431,2026-01-07 14:46:00,WhatsApp,General,Positif,Resolved,35,False
INT-00432-1147,SME-2024-00432,2026-02-16 09:36:00,WhatsApp,General,Netral,Resolved,37,False
INT-00432-1148,SME-2024-00432,2026-06-01 14:59:00,Phone,Upgrade,Negatif,Pending,66,True
INT-00432-1149,SME-2024-00432,2025-11-20 15:44:00,Email,Upgrade,Netral,Resolved,28,False
INT-00432-1150,SME-2024-00432,2025-07-16 08:47:00,WhatsApp,General,Positif,Resolved,35,False
INT-00436-1151,SME-2024-00436,2026-05-06 10:51:00,Email,Upgrade,Netral,Resolved,17,False
INT-00436-1152,SME-2024-00436,2026-02-04 14:49:00,Live Chat,General,Netral,Resolved,21,False
INT-00436-1153,SME-2024-00436,2025-12-05 16:33:00,Email,General,Positif,Pending,23,True
INT-00437-1154,SME-2024-00437,2025-10-16 10:48:00,WhatsApp,Technical,Positif,Escalated,13,True
INT-00438-1155,SME-2024-00438,2025-08-15 12:44:00,WhatsApp,General,Netral,Resolved,7,False
INT-00438-1156,SME-2024-00438,2026-03-19 14:55:00,Email,General,Netral,Resolved,10,False
INT-00440-1157,SME-2024-00440,2025-09-03 14:09:00,Phone,Technical,Positif,Resolved,34,False
INT-00440-1158,SME-2024-00440,2026-01-18 09:40:00,WhatsApp,Billing,Positif,Resolved,62,False
INT-00440-1159,SME-2024-00440,2025-12-24 15:37:00,Email,Billing,Positif,Resolved,38,False
INT-00440-1160,SME-2024-00440,2025-11-09 14:17:00,WhatsApp,Billing,Netral,Resolved,34,False
INT-00441-1161,SME-2024-00441,2026-02-20 11:46:00,Live Chat,Technical,Negatif,Closed-no-solution,50,False
INT-00441-1162,SME-2024-00441,2025-07-24 13:26:00,Phone,Technical,Positif,Escalated,16,True
INT-00441-1163,SME-2024-00441,2026-01-04 09:56:00,WhatsApp,Upgrade,Negatif,Pending,40,True
INT-00442-1164,SME-2024-00442,2025-12-08 08:15:00,WhatsApp,Technical,Netral,Resolved,23,False
INT-00442-1165,SME-2024-00442,2025-10-01 08:29:00,WhatsApp,Billing,Netral,Resolved,50,False
INT-00442-1166,SME-2024-00442,2025-08-13 14:55:00,Phone,Upgrade,Netral,Resolved,42,False
INT-00443-1167,SME-2024-00443,2026-02-04 16:40:00,Live Chat,Technical,Netral,Resolved,32,False
INT-00443-1168,SME-2024-00443,2025-08-04 17:52:00,Phone,Upgrade,Negatif,Pending,45,True
INT-00443-1169,SME-2024-00443,2025-07-20 08:47:00,Phone,General,Positif,Resolved,46,False
INT-00444-1170,SME-2024-00444,2025-07-18 09:49:00,WhatsApp,Technical,Netral,Resolved,37,False
INT-00444-1171,SME-2024-00444,2025-11-22 08:00:00,Live Chat,Upgrade,Positif,Pending,39,True
INT-00444-1172,SME-2024-00444,2026-05-27 11:47:00,WhatsApp,General,Negatif,Closed-no-solution,64,False
INT-00445-1173,SME-2024-00445,2026-02-03 16:45:00,Email,General,Negatif,Resolved,34,False
INT-00445-1174,SME-2024-00445,2026-01-26 12:31:00,Phone,Billing,Netral,Resolved,10,False
INT-00445-1175,SME-2024-00445,2026-04-07 17:40:00,Email,General,Netral,Resolved,45,False
INT-00445-1176,SME-2024-00445,2026-04-24 12:50:00,WhatsApp,Billing,Netral,Resolved,56,False
INT-00445-1177,SME-2024-00445,2026-03-16 13:01:00,Phone,General,Netral,Resolved,19,False
INT-00447-1178,SME-2024-00447,2026-02-07 13:50:00,WhatsApp,Technical,Positif,Resolved,18,False
INT-00447-1179,SME-2024-00447,2026-04-17 11:28:00,Phone,Billing,Negatif,Resolved,30,False
INT-00447-1180,SME-2024-00447,2026-06-18 12:52:00,WhatsApp,Billing,Positif,Pending,33,True
INT-00447-1181,SME-2024-00447,2026-02-05 17:58:00,Phone,General,Netral,Resolved,53,False
INT-00447-1182,SME-2024-00447,2025-10-04 17:56:00,Live Chat,Technical,Positif,Resolved,23,False
INT-00448-1183,SME-2024-00448,2026-06-08 10:25:00,Email,Technical,Netral,Resolved,63,False
INT-00448-1184,SME-2024-00448,2026-02-16 16:13:00,WhatsApp,Technical,Netral,Resolved,18,False
INT-00448-1185,SME-2024-00448,2026-06-22 14:05:00,Email,General,Netral,Resolved,26,False
INT-00450-1186,SME-2024-00450,2025-07-14 16:57:00,Live Chat,Technical,Positif,Resolved,13,False
INT-00451-1187,SME-2024-00451,2025-08-19 09:57:00,Email,Billing,Netral,Resolved,54,False
INT-00451-1188,SME-2024-00451,2025-10-11 16:13:00,Phone,Technical,Netral,Resolved,30,False
INT-00451-1189,SME-2024-00451,2026-03-19 11:39:00,Email,Technical,Negatif,Resolved,75,False
INT-00452-1190,SME-2024-00452,2025-08-19 11:16:00,Phone,Billing,Positif,Resolved,45,False
INT-00452-1191,SME-2024-00452,2025-07-20 12:34:00,Phone,Technical,Netral,Resolved,23,False
INT-00453-1192,SME-2024-00453,2026-02-06 14:30:00,Phone,General,Netral,Resolved,24,False
INT-00453-1193,SME-2024-00453,2026-03-08 13:05:00,WhatsApp,Upgrade,Netral,Resolved,12,False
INT-00453-1194,SME-2024-00453,2025-08-17 17:58:00,WhatsApp,Billing,Netral,Resolved,44,False
INT-00454-1195,SME-2024-00454,2026-05-05 13:35:00,WhatsApp,General,Positif,Escalated,45,True
INT-00454-1196,SME-2024-00454,2026-02-24 16:36:00,WhatsApp,General,Netral,Pending,67,True
INT-00454-1197,SME-2024-00454,2026-05-20 08:43:00,Phone,Technical,Netral,Resolved,27,False
INT-00455-1198,SME-2024-00455,2026-01-09 14:06:00,WhatsApp,Technical,Negatif,Resolved,66,False
INT-00455-1199,SME-2024-00455,2026-01-09 17:36:00,WhatsApp,Technical,Netral,Resolved,43,False
INT-00455-1200,SME-2024-00455,2025-10-20 08:37:00,WhatsApp,Technical,Netral,Resolved,21,False
INT-00457-1201,SME-2024-00457,2025-10-10 11:18:00,WhatsApp,Billing,Positif,Resolved,43,False
INT-00457-1202,SME-2024-00457,2025-09-06 11:22:00,Live Chat,Billing,Positif,Resolved,54,False
INT-00458-1203,SME-2024-00458,2025-08-03 08:37:00,Live Chat,General,Netral,Resolved,31,False
INT-00458-1204,SME-2024-00458,2026-05-21 15:23:00,Email,General,Negatif,Pending,52,True
INT-00458-1205,SME-2024-00458,2026-05-22 16:25:00,WhatsApp,Technical,Positif,Resolved,56,False
INT-00459-1206,SME-2024-00459,2026-03-15 17:39:00,Phone,Billing,Netral,Resolved,49,False
INT-00459-1207,SME-2024-00459,2025-08-09 16:41:00,Portal,Billing,Positif,Pending,13,True
INT-00459-1208,SME-2024-00459,2025-12-22 12:19:00,Live Chat,Billing,Positif,Resolved,31,False
INT-00459-1209,SME-2024-00459,2025-10-15 16:07:00,WhatsApp,Upgrade,Positif,Resolved,24,False
INT-00459-1210,SME-2024-00459,2026-01-16 16:11:00,Email,General,Positif,Resolved,31,False
INT-00459-1211,SME-2024-00459,2025-10-15 09:50:00,Email,Upgrade,Negatif,Resolved,61,False
INT-00459-1212,SME-2024-00459,2026-05-15 12:18:00,WhatsApp,General,Negatif,Pending,49,True
INT-00459-1213,SME-2024-00459,2025-11-06 14:53:00,Phone,Billing,Negatif,Resolved,59,False
INT-00460-1214,SME-2024-00460,2026-04-16 10:40:00,Email,Technical,Negatif,Closed-no-solution,64,False
INT-00460-1215,SME-2024-00460,2025-07-06 16:51:00,WhatsApp,General,Netral,Resolved,37,False
INT-00460-1216,SME-2024-00460,2025-11-08 15:57:00,WhatsApp,General,Positif,Resolved,48,False
INT-00461-1217,SME-2024-00461,2025-12-23 16:36:00,Email,Upgrade,Positif,Resolved,25,False
INT-00461-1218,SME-2024-00461,2026-03-07 16:58:00,WhatsApp,Billing,Negatif,Resolved,41,False
INT-00463-1219,SME-2024-00463,2025-12-21 11:04:00,WhatsApp,Billing,Positif,Escalated,27,True
INT-00463-1220,SME-2024-00463,2026-06-25 13:33:00,Live Chat,General,Positif,Resolved,44,False
INT-00463-1221,SME-2024-00463,2026-04-10 09:18:00,Phone,Upgrade,Netral,Pending,8,True
INT-00465-1222,SME-2024-00465,2025-12-16 12:53:00,WhatsApp,Technical,Positif,Resolved,11,False
INT-00465-1223,SME-2024-00465,2026-01-03 17:12:00,WhatsApp,Technical,Netral,Pending,37,True
INT-00465-1224,SME-2024-00465,2026-04-02 15:39:00,WhatsApp,General,Netral,Pending,13,True
INT-00465-1225,SME-2024-00465,2026-01-12 14:53:00,WhatsApp,Upgrade,Positif,Resolved,21,False
INT-00465-1226,SME-2024-00465,2025-10-26 08:24:00,Portal,Technical,Netral,Resolved,20,False
INT-00465-1227,SME-2024-00465,2025-07-14 12:24:00,WhatsApp,Technical,Negatif,Pending,46,True
INT-00465-1228,SME-2024-00465,2026-05-21 14:31:00,Email,Billing,Netral,Resolved,33,False
INT-00466-1229,SME-2024-00466,2026-02-01 08:07:00,Phone,Upgrade,Netral,Resolved,11,False
INT-00467-1230,SME-2024-00467,2026-01-05 08:01:00,Phone,Billing,Netral,Resolved,61,False
INT-00467-1231,SME-2024-00467,2026-02-14 12:25:00,Email,Billing,Netral,Resolved,44,False
INT-00467-1232,SME-2024-00467,2026-04-15 16:35:00,Portal,Technical,Negatif,Closed-no-solution,45,False
INT-00467-1233,SME-2024-00467,2026-03-25 10:56:00,WhatsApp,Upgrade,Netral,Resolved,15,False
INT-00468-1234,SME-2024-00468,2025-09-25 10:23:00,WhatsApp,Upgrade,Positif,Resolved,10,False
INT-00468-1235,SME-2024-00468,2025-07-22 11:51:00,Portal,Technical,Positif,Resolved,31,False
INT-00468-1236,SME-2024-00468,2026-04-24 15:49:00,Live Chat,General,Netral,Resolved,39,False
INT-00468-1237,SME-2024-00468,2026-04-20 13:10:00,Live Chat,Upgrade,Positif,Escalated,23,True
INT-00469-1238,SME-2024-00469,2025-08-22 09:25:00,Phone,Upgrade,Netral,Resolved,46,False
INT-00469-1239,SME-2024-00469,2026-01-25 10:44:00,WhatsApp,General,Negatif,Resolved,44,False
INT-00469-1240,SME-2024-00469,2026-06-15 10:30:00,WhatsApp,General,Positif,Resolved,14,False
INT-00469-1241,SME-2024-00469,2026-02-18 16:20:00,Phone,General,Positif,Pending,34,True
INT-00469-1242,SME-2024-00469,2025-08-24 09:24:00,Phone,Upgrade,Positif,Escalated,36,True
INT-00470-1243,SME-2024-00470,2025-07-07 08:54:00,WhatsApp,Technical,Netral,Pending,37,True
INT-00470-1244,SME-2024-00470,2025-10-19 13:46:00,WhatsApp,Billing,Netral,Resolved,9,False
INT-00471-1245,SME-2024-00471,2025-07-23 17:44:00,Live Chat,Upgrade,Positif,Resolved,33,False
INT-00473-1246,SME-2024-00473,2026-01-07 12:55:00,WhatsApp,General,Positif,Pending,38,True
INT-00473-1247,SME-2024-00473,2025-09-26 15:30:00,WhatsApp,Technical,Negatif,Resolved,36,False
INT-00473-1248,SME-2024-00473,2026-01-19 09:04:00,WhatsApp,Upgrade,Positif,Resolved,24,False
INT-00473-1249,SME-2024-00473,2026-05-27 12:12:00,WhatsApp,Technical,Positif,Resolved,30,False
INT-00474-1250,SME-2024-00474,2026-04-12 08:50:00,Phone,General,Positif,Resolved,5,False
INT-00474-1251,SME-2024-00474,2025-07-11 14:46:00,Portal,Technical,Netral,Resolved,15,False
INT-00474-1252,SME-2024-00474,2026-06-02 12:21:00,Live Chat,Billing,Netral,Resolved,22,False
INT-00474-1253,SME-2024-00474,2026-01-22 16:11:00,Phone,Technical,Negatif,Escalated,38,True
INT-00474-1254,SME-2024-00474,2026-02-02 10:35:00,WhatsApp,Technical,Netral,Resolved,20,False
INT-00475-1255,SME-2024-00475,2026-04-09 11:27:00,Portal,General,Positif,Resolved,5,False
INT-00475-1256,SME-2024-00475,2025-09-24 08:31:00,WhatsApp,Technical,Negatif,Resolved,47,False
INT-00475-1257,SME-2024-00475,2026-05-20 13:01:00,Phone,Billing,Negatif,Resolved,49,False
INT-00475-1258,SME-2024-00475,2026-06-16 16:36:00,Email,Upgrade,Negatif,Resolved,49,False
INT-00475-1259,SME-2024-00475,2025-10-05 14:47:00,Portal,Upgrade,Netral,Resolved,34,False
INT-00476-1260,SME-2024-00476,2025-09-05 14:14:00,Phone,General,Negatif,Closed-no-solution,53,False
INT-00476-1261,SME-2024-00476,2026-02-25 16:37:00,Phone,General,Netral,Resolved,39,False
INT-00477-1262,SME-2024-00477,2026-04-17 11:06:00,Live Chat,General,Netral,Resolved,16,False
INT-00477-1263,SME-2024-00477,2025-07-15 17:18:00,Phone,Technical,Netral,Resolved,41,False
INT-00477-1264,SME-2024-00477,2025-12-18 17:38:00,WhatsApp,Upgrade,Netral,Resolved,14,False
INT-00478-1265,SME-2024-00478,2025-07-20 14:00:00,WhatsApp,General,Netral,Escalated,34,True
INT-00478-1266,SME-2024-00478,2025-09-13 17:39:00,WhatsApp,Technical,Netral,Resolved,42,False
INT-00479-1267,SME-2024-00479,2025-12-22 13:34:00,WhatsApp,General,Netral,Resolved,10,False
INT-00479-1268,SME-2024-00479,2026-04-16 14:56:00,Email,Technical,Netral,Resolved,30,False
INT-00479-1269,SME-2024-00479,2026-06-13 15:25:00,Portal,General,Netral,Resolved,66,False
INT-00479-1270,SME-2024-00479,2025-10-08 15:54:00,Phone,Upgrade,Positif,Resolved,37,False
INT-00479-1271,SME-2024-00479,2026-06-15 08:38:00,WhatsApp,Technical,Negatif,Resolved,66,False
INT-00479-1272,SME-2024-00479,2026-02-16 08:58:00,Phone,Billing,Negatif,Escalated,46,True
INT-00480-1273,SME-2024-00480,2025-07-02 12:58:00,WhatsApp,Upgrade,Netral,Pending,30,True
INT-00480-1274,SME-2024-00480,2025-08-17 17:26:00,Phone,Billing,Netral,Resolved,43,False
INT-00480-1275,SME-2024-00480,2026-02-02 13:19:00,WhatsApp,Technical,Netral,Resolved,33,False
INT-00480-1276,SME-2024-00480,2025-09-01 08:49:00,Phone,Upgrade,Positif,Resolved,27,False
INT-00481-1277,SME-2024-00481,2025-10-20 14:57:00,Phone,Upgrade,Negatif,Resolved,26,False
INT-00481-1278,SME-2024-00481,2025-11-05 13:39:00,Phone,Billing,Positif,Resolved,11,False
INT-00482-1279,SME-2024-00482,2025-11-02 09:25:00,Email,General,Netral,Resolved,41,False
INT-00482-1280,SME-2024-00482,2026-04-17 10:53:00,Phone,General,Positif,Resolved,20,False
INT-00482-1281,SME-2024-00482,2026-01-21 17:41:00,Live Chat,Technical,Positif,Resolved,32,False
INT-00483-1282,SME-2024-00483,2025-07-19 14:36:00,Phone,Billing,Positif,Resolved,28,False
INT-00483-1283,SME-2024-00483,2025-10-23 14:45:00,WhatsApp,Technical,Negatif,Resolved,61,False
INT-00484-1284,SME-2024-00484,2026-06-20 16:34:00,Portal,Technical,Positif,Resolved,13,False
INT-00485-1285,SME-2024-00485,2026-05-10 09:18:00,Phone,Upgrade,Netral,Resolved,26,False
INT-00485-1286,SME-2024-00485,2026-02-15 16:01:00,WhatsApp,Upgrade,Netral,Resolved,43,False
INT-00485-1287,SME-2024-00485,2025-08-24 09:53:00,WhatsApp,General,Netral,Pending,24,True
INT-00485-1288,SME-2024-00485,2025-11-04 09:14:00,Phone,Technical,Positif,Resolved,28,False
INT-00485-1289,SME-2024-00485,2025-09-06 09:58:00,Phone,General,Netral,Resolved,22,False
INT-00486-1290,SME-2024-00486,2026-04-22 11:43:00,Portal,General,Netral,Escalated,41,True
INT-00486-1291,SME-2024-00486,2025-11-11 12:44:00,Phone,Technical,Netral,Resolved,49,False
INT-00486-1292,SME-2024-00486,2026-02-12 12:41:00,Portal,Upgrade,Positif,Resolved,21,False
INT-00486-1293,SME-2024-00486,2026-02-18 13:57:00,Phone,Upgrade,Netral,Resolved,32,False
INT-00486-1294,SME-2024-00486,2025-12-13 09:23:00,WhatsApp,Upgrade,Negatif,Pending,71,True
INT-00487-1295,SME-2024-00487,2026-05-18 10:40:00,Email,Billing,Netral,Resolved,44,False
INT-00488-1296,SME-2024-00488,2026-02-14 08:49:00,Live Chat,Billing,Netral,Resolved,32,False
INT-00489-1297,SME-2024-00489,2026-04-26 14:59:00,Phone,Technical,Netral,Resolved,33,False
INT-00490-1298,SME-2024-00490,2025-09-16 09:07:00,Phone,Technical,Positif,Resolved,28,False
INT-00490-1299,SME-2024-00490,2025-12-14 11:10:00,WhatsApp,Technical,Positif,Resolved,27,False
INT-00490-1300,SME-2024-00490,2026-03-18 14:08:00,WhatsApp,Upgrade,Negatif,Closed-no-solution,53,False
INT-00490-1301,SME-2024-00490,2025-11-09 16:56:00,Phone,Billing,Netral,Resolved,16,False
INT-00491-1302,SME-2024-00491,2026-04-13 10:46:00,Phone,Technical,Netral,Resolved,35,False
INT-00491-1303,SME-2024-00491,2026-05-12 15:54:00,Live Chat,Billing,Positif,Resolved,46,False
INT-00491-1304,SME-2024-00491,2025-09-12 09:39:00,WhatsApp,Upgrade,Negatif,Escalated,79,True
INT-00491-1305,SME-2024-00491,2025-07-07 10:07:00,WhatsApp,Technical,Negatif,Resolved,68,False
INT-00491-1306,SME-2024-00491,2026-03-09 17:34:00,Portal,Upgrade,Netral,Pending,38,True
INT-00491-1307,SME-2024-00491,2026-04-27 09:13:00,Phone,Technical,Positif,Resolved,51,False
INT-00492-1308,SME-2024-00492,2025-10-25 09:07:00,Phone,Technical,Positif,Pending,37,True
INT-00492-1309,SME-2024-00492,2025-11-16 10:33:00,Phone,Billing,Positif,Resolved,44,False
INT-00492-1310,SME-2024-00492,2026-05-23 12:16:00,WhatsApp,Technical,Positif,Resolved,57,False
INT-00493-1311,SME-2024-00493,2025-09-23 10:18:00,Phone,Billing,Positif,Resolved,26,False
INT-00493-1312,SME-2024-00493,2026-05-06 12:38:00,WhatsApp,Technical,Netral,Resolved,15,False
INT-00493-1313,SME-2024-00493,2025-07-16 16:03:00,Email,General,Netral,Resolved,28,False
INT-00494-1314,SME-2024-00494,2026-04-04 10:53:00,WhatsApp,General,Netral,Resolved,32,False
INT-00495-1315,SME-2024-00495,2025-11-23 12:38:00,Portal,Billing,Netral,Resolved,20,False
INT-00495-1316,SME-2024-00495,2026-02-25 10:12:00,Live Chat,Technical,Negatif,Pending,56,True
INT-00495-1317,SME-2024-00495,2026-02-11 08:50:00,WhatsApp,Billing,Negatif,Resolved,53,False
INT-00496-1318,SME-2024-00496,2025-08-19 13:16:00,Live Chat,Billing,Positif,Resolved,51,False
INT-00497-1319,SME-2024-00497,2025-08-14 08:39:00,Phone,Technical,Netral,Escalated,36,True
INT-00497-1320,SME-2024-00497,2026-05-13 10:48:00,WhatsApp,Technical,Netral,Resolved,32,False
INT-00497-1321,SME-2024-00497,2025-07-25 14:42:00,Portal,Billing,Negatif,Pending,60,True
INT-00498-1322,SME-2024-00498,2025-08-21 16:47:00,Phone,Technical,Negatif,Pending,62,True
INT-00498-1323,SME-2024-00498,2025-10-14 14:01:00,Email,Billing,Positif,Resolved,45,False
INT-00498-1324,SME-2024-00498,2025-07-21 14:09:00,WhatsApp,Billing,Positif,Pending,50,True
INT-00499-1325,SME-2024-00499,2025-08-12 14:18:00,Phone,Upgrade,Negatif,Closed-no-solution,56,False
INT-00499-1326,SME-2024-00499,2026-03-19 10:01:00,WhatsApp,General,Positif,Pending,11,True
INT-00499-1327,SME-2024-00499,2025-11-26 08:37:00,Live Chat,Technical,Negatif,Pending,72,True
INT-00500-1328,SME-2024-00500,2026-03-08 17:26:00,WhatsApp,Technical,Positif,Pending,8,True
INT-00500-1329,SME-2024-00500,2025-10-17 13:00:00,Phone,Technical,Netral,Pending,21,True
INT-00500-1330,SME-2024-00500,2026-05-08 17:33:00,WhatsApp,Technical,Positif,Resolved,30,False
INT-00500-1331,SME-2024-00500,2026-06-24 10:55:00,Phone,General,Positif,Resolved,41,False
INT-00501-1332,SME-2024-00501,2026-06-24 10:24:00,Live Chat,General,Negatif,Pending,25,True
INT-00501-1333,SME-2024-00501,2026-03-08 14:03:00,Email,Technical,Netral,Resolved,23,False
INT-00501-1334,SME-2024-00501,2025-08-19 10:17:00,Live Chat,Technical,Positif,Resolved,29,False
INT-00501-1335,SME-2024-00501,2025-10-10 11:16:00,WhatsApp,General,Positif,Resolved,27,False
INT-00502-1336,SME-2024-00502,2025-10-08 12:29:00,WhatsApp,Upgrade,Positif,Resolved,11,False
INT-00502-1337,SME-2024-00502,2026-02-16 10:12:00,WhatsApp,Billing,Positif,Resolved,41,False
INT-00502-1338,SME-2024-00502,2026-02-11 12:15:00,Phone,Upgrade,Positif,Resolved,43,False
INT-00504-1339,SME-2024-00504,2026-05-17 13:13:00,Phone,Upgrade,Positif,Resolved,13,False
INT-00504-1340,SME-2024-00504,2026-04-27 10:23:00,Live Chat,Technical,Negatif,Escalated,46,True
INT-00505-1341,SME-2024-00505,2026-01-01 17:17:00,Email,Upgrade,Positif,Pending,38,True
INT-00505-1342,SME-2024-00505,2025-08-11 11:02:00,Portal,General,Negatif,Resolved,75,False
INT-00505-1343,SME-2024-00505,2026-03-05 08:30:00,Phone,Upgrade,Negatif,Escalated,55,True
INT-00506-1344,SME-2024-00506,2025-08-16 17:53:00,WhatsApp,Billing,Positif,Resolved,12,False
INT-00506-1345,SME-2024-00506,2026-04-23 14:25:00,Portal,Technical,Netral,Pending,49,True
INT-00506-1346,SME-2024-00506,2026-01-06 10:32:00,Email,General,Netral,Pending,26,True
INT-00506-1347,SME-2024-00506,2025-08-01 13:21:00,Portal,Billing,Positif,Resolved,23,False
INT-00506-1348,SME-2024-00506,2025-12-13 09:38:00,WhatsApp,Technical,Positif,Resolved,27,False
INT-00507-1349,SME-2024-00507,2025-10-23 10:49:00,Phone,Technical,Netral,Resolved,11,False
INT-00507-1350,SME-2024-00507,2026-06-03 08:10:00,WhatsApp,Billing,Netral,Resolved,51,False
INT-00508-1351,SME-2024-00508,2025-09-17 10:22:00,WhatsApp,Billing,Negatif,Resolved,86,False
INT-00508-1352,SME-2024-00508,2026-02-03 14:39:00,WhatsApp,General,Netral,Resolved,26,False
INT-00509-1353,SME-2024-00509,2025-11-21 11:33:00,WhatsApp,General,Netral,Resolved,22,False
INT-00509-1354,SME-2024-00509,2025-09-11 08:40:00,Email,General,Negatif,Closed-no-solution,76,False
INT-00509-1355,SME-2024-00509,2026-04-02 10:22:00,Phone,Billing,Positif,Escalated,38,True
INT-00509-1356,SME-2024-00509,2026-02-17 17:12:00,WhatsApp,Upgrade,Negatif,Resolved,63,False
INT-00509-1357,SME-2024-00509,2026-05-02 15:16:00,Phone,Technical,Netral,Resolved,20,False
INT-00509-1358,SME-2024-00509,2026-03-15 13:18:00,WhatsApp,Technical,Positif,Resolved,19,False
INT-00511-1359,SME-2024-00511,2025-11-12 11:51:00,Email,Billing,Netral,Pending,34,True
INT-00511-1360,SME-2024-00511,2025-11-14 14:47:00,Email,Technical,Netral,Resolved,29,False
INT-00511-1361,SME-2024-00511,2025-08-06 15:43:00,WhatsApp,Upgrade,Negatif,Resolved,58,False
INT-00511-1362,SME-2024-00511,2026-02-25 12:02:00,WhatsApp,Technical,Positif,Resolved,35,False
INT-00512-1363,SME-2024-00512,2025-11-11 16:19:00,WhatsApp,Upgrade,Positif,Resolved,35,False
INT-00514-1364,SME-2024-00514,2025-11-26 08:03:00,Phone,General,Positif,Resolved,36,False
INT-00515-1365,SME-2024-00515,2025-11-24 09:35:00,Live Chat,Technical,Netral,Resolved,12,False
INT-00516-1366,SME-2024-00516,2025-11-18 11:05:00,Email,Technical,Positif,Resolved,43,False
INT-00516-1367,SME-2024-00516,2026-01-16 17:00:00,Phone,Upgrade,Negatif,Closed-no-solution,55,False
INT-00516-1368,SME-2024-00516,2025-08-02 14:33:00,Portal,Technical,Positif,Pending,32,True
INT-00516-1369,SME-2024-00516,2026-02-22 11:37:00,WhatsApp,Billing,Positif,Resolved,43,False
INT-00516-1370,SME-2024-00516,2026-06-20 12:39:00,WhatsApp,General,Positif,Resolved,29,False
INT-00517-1371,SME-2024-00517,2025-09-12 12:23:00,WhatsApp,Billing,Netral,Resolved,5,False
INT-00517-1372,SME-2024-00517,2026-03-08 08:49:00,Live Chat,Billing,Negatif,Closed-no-solution,59,False
INT-00517-1373,SME-2024-00517,2025-08-19 13:13:00,Portal,Technical,Netral,Pending,25,True
INT-00517-1374,SME-2024-00517,2025-08-14 15:01:00,WhatsApp,Billing,Negatif,Resolved,60,False
INT-00517-1375,SME-2024-00517,2026-04-24 09:09:00,Email,Billing,Netral,Resolved,59,False
INT-00518-1376,SME-2024-00518,2026-03-18 13:50:00,WhatsApp,General,Positif,Resolved,41,False
INT-00518-1377,SME-2024-00518,2026-05-08 13:42:00,WhatsApp,General,Positif,Resolved,38,False
INT-00518-1378,SME-2024-00518,2026-05-05 11:17:00,Phone,Upgrade,Netral,Resolved,47,False
INT-00518-1379,SME-2024-00518,2026-05-18 08:53:00,Live Chat,Technical,Netral,Resolved,38,False
INT-00518-1380,SME-2024-00518,2026-01-25 08:36:00,Phone,Technical,Negatif,Escalated,63,True
INT-00518-1381,SME-2024-00518,2025-08-03 13:29:00,Portal,Technical,Positif,Resolved,28,False
INT-00519-1382,SME-2024-00519,2026-05-15 11:49:00,Live Chat,Billing,Negatif,Resolved,45,False
INT-00519-1383,SME-2024-00519,2026-01-22 17:15:00,WhatsApp,General,Positif,Resolved,20,False
INT-00519-1384,SME-2024-00519,2026-02-04 08:06:00,Email,Upgrade,Positif,Resolved,22,False
INT-00520-1385,SME-2024-00520,2026-02-10 13:18:00,WhatsApp,Technical,Negatif,Resolved,57,False
INT-00520-1386,SME-2024-00520,2026-01-22 11:03:00,Email,Billing,Netral,Resolved,27,False
INT-00521-1387,SME-2024-00521,2026-06-10 08:03:00,Phone,Technical,Netral,Resolved,26,False
INT-00521-1388,SME-2024-00521,2025-11-04 09:31:00,Portal,General,Negatif,Escalated,57,True
INT-00521-1389,SME-2024-00521,2025-09-11 17:46:00,Live Chat,Upgrade,Positif,Escalated,36,True
INT-00523-1390,SME-2024-00523,2026-05-03 11:02:00,Portal,Upgrade,Positif,Pending,42,True
INT-00523-1391,SME-2024-00523,2025-09-02 17:57:00,WhatsApp,Billing,Positif,Resolved,40,False
INT-00524-1392,SME-2024-00524,2025-09-23 13:43:00,WhatsApp,General,Netral,Resolved,35,False
INT-00524-1393,SME-2024-00524,2026-02-12 16:04:00,Live Chat,Upgrade,Netral,Resolved,20,False
INT-00524-1394,SME-2024-00524,2026-04-01 12:32:00,WhatsApp,Technical,Negatif,Closed-no-solution,40,False
INT-00524-1395,SME-2024-00524,2026-06-09 10:51:00,WhatsApp,Upgrade,Netral,Resolved,11,False
INT-00525-1396,SME-2024-00525,2026-03-03 17:47:00,Live Chat,Technical,Negatif,Resolved,49,False
INT-00526-1397,SME-2024-00526,2025-08-14 13:54:00,Live Chat,Billing,Netral,Resolved,38,False
INT-00526-1398,SME-2024-00526,2026-03-22 12:15:00,WhatsApp,General,Positif,Resolved,18,False
INT-00526-1399,SME-2024-00526,2025-09-27 16:01:00,Portal,Technical,Positif,Resolved,27,False
INT-00527-1400,SME-2024-00527,2026-01-15 08:48:00,WhatsApp,Technical,Netral,Resolved,28,False
INT-00527-1401,SME-2024-00527,2026-05-26 10:07:00,Phone,Technical,Negatif,Pending,43,True
INT-00528-1402,SME-2024-00528,2026-01-25 10:27:00,Email,Technical,Positif,Resolved,12,False
INT-00529-1403,SME-2024-00529,2025-12-27 13:30:00,WhatsApp,Billing,Positif,Pending,38,True
INT-00530-1404,SME-2024-00530,2025-10-23 17:18:00,Portal,Technical,Positif,Resolved,8,False
INT-00530-1405,SME-2024-00530,2026-02-27 16:06:00,Email,General,Netral,Resolved,27,False
INT-00530-1406,SME-2024-00530,2025-08-26 16:29:00,Live Chat,Technical,Negatif,Escalated,51,True
INT-00531-1407,SME-2024-00531,2025-07-19 11:14:00,Email,Technical,Netral,Resolved,21,False
INT-00531-1408,SME-2024-00531,2025-11-06 08:46:00,WhatsApp,Billing,Positif,Resolved,23,False
INT-00532-1409,SME-2024-00532,2025-10-16 16:27:00,Phone,Upgrade,Positif,Escalated,19,True
INT-00532-1410,SME-2024-00532,2026-04-14 09:00:00,Phone,General,Positif,Resolved,42,False
INT-00533-1411,SME-2024-00533,2025-09-22 16:53:00,Live Chat,General,Positif,Resolved,28,False
INT-00534-1412,SME-2024-00534,2025-09-19 15:01:00,WhatsApp,Technical,Netral,Resolved,30,False
INT-00534-1413,SME-2024-00534,2025-08-13 15:21:00,WhatsApp,Upgrade,Negatif,Resolved,43,False
INT-00534-1414,SME-2024-00534,2026-04-13 10:50:00,Portal,Technical,Netral,Resolved,34,False
INT-00535-1415,SME-2024-00535,2026-01-19 10:08:00,Live Chat,Upgrade,Negatif,Escalated,63,True
INT-00535-1416,SME-2024-00535,2025-11-07 13:11:00,Live Chat,Billing,Negatif,Closed-no-solution,66,False
INT-00535-1417,SME-2024-00535,2025-08-02 15:36:00,Phone,Technical,Netral,Resolved,29,False
INT-00537-1418,SME-2024-00537,2026-05-01 17:58:00,Phone,General,Netral,Resolved,51,False
INT-00538-1419,SME-2024-00538,2026-04-27 11:08:00,Email,General,Positif,Resolved,6,False
INT-00538-1420,SME-2024-00538,2026-03-17 16:28:00,Live Chat,Technical,Positif,Resolved,40,False
INT-00539-1421,SME-2024-00539,2025-09-21 15:05:00,WhatsApp,General,Negatif,Pending,66,True
INT-00540-1422,SME-2024-00540,2026-01-08 17:53:00,Phone,General,Positif,Resolved,30,False
INT-00540-1423,SME-2024-00540,2025-09-04 12:55:00,WhatsApp,General,Netral,Resolved,34,False
INT-00541-1424,SME-2024-00541,2026-03-07 12:44:00,Phone,Technical,Netral,Resolved,47,False
INT-00542-1425,SME-2024-00542,2026-02-05 08:21:00,Email,Technical,Netral,Resolved,14,False
INT-00542-1426,SME-2024-00542,2026-02-25 15:37:00,Phone,General,Netral,Resolved,20,False
INT-00542-1427,SME-2024-00542,2026-04-15 12:24:00,Phone,General,Netral,Resolved,11,False
INT-00542-1428,SME-2024-00542,2025-10-14 12:31:00,Email,Technical,Negatif,Resolved,78,False
INT-00542-1429,SME-2024-00542,2025-09-19 08:19:00,Portal,Upgrade,Netral,Resolved,45,False
INT-00543-1430,SME-2024-00543,2025-08-08 08:41:00,Live Chat,General,Netral,Resolved,29,False
INT-00543-1431,SME-2024-00543,2026-03-11 15:56:00,WhatsApp,Billing,Positif,Pending,54,True
INT-00543-1432,SME-2024-00543,2026-06-13 11:43:00,WhatsApp,Billing,Positif,Resolved,8,False
INT-00543-1433,SME-2024-00543,2025-12-21 10:35:00,WhatsApp,Technical,Netral,Pending,5,True
INT-00543-1434,SME-2024-00543,2025-11-25 12:02:00,Phone,Technical,Positif,Resolved,8,False
INT-00544-1435,SME-2024-00544,2025-08-15 08:06:00,Phone,Technical,Positif,Resolved,46,False
INT-00545-1436,SME-2024-00545,2025-12-11 09:38:00,Phone,Billing,Netral,Resolved,74,False
INT-00545-1437,SME-2024-00545,2026-01-22 15:03:00,Email,General,Negatif,Resolved,52,False
INT-00545-1438,SME-2024-00545,2026-02-17 12:01:00,Email,Technical,Positif,Pending,31,True
INT-00546-1439,SME-2024-00546,2025-12-24 12:11:00,Phone,Technical,Positif,Resolved,5,False
INT-00546-1440,SME-2024-00546,2025-12-18 10:18:00,Email,Upgrade,Negatif,Resolved,40,False
INT-00546-1441,SME-2024-00546,2025-12-19 09:42:00,Live Chat,General,Negatif,Pending,71,True
INT-00546-1442,SME-2024-00546,2026-04-05 10:34:00,Portal,Technical,Negatif,Resolved,33,False
INT-00546-1443,SME-2024-00546,2025-09-15 14:54:00,WhatsApp,General,Positif,Pending,37,True
INT-00547-1444,SME-2024-00547,2026-05-14 09:38:00,Phone,Billing,Netral,Escalated,7,True
INT-00548-1445,SME-2024-00548,2025-12-02 09:05:00,Live Chat,Technical,Netral,Resolved,41,False
INT-00548-1446,SME-2024-00548,2026-01-02 14:40:00,WhatsApp,Upgrade,Netral,Resolved,21,False
INT-00549-1447,SME-2024-00549,2025-09-09 12:32:00,WhatsApp,Technical,Negatif,Pending,61,True
INT-00549-1448,SME-2024-00549,2026-03-07 15:25:00,Live Chat,Technical,Netral,Resolved,36,False
INT-00549-1449,SME-2024-00549,2026-06-03 13:33:00,Live Chat,Upgrade,Netral,Resolved,23,False
INT-00551-1450,SME-2024-00551,2025-07-18 17:05:00,Live Chat,General,Positif,Resolved,11,False
INT-00551-1451,SME-2024-00551,2026-01-10 15:04:00,Portal,Upgrade,Positif,Resolved,19,False
INT-00551-1452,SME-2024-00551,2026-03-03 10:52:00,Email,Billing,Positif,Resolved,53,False
INT-00552-1453,SME-2024-00552,2025-10-09 15:07:00,WhatsApp,Technical,Positif,Resolved,52,False
INT-00552-1454,SME-2024-00552,2026-06-09 08:44:00,Phone,General,Netral,Resolved,37,False
INT-00553-1455,SME-2024-00553,2025-08-23 17:31:00,Portal,General,Netral,Resolved,36,False
INT-00554-1456,SME-2024-00554,2025-08-21 11:09:00,Phone,Billing,Netral,Resolved,35,False
INT-00554-1457,SME-2024-00554,2026-01-19 16:03:00,Live Chat,Technical,Netral,Resolved,31,False
INT-00554-1458,SME-2024-00554,2025-11-22 09:29:00,WhatsApp,Billing,Positif,Escalated,42,True
INT-00555-1459,SME-2024-00555,2026-06-08 12:56:00,Phone,Upgrade,Netral,Resolved,5,False
INT-00555-1460,SME-2024-00555,2026-03-14 17:04:00,Phone,Upgrade,Netral,Resolved,16,False
INT-00556-1461,SME-2024-00556,2025-11-14 13:40:00,Portal,General,Positif,Resolved,47,False
INT-00556-1462,SME-2024-00556,2026-01-23 14:13:00,WhatsApp,General,Negatif,Resolved,44,False
INT-00556-1463,SME-2024-00556,2026-03-23 08:24:00,Portal,Upgrade,Netral,Resolved,5,False
INT-00556-1464,SME-2024-00556,2026-02-16 08:25:00,Email,General,Negatif,Pending,34,True
INT-00556-1465,SME-2024-00556,2025-07-05 16:51:00,Email,Technical,Positif,Resolved,18,False
INT-00556-1466,SME-2024-00556,2025-11-02 15:09:00,Phone,Upgrade,Positif,Resolved,29,False
INT-00557-1467,SME-2024-00557,2025-12-27 15:54:00,WhatsApp,Billing,Netral,Escalated,48,True
INT-00557-1468,SME-2024-00557,2025-10-24 14:04:00,Email,Billing,Negatif,Resolved,38,False
INT-00557-1469,SME-2024-00557,2026-01-25 08:56:00,Email,General,Positif,Resolved,5,False
INT-00557-1470,SME-2024-00557,2026-01-20 12:08:00,WhatsApp,Billing,Netral,Resolved,20,False
INT-00557-1471,SME-2024-00557,2025-08-04 14:09:00,WhatsApp,Technical,Netral,Resolved,40,False
INT-00558-1472,SME-2024-00558,2025-07-16 09:00:00,WhatsApp,Upgrade,Netral,Resolved,8,False
INT-00560-1473,SME-2024-00560,2025-12-05 11:08:00,WhatsApp,Billing,Negatif,Escalated,65,True
INT-00560-1474,SME-2024-00560,2026-03-27 10:08:00,Phone,Technical,Positif,Resolved,39,False
INT-00561-1475,SME-2024-00561,2025-09-21 14:47:00,Portal,Billing,Netral,Resolved,31,False
INT-00561-1476,SME-2024-00561,2025-07-09 10:49:00,Phone,Billing,Positif,Resolved,36,False
INT-00562-1477,SME-2024-00562,2026-02-05 10:12:00,Phone,Technical,Positif,Resolved,22,False
INT-00562-1478,SME-2024-00562,2026-04-22 12:01:00,Email,Upgrade,Netral,Resolved,31,False
INT-00563-1479,SME-2024-00563,2025-12-16 12:04:00,Email,General,Positif,Resolved,28,False
INT-00563-1480,SME-2024-00563,2025-10-16 17:41:00,WhatsApp,Billing,Netral,Resolved,34,False
INT-00563-1481,SME-2024-00563,2026-01-24 14:53:00,Phone,Technical,Netral,Resolved,39,False
INT-00563-1482,SME-2024-00563,2025-08-02 16:47:00,Email,Billing,Netral,Resolved,74,False
INT-00563-1483,SME-2024-00563,2026-01-18 15:54:00,Phone,General,Netral,Pending,27,True
INT-00564-1484,SME-2024-00564,2025-12-25 13:27:00,Phone,Upgrade,Positif,Resolved,17,False
INT-00564-1485,SME-2024-00564,2025-11-06 10:39:00,Email,General,Netral,Escalated,59,True
INT-00564-1486,SME-2024-00564,2025-08-03 17:21:00,WhatsApp,General,Positif,Resolved,27,False
INT-00564-1487,SME-2024-00564,2025-08-16 09:26:00,Phone,General,Netral,Resolved,21,False
INT-00565-1488,SME-2024-00565,2025-11-06 09:36:00,Email,Technical,Netral,Resolved,11,False
INT-00565-1489,SME-2024-00565,2026-06-20 11:36:00,Email,Technical,Netral,Resolved,65,False
INT-00566-1490,SME-2024-00566,2026-02-26 14:25:00,WhatsApp,General,Netral,Resolved,40,False
INT-00567-1491,SME-2024-00567,2025-07-18 13:09:00,Email,Billing,Netral,Resolved,34,False
INT-00567-1492,SME-2024-00567,2026-05-13 12:49:00,WhatsApp,Billing,Positif,Resolved,33,False
INT-00567-1493,SME-2024-00567,2026-05-04 13:52:00,WhatsApp,General,Positif,Resolved,38,False
INT-00568-1494,SME-2024-00568,2026-01-11 13:56:00,Email,Billing,Netral,Resolved,28,False
INT-00568-1495,SME-2024-00568,2025-11-06 16:37:00,Phone,Upgrade,Positif,Resolved,23,False
INT-00568-1496,SME-2024-00568,2025-08-22 10:49:00,WhatsApp,Technical,Netral,Resolved,37,False
INT-00569-1497,SME-2024-00569,2026-03-20 10:28:00,Live Chat,Technical,Positif,Resolved,39,False
INT-00570-1498,SME-2024-00570,2025-09-02 16:44:00,WhatsApp,Technical,Positif,Pending,33,True
INT-00570-1499,SME-2024-00570,2025-08-16 14:24:00,WhatsApp,Technical,Negatif,Resolved,55,False
INT-00571-1500,SME-2024-00571,2025-11-25 14:21:00,Phone,General,Positif,Resolved,29,False
INT-00572-1501,SME-2024-00572,2026-02-16 09:37:00,WhatsApp,Billing,Netral,Pending,44,True
INT-00572-1502,SME-2024-00572,2025-11-15 14:58:00,Phone,Billing,Negatif,Escalated,57,True
INT-00572-1503,SME-2024-00572,2026-01-07 10:03:00,Email,Billing,Netral,Resolved,38,False
INT-00573-1504,SME-2024-00573,2025-11-04 09:00:00,WhatsApp,General,Netral,Resolved,56,False
INT-00573-1505,SME-2024-00573,2026-02-01 11:28:00,Live Chat,Upgrade,Negatif,Resolved,74,False
INT-00573-1506,SME-2024-00573,2025-11-27 12:44:00,Portal,Billing,Negatif,Closed-no-solution,59,False
INT-00573-1507,SME-2024-00573,2026-06-04 10:45:00,WhatsApp,Technical,Netral,Resolved,17,False
INT-00574-1508,SME-2024-00574,2026-02-03 13:41:00,Portal,General,Netral,Resolved,35,False
INT-00574-1509,SME-2024-00574,2025-09-10 11:11:00,Email,Technical,Netral,Resolved,25,False
INT-00574-1510,SME-2024-00574,2026-06-03 14:50:00,Phone,General,Netral,Resolved,17,False
INT-00575-1511,SME-2024-00575,2026-02-10 08:17:00,WhatsApp,General,Positif,Resolved,31,False
INT-00575-1512,SME-2024-00575,2026-02-02 12:54:00,Live Chat,Billing,Positif,Resolved,22,False
INT-00575-1513,SME-2024-00575,2025-07-17 12:03:00,WhatsApp,Billing,Netral,Resolved,5,False
INT-00575-1514,SME-2024-00575,2026-03-14 12:18:00,Phone,General,Positif,Escalated,18,True
INT-00575-1515,SME-2024-00575,2025-10-17 14:09:00,Live Chat,General,Positif,Resolved,40,False
INT-00576-1516,SME-2024-00576,2026-03-12 08:59:00,Phone,General,Netral,Resolved,45,False
INT-00578-1517,SME-2024-00578,2026-04-13 17:00:00,Live Chat,Upgrade,Netral,Resolved,65,False
INT-00579-1518,SME-2024-00579,2026-05-05 08:12:00,WhatsApp,Technical,Negatif,Escalated,53,True
INT-00579-1519,SME-2024-00579,2026-01-24 17:26:00,WhatsApp,General,Positif,Resolved,30,False
INT-00579-1520,SME-2024-00579,2026-05-11 16:42:00,WhatsApp,Billing,Negatif,Resolved,36,False
INT-00580-1521,SME-2024-00580,2026-02-20 15:42:00,WhatsApp,Billing,Negatif,Pending,54,True
INT-00580-1522,SME-2024-00580,2026-02-21 14:43:00,WhatsApp,Billing,Netral,Resolved,34,False
INT-00580-1523,SME-2024-00580,2026-02-06 11:34:00,Phone,Billing,Netral,Resolved,14,False
INT-00580-1524,SME-2024-00580,2026-06-14 14:28:00,Portal,Billing,Netral,Resolved,43,False
INT-00581-1525,SME-2024-00581,2025-07-13 10:50:00,Live Chat,General,Negatif,Resolved,47,False
INT-00581-1526,SME-2024-00581,2026-01-22 09:14:00,Live Chat,Technical,Negatif,Pending,84,True
INT-00581-1527,SME-2024-00581,2026-06-03 12:54:00,Phone,Technical,Netral,Resolved,31,False
INT-00583-1528,SME-2024-00583,2026-02-25 11:24:00,Portal,General,Negatif,Resolved,38,False
INT-00584-1529,SME-2024-00584,2026-06-05 17:47:00,Email,General,Positif,Resolved,5,False
INT-00584-1530,SME-2024-00584,2026-02-20 08:01:00,WhatsApp,Upgrade,Positif,Resolved,39,False
INT-00584-1531,SME-2024-00584,2025-09-22 13:33:00,Email,Technical,Positif,Resolved,26,False
INT-00585-1532,SME-2024-00585,2025-11-01 08:13:00,Phone,Technical,Netral,Resolved,17,False
INT-00585-1533,SME-2024-00585,2025-09-16 14:24:00,Phone,Technical,Positif,Resolved,40,False
INT-00586-1534,SME-2024-00586,2026-05-12 17:47:00,Phone,Technical,Netral,Resolved,25,False
INT-00586-1535,SME-2024-00586,2025-07-19 13:32:00,WhatsApp,Technical,Positif,Resolved,54,False
INT-00586-1536,SME-2024-00586,2026-01-14 14:59:00,Phone,Upgrade,Netral,Pending,25,True
INT-00586-1537,SME-2024-00586,2026-04-20 08:42:00,Portal,General,Netral,Escalated,46,True
INT-00586-1538,SME-2024-00586,2025-07-05 17:10:00,WhatsApp,General,Netral,Resolved,31,False
INT-00589-1539,SME-2024-00589,2025-11-01 17:36:00,WhatsApp,Technical,Positif,Resolved,16,False
INT-00590-1540,SME-2024-00590,2025-07-20 09:56:00,Live Chat,Upgrade,Positif,Resolved,39,False
INT-00590-1541,SME-2024-00590,2025-07-13 09:47:00,Phone,Technical,Negatif,Pending,69,True
INT-00590-1542,SME-2024-00590,2025-07-21 17:54:00,WhatsApp,General,Negatif,Closed-no-solution,57,False
INT-00592-1543,SME-2024-00592,2026-04-11 09:49:00,Portal,Billing,Positif,Resolved,28,False
INT-00592-1544,SME-2024-00592,2026-04-21 17:33:00,Phone,General,Netral,Resolved,12,False
INT-00592-1545,SME-2024-00592,2026-03-06 08:41:00,Email,Billing,Positif,Resolved,39,False
INT-00593-1546,SME-2024-00593,2025-07-02 11:04:00,Email,Upgrade,Positif,Resolved,5,False
INT-00593-1547,SME-2024-00593,2026-04-09 09:43:00,Phone,Technical,Netral,Resolved,51,False
INT-00593-1548,SME-2024-00593,2026-03-27 16:14:00,Portal,General,Negatif,Pending,63,True
INT-00594-1549,SME-2024-00594,2026-03-17 13:43:00,Email,Billing,Negatif,Pending,49,True
INT-00594-1550,SME-2024-00594,2026-02-21 15:51:00,WhatsApp,General,Netral,Resolved,40,False
INT-00594-1551,SME-2024-00594,2026-03-26 13:56:00,Phone,Billing,Positif,Resolved,27,False
INT-00594-1552,SME-2024-00594,2026-03-11 10:22:00,WhatsApp,Billing,Positif,Resolved,25,False
INT-00594-1553,SME-2024-00594,2026-05-08 11:23:00,WhatsApp,General,Negatif,Closed-no-solution,67,False
INT-00595-1554,SME-2024-00595,2026-05-24 13:27:00,Live Chat,Technical,Netral,Resolved,55,False
INT-00595-1555,SME-2024-00595,2025-11-17 14:16:00,Phone,Billing,Netral,Resolved,42,False
INT-00596-1556,SME-2024-00596,2025-10-15 08:15:00,Email,Technical,Netral,Resolved,33,False
INT-00596-1557,SME-2024-00596,2025-12-12 10:21:00,Email,Upgrade,Positif,Resolved,12,False
INT-00598-1558,SME-2024-00598,2025-07-13 13:55:00,WhatsApp,General,Positif,Resolved,32,False
INT-00598-1559,SME-2024-00598,2025-08-21 13:03:00,Email,Technical,Negatif,Escalated,43,True
INT-00598-1560,SME-2024-00598,2025-07-27 08:28:00,Phone,General,Netral,Resolved,35,False
INT-00599-1561,SME-2024-00599,2026-03-16 10:46:00,WhatsApp,Upgrade,Netral,Pending,24,True
INT-00599-1562,SME-2024-00599,2026-06-12 17:37:00,Live Chat,Upgrade,Negatif,Resolved,47,False
INT-00599-1563,SME-2024-00599,2026-06-02 14:25:00,Live Chat,Technical,Negatif,Resolved,27,False
INT-00599-1564,SME-2024-00599,2025-11-25 13:38:00,WhatsApp,General,Positif,Resolved,47,False
INT-00600-1565,SME-2024-00600,2026-01-25 08:43:00,WhatsApp,General,Negatif,Resolved,32,False
INT-00600-1566,SME-2024-00600,2025-10-20 11:52:00,Phone,General,Negatif,Escalated,56,True
INT-00600-1567,SME-2024-00600,2025-08-18 12:35:00,WhatsApp,Technical,Negatif,Escalated,63,True
INT-00602-1568,SME-2024-00602,2026-06-01 09:42:00,WhatsApp,General,Netral,Resolved,44,False
INT-00603-1569,SME-2024-00603,2026-06-13 15:11:00,Portal,General,Positif,Resolved,37,False
INT-00603-1570,SME-2024-00603,2026-06-10 15:40:00,Phone,General,Netral,Resolved,44,False
INT-00603-1571,SME-2024-00603,2026-06-15 11:39:00,WhatsApp,Billing,Negatif,Pending,60,True
INT-00604-1572,SME-2024-00604,2026-05-27 16:00:00,WhatsApp,Upgrade,Netral,Resolved,30,False
INT-00605-1573,SME-2024-00605,2026-06-27 11:57:00,Phone,Upgrade,Netral,Resolved,26,False
INT-00605-1574,SME-2024-00605,2026-06-09 12:53:00,Email,Billing,Netral,Resolved,36,False
INT-00605-1575,SME-2024-00605,2026-06-08 13:10:00,Email,Technical,Negatif,Resolved,31,False
INT-00606-1576,SME-2024-00606,2026-05-03 08:46:00,WhatsApp,Technical,Netral,Resolved,30,False
INT-00606-1577,SME-2024-00606,2026-05-14 13:07:00,Phone,Technical,Negatif,Escalated,32,True
INT-00606-1578,SME-2024-00606,2026-06-14 12:29:00,Phone,General,Negatif,Pending,52,True
INT-00607-1579,SME-2024-00607,2026-05-16 08:40:00,Email,Technical,Netral,Resolved,28,False
INT-00608-1580,SME-2024-00608,2026-06-09 09:49:00,Phone,Billing,Positif,Resolved,46,False
INT-00609-1581,SME-2024-00609,2026-03-08 16:21:00,Email,Technical,Negatif,Resolved,58,False
INT-00609-1582,SME-2024-00609,2026-05-27 17:43:00,WhatsApp,Technical,Negatif,Resolved,55,False
INT-00609-1583,SME-2024-00609,2026-02-20 10:40:00,Phone,Technical,Netral,Resolved,30,False
INT-00610-1584,SME-2024-00610,2026-02-07 11:47:00,Portal,Technical,Netral,Resolved,59,False
INT-00610-1585,SME-2024-00610,2026-01-07 15:21:00,WhatsApp,Technical,Positif,Resolved,33,False
INT-00610-1586,SME-2024-00610,2026-03-13 08:40:00,Phone,Technical,Netral,Resolved,60,False
INT-00610-1587,SME-2024-00610,2026-01-10 10:48:00,WhatsApp,Billing,Netral,Resolved,32,False
INT-00610-1588,SME-2024-00610,2026-01-19 11:38:00,WhatsApp,Billing,Netral,Resolved,31,False
INT-00611-1589,SME-2024-00611,2026-06-14 17:06:00,Email,Billing,Positif,Resolved,33,False
INT-00611-1590,SME-2024-00611,2026-06-06 10:11:00,Email,Upgrade,Netral,Resolved,26,False
INT-00611-1591,SME-2024-00611,2026-06-12 10:42:00,Live Chat,Technical,Positif,Resolved,26,False
INT-00612-1592,SME-2024-00612,2026-05-04 16:34:00,WhatsApp,General,Positif,Resolved,38,False
INT-00612-1593,SME-2024-00612,2026-05-23 11:41:00,WhatsApp,Upgrade,Positif,Pending,25,True
INT-00613-1594,SME-2024-00613,2026-06-18 17:01:00,Email,Technical,Positif,Resolved,38,False
INT-00613-1595,SME-2024-00613,2026-06-04 10:18:00,Email,General,Netral,Resolved,6,False
INT-00613-1596,SME-2024-00613,2026-06-25 08:04:00,Email,General,Netral,Pending,36,True
INT-00613-1597,SME-2024-00613,2026-06-12 14:48:00,Phone,Technical,Positif,Resolved,17,False
INT-00613-1598,SME-2024-00613,2026-06-19 17:08:00,Phone,Billing,Positif,Pending,5,True
INT-00613-1599,SME-2024-00613,2026-06-01 11:23:00,Phone,Billing,Netral,Resolved,5,False
INT-00614-1600,SME-2024-00614,2026-06-25 12:54:00,Email,Technical,Netral,Resolved,66,False
INT-00614-1601,SME-2024-00614,2026-06-26 15:42:00,Portal,Upgrade,Negatif,Escalated,55,True
INT-00615-1602,SME-2024-00615,2026-03-11 16:03:00,Live Chat,Upgrade,Positif,Resolved,24,False
INT-00615-1603,SME-2024-00615,2026-06-02 10:03:00,Live Chat,Upgrade,Positif,Resolved,31,False
INT-00615-1604,SME-2024-00615,2026-03-21 10:18:00,Phone,Technical,Netral,Pending,23,True
INT-00616-1605,SME-2024-00616,2026-06-06 17:37:00,WhatsApp,Upgrade,Negatif,Resolved,60,False
INT-00617-1606,SME-2024-00617,2026-05-13 14:19:00,WhatsApp,Technical,Netral,Resolved,28,False
INT-00617-1607,SME-2024-00617,2026-05-16 08:22:00,Phone,Technical,Netral,Resolved,40,False
INT-00617-1608,SME-2024-00617,2026-06-27 10:50:00,WhatsApp,Billing,Netral,Pending,31,True
INT-00617-1609,SME-2024-00617,2026-06-24 09:21:00,Email,General,Negatif,Closed-no-solution,62,False
INT-00618-1610,SME-2024-00618,2026-04-03 15:05:00,Phone,Upgrade,Netral,Resolved,44,False
INT-00618-1611,SME-2024-00618,2026-04-17 13:52:00,Phone,Technical,Positif,Resolved,27,False
INT-00618-1612,SME-2024-00618,2026-05-05 10:45:00,Live Chat,Billing,Netral,Resolved,12,False
INT-00618-1613,SME-2024-00618,2026-06-24 08:25:00,WhatsApp,Billing,Positif,Resolved,33,False
INT-00618-1614,SME-2024-00618,2026-06-10 09:41:00,Portal,General,Netral,Resolved,48,False
INT-00619-1615,SME-2024-00619,2026-05-10 11:41:00,WhatsApp,Billing,Netral,Resolved,5,False
INT-00619-1616,SME-2024-00619,2026-06-01 15:22:00,Phone,General,Positif,Resolved,60,False
INT-00619-1617,SME-2024-00619,2026-05-27 15:00:00,WhatsApp,Technical,Positif,Escalated,49,True
INT-00619-1618,SME-2024-00619,2026-05-10 11:32:00,WhatsApp,General,Negatif,Resolved,65,False
INT-00620-1619,SME-2024-00620,2026-06-24 15:09:00,Live Chat,Technical,Positif,Resolved,37,False
INT-00621-1620,SME-2024-00621,2026-04-27 11:02:00,WhatsApp,Billing,Negatif,Closed-no-solution,52,False
INT-00621-1621,SME-2024-00621,2026-05-12 08:23:00,Phone,General,Negatif,Pending,58,True
INT-00622-1622,SME-2024-00622,2026-04-20 17:32:00,WhatsApp,Billing,Netral,Resolved,5,False
INT-00622-1623,SME-2024-00622,2026-06-22 13:30:00,Email,Technical,Positif,Resolved,27,False
INT-00622-1624,SME-2024-00622,2026-06-27 17:00:00,Email,General,Netral,Resolved,54,False
INT-00622-1625,SME-2024-00622,2026-04-21 16:47:00,Phone,General,Netral,Resolved,5,False
INT-00623-1626,SME-2024-00623,2026-06-08 13:52:00,WhatsApp,Billing,Netral,Resolved,49,False
INT-00623-1627,SME-2024-00623,2026-05-16 12:34:00,WhatsApp,Technical,Netral,Resolved,26,False
INT-00623-1628,SME-2024-00623,2026-05-14 16:00:00,WhatsApp,General,Positif,Resolved,63,False
INT-00623-1629,SME-2024-00623,2026-06-21 10:52:00,WhatsApp,General,Netral,Resolved,30,False
INT-00623-1630,SME-2024-00623,2026-05-02 14:01:00,WhatsApp,General,Netral,Pending,19,True
INT-00623-1631,SME-2024-00623,2026-06-12 16:55:00,Portal,Technical,Positif,Resolved,5,False
INT-00623-1632,SME-2024-00623,2026-06-21 16:10:00,WhatsApp,General,Netral,Resolved,66,False
INT-00623-1633,SME-2024-00623,2026-05-05 12:45:00,Portal,Upgrade,Negatif,Pending,49,True
INT-00624-1634,SME-2024-00624,2026-06-08 17:47:00,Phone,Upgrade,Netral,Pending,41,True
INT-00625-1635,SME-2024-00625,2026-06-04 12:34:00,Email,General,Positif,Resolved,45,False
INT-00625-1636,SME-2024-00625,2026-05-03 16:48:00,Phone,Upgrade,Netral,Resolved,6,False
INT-00625-1637,SME-2024-00625,2026-05-13 09:42:00,WhatsApp,Technical,Positif,Resolved,59,False
INT-00626-1638,SME-2024-00626,2026-06-15 15:02:00,WhatsApp,Technical,Negatif,Resolved,53,False
INT-00626-1639,SME-2024-00626,2026-06-26 14:14:00,WhatsApp,Upgrade,Positif,Resolved,42,False
INT-00627-1640,SME-2024-00627,2026-06-26 08:28:00,Phone,General,Negatif,Closed-no-solution,29,False
INT-00628-1641,SME-2024-00628,2026-03-26 14:34:00,Live Chat,General,Negatif,Resolved,47,False
INT-00628-1642,SME-2024-00628,2026-06-09 14:08:00,Live Chat,General,Netral,Resolved,48,False
INT-00628-1643,SME-2024-00628,2026-05-07 15:13:00,Email,Technical,Positif,Resolved,48,False
INT-00629-1644,SME-2024-00629,2026-03-05 13:42:00,WhatsApp,Technical,Positif,Resolved,15,False
INT-00629-1645,SME-2024-00629,2026-06-20 10:00:00,WhatsApp,Billing,Netral,Pending,28,True
INT-00629-1646,SME-2024-00629,2026-04-20 10:44:00,WhatsApp,Billing,Positif,Pending,49,True
INT-00629-1647,SME-2024-00629,2026-03-23 09:24:00,Live Chat,Billing,Positif,Resolved,20,False
INT-00629-1648,SME-2024-00629,2026-06-21 10:12:00,Portal,General,Netral,Resolved,45,False
INT-00630-1649,SME-2024-00630,2026-03-01 08:48:00,WhatsApp,Technical,Netral,Resolved,41,False
INT-00631-1650,SME-2024-00631,2026-03-07 08:09:00,WhatsApp,Technical,Positif,Resolved,29,False
INT-00631-1651,SME-2024-00631,2026-03-08 17:58:00,Phone,General,Netral,Pending,24,True
INT-00631-1652,SME-2024-00631,2026-05-27 09:02:00,Phone,General,Positif,Resolved,34,False
INT-00631-1653,SME-2024-00631,2026-06-12 17:59:00,Email,Billing,Negatif,Resolved,46,False
INT-00631-1654,SME-2024-00631,2026-04-07 15:49:00,WhatsApp,Upgrade,Netral,Pending,37,True
INT-00632-1655,SME-2024-00632,2026-06-14 17:36:00,Email,Billing,Negatif,Escalated,24,True
INT-00632-1656,SME-2024-00632,2026-06-10 10:13:00,Phone,Upgrade,Positif,Resolved,62,False
INT-00632-1657,SME-2024-00632,2026-02-22 13:32:00,Phone,Technical,Netral,Resolved,31,False
INT-00632-1658,SME-2024-00632,2026-01-09 12:58:00,Live Chat,General,Netral,Resolved,18,False
INT-00633-1659,SME-2024-00633,2026-03-05 10:12:00,Email,Upgrade,Netral,Resolved,11,False
INT-00633-1660,SME-2024-00633,2026-03-17 16:16:00,Live Chat,Technical,Netral,Resolved,64,False
INT-00635-1661,SME-2024-00635,2026-06-17 17:26:00,Phone,Upgrade,Netral,Resolved,5,False
INT-00635-1662,SME-2024-00635,2026-06-27 08:52:00,Phone,Technical,Positif,Resolved,15,False
INT-00635-1663,SME-2024-00635,2026-06-03 16:18:00,Live Chat,Upgrade,Netral,Resolved,56,False
INT-00636-1664,SME-2024-00636,2026-04-16 14:07:00,WhatsApp,Technical,Netral,Resolved,18,False
INT-00636-1665,SME-2024-00636,2026-03-18 15:01:00,Email,General,Netral,Resolved,41,False
INT-00636-1666,SME-2024-00636,2026-04-25 12:05:00,WhatsApp,Upgrade,Positif,Resolved,22,False
INT-00637-1667,SME-2024-00637,2026-06-11 17:37:00,Portal,Technical,Netral,Resolved,53,False
INT-00637-1668,SME-2024-00637,2026-05-10 14:20:00,WhatsApp,General,Netral,Resolved,29,False
INT-00637-1669,SME-2024-00637,2026-05-23 12:11:00,Phone,Upgrade,Positif,Escalated,14,True
INT-00637-1670,SME-2024-00637,2026-05-22 15:45:00,WhatsApp,Technical,Positif,Resolved,42,False
INT-00637-1671,SME-2024-00637,2026-05-02 13:41:00,Email,General,Netral,Escalated,44,True
INT-00637-1672,SME-2024-00637,2026-06-15 10:38:00,Phone,General,Positif,Resolved,18,False
INT-00638-1673,SME-2024-00638,2026-05-11 17:55:00,Phone,Billing,Netral,Resolved,32,False
INT-00638-1674,SME-2024-00638,2026-05-12 10:15:00,Phone,General,Netral,Resolved,31,False
INT-00638-1675,SME-2024-00638,2026-05-19 08:05:00,WhatsApp,Billing,Netral,Resolved,22,False
INT-00639-1676,SME-2024-00639,2026-06-08 09:42:00,WhatsApp,General,Positif,Resolved,8,False
INT-00639-1677,SME-2024-00639,2026-06-10 17:27:00,Phone,Billing,Positif,Resolved,44,False
INT-00639-1678,SME-2024-00639,2026-04-10 16:50:00,Email,Technical,Positif,Resolved,25,False
INT-00639-1679,SME-2024-00639,2026-05-07 17:59:00,Portal,General,Netral,Resolved,28,False
INT-00640-1680,SME-2024-00640,2026-06-18 11:21:00,Phone,Billing,Netral,Resolved,11,False
INT-00640-1681,SME-2024-00640,2026-06-18 11:23:00,Phone,Billing,Negatif,Resolved,82,False
INT-00641-1682,SME-2024-00641,2026-01-20 12:57:00,Phone,General,Netral,Resolved,8,False
INT-00641-1683,SME-2024-00641,2026-04-16 09:32:00,Email,General,Netral,Pending,35,True
INT-00641-1684,SME-2024-00641,2026-04-20 17:00:00,Email,Upgrade,Positif,Resolved,27,False
INT-00643-1685,SME-2024-00643,2026-05-17 13:21:00,Live Chat,General,Positif,Resolved,5,False
INT-00643-1686,SME-2024-00643,2026-04-02 09:00:00,WhatsApp,General,Netral,Resolved,25,False
INT-00643-1687,SME-2024-00643,2026-06-19 12:00:00,Portal,Technical,Positif,Resolved,18,False
INT-00643-1688,SME-2024-00643,2026-05-04 12:17:00,WhatsApp,Billing,Netral,Resolved,7,False
INT-00644-1689,SME-2024-00644,2026-06-25 08:55:00,WhatsApp,Technical,Negatif,Resolved,17,False
INT-00644-1690,SME-2024-00644,2026-04-13 14:37:00,Phone,Billing,Positif,Resolved,5,False
INT-00645-1691,SME-2024-00645,2026-06-22 13:11:00,Phone,General,Netral,Resolved,50,False
INT-00645-1692,SME-2024-00645,2026-06-06 08:27:00,Phone,Upgrade,Negatif,Pending,52,True
INT-00645-1693,SME-2024-00645,2026-06-17 13:22:00,WhatsApp,Technical,Netral,Resolved,51,False
INT-00645-1694,SME-2024-00645,2026-06-13 08:48:00,WhatsApp,Billing,Netral,Resolved,56,False
INT-00646-1695,SME-2024-00646,2026-05-05 09:58:00,Portal,Technical,Positif,Resolved,27,False
INT-00647-1696,SME-2024-00647,2026-05-19 14:57:00,WhatsApp,Billing,Positif,Resolved,17,False
INT-00647-1697,SME-2024-00647,2026-05-17 09:03:00,Phone,Billing,Positif,Resolved,22,False
INT-00647-1698,SME-2024-00647,2026-04-15 13:46:00,Portal,Technical,Positif,Escalated,29,True
INT-00647-1699,SME-2024-00647,2026-06-11 09:34:00,WhatsApp,Technical,Netral,Resolved,11,False
INT-00647-1700,SME-2024-00647,2026-02-27 09:51:00,Portal,Technical,Netral,Resolved,9,False
INT-00648-1701,SME-2024-00648,2026-03-03 13:11:00,WhatsApp,Technical,Positif,Resolved,37,False
INT-00649-1702,SME-2024-00649,2026-06-12 09:11:00,WhatsApp,General,Positif,Pending,5,True
INT-00649-1703,SME-2024-00649,2026-03-02 11:44:00,Phone,General,Netral,Resolved,19,False
INT-00649-1704,SME-2024-00649,2026-03-19 11:12:00,WhatsApp,Billing,Positif,Pending,30,True
INT-00649-1705,SME-2024-00649,2026-04-09 09:50:00,Phone,Technical,Positif,Resolved,27,False
INT-00649-1706,SME-2024-00649,2026-06-07 08:40:00,WhatsApp,Upgrade,Negatif,Resolved,61,False
INT-00650-1707,SME-2024-00650,2026-06-11 14:14:00,Email,Technical,Netral,Resolved,22,False
INT-00650-1708,SME-2024-00650,2026-06-07 09:57:00,WhatsApp,General,Netral,Resolved,5,False
INT-00652-1709,SME-2024-00652,2026-04-05 17:35:00,Live Chat,General,Positif,Resolved,36,False
INT-00652-1710,SME-2024-00652,2026-04-16 16:43:00,Email,Upgrade,Negatif,Resolved,62,False
INT-00652-1711,SME-2024-00652,2026-06-13 11:22:00,WhatsApp,Technical,Netral,Pending,39,True
INT-00652-1712,SME-2024-00652,2026-06-13 10:26:00,Phone,Technical,Negatif,Closed-no-solution,61,False
INT-00652-1713,SME-2024-00652,2026-04-22 17:05:00,WhatsApp,Technical,Negatif,Resolved,65,False
INT-00653-1714,SME-2024-00653,2026-05-27 16:42:00,WhatsApp,Technical,Positif,Resolved,45,False
INT-00653-1715,SME-2024-00653,2026-05-07 12:15:00,Phone,Technical,Negatif,Pending,74,True
INT-00653-1716,SME-2024-00653,2026-03-04 13:43:00,WhatsApp,Billing,Negatif,Escalated,23,True
INT-00653-1717,SME-2024-00653,2026-04-23 09:00:00,Phone,Billing,Positif,Resolved,17,False
INT-00653-1718,SME-2024-00653,2026-03-12 17:30:00,Phone,Technical,Netral,Resolved,35,False
INT-00653-1719,SME-2024-00653,2026-03-27 16:17:00,Phone,Upgrade,Netral,Pending,32,True
INT-00654-1720,SME-2024-00654,2026-05-01 10:26:00,Portal,General,Netral,Resolved,72,False
INT-00654-1721,SME-2024-00654,2026-04-23 08:50:00,WhatsApp,Upgrade,Netral,Resolved,29,False
INT-00654-1722,SME-2024-00654,2026-03-21 09:19:00,Phone,General,Positif,Escalated,30,True
INT-00655-1723,SME-2024-00655,2026-05-26 08:05:00,WhatsApp,Billing,Positif,Resolved,37,False
INT-00655-1724,SME-2024-00655,2026-05-27 12:10:00,WhatsApp,Technical,Positif,Resolved,26,False
INT-00655-1725,SME-2024-00655,2026-05-11 17:56:00,Live Chat,General,Positif,Pending,42,True
INT-00656-1726,SME-2024-00656,2026-03-13 17:06:00,WhatsApp,Technical,Negatif,Resolved,45,False
INT-00656-1727,SME-2024-00656,2026-06-16 13:20:00,Phone,Billing,Positif,Resolved,40,False
INT-00657-1728,SME-2024-00657,2026-03-24 16:48:00,WhatsApp,Billing,Netral,Resolved,44,False
INT-00658-1729,SME-2024-00658,2026-06-20 12:03:00,Live Chat,Technical,Netral,Resolved,18,False
INT-00658-1730,SME-2024-00658,2026-02-21 12:36:00,WhatsApp,General,Negatif,Resolved,77,False
INT-00658-1731,SME-2024-00658,2026-06-10 09:29:00,WhatsApp,Upgrade,Negatif,Resolved,73,False
INT-00659-1732,SME-2024-00659,2026-01-04 16:19:00,Phone,Upgrade,Positif,Resolved,15,False
INT-00659-1733,SME-2024-00659,2026-02-02 09:14:00,WhatsApp,Technical,Positif,Resolved,39,False
INT-00660-1734,SME-2024-00660,2026-05-09 13:08:00,Phone,Upgrade,Negatif,Closed-no-solution,45,False
INT-00660-1735,SME-2024-00660,2026-06-19 12:32:00,Phone,General,Positif,Resolved,25,False
INT-00660-1736,SME-2024-00660,2026-04-05 11:35:00,Phone,Technical,Positif,Pending,31,True
INT-00660-1737,SME-2024-00660,2026-04-26 14:31:00,WhatsApp,General,Negatif,Closed-no-solution,33,False
INT-00661-1738,SME-2024-00661,2026-05-02 13:50:00,Email,Technical,Netral,Resolved,40,False
INT-00662-1739,SME-2024-00662,2026-06-15 16:42:00,Phone,Billing,Positif,Pending,35,True
INT-00662-1740,SME-2024-00662,2026-06-24 11:29:00,Email,General,Negatif,Pending,71,True
INT-00662-1741,SME-2024-00662,2026-06-04 11:59:00,WhatsApp,Technical,Positif,Escalated,35,True
INT-00663-1742,SME-2024-00663,2026-06-26 09:50:00,WhatsApp,General,Positif,Resolved,55,False
INT-00663-1743,SME-2024-00663,2026-05-03 11:43:00,WhatsApp,General,Positif,Resolved,43,False
INT-00664-1744,SME-2024-00664,2026-06-14 13:06:00,WhatsApp,Technical,Positif,Resolved,38,False
INT-00664-1745,SME-2024-00664,2026-06-06 12:37:00,Live Chat,Upgrade,Netral,Resolved,44,False
INT-00664-1746,SME-2024-00664,2026-06-15 16:37:00,Live Chat,Technical,Netral,Resolved,55,False
INT-00664-1747,SME-2024-00664,2026-06-11 09:17:00,WhatsApp,Technical,Positif,Escalated,40,True
INT-00664-1748,SME-2024-00664,2026-06-16 17:18:00,Phone,Upgrade,Netral,Resolved,44,False
INT-00665-1749,SME-2024-00665,2026-06-11 13:58:00,Live Chat,Upgrade,Netral,Resolved,27,False
INT-00666-1750,SME-2024-00666,2026-02-11 17:25:00,Phone,Technical,Positif,Resolved,38,False
INT-00666-1751,SME-2024-00666,2026-05-13 15:38:00,Phone,Technical,Netral,Resolved,42,False
INT-00666-1752,SME-2024-00666,2026-01-01 15:42:00,Phone,Technical,Positif,Resolved,45,False
INT-00666-1753,SME-2024-00666,2026-05-27 13:57:00,WhatsApp,Billing,Positif,Resolved,44,False
INT-00667-1754,SME-2024-00667,2026-04-01 13:56:00,WhatsApp,Billing,Positif,Pending,32,True
INT-00667-1755,SME-2024-00667,2026-03-23 12:22:00,Phone,Technical,Positif,Pending,33,True
INT-00668-1756,SME-2024-00668,2026-04-23 10:30:00,WhatsApp,General,Netral,Resolved,35,False
INT-00668-1757,SME-2024-00668,2026-04-11 08:30:00,Email,Billing,Netral,Resolved,39,False
INT-00668-1758,SME-2024-00668,2026-06-22 16:01:00,Phone,Billing,Netral,Resolved,42,False
INT-00668-1759,SME-2024-00668,2026-06-04 16:14:00,Phone,General,Negatif,Resolved,82,False
INT-00668-1760,SME-2024-00668,2026-05-08 14:55:00,Email,Technical,Netral,Resolved,23,False
INT-00668-1761,SME-2024-00668,2026-06-06 14:16:00,WhatsApp,Technical,Positif,Resolved,33,False
INT-00669-1762,SME-2024-00669,2026-05-13 10:01:00,Email,General,Netral,Resolved,37,False
INT-00669-1763,SME-2024-00669,2026-06-05 10:33:00,WhatsApp,Technical,Negatif,Resolved,47,False
INT-00670-1764,SME-2024-00670,2026-04-19 10:25:00,Phone,General,Netral,Resolved,34,False
INT-00670-1765,SME-2024-00670,2026-05-24 17:20:00,WhatsApp,General,Positif,Resolved,25,False
INT-00670-1766,SME-2024-00670,2026-06-06 08:43:00,WhatsApp,General,Positif,Resolved,34,False
INT-00670-1767,SME-2024-00670,2026-03-15 10:22:00,Phone,Technical,Negatif,Closed-no-solution,53,False
INT-00670-1768,SME-2024-00670,2026-03-19 08:54:00,Live Chat,Upgrade,Positif,Resolved,34,False
INT-00671-1769,SME-2024-00671,2026-04-06 14:50:00,Portal,Technical,Positif,Resolved,16,False
INT-00672-1770,SME-2024-00672,2026-04-15 14:24:00,WhatsApp,Technical,Netral,Resolved,27,False
INT-00672-1771,SME-2024-00672,2026-02-15 12:47:00,Phone,Technical,Positif,Resolved,24,False
INT-00672-1772,SME-2024-00672,2026-02-14 12:58:00,Portal,General,Negatif,Resolved,65,False
INT-00673-1773,SME-2024-00673,2026-06-13 15:43:00,Email,Technical,Netral,Resolved,34,False
INT-00673-1774,SME-2024-00673,2026-04-04 16:48:00,WhatsApp,Technical,Positif,Resolved,48,False
INT-00673-1775,SME-2024-00673,2026-02-09 10:43:00,Phone,Billing,Netral,Resolved,31,False
INT-00674-1776,SME-2024-00674,2026-06-01 17:35:00,Portal,Technical,Netral,Resolved,16,False
INT-00674-1777,SME-2024-00674,2026-06-04 14:30:00,Phone,Technical,Netral,Resolved,44,False
INT-00674-1778,SME-2024-00674,2026-06-22 14:16:00,WhatsApp,General,Negatif,Pending,68,True
INT-00675-1779,SME-2024-00675,2026-02-15 10:08:00,WhatsApp,General,Positif,Resolved,30,False
INT-00675-1780,SME-2024-00675,2026-05-04 09:08:00,Live Chat,Upgrade,Negatif,Closed-no-solution,58,False
INT-00675-1781,SME-2024-00675,2026-01-13 16:19:00,Portal,Upgrade,Positif,Resolved,31,False
INT-00675-1782,SME-2024-00675,2026-06-25 10:55:00,Live Chat,General,Positif,Resolved,14,False
INT-00675-1783,SME-2024-00675,2026-04-16 13:40:00,WhatsApp,Technical,Negatif,Resolved,63,False
INT-00675-1784,SME-2024-00675,2026-04-13 14:31:00,WhatsApp,General,Negatif,Pending,58,True
INT-00676-1785,SME-2024-00676,2026-06-21 16:58:00,Email,Technical,Positif,Resolved,43,False
INT-00676-1786,SME-2024-00676,2026-06-17 09:27:00,Email,Technical,Netral,Resolved,31,False
INT-00677-1787,SME-2024-00677,2026-05-21 16:01:00,Live Chat,Upgrade,Positif,Resolved,33,False
INT-00677-1788,SME-2024-00677,2026-03-26 14:11:00,WhatsApp,Technical,Negatif,Pending,42,True
INT-00677-1789,SME-2024-00677,2026-02-13 09:36:00,Portal,Technical,Netral,Pending,27,True
INT-00677-1790,SME-2024-00677,2026-03-15 08:12:00,WhatsApp,Upgrade,Netral,Resolved,39,False
INT-00677-1791,SME-2024-00677,2026-03-04 08:56:00,Phone,Technical,Positif,Resolved,27,False
INT-00678-1792,SME-2024-00678,2026-05-04 15:47:00,WhatsApp,General,Netral,Resolved,29,False
INT-00678-1793,SME-2024-00678,2026-03-22 17:41:00,Live Chat,General,Negatif,Resolved,62,False
INT-00678-1794,SME-2024-00678,2026-05-10 16:47:00,WhatsApp,General,Positif,Resolved,58,False
INT-00679-1795,SME-2024-00679,2026-06-24 08:02:00,WhatsApp,Technical,Netral,Resolved,6,False
INT-00679-1796,SME-2024-00679,2026-06-15 11:28:00,Portal,General,Positif,Resolved,5,False
INT-00680-1797,SME-2024-00680,2026-04-22 08:35:00,WhatsApp,Technical,Netral,Resolved,32,False
INT-00680-1798,SME-2024-00680,2026-06-19 16:35:00,WhatsApp,General,Netral,Resolved,48,False
INT-00680-1799,SME-2024-00680,2026-05-03 10:56:00,WhatsApp,Upgrade,Positif,Resolved,34,False
INT-00681-1800,SME-2024-00681,2026-05-15 11:56:00,Phone,Billing,Negatif,Pending,44,True
INT-00681-1801,SME-2024-00681,2026-05-21 15:52:00,Live Chat,Technical,Netral,Resolved,6,False
INT-00681-1802,SME-2024-00681,2026-06-06 09:55:00,WhatsApp,Technical,Negatif,Resolved,53,False
INT-00681-1803,SME-2024-00681,2026-06-25 14:28:00,Portal,General,Netral,Resolved,25,False
INT-00681-1804,SME-2024-00681,2026-06-03 14:36:00,Phone,Technical,Negatif,Pending,73,True
INT-00681-1805,SME-2024-00681,2026-05-15 17:01:00,Live Chat,General,Netral,Resolved,26,False
INT-00681-1806,SME-2024-00681,2026-05-09 14:47:00,Phone,Billing,Netral,Resolved,46,False
INT-00682-1807,SME-2024-00682,2026-04-19 11:11:00,Email,General,Negatif,Resolved,74,False
INT-00682-1808,SME-2024-00682,2026-01-19 17:31:00,Live Chat,Technical,Netral,Resolved,42,False
INT-00682-1809,SME-2024-00682,2026-04-10 10:23:00,WhatsApp,General,Netral,Resolved,13,False
INT-00682-1810,SME-2024-00682,2026-02-13 16:36:00,Phone,General,Netral,Resolved,21,False
INT-00682-1811,SME-2024-00682,2026-06-09 12:55:00,WhatsApp,Technical,Negatif,Resolved,41,False
INT-00682-1812,SME-2024-00682,2026-04-05 12:45:00,Email,Billing,Netral,Resolved,41,False
INT-00682-1813,SME-2024-00682,2026-02-16 11:21:00,Live Chat,Technical,Negatif,Resolved,55,False
INT-00683-1814,SME-2024-00683,2026-06-22 15:43:00,Phone,Billing,Netral,Resolved,19,False
INT-00683-1815,SME-2024-00683,2026-05-24 16:31:00,Phone,Technical,Negatif,Pending,73,True
INT-00684-1816,SME-2024-00684,2026-06-06 14:31:00,WhatsApp,Billing,Positif,Escalated,16,True
INT-00684-1817,SME-2024-00684,2026-03-15 12:43:00,WhatsApp,Technical,Positif,Resolved,54,False
INT-00685-1818,SME-2024-00685,2026-05-17 14:38:00,Email,Technical,Negatif,Pending,26,True
INT-00685-1819,SME-2024-00685,2026-05-06 16:13:00,WhatsApp,Billing,Netral,Resolved,19,False
INT-00685-1820,SME-2024-00685,2026-03-23 17:10:00,Phone,General,Positif,Resolved,38,False
INT-00686-1821,SME-2024-00686,2026-03-22 17:29:00,WhatsApp,Upgrade,Positif,Resolved,33,False
INT-00686-1822,SME-2024-00686,2026-03-04 14:15:00,Phone,Billing,Netral,Resolved,33,False
INT-00688-1823,SME-2024-00688,2026-06-07 14:59:00,Email,Billing,Netral,Resolved,38,False
INT-00688-1824,SME-2024-00688,2026-02-17 17:17:00,WhatsApp,Technical,Negatif,Closed-no-solution,63,False
INT-00688-1825,SME-2024-00688,2026-02-02 10:02:00,Phone,General,Netral,Pending,29,True
INT-00688-1826,SME-2024-00688,2026-02-24 12:45:00,WhatsApp,Technical,Positif,Resolved,23,False
INT-00688-1827,SME-2024-00688,2026-04-24 16:33:00,Phone,General,Positif,Resolved,31,False
INT-00688-1828,SME-2024-00688,2026-06-21 08:12:00,Email,Technical,Positif,Pending,22,True
INT-00689-1829,SME-2024-00689,2026-05-17 15:54:00,WhatsApp,Upgrade,Netral,Resolved,27,False
INT-00689-1830,SME-2024-00689,2026-06-26 09:58:00,WhatsApp,Technical,Netral,Resolved,33,False
INT-00689-1831,SME-2024-00689,2026-05-27 14:39:00,Portal,Billing,Netral,Resolved,19,False
INT-00689-1832,SME-2024-00689,2026-06-16 12:36:00,Email,Upgrade,Positif,Pending,44,True
INT-00689-1833,SME-2024-00689,2026-05-16 10:23:00,WhatsApp,Billing,Netral,Escalated,28,True
INT-00690-1834,SME-2024-00690,2026-03-10 17:09:00,Live Chat,Billing,Positif,Resolved,38,False
INT-00690-1835,SME-2024-00690,2026-06-17 08:44:00,Live Chat,Billing,Netral,Resolved,42,False
INT-00690-1836,SME-2024-00690,2026-04-07 10:54:00,Phone,Technical,Netral,Resolved,5,False
INT-00690-1837,SME-2024-00690,2026-06-07 10:35:00,Live Chat,Billing,Negatif,Resolved,79,False
INT-00691-1838,SME-2024-00691,2026-05-17 14:59:00,Phone,Technical,Positif,Resolved,30,False
INT-00694-1839,SME-2024-00694,2026-03-07 16:43:00,WhatsApp,General,Netral,Resolved,20,False
INT-00694-1840,SME-2024-00694,2026-05-21 13:44:00,Phone,General,Positif,Resolved,49,False
INT-00695-1841,SME-2024-00695,2026-04-17 14:35:00,Phone,Billing,Positif,Resolved,28,False
INT-00695-1842,SME-2024-00695,2026-06-12 10:54:00,WhatsApp,General,Negatif,Resolved,81,False
INT-00695-1843,SME-2024-00695,2026-05-10 17:32:00,WhatsApp,General,Negatif,Closed-no-solution,69,False
INT-00695-1844,SME-2024-00695,2026-05-16 10:14:00,Phone,Billing,Netral,Resolved,32,False
INT-00695-1845,SME-2024-00695,2026-05-06 13:43:00,WhatsApp,General,Netral,Pending,28,True
INT-00695-1846,SME-2024-00695,2026-04-25 15:09:00,Email,Billing,Netral,Pending,10,True
INT-00695-1847,SME-2024-00695,2026-06-16 14:32:00,Phone,Billing,Netral,Escalated,43,True
INT-00696-1848,SME-2024-00696,2026-05-25 08:09:00,Email,Billing,Negatif,Pending,53,True
INT-00697-1849,SME-2024-00697,2026-06-19 08:58:00,Live Chat,General,Positif,Resolved,33,False
INT-00697-1850,SME-2024-00697,2026-05-07 17:50:00,Email,Technical,Netral,Resolved,33,False
INT-00698-1851,SME-2024-00698,2026-06-26 16:40:00,WhatsApp,Technical,Positif,Resolved,5,False
INT-00698-1852,SME-2024-00698,2026-05-08 15:43:00,WhatsApp,Billing,Positif,Resolved,5,False
INT-00698-1853,SME-2024-00698,2026-06-12 09:04:00,WhatsApp,Technical,Negatif,Resolved,52,False
INT-00699-1854,SME-2024-00699,2026-05-21 09:37:00,Phone,Technical,Netral,Resolved,32,False
INT-00699-1855,SME-2024-00699,2026-06-21 08:08:00,Live Chat,General,Negatif,Escalated,47,True
INT-00700-1856,SME-2024-00700,2026-06-16 10:11:00,WhatsApp,General,Netral,Resolved,29,False
INT-00700-1857,SME-2024-00700,2026-06-24 11:40:00,WhatsApp,Technical,Negatif,Resolved,51,False
INT-00700-1858,SME-2024-00700,2026-06-25 13:44:00,Phone,General,Positif,Pending,47,True
INT-00700-1859,SME-2024-00700,2026-06-19 14:01:00,Phone,Billing,Positif,Resolved,30,False
INT-00701-1860,SME-2024-00701,2026-06-05 13:11:00,Email,Billing,Netral,Resolved,52,False
INT-00701-1861,SME-2024-00701,2026-06-08 10:21:00,Portal,Technical,Netral,Pending,8,True
INT-00701-1862,SME-2024-00701,2026-06-12 17:18:00,Phone,Technical,Positif,Escalated,11,True
INT-00701-1863,SME-2024-00701,2026-06-02 17:29:00,WhatsApp,Technical,Netral,Resolved,19,False
INT-00702-1864,SME-2024-00702,2026-05-20 09:10:00,Phone,Technical,Positif,Resolved,49,False
INT-00702-1865,SME-2024-00702,2026-02-07 17:53:00,Phone,General,Netral,Pending,21,True
INT-00702-1866,SME-2024-00702,2026-01-27 16:09:00,WhatsApp,General,Positif,Pending,5,True
INT-00702-1867,SME-2024-00702,2026-02-26 14:51:00,Phone,Upgrade,Netral,Pending,15,True
INT-00702-1868,SME-2024-00702,2026-03-02 10:41:00,Live Chat,Technical,Positif,Resolved,35,False
INT-00703-1869,SME-2024-00703,2026-06-08 14:02:00,WhatsApp,Upgrade,Positif,Escalated,21,True
INT-00703-1870,SME-2024-00703,2026-05-11 08:12:00,WhatsApp,Upgrade,Positif,Resolved,40,False
INT-00703-1871,SME-2024-00703,2026-06-14 08:49:00,Phone,Technical,Positif,Resolved,25,False
INT-00703-1872,SME-2024-00703,2026-05-04 10:49:00,Portal,Technical,Negatif,Closed-no-solution,31,False
INT-00705-1873,SME-2024-00705,2026-05-07 14:24:00,Live Chat,Technical,Netral,Resolved,30,False
INT-00705-1874,SME-2024-00705,2026-05-16 15:34:00,WhatsApp,Billing,Netral,Resolved,35,False
INT-00705-1875,SME-2024-00705,2026-06-17 14:46:00,WhatsApp,General,Positif,Escalated,5,True
INT-00705-1876,SME-2024-00705,2026-06-07 15:04:00,Email,Technical,Netral,Resolved,43,False
INT-00707-1877,SME-2024-00707,2026-06-08 10:43:00,Live Chat,Upgrade,Negatif,Escalated,67,True
INT-00707-1878,SME-2024-00707,2026-06-02 16:20:00,Live Chat,Technical,Positif,Resolved,31,False
INT-00707-1879,SME-2024-00707,2026-06-20 16:55:00,Phone,Billing,Positif,Resolved,19,False
INT-00707-1880,SME-2024-00707,2026-06-19 12:12:00,WhatsApp,General,Positif,Resolved,27,False
INT-00708-1881,SME-2024-00708,2026-01-25 17:02:00,Phone,General,Positif,Resolved,23,False
INT-00709-1882,SME-2024-00709,2026-05-26 14:31:00,Phone,Billing,Positif,Resolved,47,False
INT-00709-1883,SME-2024-00709,2026-05-11 09:34:00,WhatsApp,General,Positif,Resolved,59,False
INT-00709-1884,SME-2024-00709,2026-06-16 10:24:00,Email,Upgrade,Positif,Resolved,17,False
INT-00710-1885,SME-2024-00710,2026-04-03 10:07:00,Live Chat,Billing,Netral,Resolved,21,False
INT-00711-1886,SME-2024-00711,2026-04-21 17:26:00,Live Chat,General,Netral,Resolved,29,False
INT-00711-1887,SME-2024-00711,2026-06-23 11:38:00,WhatsApp,General,Positif,Resolved,12,False
INT-00711-1888,SME-2024-00711,2026-06-03 13:00:00,Phone,Upgrade,Netral,Resolved,33,False
INT-00711-1889,SME-2024-00711,2026-05-05 15:12:00,Portal,Technical,Netral,Escalated,21,True
INT-00712-1890,SME-2024-00712,2026-06-15 15:50:00,WhatsApp,Technical,Negatif,Resolved,54,False
INT-00712-1891,SME-2024-00712,2026-05-16 13:54:00,Phone,General,Netral,Pending,38,True
INT-00712-1892,SME-2024-00712,2026-06-24 15:14:00,WhatsApp,General,Netral,Resolved,54,False
INT-00713-1893,SME-2024-00713,2026-06-18 13:42:00,Phone,General,Netral,Pending,18,True
INT-00713-1894,SME-2024-00713,2026-06-12 12:31:00,WhatsApp,Upgrade,Positif,Escalated,11,True
INT-00713-1895,SME-2024-00713,2026-06-06 12:03:00,Portal,Upgrade,Positif,Resolved,51,False
INT-00714-1896,SME-2024-00714,2026-03-20 14:31:00,WhatsApp,Upgrade,Netral,Resolved,28,False
INT-00714-1897,SME-2024-00714,2026-06-01 09:18:00,Phone,Technical,Netral,Resolved,11,False
INT-00714-1898,SME-2024-00714,2026-04-14 15:42:00,Portal,Billing,Positif,Pending,37,True
INT-00714-1899,SME-2024-00714,2026-02-21 16:21:00,Phone,General,Positif,Resolved,18,False
INT-00714-1900,SME-2024-00714,2026-01-13 12:01:00,WhatsApp,General,Positif,Resolved,31,False
INT-00716-1901,SME-2024-00716,2026-06-26 11:22:00,Phone,Billing,Netral,Resolved,45,False
INT-00716-1902,SME-2024-00716,2026-05-06 10:30:00,Email,Technical,Netral,Resolved,33,False
INT-00717-1903,SME-2024-00717,2026-04-20 15:05:00,WhatsApp,General,Positif,Resolved,28,False
INT-00717-1904,SME-2024-00717,2026-06-12 17:19:00,Portal,Technical,Negatif,Pending,49,True
INT-00717-1905,SME-2024-00717,2026-04-27 12:37:00,Phone,General,Positif,Pending,40,True
INT-00718-1906,SME-2024-00718,2026-03-20 13:45:00,Email,Technical,Negatif,Pending,46,True
INT-00718-1907,SME-2024-00718,2026-05-08 12:45:00,Email,Technical,Negatif,Pending,58,True
INT-00718-1908,SME-2024-00718,2026-03-02 11:32:00,Portal,Billing,Positif,Resolved,16,False
INT-00720-1909,SME-2024-00720,2026-05-24 12:31:00,Phone,Upgrade,Negatif,Resolved,31,False
INT-00720-1910,SME-2024-00720,2026-06-23 11:31:00,Email,Technical,Positif,Resolved,44,False
INT-00721-1911,SME-2024-00721,2026-06-13 17:10:00,Phone,General,Positif,Resolved,41,False
INT-00722-1912,SME-2024-00722,2026-03-27 08:32:00,WhatsApp,General,Netral,Resolved,60,False
INT-00723-1913,SME-2024-00723,2026-04-20 12:35:00,Phone,Billing,Netral,Resolved,36,False
INT-00723-1914,SME-2024-00723,2026-04-02 11:43:00,Live Chat,Technical,Positif,Resolved,45,False
INT-00723-1915,SME-2024-00723,2026-04-01 11:04:00,Live Chat,Billing,Positif,Resolved,27,False
INT-00725-1916,SME-2024-00725,2026-06-07 15:20:00,Phone,General,Negatif,Pending,63,True
INT-00725-1917,SME-2024-00725,2026-06-16 16:32:00,WhatsApp,General,Positif,Resolved,32,False
INT-00725-1918,SME-2024-00725,2026-06-11 13:48:00,Phone,Billing,Positif,Resolved,32,False
INT-00725-1919,SME-2024-00725,2026-06-05 10:12:00,Phone,Technical,Netral,Resolved,37,False
INT-00725-1920,SME-2024-00725,2026-06-10 14:42:00,Phone,Billing,Positif,Resolved,37,False
INT-00726-1921,SME-2024-00726,2026-06-06 17:11:00,Email,Technical,Netral,Resolved,38,False
INT-00727-1922,SME-2024-00727,2026-02-17 16:39:00,WhatsApp,General,Positif,Resolved,25,False
INT-00727-1923,SME-2024-00727,2026-05-17 09:36:00,Email,Billing,Positif,Resolved,37,False
INT-00728-1924,SME-2024-00728,2026-02-23 08:05:00,Live Chat,General,Positif,Resolved,24,False
INT-00729-1925,SME-2024-00729,2026-06-02 09:20:00,WhatsApp,Billing,Negatif,Closed-no-solution,50,False
INT-00730-1926,SME-2024-00730,2026-02-19 10:45:00,Phone,Technical,Positif,Resolved,31,False
INT-00730-1927,SME-2024-00730,2026-06-07 08:55:00,WhatsApp,General,Positif,Resolved,34,False
INT-00730-1928,SME-2024-00730,2026-06-12 15:19:00,WhatsApp,Technical,Netral,Resolved,36,False
INT-00730-1929,SME-2024-00730,2026-04-14 17:52:00,Live Chat,General,Positif,Resolved,18,False
INT-00731-1930,SME-2024-00731,2026-03-21 11:57:00,Phone,Technical,Netral,Resolved,14,False
INT-00731-1931,SME-2024-00731,2026-04-06 13:55:00,Phone,Upgrade,Netral,Resolved,23,False
INT-00731-1932,SME-2024-00731,2026-04-20 13:00:00,WhatsApp,Technical,Netral,Resolved,31,False
INT-00731-1933,SME-2024-00731,2026-03-01 08:55:00,WhatsApp,Technical,Positif,Resolved,17,False
INT-00732-1934,SME-2024-00732,2026-04-19 17:36:00,WhatsApp,Billing,Negatif,Resolved,50,False
INT-00733-1935,SME-2024-00733,2026-06-21 12:10:00,Phone,General,Netral,Resolved,31,False
INT-00733-1936,SME-2024-00733,2026-05-27 09:31:00,Phone,Upgrade,Positif,Resolved,38,False
INT-00733-1937,SME-2024-00733,2026-02-17 16:58:00,Phone,General,Netral,Resolved,10,False
INT-00734-1938,SME-2024-00734,2026-04-09 10:18:00,Phone,Billing,Netral,Resolved,16,False
INT-00734-1939,SME-2024-00734,2026-05-06 14:24:00,Email,Billing,Negatif,Pending,58,True
INT-00735-1940,SME-2024-00735,2026-04-16 11:19:00,Phone,Upgrade,Positif,Resolved,19,False
INT-00735-1941,SME-2024-00735,2026-04-25 08:45:00,WhatsApp,Upgrade,Netral,Resolved,17,False
INT-00736-1942,SME-2024-00736,2026-05-16 11:15:00,Live Chat,Technical,Negatif,Pending,52,True
INT-00736-1943,SME-2024-00736,2026-05-02 16:21:00,Phone,Upgrade,Netral,Pending,47,True
INT-00736-1944,SME-2024-00736,2026-06-08 14:06:00,Phone,Technical,Positif,Resolved,29,False
INT-00736-1945,SME-2024-00736,2026-06-10 10:17:00,Phone,General,Positif,Resolved,29,False
INT-00738-1946,SME-2024-00738,2026-02-22 09:50:00,WhatsApp,General,Positif,Resolved,52,False
INT-00738-1947,SME-2024-00738,2026-04-26 15:53:00,Portal,Technical,Positif,Resolved,27,False
INT-00740-1948,SME-2024-00740,2026-04-13 16:52:00,Email,Upgrade,Netral,Resolved,41,False
INT-00740-1949,SME-2024-00740,2026-06-27 08:42:00,Portal,General,Positif,Pending,27,True
INT-00740-1950,SME-2024-00740,2026-06-10 15:39:00,Live Chat,Technical,Negatif,Closed-no-solution,65,False
INT-00740-1951,SME-2024-00740,2026-06-12 13:49:00,WhatsApp,Technical,Netral,Resolved,5,False
INT-00740-1952,SME-2024-00740,2026-04-05 15:05:00,Phone,General,Positif,Escalated,6,True
INT-00741-1953,SME-2024-00741,2026-04-09 15:19:00,Phone,Technical,Negatif,Resolved,37,False
INT-00741-1954,SME-2024-00741,2026-06-02 15:35:00,Live Chat,General,Positif,Resolved,38,False
INT-00741-1955,SME-2024-00741,2026-03-26 15:51:00,Phone,Technical,Netral,Resolved,24,False
INT-00741-1956,SME-2024-00741,2026-05-18 14:10:00,Live Chat,Technical,Positif,Resolved,5,False
INT-00744-1957,SME-2024-00744,2026-06-16 12:28:00,WhatsApp,Technical,Negatif,Resolved,43,False
INT-00744-1958,SME-2024-00744,2026-06-23 15:41:00,WhatsApp,General,Netral,Resolved,13,False
INT-00747-1959,SME-2024-00747,2026-04-21 08:39:00,Live Chat,Technical,Positif,Resolved,36,False
INT-00747-1960,SME-2024-00747,2026-05-04 15:18:00,WhatsApp,General,Netral,Pending,30,True
INT-00747-1961,SME-2024-00747,2026-04-16 11:32:00,WhatsApp,Upgrade,Positif,Pending,32,True
INT-00747-1962,SME-2024-00747,2026-04-23 15:21:00,Email,General,Negatif,Resolved,50,False
INT-00747-1963,SME-2024-00747,2026-04-23 10:50:00,Email,Billing,Negatif,Pending,73,True
INT-00748-1964,SME-2024-00748,2026-04-20 11:42:00,Portal,Upgrade,Positif,Resolved,50,False
INT-00748-1965,SME-2024-00748,2026-06-04 11:36:00,WhatsApp,Billing,Negatif,Resolved,56,False
INT-00748-1966,SME-2024-00748,2026-06-09 15:25:00,Email,Technical,Positif,Resolved,37,False
INT-00748-1967,SME-2024-00748,2026-04-16 08:24:00,Phone,Technical,Positif,Resolved,35,False
INT-00749-1968,SME-2024-00749,2026-05-24 08:16:00,Phone,Technical,Negatif,Escalated,38,True
INT-00749-1969,SME-2024-00749,2026-01-11 15:31:00,Email,Technical,Netral,Resolved,9,False
INT-00749-1970,SME-2024-00749,2026-01-23 17:16:00,Phone,Technical,Negatif,Closed-no-solution,65,False
INT-00750-1971,SME-2024-00750,2026-05-16 13:14:00,Phone,General,Netral,Resolved,15,False
INT-00750-1972,SME-2024-00750,2026-06-15 14:20:00,Phone,Billing,Negatif,Pending,48,True
INT-00750-1973,SME-2024-00750,2026-04-22 11:59:00,Phone,Upgrade,Netral,Resolved,26,False
INT-00750-1974,SME-2024-00750,2026-05-03 11:22:00,Phone,Technical,Positif,Escalated,24,True
INT-00751-1975,SME-2024-00751,2026-05-24 16:04:00,Portal,Upgrade,Negatif,Resolved,62,False
INT-00751-1976,SME-2024-00751,2026-04-11 10:01:00,Email,Technical,Netral,Resolved,26,False
INT-00751-1977,SME-2024-00751,2026-04-16 14:20:00,Email,Technical,Netral,Resolved,16,False
INT-00752-1978,SME-2024-00752,2026-04-02 15:54:00,Live Chat,Upgrade,Netral,Resolved,33,False
INT-00752-1979,SME-2024-00752,2026-06-21 10:36:00,Portal,Technical,Positif,Resolved,27,False
INT-00752-1980,SME-2024-00752,2026-05-03 11:09:00,WhatsApp,Billing,Positif,Resolved,45,False
INT-00752-1981,SME-2024-00752,2026-05-20 08:54:00,Phone,Technical,Netral,Resolved,34,False
INT-00752-1982,SME-2024-00752,2026-06-10 10:18:00,WhatsApp,Technical,Negatif,Pending,40,True
INT-00752-1983,SME-2024-00752,2026-04-02 15:34:00,Phone,Technical,Negatif,Resolved,71,False
INT-00753-1984,SME-2024-00753,2026-05-21 16:47:00,Phone,Technical,Positif,Resolved,17,False
INT-00753-1985,SME-2024-00753,2026-04-24 10:58:00,Phone,Billing,Negatif,Resolved,33,False
INT-00753-1986,SME-2024-00753,2026-06-01 11:28:00,Email,Technical,Positif,Resolved,36,False
INT-00754-1987,SME-2024-00754,2026-04-16 10:20:00,WhatsApp,Technical,Netral,Resolved,11,False
INT-00754-1988,SME-2024-00754,2026-06-18 17:06:00,Phone,Billing,Positif,Resolved,54,False
INT-00754-1989,SME-2024-00754,2026-05-26 08:45:00,Email,Technical,Positif,Resolved,30,False
INT-00755-1990,SME-2024-00755,2026-04-12 10:57:00,WhatsApp,General,Positif,Resolved,52,False
INT-00755-1991,SME-2024-00755,2026-04-02 17:40:00,Email,General,Negatif,Pending,50,True
INT-00756-1992,SME-2024-00756,2026-06-05 15:20:00,Email,Technical,Negatif,Resolved,59,False
INT-00756-1993,SME-2024-00756,2026-05-25 15:33:00,WhatsApp,Upgrade,Negatif,Closed-no-solution,59,False
INT-00756-1994,SME-2024-00756,2026-05-12 12:18:00,Phone,General,Positif,Resolved,15,False
INT-00756-1995,SME-2024-00756,2026-05-21 17:39:00,Email,Billing,Positif,Resolved,43,False
INT-00756-1996,SME-2024-00756,2026-06-05 08:59:00,Email,Upgrade,Netral,Resolved,36,False
INT-00757-1997,SME-2024-00757,2026-02-02 14:54:00,WhatsApp,Technical,Netral,Resolved,25,False
INT-00757-1998,SME-2024-00757,2026-06-26 11:24:00,Email,General,Netral,Escalated,26,True
INT-00757-1999,SME-2024-00757,2026-01-07 13:03:00,Email,Billing,Negatif,Closed-no-solution,81,False
INT-00757-2000,SME-2024-00757,2026-06-09 08:32:00,Email,General,Positif,Resolved,50,False
INT-00758-2001,SME-2024-00758,2026-03-27 13:46:00,Live Chat,Technical,Netral,Resolved,50,False
INT-00758-2002,SME-2024-00758,2026-05-18 08:50:00,Phone,Billing,Positif,Resolved,35,False
INT-00758-2003,SME-2024-00758,2026-05-05 13:23:00,Live Chat,Technical,Positif,Resolved,35,False
INT-00759-2004,SME-2024-00759,2026-04-23 09:47:00,WhatsApp,General,Netral,Resolved,12,False
INT-00759-2005,SME-2024-00759,2026-04-21 14:57:00,WhatsApp,Technical,Netral,Resolved,57,False
INT-00759-2006,SME-2024-00759,2026-06-27 16:20:00,Email,General,Positif,Resolved,36,False
INT-00760-2007,SME-2024-00760,2026-05-05 10:33:00,WhatsApp,Upgrade,Netral,Resolved,66,False
INT-00760-2008,SME-2024-00760,2026-03-16 15:03:00,WhatsApp,Billing,Positif,Resolved,36,False
INT-00760-2009,SME-2024-00760,2026-05-12 14:56:00,Phone,General,Netral,Resolved,5,False
INT-00760-2010,SME-2024-00760,2026-03-19 13:42:00,Phone,General,Netral,Resolved,56,False
INT-00760-2011,SME-2024-00760,2026-04-11 12:07:00,Phone,Technical,Positif,Resolved,24,False
INT-00760-2012,SME-2024-00760,2026-01-19 15:55:00,Live Chat,Technical,Positif,Resolved,29,False
INT-00760-2013,SME-2024-00760,2026-04-08 08:42:00,Live Chat,Technical,Negatif,Closed-no-solution,74,False
INT-00760-2014,SME-2024-00760,2026-04-07 11:38:00,Phone,Billing,Positif,Resolved,5,False
INT-00761-2015,SME-2024-00761,2026-04-07 15:55:00,Email,Technical,Positif,Resolved,39,False
INT-00761-2016,SME-2024-00761,2026-05-26 08:13:00,Email,Technical,Positif,Resolved,42,False
INT-00761-2017,SME-2024-00761,2026-02-22 15:55:00,Email,Billing,Positif,Resolved,52,False
INT-00761-2018,SME-2024-00761,2026-06-16 15:55:00,WhatsApp,Technical,Netral,Escalated,36,True
INT-00762-2019,SME-2024-00762,2026-06-11 11:55:00,Phone,General,Positif,Resolved,11,False
INT-00762-2020,SME-2024-00762,2026-05-25 12:41:00,Phone,Technical,Netral,Resolved,44,False
INT-00762-2021,SME-2024-00762,2026-05-26 14:28:00,Portal,General,Positif,Resolved,52,False
INT-00762-2022,SME-2024-00762,2026-06-17 17:43:00,Live Chat,Upgrade,Positif,Pending,40,True
INT-00763-2023,SME-2024-00763,2026-06-27 11:55:00,Phone,Technical,Netral,Resolved,35,False
INT-00763-2024,SME-2024-00763,2026-06-13 10:58:00,Live Chat,Technical,Netral,Resolved,50,False
INT-00763-2025,SME-2024-00763,2026-06-15 08:40:00,WhatsApp,Upgrade,Positif,Resolved,39,False
INT-00763-2026,SME-2024-00763,2026-06-27 10:28:00,WhatsApp,Billing,Netral,Resolved,15,False
INT-00763-2027,SME-2024-00763,2026-06-10 08:40:00,WhatsApp,Billing,Positif,Pending,17,True
INT-00764-2028,SME-2024-00764,2026-04-14 16:41:00,Portal,Billing,Netral,Resolved,20,False
INT-00764-2029,SME-2024-00764,2026-05-22 09:54:00,Live Chat,General,Negatif,Resolved,43,False
INT-00765-2030,SME-2024-00765,2026-04-25 16:04:00,Phone,Upgrade,Negatif,Pending,60,True
INT-00765-2031,SME-2024-00765,2026-01-05 14:06:00,Phone,Billing,Negatif,Resolved,35,False
INT-00765-2032,SME-2024-00765,2026-06-10 09:39:00,Email,General,Netral,Resolved,60,False
INT-00765-2033,SME-2024-00765,2026-06-17 17:03:00,Live Chat,General,Negatif,Resolved,39,False
INT-00766-2034,SME-2024-00766,2026-06-14 14:24:00,Phone,Billing,Netral,Resolved,19,False
INT-00766-2035,SME-2024-00766,2026-04-08 17:08:00,Email,Upgrade,Positif,Resolved,70,False
INT-00767-2036,SME-2024-00767,2026-06-06 09:06:00,Phone,General,Netral,Resolved,24,False
INT-00767-2037,SME-2024-00767,2026-06-02 13:13:00,Email,Technical,Positif,Resolved,5,False
INT-00768-2038,SME-2024-00768,2026-05-04 11:06:00,WhatsApp,Technical,Positif,Resolved,11,False
INT-00768-2039,SME-2024-00768,2026-05-23 10:37:00,Email,General,Negatif,Escalated,38,True
INT-00768-2040,SME-2024-00768,2026-03-23 13:52:00,Portal,Technical,Netral,Resolved,36,False
INT-00769-2041,SME-2024-00769,2026-05-27 15:20:00,Phone,Billing,Positif,Resolved,48,False
INT-00769-2042,SME-2024-00769,2026-06-02 08:17:00,WhatsApp,General,Positif,Resolved,42,False
INT-00769-2043,SME-2024-00769,2026-06-12 08:24:00,Live Chat,Upgrade,Netral,Escalated,8,True
INT-00769-2044,SME-2024-00769,2026-06-14 13:10:00,WhatsApp,General,Positif,Resolved,28,False
INT-00769-2045,SME-2024-00769,2026-06-04 15:45:00,Portal,General,Netral,Resolved,11,False
INT-00769-2046,SME-2024-00769,2026-05-27 11:28:00,Portal,Upgrade,Netral,Resolved,26,False
INT-00770-2047,SME-2024-00770,2026-06-23 15:01:00,Phone,Technical,Positif,Resolved,12,False
INT-00770-2048,SME-2024-00770,2026-06-10 12:51:00,WhatsApp,Billing,Netral,Resolved,19,False
INT-00770-2049,SME-2024-00770,2026-06-15 14:01:00,Live Chat,Technical,Netral,Resolved,28,False
INT-00770-2050,SME-2024-00770,2026-06-10 08:09:00,WhatsApp,Technical,Positif,Resolved,19,False
INT-00770-2051,SME-2024-00770,2026-06-07 13:43:00,WhatsApp,General,Positif,Resolved,15,False
INT-00771-2052,SME-2024-00771,2026-05-26 14:09:00,Phone,General,Negatif,Pending,45,True
INT-00771-2053,SME-2024-00771,2026-05-13 09:34:00,WhatsApp,General,Netral,Resolved,31,False
INT-00771-2054,SME-2024-00771,2026-06-17 11:31:00,Live Chat,Technical,Netral,Resolved,23,False
INT-00772-2055,SME-2024-00772,2026-04-24 15:54:00,Email,General,Positif,Escalated,32,True
INT-00774-2056,SME-2024-00774,2026-04-26 13:18:00,Phone,Technical,Netral,Escalated,5,True
INT-00775-2057,SME-2024-00775,2026-06-21 11:49:00,Email,Technical,Positif,Resolved,37,False
INT-00775-2058,SME-2024-00775,2026-06-07 09:55:00,Portal,Upgrade,Positif,Resolved,17,False
INT-00775-2059,SME-2024-00775,2026-06-07 09:49:00,Portal,General,Positif,Resolved,44,False
INT-00775-2060,SME-2024-00775,2026-06-23 14:45:00,Email,Technical,Negatif,Escalated,59,True
INT-00776-2061,SME-2024-00776,2026-06-19 17:33:00,Email,Billing,Positif,Resolved,21,False
INT-00776-2062,SME-2024-00776,2026-06-04 11:31:00,Phone,Technical,Positif,Resolved,38,False
INT-00777-2063,SME-2024-00777,2026-01-12 08:59:00,Portal,Technical,Netral,Resolved,49,False
INT-00777-2064,SME-2024-00777,2026-04-06 15:17:00,Phone,Billing,Netral,Resolved,58,False
INT-00777-2065,SME-2024-00777,2026-06-16 09:15:00,Phone,Technical,Netral,Resolved,23,False
INT-00778-2066,SME-2024-00778,2026-06-06 15:25:00,Phone,Billing,Netral,Resolved,13,False
INT-00778-2067,SME-2024-00778,2026-06-13 17:07:00,WhatsApp,Billing,Negatif,Pending,76,True
INT-00779-2068,SME-2024-00779,2026-06-10 11:18:00,Portal,Upgrade,Netral,Resolved,31,False
INT-00779-2069,SME-2024-00779,2026-06-27 13:53:00,Live Chat,Upgrade,Netral,Resolved,40,False
INT-00780-2070,SME-2024-00780,2026-06-08 16:06:00,WhatsApp,Technical,Netral,Resolved,31,False
INT-00780-2071,SME-2024-00780,2026-04-08 12:01:00,Phone,Upgrade,Positif,Resolved,17,False
INT-00780-2072,SME-2024-00780,2026-05-07 09:23:00,Email,Billing,Negatif,Closed-no-solution,47,False
INT-00780-2073,SME-2024-00780,2026-04-15 09:56:00,Phone,Technical,Negatif,Resolved,66,False
INT-00781-2074,SME-2024-00781,2026-06-11 14:56:00,WhatsApp,General,Netral,Resolved,33,False
INT-00782-2075,SME-2024-00782,2026-06-05 16:02:00,Portal,Billing,Netral,Resolved,35,False
INT-00782-2076,SME-2024-00782,2026-06-17 13:07:00,WhatsApp,General,Positif,Resolved,46,False
INT-00783-2077,SME-2024-00783,2026-06-01 14:06:00,WhatsApp,General,Negatif,Resolved,54,False
INT-00783-2078,SME-2024-00783,2026-02-26 11:01:00,Live Chat,Billing,Netral,Resolved,5,False
INT-00784-2079,SME-2024-00784,2026-02-20 12:59:00,Portal,General,Positif,Resolved,22,False
INT-00785-2080,SME-2024-00785,2026-06-12 14:19:00,WhatsApp,General,Positif,Resolved,42,False
INT-00785-2081,SME-2024-00785,2026-03-10 17:23:00,Phone,Technical,Netral,Resolved,7,False
INT-00786-2082,SME-2024-00786,2026-06-20 08:09:00,Email,Upgrade,Negatif,Escalated,48,True
INT-00786-2083,SME-2024-00786,2026-06-08 15:40:00,WhatsApp,General,Negatif,Escalated,59,True
INT-00786-2084,SME-2024-00786,2026-05-04 10:22:00,Phone,General,Netral,Resolved,21,False
INT-00788-2085,SME-2024-00788,2026-02-12 09:25:00,Live Chat,Technical,Positif,Escalated,18,True
INT-00788-2086,SME-2024-00788,2026-01-05 10:35:00,Phone,General,Netral,Resolved,48,False
INT-00789-2087,SME-2024-00789,2026-06-10 12:02:00,Live Chat,Billing,Positif,Resolved,40,False
INT-00789-2088,SME-2024-00789,2026-06-11 11:39:00,Live Chat,Technical,Negatif,Resolved,44,False
INT-00790-2089,SME-2024-00790,2026-06-19 10:03:00,Phone,Upgrade,Positif,Resolved,40,False
INT-00791-2090,SME-2024-00791,2026-06-11 14:22:00,Live Chat,General,Netral,Resolved,46,False
INT-00791-2091,SME-2024-00791,2026-06-22 10:54:00,Live Chat,General,Positif,Pending,34,True
INT-00791-2092,SME-2024-00791,2026-06-02 13:46:00,Live Chat,Technical,Negatif,Resolved,51,False
INT-00792-2093,SME-2024-00792,2026-05-20 10:20:00,Live Chat,General,Netral,Resolved,60,False
INT-00793-2094,SME-2024-00793,2026-05-18 14:03:00,Phone,Technical,Netral,Escalated,23,True
INT-00794-2095,SME-2024-00794,2026-03-18 14:52:00,Phone,Billing,Negatif,Escalated,43,True
INT-00794-2096,SME-2024-00794,2026-03-18 15:55:00,Phone,Upgrade,Positif,Escalated,52,True
INT-00794-2097,SME-2024-00794,2026-02-14 17:18:00,WhatsApp,Upgrade,Netral,Resolved,34,False
INT-00795-2098,SME-2024-00795,2026-06-11 16:02:00,Phone,Billing,Positif,Resolved,31,False
INT-00796-2099,SME-2024-00796,2026-06-26 13:42:00,Phone,General,Negatif,Escalated,46,True
INT-00796-2100,SME-2024-00796,2026-06-20 10:06:00,Email,Technical,Netral,Pending,5,True
INT-00796-2101,SME-2024-00796,2026-06-08 15:40:00,Email,General,Negatif,Closed-no-solution,63,False
INT-00797-2102,SME-2024-00797,2026-05-08 15:03:00,Live Chat,General,Positif,Resolved,35,False
INT-00798-2103,SME-2024-00798,2026-05-01 11:57:00,Portal,Technical,Negatif,Pending,43,True
INT-00798-2104,SME-2024-00798,2026-05-15 17:01:00,WhatsApp,General,Positif,Resolved,20,False
INT-00798-2105,SME-2024-00798,2026-05-13 16:47:00,WhatsApp,General,Netral,Resolved,41,False
INT-00799-2106,SME-2024-00799,2026-06-08 12:57:00,WhatsApp,Billing,Negatif,Closed-no-solution,59,False
INT-00799-2107,SME-2024-00799,2026-05-01 08:47:00,Phone,Technical,Netral,Pending,5,True
INT-00799-2108,SME-2024-00799,2026-05-02 16:26:00,Live Chat,Upgrade,Positif,Resolved,14,False
INT-00800-2109,SME-2024-00800,2026-04-01 08:39:00,WhatsApp,General,Netral,Resolved,55,False
INT-00800-2110,SME-2024-00800,2026-05-05 13:22:00,Phone,General,Positif,Resolved,15,False
INT-00800-2111,SME-2024-00800,2026-03-04 12:17:00,Live Chat,Technical,Positif,Resolved,22,False
INT-00801-2112,SME-2024-00801,2026-06-10 08:48:00,Live Chat,Upgrade,Positif,Resolved,48,False
INT-00802-2113,SME-2024-00802,2026-05-10 09:13:00,Phone,General,Positif,Escalated,5,True
INT-00802-2114,SME-2024-00802,2026-04-08 11:45:00,Phone,General,Positif,Resolved,22,False
INT-00802-2115,SME-2024-00802,2026-06-25 13:56:00,Email,Billing,Positif,Pending,36,True
INT-00802-2116,SME-2024-00802,2026-04-04 09:07:00,WhatsApp,Billing,Positif,Resolved,13,False
INT-00802-2117,SME-2024-00802,2026-02-22 09:53:00,WhatsApp,General,Netral,Pending,30,True
INT-00802-2118,SME-2024-00802,2026-04-20 15:00:00,Live Chat,Upgrade,Negatif,Resolved,70,False
INT-00804-2119,SME-2024-00804,2026-05-10 12:55:00,WhatsApp,Upgrade,Positif,Resolved,5,False
INT-00804-2120,SME-2024-00804,2026-05-25 12:51:00,WhatsApp,Technical,Positif,Resolved,22,False
INT-00804-2121,SME-2024-00804,2026-05-18 09:43:00,Live Chat,Billing,Positif,Escalated,24,True
INT-00804-2122,SME-2024-00804,2026-06-11 11:50:00,Email,Billing,Netral,Resolved,28,False
INT-00805-2123,SME-2024-00805,2026-06-25 15:42:00,Phone,General,Netral,Resolved,17,False
INT-00805-2124,SME-2024-00805,2026-06-26 17:06:00,Portal,Technical,Positif,Resolved,48,False
INT-00805-2125,SME-2024-00805,2026-06-23 15:50:00,WhatsApp,General,Positif,Resolved,11,False
INT-00806-2126,SME-2024-00806,2026-06-11 08:37:00,WhatsApp,Upgrade,Positif,Resolved,24,False
INT-00806-2127,SME-2024-00806,2026-06-26 14:32:00,Email,Billing,Positif,Pending,5,True
INT-00807-2128,SME-2024-00807,2026-05-19 09:09:00,WhatsApp,Upgrade,Netral,Resolved,19,False
INT-00807-2129,SME-2024-00807,2026-03-22 11:45:00,Live Chat,Billing,Positif,Resolved,20,False
INT-00807-2130,SME-2024-00807,2026-03-01 15:46:00,WhatsApp,Technical,Positif,Resolved,20,False
INT-00808-2131,SME-2024-00808,2026-05-22 13:39:00,Live Chat,Technical,Positif,Resolved,5,False
INT-00808-2132,SME-2024-00808,2026-06-20 09:38:00,WhatsApp,Technical,Netral,Resolved,29,False
INT-00808-2133,SME-2024-00808,2026-06-08 16:22:00,Phone,Technical,Netral,Resolved,50,False
INT-00808-2134,SME-2024-00808,2026-04-04 14:19:00,WhatsApp,General,Positif,Resolved,48,False
INT-00808-2135,SME-2024-00808,2026-04-04 16:09:00,Portal,Billing,Positif,Resolved,40,False
INT-00809-2136,SME-2024-00809,2026-04-06 13:52:00,WhatsApp,Upgrade,Netral,Resolved,61,False
INT-00809-2137,SME-2024-00809,2026-04-18 17:22:00,WhatsApp,General,Netral,Pending,39,True
INT-00810-2138,SME-2024-00810,2026-05-23 13:18:00,WhatsApp,General,Netral,Resolved,34,False
INT-00812-2139,SME-2024-00812,2026-05-25 09:48:00,WhatsApp,Technical,Netral,Resolved,5,False
INT-00813-2140,SME-2024-00813,2026-04-15 12:21:00,Email,Billing,Positif,Resolved,48,False
INT-00813-2141,SME-2024-00813,2026-06-10 11:37:00,WhatsApp,Billing,Netral,Resolved,55,False
INT-00813-2142,SME-2024-00813,2026-05-03 15:30:00,Email,General,Positif,Resolved,10,False
INT-00813-2143,SME-2024-00813,2026-04-11 14:32:00,Email,Technical,Netral,Resolved,32,False
INT-00815-2144,SME-2024-00815,2026-02-08 12:11:00,Phone,General,Netral,Resolved,30,False
INT-00815-2145,SME-2024-00815,2026-04-13 17:48:00,WhatsApp,Upgrade,Positif,Resolved,24,False
INT-00816-2146,SME-2024-00816,2026-05-18 10:29:00,Portal,Upgrade,Positif,Resolved,15,False
INT-00817-2147,SME-2024-00817,2026-04-09 13:13:00,Phone,General,Positif,Resolved,32,False
INT-00817-2148,SME-2024-00817,2026-05-24 17:32:00,WhatsApp,Technical,Positif,Pending,29,True
INT-00818-2149,SME-2024-00818,2026-05-09 16:32:00,WhatsApp,Technical,Netral,Pending,37,True
INT-00819-2150,SME-2024-00819,2026-06-14 11:09:00,Email,Technical,Netral,Pending,33,True
INT-00819-2151,SME-2024-00819,2026-06-23 12:01:00,Portal,General,Netral,Resolved,43,False
INT-00820-2152,SME-2024-00820,2026-02-02 12:23:00,WhatsApp,Billing,Positif,Resolved,41,False
INT-00820-2153,SME-2024-00820,2026-04-12 16:51:00,WhatsApp,Billing,Positif,Resolved,30,False
INT-00820-2154,SME-2024-00820,2026-05-05 17:07:00,Live Chat,Billing,Negatif,Resolved,69,False
INT-00821-2155,SME-2024-00821,2026-03-09 16:25:00,Phone,Billing,Netral,Resolved,6,False
INT-00821-2156,SME-2024-00821,2026-06-10 08:11:00,WhatsApp,General,Netral,Resolved,44,False
INT-00822-2157,SME-2024-00822,2026-06-24 17:51:00,Email,Billing,Negatif,Resolved,60,False
INT-00822-2158,SME-2024-00822,2026-06-01 16:47:00,Email,Upgrade,Positif,Resolved,42,False
INT-00822-2159,SME-2024-00822,2026-06-17 14:53:00,Live Chat,Billing,Negatif,Closed-no-solution,49,False
INT-00822-2160,SME-2024-00822,2026-06-17 12:46:00,Phone,General,Positif,Resolved,52,False
INT-00823-2161,SME-2024-00823,2026-03-02 17:07:00,Phone,General,Positif,Resolved,12,False
INT-00823-2162,SME-2024-00823,2026-04-04 15:17:00,WhatsApp,General,Positif,Resolved,28,False
INT-00823-2163,SME-2024-00823,2026-04-17 15:10:00,Email,Technical,Positif,Resolved,37,False
INT-00824-2164,SME-2024-00824,2026-02-08 17:01:00,Portal,Technical,Positif,Resolved,18,False
INT-00824-2165,SME-2024-00824,2026-05-12 13:36:00,WhatsApp,Technical,Positif,Resolved,5,False
INT-00825-2166,SME-2024-00825,2026-06-17 12:38:00,WhatsApp,General,Netral,Resolved,22,False
INT-00825-2167,SME-2024-00825,2026-06-17 12:08:00,WhatsApp,General,Netral,Resolved,5,False
INT-00826-2168,SME-2024-00826,2026-04-15 17:56:00,WhatsApp,Technical,Netral,Resolved,40,False
INT-00826-2169,SME-2024-00826,2026-05-12 15:35:00,Live Chat,Technical,Positif,Resolved,51,False
INT-00826-2170,SME-2024-00826,2026-02-19 14:44:00,Phone,Technical,Positif,Escalated,46,True
INT-00826-2171,SME-2024-00826,2026-03-15 16:07:00,WhatsApp,Technical,Positif,Pending,42,True
INT-00826-2172,SME-2024-00826,2026-06-04 13:44:00,WhatsApp,Technical,Netral,Resolved,49,False
INT-00827-2173,SME-2024-00827,2026-06-12 17:57:00,WhatsApp,Technical,Positif,Resolved,41,False
INT-00827-2174,SME-2024-00827,2026-05-14 09:14:00,Portal,Billing,Positif,Resolved,58,False
INT-00827-2175,SME-2024-00827,2026-06-03 13:49:00,Email,Technical,Netral,Resolved,32,False
INT-00827-2176,SME-2024-00827,2026-05-21 15:28:00,Live Chat,Upgrade,Positif,Resolved,39,False
INT-00827-2177,SME-2024-00827,2026-06-19 16:03:00,Live Chat,Billing,Netral,Escalated,48,True
INT-00829-2178,SME-2024-00829,2026-06-09 12:47:00,WhatsApp,Billing,Positif,Resolved,36,False
INT-00829-2179,SME-2024-00829,2026-04-08 11:00:00,Phone,General,Negatif,Pending,48,True
INT-00829-2180,SME-2024-00829,2026-04-22 08:18:00,WhatsApp,Technical,Netral,Resolved,34,False
INT-00830-2181,SME-2024-00830,2026-05-24 17:18:00,Email,Upgrade,Positif,Resolved,5,False
INT-00830-2182,SME-2024-00830,2026-06-13 10:28:00,Email,Billing,Positif,Resolved,14,False
INT-00830-2183,SME-2024-00830,2026-03-27 12:01:00,Email,Billing,Positif,Resolved,20,False
INT-00830-2184,SME-2024-00830,2026-05-22 08:30:00,Email,Billing,Negatif,Escalated,39,True
INT-00831-2185,SME-2024-00831,2026-03-04 08:49:00,Portal,Technical,Netral,Resolved,17,False
INT-00832-2186,SME-2024-00832,2026-06-01 11:45:00,Portal,Billing,Negatif,Resolved,41,False
INT-00832-2187,SME-2024-00832,2026-05-20 10:17:00,Phone,Upgrade,Negatif,Pending,47,True
INT-00832-2188,SME-2024-00832,2026-05-13 10:51:00,Phone,General,Positif,Escalated,43,True
INT-00832-2189,SME-2024-00832,2026-05-12 16:10:00,Portal,General,Netral,Resolved,38,False
INT-00833-2190,SME-2024-00833,2026-06-10 13:09:00,Email,Technical,Positif,Resolved,5,False
INT-00833-2191,SME-2024-00833,2026-05-11 10:27:00,Live Chat,Upgrade,Netral,Pending,51,True
INT-00835-2192,SME-2024-00835,2026-05-18 16:13:00,Phone,Billing,Positif,Resolved,44,False
INT-00835-2193,SME-2024-00835,2026-04-19 17:04:00,Portal,Technical,Negatif,Resolved,53,False
INT-00836-2194,SME-2024-00836,2026-06-13 10:39:00,Portal,Technical,Netral,Resolved,49,False
INT-00836-2195,SME-2024-00836,2026-06-04 17:44:00,Phone,General,Netral,Resolved,32,False
INT-00836-2196,SME-2024-00836,2026-06-25 17:59:00,WhatsApp,Upgrade,Negatif,Resolved,72,False
INT-00836-2197,SME-2024-00836,2026-06-19 17:28:00,WhatsApp,Technical,Netral,Resolved,43,False
INT-00837-2198,SME-2024-00837,2026-06-20 09:09:00,WhatsApp,General,Positif,Resolved,24,False
INT-00837-2199,SME-2024-00837,2026-06-22 11:00:00,Portal,Technical,Positif,Resolved,26,False
INT-00837-2200,SME-2024-00837,2026-04-24 13:30:00,Phone,Technical,Positif,Resolved,26,False
INT-00837-2201,SME-2024-00837,2026-05-06 11:22:00,Phone,General,Negatif,Resolved,72,False
INT-00837-2202,SME-2024-00837,2026-04-23 11:55:00,Phone,Technical,Positif,Pending,6,True
INT-00837-2203,SME-2024-00837,2026-06-22 11:11:00,Email,Upgrade,Positif,Resolved,24,False
INT-00838-2204,SME-2024-00838,2026-06-07 15:01:00,WhatsApp,Billing,Netral,Resolved,8,False
INT-00839-2205,SME-2024-00839,2026-06-03 12:55:00,Phone,Technical,Netral,Resolved,36,False
INT-00840-2206,SME-2024-00840,2026-04-17 15:11:00,Live Chat,Upgrade,Netral,Resolved,38,False
INT-00840-2207,SME-2024-00840,2026-05-21 12:39:00,WhatsApp,Billing,Negatif,Closed-no-solution,35,False
INT-00840-2208,SME-2024-00840,2026-06-01 09:55:00,Email,Technical,Negatif,Resolved,57,False
INT-00840-2209,SME-2024-00840,2026-06-15 16:54:00,WhatsApp,General,Netral,Resolved,33,False
INT-00840-2210,SME-2024-00840,2026-05-05 11:25:00,Email,Upgrade,Positif,Resolved,30,False
INT-00840-2211,SME-2024-00840,2026-05-04 12:35:00,Live Chat,Upgrade,Netral,Resolved,33,False
INT-00841-2212,SME-2024-00841,2026-03-23 17:46:00,Email,Billing,Positif,Resolved,32,False
INT-00841-2213,SME-2024-00841,2026-03-27 16:10:00,Phone,Technical,Netral,Escalated,27,True
INT-00841-2214,SME-2024-00841,2026-03-25 11:50:00,Email,General,Positif,Pending,43,True
INT-00842-2215,SME-2024-00842,2026-05-04 12:04:00,Portal,General,Positif,Resolved,24,False
INT-00842-2216,SME-2024-00842,2026-04-09 08:24:00,Live Chat,Technical,Netral,Resolved,8,False
INT-00843-2217,SME-2024-00843,2026-06-06 09:09:00,Phone,General,Positif,Resolved,17,False
INT-00843-2218,SME-2024-00843,2026-04-15 09:45:00,Portal,Upgrade,Netral,Resolved,41,False
INT-00843-2219,SME-2024-00843,2026-04-18 10:32:00,Live Chat,General,Positif,Resolved,53,False
INT-00843-2220,SME-2024-00843,2026-06-02 12:45:00,WhatsApp,Billing,Positif,Pending,31,True
INT-00844-2221,SME-2024-00844,2026-06-16 08:53:00,Portal,General,Netral,Resolved,31,False
INT-00845-2222,SME-2024-00845,2026-06-15 16:07:00,Live Chat,Technical,Positif,Resolved,5,False
INT-00845-2223,SME-2024-00845,2026-06-26 13:05:00,Portal,General,Positif,Resolved,39,False
INT-00846-2224,SME-2024-00846,2026-04-04 13:13:00,Email,Billing,Netral,Resolved,18,False
INT-00846-2225,SME-2024-00846,2026-06-14 14:03:00,Email,Upgrade,Netral,Escalated,24,True
INT-00847-2226,SME-2024-00847,2026-04-14 09:34:00,Email,Billing,Netral,Resolved,40,False
INT-00847-2227,SME-2024-00847,2026-04-10 17:31:00,Live Chat,General,Positif,Resolved,38,False
INT-00847-2228,SME-2024-00847,2026-02-05 17:15:00,WhatsApp,Upgrade,Netral,Resolved,35,False
INT-00848-2229,SME-2024-00848,2026-05-18 15:13:00,WhatsApp,Upgrade,Positif,Pending,24,True
INT-00848-2230,SME-2024-00848,2026-01-11 09:56:00,WhatsApp,Billing,Netral,Resolved,55,False
INT-00848-2231,SME-2024-00848,2026-03-13 15:13:00,WhatsApp,Technical,Netral,Pending,14,True
INT-00849-2232,SME-2024-00849,2026-06-26 16:00:00,Portal,Billing,Positif,Pending,5,True
INT-00850-2233,SME-2024-00850,2026-06-13 11:23:00,Phone,Billing,Positif,Pending,32,True
INT-00850-2234,SME-2024-00850,2026-06-23 11:32:00,WhatsApp,Technical,Positif,Resolved,23,False
INT-00851-2235,SME-2024-00851,2025-11-18 17:44:00,Email,Upgrade,Negatif,Closed-no-solution,53,False
INT-00851-2236,SME-2024-00851,2025-12-03 14:14:00,Email,Technical,Negatif,Closed-no-solution,74,False
INT-00851-2237,SME-2024-00851,2025-11-05 17:55:00,WhatsApp,Complaint,Negatif,Pending,49,True
INT-00851-2238,SME-2024-00851,2026-05-10 08:37:00,WhatsApp,Technical,Negatif,Resolved,60,False
INT-00851-2239,SME-2024-00851,2025-12-12 12:58:00,WhatsApp,Technical,Negatif,Resolved,41,False
INT-00851-2240,SME-2024-00851,2025-12-09 10:33:00,Email,Complaint,Negatif,Resolved,58,False
INT-00853-2241,SME-2024-00853,2025-11-09 12:21:00,Portal,Complaint,Positif,Resolved,49,False
INT-00853-2242,SME-2024-00853,2026-01-07 17:11:00,WhatsApp,Complaint,Negatif,Resolved,63,False
INT-00853-2243,SME-2024-00853,2026-02-25 08:52:00,Phone,Complaint,Positif,Resolved,16,False
INT-00854-2244,SME-2024-00854,2026-05-22 11:16:00,WhatsApp,Upgrade,Negatif,Resolved,37,False
INT-00855-2245,SME-2024-00855,2025-09-16 16:43:00,WhatsApp,Technical,Negatif,Escalated,45,True
INT-00855-2246,SME-2024-00855,2025-10-20 16:10:00,Phone,Technical,Negatif,Resolved,49,False
INT-00855-2247,SME-2024-00855,2025-11-20 15:20:00,WhatsApp,Complaint,Negatif,Escalated,56,True
INT-00855-2248,SME-2024-00855,2025-12-08 11:06:00,Phone,General,Negatif,Escalated,52,True
INT-00855-2249,SME-2024-00855,2025-09-24 17:15:00,WhatsApp,Technical,Negatif,Resolved,79,False
INT-00855-2250,SME-2024-00855,2025-08-08 08:14:00,Live Chat,Billing,Positif,Resolved,34,False
INT-00855-2251,SME-2024-00855,2025-11-06 08:35:00,WhatsApp,Technical,Negatif,Resolved,49,False
INT-00855-2252,SME-2024-00855,2026-04-23 10:57:00,WhatsApp,Technical,Negatif,Escalated,53,True
INT-00856-2253,SME-2024-00856,2025-12-10 15:51:00,Phone,Technical,Positif,Resolved,41,False
INT-00857-2254,SME-2024-00857,2025-08-16 14:36:00,Phone,Billing,Negatif,Resolved,31,False
INT-00857-2255,SME-2024-00857,2025-12-06 12:36:00,Phone,Complaint,Positif,Resolved,25,False
INT-00857-2256,SME-2024-00857,2026-02-03 11:24:00,Phone,Complaint,Positif,Resolved,16,False
INT-00857-2257,SME-2024-00857,2025-09-06 16:44:00,Phone,Billing,Negatif,Pending,45,True
INT-00858-2258,SME-2024-00858,2025-10-04 15:08:00,WhatsApp,Technical,Negatif,Pending,52,True
INT-00858-2259,SME-2024-00858,2026-04-02 15:57:00,Email,General,Positif,Escalated,31,True
INT-00858-2260,SME-2024-00858,2026-02-01 13:38:00,Email,Billing,Positif,Resolved,14,False
INT-00858-2261,SME-2024-00858,2026-05-09 10:43:00,Phone,Upgrade,Positif,Resolved,49,False
INT-00858-2262,SME-2024-00858,2025-11-01 12:24:00,Phone,Upgrade,Negatif,Resolved,36,False
INT-00859-2263,SME-2024-00859,2026-06-27 09:03:00,WhatsApp,General,Negatif,Resolved,53,False
INT-00859-2264,SME-2024-00859,2026-03-18 11:21:00,WhatsApp,Technical,Negatif,Pending,47,True
INT-00859-2265,SME-2024-00859,2026-03-06 08:35:00,Live Chat,Upgrade,Negatif,Resolved,50,False
INT-00859-2266,SME-2024-00859,2026-03-03 11:11:00,WhatsApp,Complaint,Negatif,Closed-no-solution,60,False
INT-00859-2267,SME-2024-00859,2026-06-20 17:10:00,Live Chat,General,Positif,Resolved,5,False
INT-00859-2268,SME-2024-00859,2026-05-11 15:11:00,WhatsApp,Complaint,Negatif,Resolved,34,False
INT-00859-2269,SME-2024-00859,2026-02-15 08:09:00,WhatsApp,Complaint,Negatif,Escalated,61,True
INT-00860-2270,SME-2024-00860,2025-12-10 15:38:00,Phone,Complaint,Positif,Resolved,13,False
INT-00860-2271,SME-2024-00860,2025-12-08 08:17:00,WhatsApp,Technical,Negatif,Escalated,49,True
INT-00860-2272,SME-2024-00860,2025-08-24 14:51:00,Portal,General,Positif,Escalated,18,True
INT-00862-2273,SME-2024-00862,2026-01-07 14:56:00,Phone,Complaint,Positif,Resolved,33,False
INT-00862-2274,SME-2024-00862,2025-12-13 12:50:00,WhatsApp,Technical,Negatif,Resolved,79,False
INT-00862-2275,SME-2024-00862,2026-05-08 08:12:00,Portal,General,Positif,Resolved,29,False
INT-00862-2276,SME-2024-00862,2025-12-16 15:34:00,Phone,Technical,Negatif,Resolved,62,False
INT-00864-2277,SME-2024-00864,2026-04-07 09:11:00,Phone,General,Positif,Escalated,45,True
INT-00864-2278,SME-2024-00864,2026-03-20 13:20:00,WhatsApp,Complaint,Negatif,Resolved,37,False
INT-00864-2279,SME-2024-00864,2025-11-24 11:28:00,Phone,Complaint,Negatif,Resolved,30,False
INT-00864-2280,SME-2024-00864,2025-09-06 11:31:00,WhatsApp,General,Positif,Resolved,48,False
INT-00864-2281,SME-2024-00864,2025-10-24 09:17:00,WhatsApp,Complaint,Negatif,Resolved,42,False
INT-00864-2282,SME-2024-00864,2025-11-14 11:28:00,Phone,Billing,Positif,Resolved,46,False
INT-00864-2283,SME-2024-00864,2025-11-07 14:15:00,Live Chat,Billing,Negatif,Pending,75,True
INT-00865-2284,SME-2024-00865,2026-01-14 10:40:00,Email,Billing,Positif,Resolved,39,False
INT-00865-2285,SME-2024-00865,2025-10-21 13:23:00,Phone,Complaint,Negatif,Escalated,60,True
INT-00865-2286,SME-2024-00865,2025-09-15 15:14:00,Phone,Complaint,Positif,Resolved,46,False
INT-00865-2287,SME-2024-00865,2026-05-19 12:59:00,WhatsApp,Technical,Negatif,Closed-no-solution,33,False
INT-00866-2288,SME-2024-00866,2025-12-17 12:50:00,WhatsApp,Upgrade,Negatif,Resolved,51,False
INT-00866-2289,SME-2024-00866,2026-03-17 14:56:00,Email,Complaint,Negatif,Closed-no-solution,78,False
INT-00867-2290,SME-2024-00867,2025-12-27 12:30:00,Phone,Billing,Negatif,Resolved,40,False
INT-00869-2291,SME-2024-00869,2026-06-20 09:57:00,Live Chat,General,Positif,Resolved,19,False
INT-00869-2292,SME-2024-00869,2025-11-25 12:59:00,WhatsApp,Complaint,Negatif,Resolved,56,False
INT-00870-2293,SME-2024-00870,2025-08-20 10:07:00,Portal,Technical,Positif,Resolved,61,False
INT-00870-2294,SME-2024-00870,2025-11-23 15:44:00,WhatsApp,Billing,Positif,Resolved,43,False
INT-00870-2295,SME-2024-00870,2026-04-04 12:29:00,Phone,Complaint,Positif,Pending,40,True
INT-00870-2296,SME-2024-00870,2026-05-21 15:28:00,WhatsApp,Billing,Positif,Resolved,18,False
INT-00870-2297,SME-2024-00870,2025-11-25 16:06:00,Email,Complaint,Negatif,Escalated,56,True
INT-00870-2298,SME-2024-00870,2026-05-26 17:39:00,Live Chat,Upgrade,Negatif,Resolved,56,False
INT-00871-2299,SME-2024-00871,2026-04-07 14:04:00,Live Chat,Complaint,Positif,Resolved,9,False
INT-00871-2300,SME-2024-00871,2026-03-10 10:39:00,Portal,Technical,Negatif,Pending,40,True
INT-00872-2301,SME-2024-00872,2025-10-26 11:56:00,Portal,Complaint,Positif,Resolved,10,False
INT-00872-2302,SME-2024-00872,2025-12-23 08:37:00,Phone,Billing,Negatif,Resolved,90,False
INT-00872-2303,SME-2024-00872,2026-06-15 12:53:00,WhatsApp,Complaint,Positif,Escalated,22,True
INT-00872-2304,SME-2024-00872,2026-06-23 12:34:00,WhatsApp,Complaint,Negatif,Resolved,45,False
INT-00872-2305,SME-2024-00872,2025-11-19 08:40:00,Email,Complaint,Positif,Resolved,20,False
INT-00872-2306,SME-2024-00872,2025-11-02 16:18:00,WhatsApp,General,Positif,Resolved,14,False
INT-00873-2307,SME-2024-00873,2026-06-09 17:02:00,WhatsApp,General,Negatif,Resolved,66,False
INT-00873-2308,SME-2024-00873,2025-12-03 09:02:00,Phone,Complaint,Negatif,Resolved,41,False
INT-00873-2309,SME-2024-00873,2026-06-18 15:12:00,WhatsApp,General,Positif,Resolved,32,False
INT-00873-2310,SME-2024-00873,2025-08-17 08:06:00,WhatsApp,Complaint,Negatif,Resolved,86,False
INT-00874-2311,SME-2024-00874,2026-05-25 13:30:00,Phone,Complaint,Positif,Resolved,10,False
INT-00874-2312,SME-2024-00874,2026-01-24 15:34:00,WhatsApp,Complaint,Positif,Resolved,5,False
INT-00874-2313,SME-2024-00874,2025-07-14 08:39:00,Phone,Complaint,Positif,Resolved,32,False
INT-00875-2314,SME-2024-00875,2025-09-20 15:47:00,WhatsApp,General,Negatif,Resolved,64,False
INT-00875-2315,SME-2024-00875,2026-01-05 16:52:00,Phone,Technical,Negatif,Pending,81,True
INT-00875-2316,SME-2024-00875,2026-03-03 12:31:00,WhatsApp,Complaint,Negatif,Resolved,68,False
INT-00875-2317,SME-2024-00875,2025-11-04 17:15:00,Portal,Complaint,Positif,Resolved,18,False
INT-00876-2318,SME-2024-00876,2025-08-08 14:04:00,Email,Complaint,Negatif,Closed-no-solution,40,False
INT-00876-2319,SME-2024-00876,2026-04-21 09:36:00,Email,Upgrade,Negatif,Resolved,27,False
INT-00877-2320,SME-2024-00877,2026-03-02 12:25:00,WhatsApp,Technical,Negatif,Resolved,64,False
INT-00877-2321,SME-2024-00877,2026-04-26 11:30:00,Phone,Technical,Positif,Resolved,30,False
INT-00877-2322,SME-2024-00877,2025-10-11 10:09:00,WhatsApp,Billing,Negatif,Escalated,46,True
INT-00877-2323,SME-2024-00877,2026-06-01 16:15:00,Phone,General,Negatif,Pending,59,True
INT-00878-2324,SME-2024-00878,2025-08-08 16:07:00,WhatsApp,Complaint,Negatif,Closed-no-solution,45,False
INT-00878-2325,SME-2024-00878,2025-11-26 16:55:00,Phone,Complaint,Positif,Resolved,24,False
INT-00878-2326,SME-2024-00878,2025-12-27 09:58:00,WhatsApp,Complaint,Negatif,Resolved,68,False
INT-00878-2327,SME-2024-00878,2025-10-26 11:09:00,Phone,Complaint,Negatif,Closed-no-solution,65,False
INT-00878-2328,SME-2024-00878,2026-06-07 14:37:00,Phone,Complaint,Positif,Resolved,16,False
INT-00878-2329,SME-2024-00878,2025-12-12 14:50:00,WhatsApp,General,Positif,Resolved,5,False
INT-00879-2330,SME-2024-00879,2026-03-10 11:39:00,Email,Billing,Negatif,Pending,79,True
INT-00880-2331,SME-2024-00880,2026-04-24 08:49:00,WhatsApp,Complaint,Negatif,Resolved,54,False
INT-00880-2332,SME-2024-00880,2026-01-24 14:51:00,Live Chat,Complaint,Negatif,Escalated,45,True
INT-00880-2333,SME-2024-00880,2026-03-23 08:32:00,Portal,Complaint,Positif,Resolved,35,False
INT-00880-2334,SME-2024-00880,2026-02-20 09:35:00,Portal,Technical,Negatif,Closed-no-solution,49,False
INT-00881-2335,SME-2024-00881,2025-10-13 12:50:00,WhatsApp,Technical,Negatif,Resolved,70,False
INT-00881-2336,SME-2024-00881,2026-01-05 17:08:00,Live Chat,General,Positif,Resolved,63,False
INT-00881-2337,SME-2024-00881,2025-08-04 10:27:00,WhatsApp,Billing,Negatif,Pending,51,True
INT-00881-2338,SME-2024-00881,2026-05-13 09:11:00,Phone,Complaint,Negatif,Pending,48,True
INT-00881-2339,SME-2024-00881,2025-12-11 12:24:00,Live Chat,General,Negatif,Resolved,76,False
INT-00881-2340,SME-2024-00881,2025-10-18 17:27:00,WhatsApp,Complaint,Negatif,Resolved,45,False
INT-00881-2341,SME-2024-00881,2026-05-01 15:00:00,Phone,Upgrade,Negatif,Resolved,47,False
INT-00881-2342,SME-2024-00881,2025-11-04 17:41:00,Live Chat,Complaint,Negatif,Resolved,54,False
INT-00881-2343,SME-2024-00881,2025-08-24 14:42:00,WhatsApp,Complaint,Negatif,Pending,62,True
INT-00881-2344,SME-2024-00881,2026-02-21 10:20:00,WhatsApp,Complaint,Negatif,Resolved,48,False
INT-00882-2345,SME-2024-00882,2025-11-27 13:46:00,Portal,Complaint,Positif,Resolved,18,False
INT-00882-2346,SME-2024-00882,2026-02-04 10:34:00,Phone,General,Negatif,Resolved,53,False
INT-00882-2347,SME-2024-00882,2025-12-17 14:23:00,Live Chat,Complaint,Negatif,Closed-no-solution,72,False
INT-00882-2348,SME-2024-00882,2025-09-17 10:57:00,Email,Complaint,Positif,Pending,64,True
INT-00883-2349,SME-2024-00883,2026-01-11 15:25:00,Email,Complaint,Negatif,Resolved,38,False
INT-00883-2350,SME-2024-00883,2026-02-03 17:08:00,Live Chat,Complaint,Negatif,Resolved,53,False
INT-00883-2351,SME-2024-00883,2026-05-14 15:26:00,Portal,General,Negatif,Escalated,65,True
INT-00883-2352,SME-2024-00883,2026-04-16 14:07:00,Portal,Technical,Positif,Resolved,31,False
INT-00883-2353,SME-2024-00883,2026-01-17 13:31:00,Phone,Complaint,Negatif,Pending,69,True
INT-00883-2354,SME-2024-00883,2025-12-16 15:45:00,Phone,Complaint,Negatif,Closed-no-solution,52,False
INT-00883-2355,SME-2024-00883,2026-01-08 14:38:00,Live Chat,General,Negatif,Pending,69,True
INT-00883-2356,SME-2024-00883,2025-12-25 12:10:00,Phone,Upgrade,Positif,Resolved,24,False
INT-00885-2357,SME-2024-00885,2026-02-13 17:33:00,Email,Complaint,Negatif,Resolved,67,False
INT-00886-2358,SME-2024-00886,2026-06-10 17:11:00,WhatsApp,Complaint,Negatif,Escalated,51,True
INT-00886-2359,SME-2024-00886,2025-11-06 14:14:00,Email,Complaint,Negatif,Resolved,55,False
INT-00886-2360,SME-2024-00886,2026-02-19 14:24:00,WhatsApp,Complaint,Negatif,Pending,60,True
INT-00887-2361,SME-2024-00887,2026-04-11 12:12:00,Live Chat,Technical,Positif,Pending,47,True
INT-00887-2362,SME-2024-00887,2026-02-23 10:32:00,WhatsApp,Complaint,Positif,Resolved,7,False
INT-00887-2363,SME-2024-00887,2026-03-09 15:10:00,WhatsApp,Complaint,Negatif,Resolved,69,False
INT-00887-2364,SME-2024-00887,2026-04-09 09:05:00,Phone,Complaint,Negatif,Resolved,42,False
INT-00887-2365,SME-2024-00887,2025-10-09 08:11:00,Email,Complaint,Negatif,Pending,32,True
INT-00887-2366,SME-2024-00887,2026-03-12 16:39:00,Live Chat,Complaint,Negatif,Resolved,58,False
INT-00887-2367,SME-2024-00887,2025-10-08 09:48:00,Phone,Upgrade,Positif,Escalated,17,True
INT-00887-2368,SME-2024-00887,2026-02-26 16:28:00,Live Chat,General,Negatif,Pending,49,True
INT-00887-2369,SME-2024-00887,2025-11-20 12:29:00,Phone,Complaint,Negatif,Escalated,51,True
INT-00888-2370,SME-2024-00888,2026-04-25 14:36:00,Email,Complaint,Positif,Resolved,35,False
INT-00888-2371,SME-2024-00888,2025-12-06 13:15:00,WhatsApp,Technical,Negatif,Closed-no-solution,46,False
INT-00888-2372,SME-2024-00888,2025-09-04 09:51:00,Phone,Complaint,Negatif,Resolved,68,False
INT-00888-2373,SME-2024-00888,2026-03-13 13:56:00,WhatsApp,Billing,Negatif,Pending,65,True
INT-00888-2374,SME-2024-00888,2026-05-25 16:33:00,Phone,Complaint,Negatif,Pending,27,True
INT-00889-2375,SME-2024-00889,2026-05-18 14:00:00,Live Chat,Complaint,Negatif,Pending,49,True
INT-00889-2376,SME-2024-00889,2025-07-20 10:33:00,WhatsApp,Complaint,Positif,Resolved,21,False
INT-00889-2377,SME-2024-00889,2026-02-11 11:09:00,Email,Billing,Negatif,Resolved,78,False
INT-00889-2378,SME-2024-00889,2026-06-03 12:21:00,Live Chat,Technical,Positif,Resolved,19,False
INT-00890-2379,SME-2024-00890,2025-07-07 13:10:00,Phone,Complaint,Positif,Resolved,34,False
INT-00890-2380,SME-2024-00890,2026-01-17 14:05:00,Live Chat,Complaint,Negatif,Pending,56,True
INT-00890-2381,SME-2024-00890,2025-09-05 08:48:00,WhatsApp,Complaint,Positif,Resolved,21,False
INT-00890-2382,SME-2024-00890,2026-06-01 15:58:00,Email,Complaint,Negatif,Pending,43,True
INT-00891-2383,SME-2024-00891,2026-03-15 16:35:00,WhatsApp,Complaint,Negatif,Resolved,78,False
INT-00891-2384,SME-2024-00891,2025-12-07 09:33:00,Email,Upgrade,Negatif,Escalated,60,True
INT-00891-2385,SME-2024-00891,2025-09-14 16:00:00,Phone,Complaint,Positif,Resolved,5,False
INT-00891-2386,SME-2024-00891,2026-02-13 17:05:00,Email,General,Positif,Resolved,42,False
INT-00891-2387,SME-2024-00891,2025-11-02 08:23:00,Email,Upgrade,Positif,Resolved,39,False
INT-00891-2388,SME-2024-00891,2025-07-05 11:11:00,WhatsApp,Complaint,Negatif,Resolved,73,False
INT-00892-2389,SME-2024-00892,2026-03-05 17:33:00,Email,Complaint,Negatif,Pending,41,True
INT-00892-2390,SME-2024-00892,2026-04-17 17:11:00,WhatsApp,Complaint,Negatif,Closed-no-solution,53,False
INT-00892-2391,SME-2024-00892,2026-03-08 13:37:00,Portal,Complaint,Negatif,Escalated,49,True
INT-00892-2392,SME-2024-00892,2026-02-19 13:48:00,WhatsApp,Complaint,Positif,Resolved,26,False
INT-00892-2393,SME-2024-00892,2026-04-24 14:55:00,WhatsApp,Complaint,Negatif,Resolved,63,False
INT-00894-2394,SME-2024-00894,2025-10-16 09:09:00,WhatsApp,Complaint,Negatif,Resolved,40,False
INT-00894-2395,SME-2024-00894,2026-03-05 12:46:00,Phone,Complaint,Negatif,Resolved,62,False
INT-00894-2396,SME-2024-00894,2025-12-25 13:19:00,Phone,Complaint,Negatif,Resolved,66,False
INT-00894-2397,SME-2024-00894,2025-11-04 17:42:00,Live Chat,Complaint,Negatif,Closed-no-solution,44,False
INT-00894-2398,SME-2024-00894,2025-08-20 12:30:00,WhatsApp,Complaint,Negatif,Resolved,42,False
INT-00895-2399,SME-2024-00895,2025-11-22 09:23:00,Phone,Complaint,Negatif,Closed-no-solution,41,False
INT-00895-2400,SME-2024-00895,2026-02-15 14:24:00,Email,Technical,Positif,Resolved,20,False
INT-00895-2401,SME-2024-00895,2025-11-14 12:53:00,Phone,Complaint,Negatif,Resolved,75,False
INT-00895-2402,SME-2024-00895,2025-11-01 11:35:00,Phone,Technical,Negatif,Escalated,55,True
INT-00897-2403,SME-2024-00897,2026-05-17 13:01:00,WhatsApp,General,Negatif,Escalated,62,True
INT-00897-2404,SME-2024-00897,2026-01-12 17:22:00,WhatsApp,Complaint,Positif,Resolved,30,False
INT-00898-2405,SME-2024-00898,2026-05-13 17:05:00,Email,Complaint,Positif,Resolved,25,False
INT-00898-2406,SME-2024-00898,2025-07-02 12:21:00,Portal,Billing,Positif,Resolved,50,False
INT-00898-2407,SME-2024-00898,2025-12-26 08:24:00,WhatsApp,Complaint,Positif,Resolved,42,False
INT-00898-2408,SME-2024-00898,2025-07-20 10:38:00,Portal,General,Negatif,Resolved,45,False
INT-00899-2409,SME-2024-00899,2026-03-12 15:30:00,Email,Complaint,Negatif,Resolved,69,False
INT-00899-2410,SME-2024-00899,2025-11-06 11:44:00,Live Chat,General,Negatif,Resolved,36,False
INT-00899-2411,SME-2024-00899,2025-07-14 09:19:00,WhatsApp,Upgrade,Positif,Pending,31,True
INT-00899-2412,SME-2024-00899,2025-08-06 15:48:00,Phone,Technical,Positif,Resolved,28,False
INT-00899-2413,SME-2024-00899,2025-11-11 10:04:00,WhatsApp,Complaint,Positif,Resolved,37,False
INT-00899-2414,SME-2024-00899,2026-01-21 14:20:00,Phone,Billing,Negatif,Resolved,56,False
INT-00900-2415,SME-2024-00900,2026-01-08 13:44:00,Phone,Billing,Positif,Resolved,7,False
INT-00900-2416,SME-2024-00900,2025-09-21 12:20:00,Live Chat,Complaint,Positif,Resolved,26,False
INT-00901-2417,SME-2024-00901,2026-02-07 12:03:00,Portal,Technical,Positif,Resolved,23,False
INT-00901-2418,SME-2024-00901,2026-06-04 10:36:00,Email,General,Positif,Escalated,25,True
INT-00901-2419,SME-2024-00901,2026-01-20 17:14:00,WhatsApp,Upgrade,Negatif,Pending,60,True
INT-00902-2420,SME-2024-00902,2025-12-23 12:13:00,Phone,Complaint,Negatif,Closed-no-solution,37,False
INT-00902-2421,SME-2024-00902,2026-01-24 14:03:00,Phone,Complaint,Negatif,Closed-no-solution,40,False
INT-00902-2422,SME-2024-00902,2026-05-10 17:36:00,WhatsApp,Technical,Positif,Pending,22,True
INT-00902-2423,SME-2024-00902,2025-12-16 13:21:00,Email,Complaint,Negatif,Resolved,58,False
INT-00903-2424,SME-2024-00903,2025-08-15 10:12:00,WhatsApp,Billing,Positif,Resolved,40,False
INT-00903-2425,SME-2024-00903,2026-01-09 08:47:00,Live Chat,Technical,Positif,Resolved,43,False
INT-00903-2426,SME-2024-00903,2026-04-11 10:18:00,Email,Billing,Negatif,Closed-no-solution,81,False
INT-00903-2427,SME-2024-00903,2025-08-21 09:30:00,Email,General,Positif,Resolved,47,False
INT-00905-2428,SME-2024-00905,2026-06-07 14:53:00,Phone,Upgrade,Negatif,Pending,47,True
INT-00905-2429,SME-2024-00905,2025-12-20 12:29:00,WhatsApp,Complaint,Negatif,Closed-no-solution,70,False
INT-00905-2430,SME-2024-00905,2026-04-02 08:03:00,WhatsApp,Technical,Positif,Resolved,20,False
INT-00905-2431,SME-2024-00905,2026-01-14 14:09:00,Email,Complaint,Positif,Resolved,34,False
INT-00905-2432,SME-2024-00905,2026-04-09 17:23:00,WhatsApp,Technical,Negatif,Resolved,76,False
INT-00905-2433,SME-2024-00905,2025-10-22 15:10:00,Phone,Complaint,Negatif,Pending,60,True
INT-00906-2434,SME-2024-00906,2026-06-27 14:07:00,Email,Complaint,Negatif,Escalated,43,True
INT-00906-2435,SME-2024-00906,2026-06-09 08:07:00,WhatsApp,Complaint,Positif,Resolved,29,False
INT-00906-2436,SME-2024-00906,2025-08-15 17:46:00,Phone,Upgrade,Negatif,Pending,50,True
INT-00906-2437,SME-2024-00906,2025-07-25 15:45:00,Phone,General,Negatif,Resolved,48,False
INT-00906-2438,SME-2024-00906,2026-02-15 09:08:00,WhatsApp,General,Negatif,Pending,59,True
INT-00907-2439,SME-2024-00907,2025-08-18 08:24:00,Email,Complaint,Positif,Resolved,40,False
INT-00907-2440,SME-2024-00907,2025-08-25 13:24:00,WhatsApp,Complaint,Positif,Resolved,28,False
INT-00908-2441,SME-2024-00908,2025-11-21 15:35:00,Email,Complaint,Negatif,Escalated,46,True
INT-00908-2442,SME-2024-00908,2025-10-11 15:08:00,Email,Complaint,Negatif,Resolved,56,False
INT-00908-2443,SME-2024-00908,2026-03-04 09:56:00,Email,Billing,Negatif,Closed-no-solution,30,False
INT-00908-2444,SME-2024-00908,2026-03-27 10:41:00,Email,Complaint,Negatif,Pending,64,True
INT-00908-2445,SME-2024-00908,2025-12-27 16:25:00,Phone,Upgrade,Negatif,Pending,44,True
INT-00908-2446,SME-2024-00908,2026-06-05 16:46:00,WhatsApp,Complaint,Positif,Resolved,35,False
INT-00908-2447,SME-2024-00908,2026-03-05 10:18:00,WhatsApp,Technical,Negatif,Pending,54,True
INT-00908-2448,SME-2024-00908,2025-11-03 15:55:00,Email,Upgrade,Positif,Resolved,43,False
INT-00909-2449,SME-2024-00909,2026-01-01 09:49:00,Live Chat,General,Positif,Resolved,32,False
INT-00909-2450,SME-2024-00909,2026-02-20 10:45:00,Live Chat,Technical,Negatif,Resolved,40,False
INT-00909-2451,SME-2024-00909,2026-02-13 14:52:00,Portal,Billing,Negatif,Resolved,38,False
INT-00909-2452,SME-2024-00909,2026-03-11 10:24:00,WhatsApp,General,Negatif,Resolved,57,False
INT-00909-2453,SME-2024-00909,2026-04-21 13:28:00,WhatsApp,Complaint,Negatif,Closed-no-solution,29,False
INT-00910-2454,SME-2024-00910,2026-04-03 09:52:00,WhatsApp,General,Positif,Resolved,34,False
INT-00910-2455,SME-2024-00910,2025-08-26 11:51:00,Live Chat,Complaint,Positif,Escalated,14,True
INT-00910-2456,SME-2024-00910,2026-06-06 12:46:00,WhatsApp,Technical,Negatif,Resolved,51,False
INT-00910-2457,SME-2024-00910,2025-08-17 15:29:00,WhatsApp,Complaint,Negatif,Resolved,30,False
INT-00910-2458,SME-2024-00910,2026-04-16 13:34:00,Live Chat,Complaint,Positif,Resolved,11,False
INT-00911-2459,SME-2024-00911,2025-09-16 16:33:00,WhatsApp,Complaint,Negatif,Pending,65,True
INT-00911-2460,SME-2024-00911,2025-10-16 08:32:00,WhatsApp,General,Positif,Resolved,31,False
INT-00911-2461,SME-2024-00911,2026-04-14 13:15:00,WhatsApp,Billing,Positif,Resolved,30,False
INT-00911-2462,SME-2024-00911,2025-08-26 11:02:00,Phone,General,Negatif,Resolved,45,False
INT-00911-2463,SME-2024-00911,2025-09-07 16:38:00,WhatsApp,Complaint,Negatif,Pending,41,True
INT-00911-2464,SME-2024-00911,2025-12-08 11:45:00,WhatsApp,Technical,Negatif,Escalated,48,True
INT-00911-2465,SME-2024-00911,2026-02-20 13:34:00,Phone,Upgrade,Negatif,Resolved,44,False
INT-00912-2466,SME-2024-00912,2026-01-11 17:02:00,Email,General,Positif,Resolved,26,False
INT-00912-2467,SME-2024-00912,2026-06-25 11:16:00,Live Chat,Billing,Negatif,Closed-no-solution,45,False
INT-00912-2468,SME-2024-00912,2025-11-04 16:34:00,WhatsApp,General,Negatif,Closed-no-solution,49,False
INT-00912-2469,SME-2024-00912,2026-02-16 15:25:00,Email,Technical,Negatif,Resolved,32,False
INT-00912-2470,SME-2024-00912,2026-06-08 12:10:00,Live Chat,Billing,Negatif,Resolved,45,False
INT-00913-2471,SME-2024-00913,2026-05-11 14:56:00,Phone,General,Negatif,Resolved,63,False
INT-00913-2472,SME-2024-00913,2026-03-18 14:42:00,WhatsApp,Complaint,Negatif,Pending,56,True
INT-00913-2473,SME-2024-00913,2026-06-09 08:17:00,WhatsApp,General,Negatif,Closed-no-solution,77,False
INT-00914-2474,SME-2024-00914,2025-08-25 15:45:00,Phone,Upgrade,Positif,Pending,27,True
INT-00914-2475,SME-2024-00914,2025-07-12 13:51:00,Phone,General,Positif,Resolved,29,False
INT-00914-2476,SME-2024-00914,2026-03-27 10:21:00,Phone,Technical,Negatif,Closed-no-solution,62,False
INT-00914-2477,SME-2024-00914,2026-03-25 08:22:00,WhatsApp,Complaint,Positif,Resolved,34,False
INT-00915-2478,SME-2024-00915,2025-07-06 13:04:00,WhatsApp,General,Negatif,Pending,43,True
INT-00915-2479,SME-2024-00915,2026-01-19 13:27:00,WhatsApp,Complaint,Negatif,Resolved,54,False
INT-00915-2480,SME-2024-00915,2025-10-23 13:56:00,WhatsApp,Billing,Negatif,Resolved,50,False
INT-00915-2481,SME-2024-00915,2025-08-17 15:59:00,Phone,General,Negatif,Escalated,79,True
INT-00916-2482,SME-2024-00916,2025-08-27 17:32:00,Portal,Complaint,Negatif,Resolved,57,False
INT-00916-2483,SME-2024-00916,2026-04-03 14:20:00,Phone,Technical,Negatif,Pending,67,True
INT-00916-2484,SME-2024-00916,2026-02-20 10:14:00,Portal,Technical,Positif,Resolved,29,False
INT-00916-2485,SME-2024-00916,2025-11-15 15:19:00,Email,General,Positif,Resolved,5,False
INT-00917-2486,SME-2024-00917,2025-10-11 10:52:00,WhatsApp,Technical,Positif,Resolved,17,False
INT-00917-2487,SME-2024-00917,2025-08-08 17:27:00,WhatsApp,General,Positif,Resolved,18,False
INT-00917-2488,SME-2024-00917,2025-11-02 12:59:00,Phone,Billing,Positif,Resolved,36,False
INT-00918-2489,SME-2024-00918,2025-11-11 17:41:00,WhatsApp,General,Positif,Resolved,32,False
INT-00918-2490,SME-2024-00918,2026-03-11 16:43:00,Phone,Complaint,Positif,Resolved,5,False
INT-00918-2491,SME-2024-00918,2025-10-08 09:02:00,Phone,Upgrade,Negatif,Resolved,62,False
INT-00918-2492,SME-2024-00918,2026-01-24 16:58:00,Live Chat,Complaint,Negatif,Resolved,56,False
INT-00919-2493,SME-2024-00919,2025-11-22 11:02:00,Portal,Complaint,Negatif,Resolved,48,False
INT-00919-2494,SME-2024-00919,2026-03-06 11:15:00,WhatsApp,Complaint,Positif,Resolved,36,False
INT-00921-2495,SME-2024-00921,2026-06-19 09:18:00,Phone,Complaint,Negatif,Resolved,75,False
INT-00921-2496,SME-2024-00921,2025-08-23 12:27:00,Live Chat,Technical,Negatif,Pending,59,True
INT-00921-2497,SME-2024-00921,2026-06-24 15:37:00,Live Chat,Upgrade,Negatif,Escalated,75,True
INT-00921-2498,SME-2024-00921,2026-04-11 14:54:00,WhatsApp,General,Negatif,Escalated,60,True
INT-00923-2499,SME-2024-00923,2026-02-13 09:31:00,Email,Complaint,Positif,Resolved,17,False
INT-00923-2500,SME-2024-00923,2026-05-03 11:37:00,Phone,Complaint,Negatif,Resolved,13,False
INT-00923-2501,SME-2024-00923,2026-05-25 14:32:00,Phone,Technical,Positif,Resolved,12,False
INT-00923-2502,SME-2024-00923,2025-08-26 08:56:00,Live Chat,Complaint,Positif,Resolved,13,False
INT-00923-2503,SME-2024-00923,2026-03-20 10:16:00,Portal,Complaint,Negatif,Escalated,42,True
INT-00923-2504,SME-2024-00923,2025-08-19 11:25:00,WhatsApp,Complaint,Positif,Resolved,45,False
INT-00923-2505,SME-2024-00923,2026-02-04 08:54:00,Email,Complaint,Positif,Escalated,38,True
INT-00924-2506,SME-2024-00924,2025-09-23 08:20:00,Email,Upgrade,Negatif,Resolved,73,False
INT-00924-2507,SME-2024-00924,2025-09-18 13:41:00,Email,Billing,Positif,Resolved,45,False
INT-00924-2508,SME-2024-00924,2026-05-18 17:48:00,Phone,Technical,Negatif,Resolved,62,False
INT-00924-2509,SME-2024-00924,2026-03-15 08:27:00,Portal,Upgrade,Positif,Pending,25,True
INT-00924-2510,SME-2024-00924,2025-09-23 12:42:00,WhatsApp,Technical,Negatif,Escalated,25,True
INT-00924-2511,SME-2024-00924,2026-06-04 10:02:00,WhatsApp,Billing,Negatif,Escalated,65,True
INT-00925-2512,SME-2024-00925,2025-12-06 14:36:00,WhatsApp,Upgrade,Positif,Resolved,68,False
INT-00925-2513,SME-2024-00925,2026-02-06 08:54:00,Live Chat,Complaint,Negatif,Resolved,33,False
INT-00925-2514,SME-2024-00925,2026-04-23 13:44:00,Live Chat,General,Negatif,Pending,63,True
INT-00926-2515,SME-2024-00926,2026-05-08 14:02:00,Phone,Complaint,Negatif,Pending,62,True
INT-00926-2516,SME-2024-00926,2026-06-13 13:06:00,Live Chat,Complaint,Positif,Resolved,33,False
INT-00926-2517,SME-2024-00926,2025-12-12 17:48:00,WhatsApp,Complaint,Positif,Resolved,8,False
INT-00927-2518,SME-2024-00927,2026-04-23 15:20:00,WhatsApp,Complaint,Negatif,Resolved,40,False
INT-00927-2519,SME-2024-00927,2025-11-25 11:53:00,WhatsApp,Billing,Negatif,Pending,60,True
INT-00927-2520,SME-2024-00927,2025-11-21 14:55:00,Phone,Complaint,Positif,Resolved,7,False
INT-00927-2521,SME-2024-00927,2025-08-03 16:04:00,Phone,General,Negatif,Pending,69,True
INT-00927-2522,SME-2024-00927,2026-04-07 15:39:00,Phone,Complaint,Positif,Pending,50,True
INT-00928-2523,SME-2024-00928,2026-05-02 11:30:00,Phone,Technical,Positif,Resolved,30,False
INT-00928-2524,SME-2024-00928,2025-09-22 17:54:00,Live Chat,Complaint,Positif,Resolved,5,False
INT-00928-2525,SME-2024-00928,2026-04-19 11:57:00,WhatsApp,Technical,Negatif,Closed-no-solution,40,False
INT-00928-2526,SME-2024-00928,2025-11-13 14:33:00,Email,Complaint,Negatif,Pending,51,True
INT-00928-2527,SME-2024-00928,2025-12-21 11:02:00,WhatsApp,Complaint,Negatif,Pending,49,True
INT-00928-2528,SME-2024-00928,2025-12-01 16:16:00,Live Chat,General,Negatif,Resolved,65,False
INT-00928-2529,SME-2024-00928,2025-09-08 10:53:00,WhatsApp,Billing,Positif,Resolved,34,False
INT-00931-2530,SME-2024-00931,2025-11-06 10:47:00,WhatsApp,Complaint,Negatif,Resolved,51,False
INT-00931-2531,SME-2024-00931,2026-02-07 11:12:00,Live Chat,Complaint,Negatif,Escalated,61,True
INT-00931-2532,SME-2024-00931,2026-03-05 10:56:00,Portal,Complaint,Positif,Resolved,7,False
INT-00932-2533,SME-2024-00932,2026-06-17 15:18:00,Portal,Complaint,Negatif,Pending,41,True
INT-00932-2534,SME-2024-00932,2026-06-20 11:01:00,WhatsApp,General,Negatif,Resolved,41,False
INT-00932-2535,SME-2024-00932,2026-04-18 16:15:00,WhatsApp,General,Negatif,Escalated,54,True
INT-00932-2536,SME-2024-00932,2025-11-04 08:16:00,Live Chat,Technical,Negatif,Resolved,68,False
INT-00932-2537,SME-2024-00932,2026-04-26 15:17:00,Phone,Complaint,Negatif,Resolved,63,False
INT-00932-2538,SME-2024-00932,2025-12-08 15:36:00,Live Chat,Technical,Negatif,Escalated,39,True
INT-00932-2539,SME-2024-00932,2026-05-21 15:02:00,Phone,Upgrade,Positif,Resolved,48,False
INT-00932-2540,SME-2024-00932,2026-05-02 15:05:00,Portal,Complaint,Positif,Resolved,27,False
INT-00933-2541,SME-2024-00933,2025-09-26 16:16:00,WhatsApp,Technical,Negatif,Escalated,19,True
INT-00933-2542,SME-2024-00933,2025-09-07 14:32:00,Portal,General,Positif,Resolved,16,False
INT-00934-2543,SME-2024-00934,2025-07-15 17:15:00,Phone,General,Negatif,Pending,79,True
INT-00934-2544,SME-2024-00934,2026-01-19 10:22:00,Phone,Complaint,Negatif,Resolved,75,False
INT-00934-2545,SME-2024-00934,2025-11-25 13:09:00,Portal,Complaint,Negatif,Pending,63,True
INT-00934-2546,SME-2024-00934,2026-05-15 15:40:00,Email,Complaint,Positif,Resolved,50,False
INT-00934-2547,SME-2024-00934,2026-02-13 14:24:00,Phone,Upgrade,Negatif,Resolved,84,False
INT-00934-2548,SME-2024-00934,2025-10-04 17:27:00,Phone,Complaint,Positif,Resolved,81,False
INT-00934-2549,SME-2024-00934,2026-02-26 16:25:00,WhatsApp,Complaint,Negatif,Pending,69,True
INT-00934-2550,SME-2024-00934,2026-01-17 13:14:00,WhatsApp,Complaint,Positif,Resolved,31,False
INT-00935-2551,SME-2024-00935,2026-03-03 13:57:00,WhatsApp,Complaint,Negatif,Escalated,58,True
INT-00935-2552,SME-2024-00935,2026-01-26 17:45:00,Email,Billing,Negatif,Escalated,65,True
INT-00935-2553,SME-2024-00935,2025-08-11 13:02:00,Phone,Complaint,Positif,Resolved,15,False
INT-00935-2554,SME-2024-00935,2025-07-27 11:54:00,Live Chat,Complaint,Negatif,Pending,45,True
INT-00935-2555,SME-2024-00935,2025-08-16 16:37:00,Phone,General,Positif,Pending,19,True
INT-00936-2556,SME-2024-00936,2026-06-02 15:55:00,Phone,Technical,Negatif,Resolved,49,False
INT-00936-2557,SME-2024-00936,2025-11-01 08:01:00,Live Chat,Complaint,Positif,Resolved,40,False
INT-00937-2558,SME-2024-00937,2026-04-24 08:32:00,Portal,Complaint,Positif,Resolved,40,False
INT-00937-2559,SME-2024-00937,2025-10-13 12:28:00,Phone,Complaint,Positif,Resolved,37,False
INT-00937-2560,SME-2024-00937,2025-07-02 11:47:00,Phone,Complaint,Negatif,Escalated,74,True
INT-00937-2561,SME-2024-00937,2026-03-08 10:49:00,Phone,Upgrade,Positif,Resolved,32,False
INT-00937-2562,SME-2024-00937,2026-03-22 10:04:00,Portal,Billing,Positif,Resolved,21,False
INT-00937-2563,SME-2024-00937,2026-06-22 13:55:00,Portal,Complaint,Negatif,Resolved,52,False
INT-00938-2564,SME-2024-00938,2026-04-24 12:05:00,WhatsApp,Complaint,Positif,Resolved,27,False
INT-00938-2565,SME-2024-00938,2025-07-08 14:20:00,WhatsApp,Technical,Positif,Resolved,21,False
INT-00938-2566,SME-2024-00938,2026-04-20 17:04:00,WhatsApp,Technical,Negatif,Resolved,47,False
INT-00939-2567,SME-2024-00939,2026-04-19 12:04:00,WhatsApp,Complaint,Negatif,Resolved,60,False
INT-00939-2568,SME-2024-00939,2025-07-07 12:30:00,WhatsApp,Technical,Negatif,Resolved,61,False
INT-00939-2569,SME-2024-00939,2025-11-06 13:29:00,Phone,Billing,Positif,Resolved,32,False
INT-00939-2570,SME-2024-00939,2025-12-06 12:22:00,Email,Upgrade,Negatif,Pending,61,True
INT-00939-2571,SME-2024-00939,2025-08-22 13:02:00,Phone,Complaint,Negatif,Resolved,49,False
INT-00939-2572,SME-2024-00939,2026-01-02 10:35:00,WhatsApp,General,Negatif,Resolved,42,False
INT-00939-2573,SME-2024-00939,2026-06-23 16:15:00,WhatsApp,Complaint,Negatif,Resolved,21,False
INT-00941-2574,SME-2024-00941,2026-06-23 15:13:00,WhatsApp,Complaint,Positif,Resolved,48,False
INT-00941-2575,SME-2024-00941,2026-02-26 15:47:00,WhatsApp,Billing,Negatif,Pending,66,True
INT-00941-2576,SME-2024-00941,2026-06-07 13:00:00,Email,Billing,Positif,Resolved,23,False
INT-00941-2577,SME-2024-00941,2026-05-21 13:37:00,WhatsApp,Billing,Negatif,Resolved,46,False
INT-00941-2578,SME-2024-00941,2026-02-02 13:36:00,Phone,Complaint,Positif,Resolved,41,False
INT-00941-2579,SME-2024-00941,2026-06-06 09:38:00,Portal,General,Negatif,Pending,53,True
INT-00941-2580,SME-2024-00941,2026-03-01 14:42:00,Portal,Complaint,Negatif,Resolved,61,False
INT-00941-2581,SME-2024-00941,2026-06-23 08:41:00,WhatsApp,General,Negatif,Resolved,63,False
INT-00941-2582,SME-2024-00941,2026-05-12 14:16:00,Phone,General,Negatif,Resolved,38,False
INT-00941-2583,SME-2024-00941,2026-01-15 08:59:00,WhatsApp,General,Positif,Resolved,18,False
INT-00943-2584,SME-2024-00943,2025-10-22 17:17:00,Phone,Billing,Negatif,Resolved,64,False
INT-00943-2585,SME-2024-00943,2025-12-25 08:11:00,Portal,Complaint,Negatif,Closed-no-solution,67,False
INT-00943-2586,SME-2024-00943,2026-05-01 14:49:00,Phone,Upgrade,Positif,Resolved,15,False
INT-00943-2587,SME-2024-00943,2026-03-21 17:08:00,Phone,Complaint,Negatif,Resolved,67,False
INT-00944-2588,SME-2024-00944,2026-03-08 09:19:00,Live Chat,Complaint,Positif,Resolved,18,False
INT-00944-2589,SME-2024-00944,2025-09-03 13:35:00,Email,Complaint,Negatif,Resolved,45,False
INT-00944-2590,SME-2024-00944,2025-12-05 08:40:00,Live Chat,General,Negatif,Pending,45,True
INT-00945-2591,SME-2024-00945,2026-03-13 12:35:00,Email,Billing,Negatif,Pending,59,True
INT-00945-2592,SME-2024-00945,2025-08-15 09:04:00,Email,Upgrade,Positif,Resolved,15,False
INT-00945-2593,SME-2024-00945,2025-11-10 08:12:00,Portal,Complaint,Negatif,Resolved,62,False
INT-00945-2594,SME-2024-00945,2026-03-07 08:55:00,Live Chat,Billing,Negatif,Resolved,58,False
INT-00945-2595,SME-2024-00945,2025-08-10 08:33:00,Portal,General,Negatif,Pending,58,True
INT-00946-2596,SME-2024-00946,2025-12-18 14:30:00,WhatsApp,Upgrade,Positif,Resolved,37,False
INT-00946-2597,SME-2024-00946,2026-04-22 09:44:00,Phone,Upgrade,Positif,Resolved,18,False
INT-00947-2598,SME-2024-00947,2026-06-01 12:28:00,Email,Upgrade,Negatif,Resolved,55,False
INT-00947-2599,SME-2024-00947,2025-10-27 08:02:00,Email,Complaint,Negatif,Resolved,44,False
INT-00947-2600,SME-2024-00947,2025-09-26 10:34:00,Email,Complaint,Negatif,Resolved,60,False
INT-00947-2601,SME-2024-00947,2026-01-02 14:40:00,WhatsApp,Complaint,Negatif,Resolved,65,False
INT-00947-2602,SME-2024-00947,2026-04-16 17:54:00,WhatsApp,General,Positif,Resolved,23,False
INT-00948-2603,SME-2024-00948,2025-07-12 15:59:00,Live Chat,Complaint,Negatif,Resolved,54,False
INT-00948-2604,SME-2024-00948,2026-04-19 09:34:00,WhatsApp,Technical,Negatif,Resolved,52,False
INT-00948-2605,SME-2024-00948,2026-04-06 09:50:00,Portal,Complaint,Negatif,Resolved,54,False
INT-00948-2606,SME-2024-00948,2026-03-20 17:57:00,WhatsApp,Technical,Positif,Resolved,26,False
INT-00948-2607,SME-2024-00948,2025-11-10 11:14:00,Live Chat,Complaint,Positif,Resolved,5,False
INT-00949-2608,SME-2024-00949,2025-07-27 10:27:00,Live Chat,Complaint,Negatif,Escalated,72,True
INT-00950-2609,SME-2024-00950,2026-04-07 15:45:00,Email,General,Negatif,Pending,72,True
INT-00950-2610,SME-2024-00950,2025-12-13 12:49:00,Phone,Complaint,Positif,Resolved,27,False
INT-00950-2611,SME-2024-00950,2025-10-15 10:22:00,Phone,General,Negatif,Resolved,61,False
INT-00950-2612,SME-2024-00950,2026-03-23 08:24:00,WhatsApp,Complaint,Negatif,Escalated,22,True
INT-00950-2613,SME-2024-00950,2026-05-26 12:10:00,Live Chat,Complaint,Negatif,Pending,85,True
INT-00950-2614,SME-2024-00950,2026-03-20 15:54:00,Email,Complaint,Negatif,Closed-no-solution,46,False
INT-00950-2615,SME-2024-00950,2025-08-02 17:51:00,WhatsApp,Upgrade,Positif,Resolved,41,False
INT-00950-2616,SME-2024-00950,2026-06-23 16:57:00,Phone,Complaint,Positif,Escalated,32,True
INT-00951-2617,SME-2024-00951,2025-09-18 09:01:00,Email,Technical,Negatif,Pending,17,True
INT-00951-2618,SME-2024-00951,2025-08-01 14:29:00,Live Chat,Technical,Positif,Resolved,5,False
INT-00951-2619,SME-2024-00951,2026-06-27 12:32:00,Phone,Complaint,Negatif,Resolved,92,False
INT-00951-2620,SME-2024-00951,2025-11-06 15:49:00,WhatsApp,Billing,Positif,Resolved,7,False
INT-00952-2621,SME-2024-00952,2025-09-05 10:29:00,Email,Billing,Positif,Resolved,37,False
INT-00952-2622,SME-2024-00952,2026-01-10 17:55:00,Live Chat,Complaint,Negatif,Resolved,54,False
INT-00952-2623,SME-2024-00952,2025-08-11 12:44:00,Email,Complaint,Negatif,Resolved,58,False
INT-00952-2624,SME-2024-00952,2026-01-17 11:47:00,WhatsApp,General,Negatif,Escalated,65,True
INT-00952-2625,SME-2024-00952,2026-04-13 09:00:00,Live Chat,Billing,Negatif,Resolved,64,False
INT-00952-2626,SME-2024-00952,2025-11-25 11:24:00,WhatsApp,Complaint,Negatif,Closed-no-solution,68,False
INT-00953-2627,SME-2024-00953,2026-06-22 09:22:00,Email,Complaint,Positif,Resolved,38,False
INT-00953-2628,SME-2024-00953,2026-01-16 08:31:00,WhatsApp,Upgrade,Negatif,Escalated,62,True
INT-00953-2629,SME-2024-00953,2026-04-22 10:20:00,Portal,Upgrade,Negatif,Pending,59,True
INT-00955-2630,SME-2024-00955,2025-09-05 14:17:00,WhatsApp,Upgrade,Positif,Resolved,13,False
INT-00955-2631,SME-2024-00955,2025-10-03 09:43:00,WhatsApp,Upgrade,Positif,Resolved,25,False
INT-00956-2632,SME-2024-00956,2025-07-21 11:59:00,Phone,Complaint,Negatif,Resolved,52,False
INT-00957-2633,SME-2024-00957,2026-06-22 17:56:00,Live Chat,Complaint,Negatif,Resolved,45,False
INT-00957-2634,SME-2024-00957,2025-07-15 08:35:00,Phone,Upgrade,Positif,Resolved,33,False
INT-00957-2635,SME-2024-00957,2026-04-10 15:10:00,Email,General,Positif,Resolved,20,False
INT-00957-2636,SME-2024-00957,2026-01-09 11:40:00,WhatsApp,Complaint,Negatif,Closed-no-solution,49,False
INT-00958-2637,SME-2024-00958,2026-03-12 11:07:00,Live Chat,Complaint,Positif,Resolved,35,False
INT-00958-2638,SME-2024-00958,2025-12-21 12:01:00,Phone,Billing,Positif,Resolved,12,False
INT-00959-2639,SME-2024-00959,2025-07-17 10:55:00,Phone,Complaint,Negatif,Pending,72,True
INT-00959-2640,SME-2024-00959,2025-12-06 12:47:00,Email,Technical,Negatif,Resolved,35,False
INT-00959-2641,SME-2024-00959,2026-01-19 17:40:00,Live Chat,General,Positif,Resolved,17,False
INT-00960-2642,SME-2024-00960,2026-05-01 09:51:00,Email,Technical,Negatif,Escalated,58,True
INT-00961-2643,SME-2024-00961,2026-04-19 08:48:00,WhatsApp,Complaint,Negatif,Resolved,58,False
INT-00961-2644,SME-2024-00961,2026-04-16 15:13:00,WhatsApp,Complaint,Negatif,Escalated,69,True
INT-00961-2645,SME-2024-00961,2026-06-05 11:13:00,WhatsApp,Billing,Positif,Resolved,48,False
INT-00961-2646,SME-2024-00961,2025-12-22 17:59:00,WhatsApp,Billing,Negatif,Resolved,46,False
INT-00961-2647,SME-2024-00961,2026-06-21 17:06:00,WhatsApp,Technical,Negatif,Closed-no-solution,65,False
INT-00961-2648,SME-2024-00961,2026-04-10 17:18:00,WhatsApp,Complaint,Negatif,Escalated,56,True
INT-00961-2649,SME-2024-00961,2025-10-14 12:11:00,Live Chat,Complaint,Negatif,Closed-no-solution,47,False
INT-00962-2650,SME-2024-00962,2025-08-25 12:25:00,Portal,Upgrade,Negatif,Resolved,50,False
INT-00962-2651,SME-2024-00962,2025-09-16 08:37:00,Portal,Technical,Negatif,Pending,47,True
INT-00962-2652,SME-2024-00962,2026-01-15 15:24:00,WhatsApp,Complaint,Positif,Resolved,46,False
INT-00963-2653,SME-2024-00963,2025-09-15 10:00:00,Phone,Billing,Positif,Resolved,5,False
INT-00963-2654,SME-2024-00963,2026-06-12 16:17:00,Phone,Complaint,Positif,Resolved,26,False
INT-00963-2655,SME-2024-00963,2026-02-20 13:35:00,Portal,Complaint,Positif,Resolved,5,False
INT-00964-2656,SME-2024-00964,2025-10-06 16:03:00,Email,Complaint,Negatif,Resolved,49,False
INT-00964-2657,SME-2024-00964,2026-04-14 13:40:00,Phone,Billing,Positif,Resolved,46,False
INT-00964-2658,SME-2024-00964,2026-03-06 13:56:00,Email,Billing,Positif,Resolved,49,False
INT-00964-2659,SME-2024-00964,2026-02-04 11:38:00,Portal,General,Negatif,Closed-no-solution,64,False
INT-00964-2660,SME-2024-00964,2025-08-02 13:21:00,Phone,Complaint,Negatif,Closed-no-solution,72,False
INT-00964-2661,SME-2024-00964,2026-02-17 12:58:00,WhatsApp,General,Positif,Pending,29,True
INT-00965-2662,SME-2024-00965,2025-08-17 17:29:00,Email,Technical,Negatif,Escalated,51,True
INT-00965-2663,SME-2024-00965,2026-04-24 17:33:00,Email,Technical,Negatif,Resolved,69,False
INT-00966-2664,SME-2024-00966,2025-12-24 10:29:00,WhatsApp,Complaint,Negatif,Closed-no-solution,56,False
INT-00966-2665,SME-2024-00966,2025-07-25 15:23:00,WhatsApp,General,Negatif,Resolved,55,False
INT-00966-2666,SME-2024-00966,2026-05-14 10:29:00,Live Chat,Technical,Negatif,Pending,69,True
INT-00966-2667,SME-2024-00966,2025-08-20 15:49:00,WhatsApp,Technical,Negatif,Closed-no-solution,51,False
INT-00966-2668,SME-2024-00966,2026-02-02 08:30:00,Portal,Complaint,Negatif,Resolved,70,False
INT-00967-2669,SME-2024-00967,2026-03-26 11:05:00,Phone,Billing,Negatif,Resolved,63,False
INT-00967-2670,SME-2024-00967,2025-10-17 15:05:00,Phone,General,Negatif,Pending,48,True
INT-00967-2671,SME-2024-00967,2025-11-05 17:54:00,WhatsApp,Complaint,Positif,Resolved,46,False
INT-00967-2672,SME-2024-00967,2025-07-04 10:33:00,Email,Complaint,Positif,Pending,62,True
INT-00967-2673,SME-2024-00967,2025-08-06 14:18:00,Phone,Complaint,Negatif,Pending,30,True
INT-00968-2674,SME-2024-00968,2025-08-14 11:58:00,Email,Billing,Negatif,Closed-no-solution,38,False
INT-00968-2675,SME-2024-00968,2025-10-02 17:40:00,Phone,General,Negatif,Closed-no-solution,71,False
INT-00968-2676,SME-2024-00968,2025-09-10 12:57:00,Live Chat,Upgrade,Positif,Resolved,16,False
INT-00968-2677,SME-2024-00968,2026-04-07 09:25:00,Email,Complaint,Positif,Resolved,22,False
INT-00968-2678,SME-2024-00968,2025-11-04 15:34:00,Phone,Technical,Positif,Resolved,59,False
INT-00968-2679,SME-2024-00968,2025-10-07 12:49:00,Phone,Complaint,Negatif,Closed-no-solution,84,False
INT-00969-2680,SME-2024-00969,2026-05-26 14:36:00,Live Chat,Complaint,Positif,Resolved,26,False
INT-00969-2681,SME-2024-00969,2026-04-02 11:56:00,Portal,General,Negatif,Resolved,49,False
INT-00969-2682,SME-2024-00969,2026-04-23 16:13:00,Email,Complaint,Negatif,Closed-no-solution,37,False
INT-00969-2683,SME-2024-00969,2026-01-24 09:01:00,WhatsApp,Complaint,Positif,Resolved,26,False
INT-00969-2684,SME-2024-00969,2025-11-19 16:46:00,WhatsApp,Complaint,Negatif,Closed-no-solution,77,False
INT-00970-2685,SME-2024-00970,2025-11-06 16:25:00,WhatsApp,Complaint,Negatif,Pending,49,True
INT-00970-2686,SME-2024-00970,2026-01-20 17:02:00,Phone,Complaint,Negatif,Escalated,35,True
INT-00970-2687,SME-2024-00970,2026-03-07 10:30:00,WhatsApp,Technical,Negatif,Pending,49,True
INT-00970-2688,SME-2024-00970,2026-06-03 14:26:00,WhatsApp,Complaint,Positif,Resolved,34,False
INT-00970-2689,SME-2024-00970,2026-06-20 11:06:00,Phone,Complaint,Negatif,Resolved,90,False
INT-00970-2690,SME-2024-00970,2025-09-01 11:28:00,Phone,Complaint,Positif,Resolved,33,False
INT-00970-2691,SME-2024-00970,2026-03-23 13:46:00,Phone,Complaint,Positif,Pending,20,True
INT-00970-2692,SME-2024-00970,2026-06-20 11:40:00,WhatsApp,Complaint,Positif,Resolved,21,False
INT-00971-2693,SME-2024-00971,2026-05-16 17:09:00,WhatsApp,Technical,Negatif,Pending,71,True
INT-00971-2694,SME-2024-00971,2026-02-02 10:17:00,Phone,Complaint,Negatif,Pending,52,True
INT-00972-2695,SME-2024-00972,2026-05-01 09:40:00,Phone,Technical,Negatif,Resolved,48,False
INT-00972-2696,SME-2024-00972,2026-03-01 16:02:00,Phone,Complaint,Negatif,Escalated,60,True
INT-00972-2697,SME-2024-00972,2025-10-11 10:53:00,Portal,Upgrade,Negatif,Closed-no-solution,73,False
INT-00972-2698,SME-2024-00972,2026-05-25 11:12:00,Live Chat,Billing,Negatif,Pending,70,True
INT-00973-2699,SME-2024-00973,2026-04-25 15:08:00,Phone,Billing,Negatif,Resolved,40,False
INT-00974-2700,SME-2024-00974,2025-11-10 10:50:00,Email,General,Negatif,Pending,44,True
INT-00974-2701,SME-2024-00974,2026-02-23 13:24:00,WhatsApp,Technical,Negatif,Pending,48,True
INT-00974-2702,SME-2024-00974,2025-10-03 10:40:00,Live Chat,General,Positif,Resolved,50,False
INT-00974-2703,SME-2024-00974,2026-01-22 14:16:00,Live Chat,Technical,Positif,Resolved,14,False
INT-00974-2704,SME-2024-00974,2025-08-06 14:13:00,Phone,Complaint,Negatif,Pending,89,True
INT-00974-2705,SME-2024-00974,2026-02-11 15:37:00,Phone,Technical,Negatif,Resolved,70,False
INT-00974-2706,SME-2024-00974,2026-04-04 08:02:00,Email,Complaint,Negatif,Escalated,83,True
INT-00975-2707,SME-2024-00975,2025-12-04 15:43:00,Portal,General,Negatif,Closed-no-solution,64,False
INT-00975-2708,SME-2024-00975,2026-01-08 11:33:00,Phone,Upgrade,Positif,Resolved,17,False
INT-00975-2709,SME-2024-00975,2025-07-14 15:00:00,WhatsApp,General,Positif,Resolved,5,False
INT-00975-2710,SME-2024-00975,2025-11-01 13:03:00,Portal,Billing,Negatif,Resolved,61,False
INT-00975-2711,SME-2024-00975,2025-10-06 16:52:00,Phone,Upgrade,Negatif,Resolved,33,False
INT-00975-2712,SME-2024-00975,2026-03-23 13:50:00,Email,Billing,Negatif,Resolved,51,False
INT-00977-2713,SME-2024-00977,2026-06-16 11:51:00,Email,General,Negatif,Escalated,64,True
INT-00977-2714,SME-2024-00977,2026-04-03 13:32:00,WhatsApp,Complaint,Negatif,Escalated,69,True
INT-00977-2715,SME-2024-00977,2026-02-11 15:33:00,Email,Complaint,Positif,Resolved,20,False
INT-00978-2716,SME-2024-00978,2025-10-24 15:10:00,WhatsApp,Complaint,Positif,Resolved,18,False
INT-00978-2717,SME-2024-00978,2025-11-17 17:34:00,WhatsApp,Complaint,Positif,Resolved,21,False
INT-00978-2718,SME-2024-00978,2026-05-01 11:23:00,Email,Technical,Positif,Resolved,47,False
INT-00978-2719,SME-2024-00978,2025-10-18 13:19:00,Live Chat,Technical,Negatif,Escalated,60,True
INT-00978-2720,SME-2024-00978,2025-07-23 09:34:00,Phone,Complaint,Positif,Resolved,40,False
INT-00979-2721,SME-2024-00979,2026-04-06 08:23:00,Live Chat,General,Negatif,Resolved,58,False
INT-00979-2722,SME-2024-00979,2025-10-11 16:03:00,Phone,General,Positif,Escalated,29,True
INT-00979-2723,SME-2024-00979,2026-02-27 13:00:00,Portal,General,Positif,Resolved,48,False
INT-00979-2724,SME-2024-00979,2026-01-24 09:30:00,Live Chat,Upgrade,Negatif,Resolved,40,False
INT-00980-2725,SME-2024-00980,2026-04-27 10:31:00,Live Chat,Technical,Negatif,Closed-no-solution,49,False
INT-00980-2726,SME-2024-00980,2025-12-27 09:33:00,Phone,Billing,Positif,Resolved,21,False
INT-00980-2727,SME-2024-00980,2025-07-09 14:40:00,WhatsApp,Billing,Positif,Resolved,47,False
INT-00980-2728,SME-2024-00980,2026-06-05 11:53:00,Phone,Complaint,Positif,Resolved,22,False
INT-00980-2729,SME-2024-00980,2026-03-16 12:52:00,Phone,General,Positif,Resolved,30,False
INT-00980-2730,SME-2024-00980,2025-07-01 09:18:00,Live Chat,Upgrade,Positif,Resolved,37,False
INT-00980-2731,SME-2024-00980,2025-09-25 10:18:00,Phone,Billing,Positif,Resolved,51,False
INT-00981-2732,SME-2024-00981,2026-01-26 14:45:00,WhatsApp,Upgrade,Negatif,Pending,61,True
INT-00982-2733,SME-2024-00982,2026-01-21 13:54:00,Phone,Upgrade,Positif,Resolved,40,False
INT-00982-2734,SME-2024-00982,2026-04-17 16:26:00,Phone,Technical,Positif,Resolved,39,False
INT-00982-2735,SME-2024-00982,2026-03-24 09:22:00,Phone,Complaint,Negatif,Escalated,63,True
INT-00982-2736,SME-2024-00982,2025-08-16 15:42:00,WhatsApp,Complaint,Negatif,Escalated,50,True
INT-00983-2737,SME-2024-00983,2025-09-19 12:00:00,WhatsApp,General,Positif,Resolved,48,False
INT-00984-2738,SME-2024-00984,2026-06-23 16:01:00,Portal,Upgrade,Positif,Resolved,44,False
INT-00984-2739,SME-2024-00984,2025-10-26 12:44:00,WhatsApp,Complaint,Negatif,Resolved,70,False
INT-00984-2740,SME-2024-00984,2025-08-22 14:27:00,WhatsApp,General,Negatif,Closed-no-solution,62,False
INT-00985-2741,SME-2024-00985,2026-04-21 13:13:00,WhatsApp,Complaint,Negatif,Pending,49,True
INT-00985-2742,SME-2024-00985,2025-12-07 11:51:00,Portal,Billing,Negatif,Escalated,40,True
INT-00985-2743,SME-2024-00985,2026-05-17 13:38:00,Live Chat,Complaint,Positif,Resolved,37,False
INT-00985-2744,SME-2024-00985,2026-01-11 14:13:00,Phone,General,Negatif,Pending,11,True
INT-00986-2745,SME-2024-00986,2025-09-27 10:58:00,Phone,Complaint,Positif,Resolved,6,False
INT-00986-2746,SME-2024-00986,2026-04-03 13:50:00,WhatsApp,Billing,Negatif,Pending,64,True
INT-00986-2747,SME-2024-00986,2026-05-19 17:05:00,Phone,Billing,Negatif,Escalated,69,True
INT-00986-2748,SME-2024-00986,2026-04-20 10:32:00,Portal,Complaint,Negatif,Resolved,68,False
INT-00986-2749,SME-2024-00986,2025-10-27 15:54:00,WhatsApp,Billing,Negatif,Escalated,58,True
INT-00987-2750,SME-2024-00987,2025-09-14 11:49:00,Live Chat,Complaint,Negatif,Resolved,64,False
INT-00987-2751,SME-2024-00987,2026-06-08 12:41:00,Portal,Technical,Negatif,Pending,56,True
INT-00987-2752,SME-2024-00987,2025-10-18 10:09:00,WhatsApp,Complaint,Negatif,Resolved,45,False
INT-00987-2753,SME-2024-00987,2025-08-03 16:20:00,Email,Upgrade,Negatif,Resolved,65,False
INT-00987-2754,SME-2024-00987,2025-11-20 11:18:00,Portal,Technical,Negatif,Resolved,40,False
INT-00987-2755,SME-2024-00987,2025-11-15 12:27:00,WhatsApp,Complaint,Negatif,Pending,47,True
INT-00987-2756,SME-2024-00987,2026-01-01 12:15:00,Portal,Billing,Positif,Resolved,9,False
INT-00988-2757,SME-2024-00988,2026-04-16 13:25:00,Phone,Complaint,Negatif,Pending,43,True
INT-00988-2758,SME-2024-00988,2025-09-20 09:30:00,Phone,Upgrade,Positif,Resolved,17,False
INT-00988-2759,SME-2024-00988,2025-10-19 08:27:00,WhatsApp,Complaint,Positif,Resolved,28,False
INT-00988-2760,SME-2024-00988,2026-03-21 11:00:00,Portal,General,Negatif,Resolved,74,False
INT-00988-2761,SME-2024-00988,2026-03-25 09:58:00,WhatsApp,Complaint,Negatif,Pending,43,True
INT-00988-2762,SME-2024-00988,2026-01-16 14:03:00,Live Chat,Upgrade,Negatif,Resolved,59,False
INT-00991-2763,SME-2024-00991,2025-09-18 09:00:00,Phone,Complaint,Positif,Resolved,30,False
INT-00991-2764,SME-2024-00991,2025-08-02 08:04:00,Portal,Complaint,Negatif,Escalated,50,True
INT-00991-2765,SME-2024-00991,2025-10-08 14:33:00,Live Chat,Technical,Negatif,Closed-no-solution,71,False
INT-00991-2766,SME-2024-00991,2026-06-17 08:53:00,Live Chat,Complaint,Negatif,Pending,77,True
INT-00991-2767,SME-2024-00991,2025-09-17 13:01:00,WhatsApp,Complaint,Positif,Resolved,34,False
INT-00991-2768,SME-2024-00991,2026-05-22 12:41:00,Live Chat,General,Positif,Resolved,39,False
INT-00991-2769,SME-2024-00991,2025-08-01 15:42:00,Email,Complaint,Negatif,Closed-no-solution,76,False
INT-00992-2770,SME-2024-00992,2025-09-19 12:11:00,WhatsApp,Complaint,Negatif,Resolved,106,False
INT-00992-2771,SME-2024-00992,2025-09-22 08:35:00,Email,Complaint,Positif,Resolved,46,False
INT-00992-2772,SME-2024-00992,2026-05-02 13:58:00,WhatsApp,Upgrade,Negatif,Resolved,56,False
INT-00992-2773,SME-2024-00992,2025-09-25 13:35:00,Phone,Complaint,Negatif,Escalated,39,True
INT-00992-2774,SME-2024-00992,2026-02-22 16:39:00,Phone,Billing,Negatif,Resolved,68,False
INT-00993-2775,SME-2024-00993,2026-06-12 09:29:00,Phone,Complaint,Negatif,Pending,43,True
INT-00993-2776,SME-2024-00993,2025-08-20 10:41:00,Phone,Technical,Negatif,Resolved,65,False
INT-00993-2777,SME-2024-00993,2025-07-10 17:07:00,Email,Technical,Positif,Resolved,65,False
INT-00993-2778,SME-2024-00993,2025-10-02 17:47:00,Live Chat,Complaint,Negatif,Resolved,50,False
INT-00993-2779,SME-2024-00993,2026-04-14 16:47:00,WhatsApp,Upgrade,Positif,Resolved,17,False
INT-00994-2780,SME-2024-00994,2025-12-27 14:16:00,WhatsApp,General,Negatif,Resolved,51,False
INT-00994-2781,SME-2024-00994,2025-11-03 17:31:00,Phone,General,Positif,Resolved,39,False
INT-00994-2782,SME-2024-00994,2026-03-27 09:50:00,WhatsApp,Complaint,Positif,Resolved,45,False
INT-00994-2783,SME-2024-00994,2025-08-15 12:50:00,Email,General,Negatif,Pending,60,True
INT-00994-2784,SME-2024-00994,2025-08-25 12:39:00,WhatsApp,General,Positif,Resolved,23,False
INT-00994-2785,SME-2024-00994,2025-08-27 13:24:00,Portal,Upgrade,Negatif,Escalated,27,True
INT-00996-2786,SME-2024-00996,2025-12-19 17:01:00,WhatsApp,General,Negatif,Pending,56,True
INT-00996-2787,SME-2024-00996,2026-04-18 14:27:00,Email,Upgrade,Negatif,Pending,42,True
INT-00996-2788,SME-2024-00996,2026-01-11 13:41:00,Portal,Billing,Positif,Resolved,32,False
INT-00996-2789,SME-2024-00996,2025-09-13 15:55:00,WhatsApp,Technical,Negatif,Pending,57,True
INT-00997-2790,SME-2024-00997,2025-08-22 17:04:00,Portal,General,Negatif,Resolved,34,False
INT-00997-2791,SME-2024-00997,2025-11-15 14:54:00,Live Chat,Complaint,Negatif,Pending,45,True
INT-00997-2792,SME-2024-00997,2025-12-16 15:17:00,WhatsApp,Technical,Negatif,Resolved,81,False
INT-00997-2793,SME-2024-00997,2026-05-01 10:28:00,Phone,General,Negatif,Escalated,12,True
INT-00998-2794,SME-2024-00998,2026-03-21 12:48:00,WhatsApp,Complaint,Negatif,Resolved,50,False
INT-00998-2795,SME-2024-00998,2026-02-20 17:55:00,Phone,Complaint,Negatif,Resolved,67,False
INT-00998-2796,SME-2024-00998,2026-06-17 12:15:00,Email,Technical,Negatif,Resolved,66,False
INT-00998-2797,SME-2024-00998,2026-04-06 12:01:00,Phone,Technical,Negatif,Resolved,60,False
INT-00998-2798,SME-2024-00998,2026-03-14 09:05:00,Phone,Technical,Negatif,Resolved,67,False
INT-00998-2799,SME-2024-00998,2026-04-18 17:48:00,WhatsApp,Upgrade,Positif,Resolved,47,False
INT-00999-2800,SME-2024-00999,2025-07-07 12:26:00,Email,Complaint,Negatif,Closed-no-solution,74,False
INT-00999-2801,SME-2024-00999,2025-08-10 17:30:00,Portal,Complaint,Negatif,Pending,78,True
INT-00999-2802,SME-2024-00999,2026-06-03 15:57:00,WhatsApp,Billing,Positif,Resolved,18,False
INT-00999-2803,SME-2024-00999,2025-09-16 11:02:00,WhatsApp,Complaint,Positif,Resolved,21,False
INT-00999-2804,SME-2024-00999,2026-06-24 08:57:00,Phone,Complaint,Positif,Resolved,31,False
INT-01000-2805,SME-2024-01000,2025-10-26 13:43:00,Portal,Technical,Positif,Resolved,50,False
INT-01000-2806,SME-2024-01000,2025-10-27 14:48:00,WhatsApp,General,Positif,Resolved,23,False
INT-01000-2807,SME-2024-01000,2025-10-04 17:12:00,Phone,General,Negatif,Resolved,71,False
INT-01000-2808,SME-2024-01000,2026-06-25 15:42:00,Email,Complaint,Positif,Pending,61,True
INT-01000-2809,SME-2024-01000,2026-05-05 13:51:00,WhatsApp,General,Negatif,Resolved,43,False
