metric_id,customer_id,period_month,bandwidth_utilization_pct,avg_daily_usage_hours,peak_usage_trend,service_downtime_minutes,support_ticket_count,feature_adoption_score
USE-00001-202507,SME-2024-00001,2025-07,81.7,13.0,Stabil,10,1,6
USE-00001-202508,SME-2024-00001,2025-08,85.1,12.5,Stabil,33,1,6
USE-00001-202509,SME-2024-00001,2025-09,83.7,13.2,Stabil,102,0,6
USE-00001-202510,SME-2024-00001,2025-10,82.9,12.1,Fluktuatif,2,1,6
USE-00001-202511,SME-2024-00001,2025-11,84.7,12.9,Stabil,1,1,6
USE-00001-202512,SME-2024-00001,2025-12,82.8,12.4,Stabil,71,3,6
USE-00001-202601,SME-2024-00001,2026-01,83.3,12.9,Fluktuatif,192,1,6
USE-00001-202602,SME-2024-00001,2026-02,85.2,12.8,Stabil,33,1,6
USE-00001-202603,SME-2024-00001,2026-03,83.6,12.1,Stabil,5,2,6
USE-00001-202604,SME-2024-00001,2026-04,82.8,11.6,Stabil,5,2,6
USE-00001-202605,SME-2024-00001,2026-05,83.7,12.8,Stabil,2,2,7
USE-00001-202606,SME-2024-00001,2026-06,83.6,12.8,Stabil,26,1,7
USE-00002-202507,SME-2024-00002,2025-07,72.0,10.3,Stabil,4,2,6
USE-00002-202508,SME-2024-00002,2025-08,74.3,11.4,Stabil,19,2,6
USE-00002-202509,SME-2024-00002,2025-09,75.4,10.6,Stabil,12,0,6
USE-00002-202510,SME-2024-00002,2025-10,75.2,11.0,Stabil,54,2,6
USE-00002-202511,SME-2024-00002,2025-11,77.4,11.8,Stabil,15,2,6
USE-00002-202512,SME-2024-00002,2025-12,76.4,10.8,Stabil,9,1,7
USE-00002-202601,SME-2024-00002,2026-01,79.6,12.7,Stabil,19,2,6
USE-00002-202602,SME-2024-00002,2026-02,79.2,11.5,Stabil,114,1,7
USE-00002-202603,SME-2024-00002,2026-03,80.4,11.2,Stabil,46,1,6
USE-00002-202604,SME-2024-00002,2026-04,81.8,12.8,Stabil,18,1,7
USE-00002-202605,SME-2024-00002,2026-05,81.2,11.7,Stabil,75,3,6
USE-00002-202606,SME-2024-00002,2026-06,81.5,12.6,Stabil,3,0,6
USE-00003-202507,SME-2024-00003,2025-07,80.4,12.3,Stabil,65,1,8
USE-00003-202508,SME-2024-00003,2025-08,81.6,11.9,Stabil,142,1,7
USE-00003-202509,SME-2024-00003,2025-09,83.1,12.6,Stabil,12,2,7
USE-00003-202510,SME-2024-00003,2025-10,79.8,12.0,Stabil,38,2,7
USE-00003-202511,SME-2024-00003,2025-11,83.0,12.4,Stabil,48,3,7
USE-00003-202512,SME-2024-00003,2025-12,81.0,12.1,Stabil,19,0,8
USE-00003-202601,SME-2024-00003,2026-01,79.0,11.3,Stabil,65,1,8
USE-00003-202602,SME-2024-00003,2026-02,82.7,12.5,Stabil,15,0,8
USE-00003-202603,SME-2024-00003,2026-03,79.7,12.7,Stabil,104,1,7
USE-00003-202604,SME-2024-00003,2026-04,81.7,13.4,Stabil,26,3,7
USE-00003-202605,SME-2024-00003,2026-05,79.2,11.3,Stabil,14,2,7
USE-00003-202606,SME-2024-00003,2026-06,81.6,12.5,Fluktuatif,16,1,8
USE-00004-202507,SME-2024-00004,2025-07,82.2,12.3,Naik,12,0,9
USE-00004-202508,SME-2024-00004,2025-08,82.0,12.0,Naik,30,3,8
USE-00004-202509,SME-2024-00004,2025-09,81.2,12.2,Naik,90,1,8
USE-00004-202510,SME-2024-00004,2025-10,80.9,12.5,Naik,20,0,8
USE-00004-202511,SME-2024-00004,2025-11,84.8,13.0,Naik,88,1,9
USE-00004-202512,SME-2024-00004,2025-12,81.0,11.8,Naik,9,2,8
USE-00004-202601,SME-2024-00004,2026-01,87.8,13.3,Naik,18,0,8
USE-00004-202602,SME-2024-00004,2026-02,88.7,13.0,Naik,5,1,8
USE-00004-202603,SME-2024-00004,2026-03,89.8,12.8,Naik,20,5,8
USE-00004-202604,SME-2024-00004,2026-04,89.3,13.3,Naik,8,1,8
USE-00004-202605,SME-2024-00004,2026-05,89.3,12.7,Naik,41,1,8
USE-00004-202606,SME-2024-00004,2026-06,89.7,13.6,Naik,12,1,9
USE-00005-202507,SME-2024-00005,2025-07,82.2,13.5,Stabil,31,1,7
USE-00005-202508,SME-2024-00005,2025-08,80.9,11.6,Stabil,40,1,8
USE-00005-202509,SME-2024-00005,2025-09,82.3,12.3,Fluktuatif,39,3,8
USE-00005-202510,SME-2024-00005,2025-10,81.1,12.1,Stabil,25,2,7
USE-00005-202511,SME-2024-00005,2025-11,81.3,11.7,Stabil,8,1,7
USE-00005-202512,SME-2024-00005,2025-12,82.2,12.6,Stabil,13,2,8
USE-00005-202601,SME-2024-00005,2026-01,81.5,12.5,Stabil,22,2,7
USE-00005-202602,SME-2024-00005,2026-02,81.7,12.5,Stabil,19,1,7
USE-00005-202603,SME-2024-00005,2026-03,81.7,12.2,Stabil,48,1,8
USE-00005-202604,SME-2024-00005,2026-04,82.3,12.1,Stabil,123,1,8
USE-00005-202605,SME-2024-00005,2026-05,79.7,11.3,Stabil,32,0,7
USE-00005-202606,SME-2024-00005,2026-06,82.0,11.5,Stabil,11,0,8
USE-00006-202507,SME-2024-00006,2025-07,67.8,10.5,Stabil,25,1,7
USE-00006-202508,SME-2024-00006,2025-08,68.5,10.3,Fluktuatif,4,1,6
USE-00006-202509,SME-2024-00006,2025-09,66.7,9.5,Fluktuatif,51,0,6
USE-00006-202510,SME-2024-00006,2025-10,67.5,10.7,Fluktuatif,3,3,6
USE-00006-202511,SME-2024-00006,2025-11,69.1,9.5,Stabil,96,1,7
USE-00006-202512,SME-2024-00006,2025-12,70.0,9.9,Stabil,66,1,7
USE-00006-202601,SME-2024-00006,2026-01,70.6,9.7,Fluktuatif,73,0,7
USE-00006-202602,SME-2024-00006,2026-02,67.1,10.1,Stabil,33,3,6
USE-00006-202603,SME-2024-00006,2026-03,67.4,9.7,Stabil,16,1,7
USE-00006-202604,SME-2024-00006,2026-04,69.7,11.1,Stabil,115,4,7
USE-00006-202605,SME-2024-00006,2026-05,70.0,11.4,Stabil,12,1,6
USE-00006-202606,SME-2024-00006,2026-06,67.6,10.2,Stabil,14,1,7
USE-00007-202507,SME-2024-00007,2025-07,70.4,10.8,Stabil,110,1,8
USE-00007-202508,SME-2024-00007,2025-08,74.5,11.8,Fluktuatif,12,2,8
USE-00007-202509,SME-2024-00007,2025-09,72.5,11.7,Stabil,49,0,7
USE-00007-202510,SME-2024-00007,2025-10,69.9,10.9,Stabil,53,0,7
USE-00007-202511,SME-2024-00007,2025-11,72.0,11.1,Stabil,6,0,7
USE-00007-202512,SME-2024-00007,2025-12,68.3,10.0,Fluktuatif,31,1,8
USE-00007-202601,SME-2024-00007,2026-01,70.2,10.7,Stabil,45,1,8
USE-00007-202602,SME-2024-00007,2026-02,66.6,10.0,Fluktuatif,60,0,8
USE-00007-202603,SME-2024-00007,2026-03,68.5,9.8,Stabil,1,0,8
USE-00007-202604,SME-2024-00007,2026-04,66.5,8.9,Stabil,28,1,8
USE-00007-202605,SME-2024-00007,2026-05,67.9,9.6,Stabil,29,2,7
USE-00007-202606,SME-2024-00007,2026-06,68.8,10.2,Stabil,94,0,7
USE-00008-202507,SME-2024-00008,2025-07,56.0,8.6,Turun,29,1,8
USE-00008-202508,SME-2024-00008,2025-08,54.4,7.0,Turun,115,1,8
USE-00008-202509,SME-2024-00008,2025-09,56.2,8.7,Turun,16,1,8
USE-00008-202510,SME-2024-00008,2025-10,55.2,7.7,Turun,0,1,8
USE-00008-202511,SME-2024-00008,2025-11,51.2,7.3,Turun,2,0,8
USE-00008-202512,SME-2024-00008,2025-12,47.6,6.6,Turun,4,1,7
USE-00008-202601,SME-2024-00008,2026-01,50.4,7.7,Turun,34,2,8
USE-00008-202602,SME-2024-00008,2026-02,49.7,8.0,Turun,9,0,7
USE-00008-202603,SME-2024-00008,2026-03,49.4,7.7,Turun,58,2,8
USE-00008-202604,SME-2024-00008,2026-04,50.7,8.9,Turun,8,1,7
USE-00008-202605,SME-2024-00008,2026-05,45.7,6.8,Turun,46,0,8
USE-00008-202606,SME-2024-00008,2026-06,51.0,7.6,Turun,35,0,8
USE-00009-202507,SME-2024-00009,2025-07,88.8,13.1,Stabil,4,0,8
USE-00009-202508,SME-2024-00009,2025-08,83.5,12.0,Stabil,152,0,7
USE-00009-202509,SME-2024-00009,2025-09,83.1,12.4,Stabil,7,1,6
USE-00009-202510,SME-2024-00009,2025-10,87.5,13.2,Stabil,19,2,7
USE-00009-202511,SME-2024-00009,2025-11,82.8,12.1,Fluktuatif,77,1,7
USE-00009-202512,SME-2024-00009,2025-12,84.5,13.6,Stabil,30,0,8
USE-00009-202601,SME-2024-00009,2026-01,86.8,13.2,Stabil,23,1,7
USE-00009-202602,SME-2024-00009,2026-02,84.0,12.3,Stabil,8,2,8
USE-00009-202603,SME-2024-00009,2026-03,80.9,11.0,Fluktuatif,59,2,7
USE-00009-202604,SME-2024-00009,2026-04,82.3,11.7,Stabil,14,0,7
USE-00009-202605,SME-2024-00009,2026-05,80.8,12.3,Fluktuatif,55,0,7
USE-00009-202606,SME-2024-00009,2026-06,80.0,12.0,Stabil,8,2,7
USE-00010-202507,SME-2024-00010,2025-07,65.3,9.2,Stabil,17,2,5
USE-00010-202508,SME-2024-00010,2025-08,66.2,9.1,Fluktuatif,69,1,5
USE-00010-202509,SME-2024-00010,2025-09,67.4,9.0,Stabil,13,2,4
USE-00010-202510,SME-2024-00010,2025-10,68.1,10.2,Stabil,15,0,6
USE-00010-202511,SME-2024-00010,2025-11,70.0,10.3,Stabil,75,1,5
USE-00010-202512,SME-2024-00010,2025-12,64.4,9.2,Stabil,57,0,4
USE-00010-202601,SME-2024-00010,2026-01,67.5,10.3,Stabil,7,2,5
USE-00010-202602,SME-2024-00010,2026-02,70.7,10.3,Stabil,5,1,5
USE-00010-202603,SME-2024-00010,2026-03,67.7,10.2,Stabil,43,0,5
USE-00010-202604,SME-2024-00010,2026-04,74.0,11.2,Stabil,3,2,5
USE-00010-202605,SME-2024-00010,2026-05,68.4,10.3,Fluktuatif,26,4,6
USE-00010-202606,SME-2024-00010,2026-06,72.5,10.8,Fluktuatif,3,3,5
USE-00011-202507,SME-2024-00011,2025-07,79.5,11.9,Fluktuatif,58,1,8
USE-00011-202508,SME-2024-00011,2025-08,74.7,11.3,Stabil,46,1,7
USE-00011-202509,SME-2024-00011,2025-09,73.7,11.4,Stabil,42,2,7
USE-00011-202510,SME-2024-00011,2025-10,73.4,11.0,Stabil,5,0,8
USE-00011-202511,SME-2024-00011,2025-11,77.4,11.1,Stabil,29,1,8
USE-00011-202512,SME-2024-00011,2025-12,75.1,11.4,Fluktuatif,73,0,8
USE-00011-202601,SME-2024-00011,2026-01,78.6,10.9,Stabil,23,2,8
USE-00011-202602,SME-2024-00011,2026-02,76.6,11.6,Stabil,21,0,8
USE-00011-202603,SME-2024-00011,2026-03,77.0,11.0,Fluktuatif,7,1,7
USE-00011-202604,SME-2024-00011,2026-04,75.9,11.3,Stabil,20,0,8
USE-00011-202605,SME-2024-00011,2026-05,77.2,11.5,Fluktuatif,24,3,7
USE-00011-202606,SME-2024-00011,2026-06,75.4,11.8,Stabil,67,1,8
USE-00012-202507,SME-2024-00012,2025-07,85.7,13.2,Stabil,7,1,7
USE-00012-202508,SME-2024-00012,2025-08,87.7,12.6,Stabil,57,0,8
USE-00012-202509,SME-2024-00012,2025-09,80.8,12.3,Fluktuatif,38,2,7
USE-00012-202510,SME-2024-00012,2025-10,85.6,13.1,Fluktuatif,23,1,7
USE-00012-202511,SME-2024-00012,2025-11,84.1,12.8,Stabil,34,0,7
USE-00012-202512,SME-2024-00012,2025-12,81.3,11.7,Stabil,36,1,7
USE-00012-202601,SME-2024-00012,2026-01,82.3,11.6,Stabil,1,2,7
USE-00012-202602,SME-2024-00012,2026-02,85.6,12.6,Stabil,34,0,8
USE-00012-202603,SME-2024-00012,2026-03,83.8,12.6,Stabil,67,1,7
USE-00012-202604,SME-2024-00012,2026-04,84.8,11.5,Stabil,5,4,7
USE-00012-202605,SME-2024-00012,2026-05,86.6,12.2,Fluktuatif,90,1,7
USE-00012-202606,SME-2024-00012,2026-06,86.2,13.1,Stabil,19,2,8
USE-00013-202507,SME-2024-00013,2025-07,79.7,12.2,Stabil,1,0,5
USE-00013-202508,SME-2024-00013,2025-08,81.5,12.3,Fluktuatif,77,3,6
USE-00013-202509,SME-2024-00013,2025-09,80.1,11.6,Stabil,1,1,6
USE-00013-202510,SME-2024-00013,2025-10,77.8,11.1,Stabil,40,1,6
USE-00013-202511,SME-2024-00013,2025-11,77.7,11.6,Fluktuatif,31,1,6
USE-00013-202512,SME-2024-00013,2025-12,79.1,11.8,Stabil,28,3,6
USE-00013-202601,SME-2024-00013,2026-01,73.5,11.3,Stabil,12,0,6
USE-00013-202602,SME-2024-00013,2026-02,78.7,11.5,Stabil,31,0,6
USE-00013-202603,SME-2024-00013,2026-03,80.4,12.3,Stabil,57,2,6
USE-00013-202604,SME-2024-00013,2026-04,79.2,11.7,Fluktuatif,7,0,6
USE-00013-202605,SME-2024-00013,2026-05,79.5,11.6,Stabil,44,1,7
USE-00013-202606,SME-2024-00013,2026-06,76.9,12.1,Fluktuatif,17,3,6
USE-00014-202507,SME-2024-00014,2025-07,84.6,11.7,Fluktuatif,1,1,6
USE-00014-202508,SME-2024-00014,2025-08,85.0,12.9,Fluktuatif,35,0,6
USE-00014-202509,SME-2024-00014,2025-09,85.4,13.4,Stabil,9,1,7
USE-00014-202510,SME-2024-00014,2025-10,84.8,13.3,Stabil,43,1,7
USE-00014-202511,SME-2024-00014,2025-11,85.6,13.2,Stabil,47,0,7
USE-00014-202512,SME-2024-00014,2025-12,84.8,12.4,Fluktuatif,19,3,7
USE-00014-202601,SME-2024-00014,2026-01,85.8,14.1,Stabil,20,0,6
USE-00014-202602,SME-2024-00014,2026-02,89.4,13.1,Stabil,59,1,6
USE-00014-202603,SME-2024-00014,2026-03,83.5,12.3,Stabil,3,1,6
USE-00014-202604,SME-2024-00014,2026-04,85.1,12.7,Stabil,52,3,6
USE-00014-202605,SME-2024-00014,2026-05,87.3,13.3,Stabil,44,2,5
USE-00014-202606,SME-2024-00014,2026-06,85.1,12.6,Stabil,8,0,7
USE-00015-202507,SME-2024-00015,2025-07,65.1,9.0,Stabil,1,1,7
USE-00015-202508,SME-2024-00015,2025-08,66.8,10.1,Stabil,15,0,8
USE-00015-202509,SME-2024-00015,2025-09,66.9,9.9,Fluktuatif,50,1,7
USE-00015-202510,SME-2024-00015,2025-10,65.5,10.1,Stabil,9,0,7
USE-00015-202511,SME-2024-00015,2025-11,69.6,10.6,Fluktuatif,42,1,7
USE-00015-202512,SME-2024-00015,2025-12,65.5,9.6,Stabil,40,2,6
USE-00015-202601,SME-2024-00015,2026-01,66.3,9.6,Stabil,2,2,7
USE-00015-202602,SME-2024-00015,2026-02,66.4,10.1,Stabil,29,0,7
USE-00015-202603,SME-2024-00015,2026-03,68.6,10.0,Stabil,1,0,7
USE-00015-202604,SME-2024-00015,2026-04,70.4,11.5,Fluktuatif,12,1,7
USE-00015-202605,SME-2024-00015,2026-05,67.2,9.8,Fluktuatif,50,3,7
USE-00015-202606,SME-2024-00015,2026-06,68.6,10.6,Stabil,3,1,8
USE-00016-202507,SME-2024-00016,2025-07,86.0,12.8,Fluktuatif,48,0,7
USE-00016-202508,SME-2024-00016,2025-08,85.8,12.8,Stabil,88,1,7
USE-00016-202509,SME-2024-00016,2025-09,88.0,12.5,Fluktuatif,42,3,6
USE-00016-202510,SME-2024-00016,2025-10,83.9,12.3,Stabil,17,2,7
USE-00016-202511,SME-2024-00016,2025-11,86.8,12.6,Fluktuatif,56,2,7
USE-00016-202512,SME-2024-00016,2025-12,85.9,13.5,Stabil,58,3,7
USE-00016-202601,SME-2024-00016,2026-01,87.3,12.9,Stabil,81,0,7
USE-00016-202602,SME-2024-00016,2026-02,85.5,12.5,Fluktuatif,15,2,7
USE-00016-202603,SME-2024-00016,2026-03,86.2,13.4,Stabil,26,3,7
USE-00016-202604,SME-2024-00016,2026-04,86.4,13.4,Stabil,22,0,7
USE-00016-202605,SME-2024-00016,2026-05,89.7,13.0,Fluktuatif,3,0,6
USE-00016-202606,SME-2024-00016,2026-06,86.2,13.7,Stabil,0,1,6
USE-00017-202507,SME-2024-00017,2025-07,81.8,12.2,Fluktuatif,23,1,7
USE-00017-202508,SME-2024-00017,2025-08,81.2,11.2,Stabil,12,2,7
USE-00017-202509,SME-2024-00017,2025-09,80.2,12.0,Fluktuatif,8,2,7
USE-00017-202510,SME-2024-00017,2025-10,81.1,12.8,Stabil,26,0,7
USE-00017-202511,SME-2024-00017,2025-11,81.8,12.1,Fluktuatif,37,0,8
USE-00017-202512,SME-2024-00017,2025-12,78.7,12.3,Stabil,89,0,7
USE-00017-202601,SME-2024-00017,2026-01,78.6,12.2,Fluktuatif,20,3,7
USE-00017-202602,SME-2024-00017,2026-02,78.7,11.6,Stabil,15,1,7
USE-00017-202603,SME-2024-00017,2026-03,80.7,12.2,Fluktuatif,20,1,8
USE-00017-202604,SME-2024-00017,2026-04,77.8,12.0,Stabil,84,2,7
USE-00017-202605,SME-2024-00017,2026-05,79.3,11.3,Fluktuatif,104,0,7
USE-00017-202606,SME-2024-00017,2026-06,77.4,11.4,Stabil,14,0,7
USE-00018-202507,SME-2024-00018,2025-07,68.1,9.8,Stabil,1,0,8
USE-00018-202508,SME-2024-00018,2025-08,69.2,10.1,Stabil,74,1,8
USE-00018-202509,SME-2024-00018,2025-09,66.6,9.9,Stabil,16,0,7
USE-00018-202510,SME-2024-00018,2025-10,71.5,10.1,Stabil,0,0,8
USE-00018-202511,SME-2024-00018,2025-11,70.8,10.7,Fluktuatif,9,2,8
USE-00018-202512,SME-2024-00018,2025-12,67.0,10.6,Stabil,0,0,8
USE-00018-202601,SME-2024-00018,2026-01,67.0,9.8,Stabil,38,0,8
USE-00018-202602,SME-2024-00018,2026-02,67.6,9.8,Fluktuatif,18,0,7
USE-00018-202603,SME-2024-00018,2026-03,70.0,10.8,Stabil,53,1,7
USE-00018-202604,SME-2024-00018,2026-04,72.3,10.4,Stabil,40,2,7
USE-00018-202605,SME-2024-00018,2026-05,69.4,11.2,Fluktuatif,49,0,7
USE-00018-202606,SME-2024-00018,2026-06,70.3,10.2,Stabil,65,2,7
USE-00019-202507,SME-2024-00019,2025-07,71.5,12.1,Fluktuatif,5,1,5
USE-00019-202508,SME-2024-00019,2025-08,70.8,10.5,Stabil,37,0,6
USE-00019-202509,SME-2024-00019,2025-09,71.0,10.1,Fluktuatif,18,1,6
USE-00019-202510,SME-2024-00019,2025-10,69.1,10.7,Stabil,56,2,6
USE-00019-202511,SME-2024-00019,2025-11,71.1,10.4,Stabil,75,0,6
USE-00019-202512,SME-2024-00019,2025-12,72.6,10.6,Stabil,46,1,6
USE-00019-202601,SME-2024-00019,2026-01,74.0,10.8,Fluktuatif,47,1,6
USE-00019-202602,SME-2024-00019,2026-02,69.4,10.5,Stabil,46,0,6
USE-00019-202603,SME-2024-00019,2026-03,74.6,11.9,Fluktuatif,40,0,6
USE-00019-202604,SME-2024-00019,2026-04,69.5,10.4,Stabil,17,3,6
USE-00019-202605,SME-2024-00019,2026-05,70.1,10.5,Stabil,18,3,6
USE-00019-202606,SME-2024-00019,2026-06,70.5,11.2,Fluktuatif,27,1,6
USE-00020-202507,SME-2024-00020,2025-07,71.6,10.9,Stabil,25,2,5
USE-00020-202508,SME-2024-00020,2025-08,70.7,10.8,Stabil,32,1,5
USE-00020-202509,SME-2024-00020,2025-09,69.7,10.6,Stabil,12,0,5
USE-00020-202510,SME-2024-00020,2025-10,72.5,10.4,Stabil,40,1,5
USE-00020-202511,SME-2024-00020,2025-11,72.3,11.3,Stabil,28,3,6
USE-00020-202512,SME-2024-00020,2025-12,71.9,11.1,Stabil,1,2,5
USE-00020-202601,SME-2024-00020,2026-01,70.5,11.0,Stabil,15,2,5
USE-00020-202602,SME-2024-00020,2026-02,72.9,10.7,Fluktuatif,8,1,5
USE-00020-202603,SME-2024-00020,2026-03,73.5,11.4,Stabil,77,1,5
USE-00020-202604,SME-2024-00020,2026-04,70.4,10.3,Fluktuatif,9,0,5
USE-00020-202605,SME-2024-00020,2026-05,67.7,9.1,Stabil,11,1,4
USE-00020-202606,SME-2024-00020,2026-06,70.9,10.7,Stabil,24,1,5
USE-00021-202507,SME-2024-00021,2025-07,74.3,12.0,Fluktuatif,132,2,6
USE-00021-202508,SME-2024-00021,2025-08,71.5,11.3,Fluktuatif,3,1,6
USE-00021-202509,SME-2024-00021,2025-09,68.5,10.2,Stabil,2,0,5
USE-00021-202510,SME-2024-00021,2025-10,68.0,10.6,Stabil,16,0,6
USE-00021-202511,SME-2024-00021,2025-11,69.1,10.9,Stabil,106,1,5
USE-00021-202512,SME-2024-00021,2025-12,67.0,10.3,Stabil,84,0,6
USE-00021-202601,SME-2024-00021,2026-01,64.4,9.4,Stabil,5,0,6
USE-00021-202602,SME-2024-00021,2026-02,63.9,9.7,Fluktuatif,62,0,6
USE-00021-202603,SME-2024-00021,2026-03,68.8,9.8,Stabil,29,0,7
USE-00021-202604,SME-2024-00021,2026-04,62.7,9.2,Stabil,6,0,6
USE-00021-202605,SME-2024-00021,2026-05,63.5,9.8,Fluktuatif,11,1,6
USE-00021-202606,SME-2024-00021,2026-06,65.7,9.6,Stabil,15,3,6
USE-00022-202507,SME-2024-00022,2025-07,77.6,11.7,Fluktuatif,40,2,7
USE-00022-202508,SME-2024-00022,2025-08,76.4,11.6,Stabil,27,4,7
USE-00022-202509,SME-2024-00022,2025-09,74.3,11.3,Stabil,19,2,7
USE-00022-202510,SME-2024-00022,2025-10,73.2,10.4,Stabil,43,1,6
USE-00022-202511,SME-2024-00022,2025-11,78.6,12.6,Stabil,8,1,7
USE-00022-202512,SME-2024-00022,2025-12,74.6,11.3,Stabil,20,1,7
USE-00022-202601,SME-2024-00022,2026-01,78.8,11.5,Stabil,67,1,7
USE-00022-202602,SME-2024-00022,2026-02,75.0,11.9,Fluktuatif,23,3,7
USE-00022-202603,SME-2024-00022,2026-03,75.8,11.2,Fluktuatif,44,1,6
USE-00022-202604,SME-2024-00022,2026-04,72.4,11.0,Stabil,52,3,7
USE-00022-202605,SME-2024-00022,2026-05,75.7,11.4,Stabil,22,2,6
USE-00022-202606,SME-2024-00022,2026-06,71.5,10.6,Stabil,45,2,7
USE-00023-202507,SME-2024-00023,2025-07,63.3,10.1,Fluktuatif,19,2,8
USE-00023-202508,SME-2024-00023,2025-08,69.4,10.2,Stabil,16,3,9
USE-00023-202509,SME-2024-00023,2025-09,64.9,9.2,Fluktuatif,4,0,8
USE-00023-202510,SME-2024-00023,2025-10,69.8,10.5,Fluktuatif,101,0,8
USE-00023-202511,SME-2024-00023,2025-11,66.4,10.1,Stabil,12,2,8
USE-00023-202512,SME-2024-00023,2025-12,65.6,9.1,Stabil,24,2,7
USE-00023-202601,SME-2024-00023,2026-01,63.9,9.9,Stabil,6,0,9
USE-00023-202602,SME-2024-00023,2026-02,60.5,9.1,Stabil,64,0,8
USE-00023-202603,SME-2024-00023,2026-03,61.2,8.5,Stabil,19,1,8
USE-00023-202604,SME-2024-00023,2026-04,59.1,8.5,Fluktuatif,61,0,7
USE-00023-202605,SME-2024-00023,2026-05,59.6,8.5,Fluktuatif,28,2,8
USE-00023-202606,SME-2024-00023,2026-06,61.5,8.9,Stabil,2,2,8
USE-00024-202507,SME-2024-00024,2025-07,70.7,10.8,Stabil,15,1,9
USE-00024-202508,SME-2024-00024,2025-08,72.4,10.2,Stabil,44,2,9
USE-00024-202509,SME-2024-00024,2025-09,71.1,9.6,Fluktuatif,8,1,9
USE-00024-202510,SME-2024-00024,2025-10,70.9,10.5,Stabil,32,1,9
USE-00024-202511,SME-2024-00024,2025-11,71.0,11.2,Stabil,33,0,9
USE-00024-202512,SME-2024-00024,2025-12,73.0,10.9,Fluktuatif,13,0,9
USE-00024-202601,SME-2024-00024,2026-01,71.2,10.1,Fluktuatif,25,0,9
USE-00024-202602,SME-2024-00024,2026-02,69.9,10.0,Stabil,11,0,9
USE-00024-202603,SME-2024-00024,2026-03,69.7,10.4,Fluktuatif,31,2,9
USE-00024-202604,SME-2024-00024,2026-04,71.3,11.0,Fluktuatif,29,0,9
USE-00024-202605,SME-2024-00024,2026-05,68.4,10.6,Stabil,20,1,9
USE-00024-202606,SME-2024-00024,2026-06,71.4,10.2,Fluktuatif,4,2,8
USE-00025-202507,SME-2024-00025,2025-07,73.7,11.4,Stabil,45,2,9
USE-00025-202508,SME-2024-00025,2025-08,74.0,11.1,Stabil,1,3,9
USE-00025-202509,SME-2024-00025,2025-09,72.8,10.6,Stabil,7,2,9
USE-00025-202510,SME-2024-00025,2025-10,72.5,11.2,Stabil,24,1,8
USE-00025-202511,SME-2024-00025,2025-11,74.0,11.7,Fluktuatif,12,0,9
USE-00025-202512,SME-2024-00025,2025-12,69.1,10.7,Fluktuatif,2,1,8
USE-00025-202601,SME-2024-00025,2026-01,69.6,11.0,Stabil,1,0,8
USE-00025-202602,SME-2024-00025,2026-02,73.2,11.5,Stabil,100,1,8
USE-00025-202603,SME-2024-00025,2026-03,70.2,11.8,Stabil,39,5,9
USE-00025-202604,SME-2024-00025,2026-04,68.7,10.9,Stabil,26,4,8
USE-00025-202605,SME-2024-00025,2026-05,70.3,9.9,Stabil,4,2,9
USE-00025-202606,SME-2024-00025,2026-06,68.1,11.5,Stabil,17,1,9
USE-00026-202507,SME-2024-00026,2025-07,80.9,12.0,Fluktuatif,12,1,8
USE-00026-202508,SME-2024-00026,2025-08,78.9,11.9,Stabil,0,1,9
USE-00026-202509,SME-2024-00026,2025-09,81.0,12.4,Stabil,26,3,8
USE-00026-202510,SME-2024-00026,2025-10,82.7,12.4,Stabil,32,0,8
USE-00026-202511,SME-2024-00026,2025-11,77.7,10.9,Stabil,7,2,8
USE-00026-202512,SME-2024-00026,2025-12,83.9,12.5,Fluktuatif,37,0,8
USE-00026-202601,SME-2024-00026,2026-01,81.8,11.7,Fluktuatif,68,1,8
USE-00026-202602,SME-2024-00026,2026-02,82.3,12.5,Stabil,91,1,8
USE-00026-202603,SME-2024-00026,2026-03,82.0,13.2,Stabil,26,0,8
USE-00026-202604,SME-2024-00026,2026-04,82.9,12.3,Fluktuatif,8,3,8
USE-00026-202605,SME-2024-00026,2026-05,85.5,12.0,Stabil,26,0,8
USE-00026-202606,SME-2024-00026,2026-06,88.0,13.8,Stabil,22,0,9
USE-00027-202507,SME-2024-00027,2025-07,80.4,11.8,Stabil,20,1,8
USE-00027-202508,SME-2024-00027,2025-08,84.8,12.7,Stabil,24,1,8
USE-00027-202509,SME-2024-00027,2025-09,83.7,11.2,Stabil,7,1,8
USE-00027-202510,SME-2024-00027,2025-10,83.0,13.5,Fluktuatif,29,0,8
USE-00027-202511,SME-2024-00027,2025-11,81.6,12.4,Fluktuatif,9,0,8
USE-00027-202512,SME-2024-00027,2025-12,84.1,12.7,Stabil,14,1,8
USE-00027-202601,SME-2024-00027,2026-01,84.5,12.3,Stabil,1,0,8
USE-00027-202602,SME-2024-00027,2026-02,83.5,12.5,Stabil,60,0,8
USE-00027-202603,SME-2024-00027,2026-03,83.9,12.9,Stabil,15,1,8
USE-00027-202604,SME-2024-00027,2026-04,84.3,11.6,Fluktuatif,20,1,7
USE-00027-202605,SME-2024-00027,2026-05,83.1,13.1,Stabil,22,1,9
USE-00027-202606,SME-2024-00027,2026-06,84.8,13.0,Fluktuatif,75,1,8
USE-00028-202507,SME-2024-00028,2025-07,91.3,13.5,Stabil,74,3,7
USE-00028-202508,SME-2024-00028,2025-08,91.0,13.3,Stabil,54,1,8
USE-00028-202509,SME-2024-00028,2025-09,91.4,14.0,Fluktuatif,4,1,8
USE-00028-202510,SME-2024-00028,2025-10,91.9,14.6,Stabil,74,0,7
USE-00028-202511,SME-2024-00028,2025-11,95.5,13.8,Stabil,191,2,8
USE-00028-202512,SME-2024-00028,2025-12,93.3,13.6,Stabil,3,1,8
USE-00028-202601,SME-2024-00028,2026-01,92.1,13.4,Stabil,37,1,9
USE-00028-202602,SME-2024-00028,2026-02,89.7,13.7,Stabil,20,0,8
USE-00028-202603,SME-2024-00028,2026-03,89.1,13.3,Stabil,20,2,8
USE-00028-202604,SME-2024-00028,2026-04,86.1,13.8,Fluktuatif,7,1,8
USE-00028-202605,SME-2024-00028,2026-05,90.4,13.9,Stabil,39,0,8
USE-00028-202606,SME-2024-00028,2026-06,88.1,13.1,Stabil,29,1,8
USE-00029-202507,SME-2024-00029,2025-07,59.8,9.5,Turun,28,2,6
USE-00029-202508,SME-2024-00029,2025-08,61.8,8.8,Turun,58,2,5
USE-00029-202509,SME-2024-00029,2025-09,57.7,8.0,Turun,25,1,6
USE-00029-202510,SME-2024-00029,2025-10,55.2,8.2,Turun,9,1,6
USE-00029-202511,SME-2024-00029,2025-11,52.5,7.4,Turun,152,2,7
USE-00029-202512,SME-2024-00029,2025-12,49.4,7.6,Turun,7,0,7
USE-00029-202601,SME-2024-00029,2026-01,47.3,6.5,Turun,0,2,7
USE-00029-202602,SME-2024-00029,2026-02,52.4,8.7,Turun,28,0,7
USE-00029-202603,SME-2024-00029,2026-03,41.8,6.4,Turun,37,4,7
USE-00029-202604,SME-2024-00029,2026-04,42.6,5.8,Turun,1,0,6
USE-00029-202605,SME-2024-00029,2026-05,41.9,6.9,Turun,13,0,7
USE-00029-202606,SME-2024-00029,2026-06,40.0,5.5,Turun,18,0,7
USE-00030-202507,SME-2024-00030,2025-07,73.3,10.5,Stabil,85,2,6
USE-00030-202508,SME-2024-00030,2025-08,73.5,10.9,Stabil,8,0,6
USE-00030-202509,SME-2024-00030,2025-09,71.2,10.5,Fluktuatif,59,3,6
USE-00030-202510,SME-2024-00030,2025-10,74.0,10.5,Stabil,85,4,6
USE-00030-202511,SME-2024-00030,2025-11,74.9,11.2,Fluktuatif,92,1,6
USE-00030-202512,SME-2024-00030,2025-12,73.4,11.3,Stabil,8,0,7
USE-00030-202601,SME-2024-00030,2026-01,73.6,11.2,Stabil,0,2,6
USE-00030-202602,SME-2024-00030,2026-02,70.2,10.7,Stabil,33,1,6
USE-00030-202603,SME-2024-00030,2026-03,64.1,9.3,Stabil,110,1,5
USE-00030-202604,SME-2024-00030,2026-04,66.7,10.1,Stabil,24,3,6
USE-00030-202605,SME-2024-00030,2026-05,69.7,10.5,Stabil,63,1,6
USE-00030-202606,SME-2024-00030,2026-06,71.0,10.4,Fluktuatif,123,4,6
USE-00031-202507,SME-2024-00031,2025-07,89.1,13.9,Stabil,16,0,9
USE-00031-202508,SME-2024-00031,2025-08,87.4,13.4,Stabil,2,1,9
USE-00031-202509,SME-2024-00031,2025-09,85.4,12.2,Stabil,52,3,8
USE-00031-202510,SME-2024-00031,2025-10,84.7,12.4,Fluktuatif,14,1,9
USE-00031-202511,SME-2024-00031,2025-11,83.5,12.3,Fluktuatif,71,1,9
USE-00031-202512,SME-2024-00031,2025-12,83.8,13.4,Stabil,0,1,9
USE-00031-202601,SME-2024-00031,2026-01,87.6,13.4,Stabil,10,1,9
USE-00031-202602,SME-2024-00031,2026-02,86.5,13.4,Fluktuatif,47,1,8
USE-00031-202603,SME-2024-00031,2026-03,86.6,12.5,Stabil,0,2,8
USE-00031-202604,SME-2024-00031,2026-04,82.9,13.0,Stabil,11,1,8
USE-00031-202605,SME-2024-00031,2026-05,87.2,13.0,Stabil,4,1,9
USE-00031-202606,SME-2024-00031,2026-06,84.5,12.7,Stabil,34,0,8
USE-00032-202507,SME-2024-00032,2025-07,59.4,8.4,Fluktuatif,23,1,7
USE-00032-202508,SME-2024-00032,2025-08,62.0,9.3,Fluktuatif,75,2,7
USE-00032-202509,SME-2024-00032,2025-09,62.9,9.1,Stabil,127,3,7
USE-00032-202510,SME-2024-00032,2025-10,64.3,9.0,Stabil,1,2,7
USE-00032-202511,SME-2024-00032,2025-11,65.2,9.8,Fluktuatif,29,1,7
USE-00032-202512,SME-2024-00032,2025-12,66.1,10.1,Stabil,59,1,7
USE-00032-202601,SME-2024-00032,2026-01,65.5,9.3,Fluktuatif,21,0,6
USE-00032-202602,SME-2024-00032,2026-02,63.3,9.9,Stabil,5,2,7
USE-00032-202603,SME-2024-00032,2026-03,67.8,9.7,Stabil,15,0,7
USE-00032-202604,SME-2024-00032,2026-04,67.2,10.4,Stabil,15,1,7
USE-00032-202605,SME-2024-00032,2026-05,68.2,9.7,Stabil,13,0,7
USE-00032-202606,SME-2024-00032,2026-06,70.2,10.2,Stabil,24,3,7
USE-00033-202507,SME-2024-00033,2025-07,63.9,9.7,Stabil,8,1,7
USE-00033-202508,SME-2024-00033,2025-08,64.3,10.1,Stabil,40,0,8
USE-00033-202509,SME-2024-00033,2025-09,68.6,10.4,Stabil,48,2,7
USE-00033-202510,SME-2024-00033,2025-10,65.3,9.3,Stabil,124,0,7
USE-00033-202511,SME-2024-00033,2025-11,63.1,9.6,Stabil,224,0,8
USE-00033-202512,SME-2024-00033,2025-12,68.8,10.1,Fluktuatif,18,1,7
USE-00033-202601,SME-2024-00033,2026-01,71.8,10.5,Fluktuatif,71,0,7
USE-00033-202602,SME-2024-00033,2026-02,66.8,10.6,Stabil,44,0,8
USE-00033-202603,SME-2024-00033,2026-03,67.9,10.0,Stabil,4,3,8
USE-00033-202604,SME-2024-00033,2026-04,66.5,9.7,Fluktuatif,72,1,7
USE-00033-202605,SME-2024-00033,2026-05,68.9,10.4,Stabil,78,0,8
USE-00033-202606,SME-2024-00033,2026-06,68.7,10.5,Stabil,56,2,7
USE-00034-202507,SME-2024-00034,2025-07,68.8,10.5,Fluktuatif,4,4,7
USE-00034-202508,SME-2024-00034,2025-08,71.4,10.4,Stabil,24,0,6
USE-00034-202509,SME-2024-00034,2025-09,70.7,10.6,Fluktuatif,2,1,6
USE-00034-202510,SME-2024-00034,2025-10,70.6,10.2,Fluktuatif,48,3,7
USE-00034-202511,SME-2024-00034,2025-11,71.5,10.9,Fluktuatif,107,3,6
USE-00034-202512,SME-2024-00034,2025-12,68.2,10.5,Stabil,41,0,7
USE-00034-202601,SME-2024-00034,2026-01,71.3,10.4,Stabil,5,1,7
USE-00034-202602,SME-2024-00034,2026-02,72.8,11.3,Stabil,8,3,8
USE-00034-202603,SME-2024-00034,2026-03,71.6,10.8,Stabil,8,4,7
USE-00034-202604,SME-2024-00034,2026-04,72.4,11.0,Stabil,3,1,7
USE-00034-202605,SME-2024-00034,2026-05,73.6,11.6,Stabil,3,2,6
USE-00034-202606,SME-2024-00034,2026-06,74.3,11.1,Fluktuatif,71,0,7
USE-00035-202507,SME-2024-00035,2025-07,60.6,9.7,Stabil,41,1,9
USE-00035-202508,SME-2024-00035,2025-08,62.9,10.0,Stabil,5,2,8
USE-00035-202509,SME-2024-00035,2025-09,61.7,10.2,Stabil,35,1,9
USE-00035-202510,SME-2024-00035,2025-10,62.7,8.6,Stabil,31,1,8
USE-00035-202511,SME-2024-00035,2025-11,63.1,8.9,Stabil,48,1,8
USE-00035-202512,SME-2024-00035,2025-12,62.3,9.7,Stabil,10,0,8
USE-00035-202601,SME-2024-00035,2026-01,60.3,9.0,Fluktuatif,35,0,8
USE-00035-202602,SME-2024-00035,2026-02,62.6,10.1,Fluktuatif,4,1,8
USE-00035-202603,SME-2024-00035,2026-03,62.3,10.1,Fluktuatif,74,0,8
USE-00035-202604,SME-2024-00035,2026-04,65.3,10.6,Stabil,20,2,8
USE-00035-202605,SME-2024-00035,2026-05,67.1,9.9,Stabil,20,3,8
USE-00035-202606,SME-2024-00035,2026-06,59.3,9.4,Stabil,7,1,8
USE-00036-202507,SME-2024-00036,2025-07,78.4,12.0,Fluktuatif,1,1,6
USE-00036-202508,SME-2024-00036,2025-08,76.8,10.7,Fluktuatif,9,1,5
USE-00036-202509,SME-2024-00036,2025-09,78.9,12.4,Fluktuatif,12,1,6
USE-00036-202510,SME-2024-00036,2025-10,76.6,10.3,Stabil,34,0,6
USE-00036-202511,SME-2024-00036,2025-11,82.1,12.6,Fluktuatif,14,3,6
USE-00036-202512,SME-2024-00036,2025-12,82.0,11.9,Fluktuatif,36,1,7
USE-00036-202601,SME-2024-00036,2026-01,76.9,11.4,Stabil,0,3,6
USE-00036-202602,SME-2024-00036,2026-02,79.9,11.2,Stabil,1,0,6
USE-00036-202603,SME-2024-00036,2026-03,82.5,12.0,Stabil,38,2,6
USE-00036-202604,SME-2024-00036,2026-04,83.8,13.0,Stabil,3,0,6
USE-00036-202605,SME-2024-00036,2026-05,86.4,12.3,Stabil,0,0,6
USE-00036-202606,SME-2024-00036,2026-06,80.2,11.5,Fluktuatif,41,2,5
USE-00037-202507,SME-2024-00037,2025-07,74.6,10.5,Naik,25,0,7
USE-00037-202508,SME-2024-00037,2025-08,81.3,12.4,Naik,5,2,8
USE-00037-202509,SME-2024-00037,2025-09,76.2,11.4,Naik,21,0,8
USE-00037-202510,SME-2024-00037,2025-10,80.2,12.0,Naik,9,2,7
USE-00037-202511,SME-2024-00037,2025-11,79.3,11.7,Naik,17,0,7
USE-00037-202512,SME-2024-00037,2025-12,79.5,11.9,Naik,65,2,7
USE-00037-202601,SME-2024-00037,2026-01,85.4,12.7,Naik,6,1,7
USE-00037-202602,SME-2024-00037,2026-02,83.5,12.0,Naik,88,1,7
USE-00037-202603,SME-2024-00037,2026-03,87.4,14.3,Naik,17,1,7
USE-00037-202604,SME-2024-00037,2026-04,88.9,12.7,Naik,5,2,7
USE-00037-202605,SME-2024-00037,2026-05,88.0,13.1,Naik,38,1,7
USE-00037-202606,SME-2024-00037,2026-06,91.8,14.5,Naik,27,2,7
USE-00038-202507,SME-2024-00038,2025-07,85.3,13.4,Stabil,91,1,6
USE-00038-202508,SME-2024-00038,2025-08,81.3,12.3,Fluktuatif,11,0,6
USE-00038-202509,SME-2024-00038,2025-09,78.4,11.8,Stabil,113,1,5
USE-00038-202510,SME-2024-00038,2025-10,79.4,12.2,Stabil,11,3,6
USE-00038-202511,SME-2024-00038,2025-11,81.6,12.3,Fluktuatif,105,0,6
USE-00038-202512,SME-2024-00038,2025-12,79.2,12.6,Fluktuatif,23,0,6
USE-00038-202601,SME-2024-00038,2026-01,76.7,10.4,Fluktuatif,4,0,6
USE-00038-202602,SME-2024-00038,2026-02,78.1,11.6,Fluktuatif,16,0,6
USE-00038-202603,SME-2024-00038,2026-03,78.6,11.6,Stabil,59,0,6
USE-00038-202604,SME-2024-00038,2026-04,74.9,10.6,Fluktuatif,13,3,6
USE-00038-202605,SME-2024-00038,2026-05,77.7,11.8,Stabil,51,1,7
USE-00038-202606,SME-2024-00038,2026-06,77.6,11.0,Stabil,70,1,6
USE-00039-202507,SME-2024-00039,2025-07,74.9,10.5,Stabil,18,1,8
USE-00039-202508,SME-2024-00039,2025-08,71.6,10.9,Stabil,12,0,7
USE-00039-202509,SME-2024-00039,2025-09,78.0,11.7,Fluktuatif,93,1,7
USE-00039-202510,SME-2024-00039,2025-10,72.1,10.7,Stabil,17,0,7
USE-00039-202511,SME-2024-00039,2025-11,74.5,11.2,Fluktuatif,2,1,8
USE-00039-202512,SME-2024-00039,2025-12,73.8,9.7,Stabil,30,0,8
USE-00039-202601,SME-2024-00039,2026-01,75.4,11.8,Fluktuatif,37,0,7
USE-00039-202602,SME-2024-00039,2026-02,74.9,11.7,Fluktuatif,51,1,7
USE-00039-202603,SME-2024-00039,2026-03,73.0,10.6,Stabil,1,0,7
USE-00039-202604,SME-2024-00039,2026-04,78.6,11.4,Fluktuatif,13,3,8
USE-00039-202605,SME-2024-00039,2026-05,78.7,12.2,Fluktuatif,67,2,7
USE-00039-202606,SME-2024-00039,2026-06,80.0,12.4,Fluktuatif,36,0,8
USE-00040-202507,SME-2024-00040,2025-07,86.9,13.7,Stabil,9,2,7
USE-00040-202508,SME-2024-00040,2025-08,83.3,12.9,Stabil,2,0,7
USE-00040-202509,SME-2024-00040,2025-09,84.3,11.8,Stabil,17,1,7
USE-00040-202510,SME-2024-00040,2025-10,80.4,12.2,Fluktuatif,71,0,7
USE-00040-202511,SME-2024-00040,2025-11,79.3,10.6,Stabil,112,0,7
USE-00040-202512,SME-2024-00040,2025-12,82.1,11.8,Stabil,9,0,6
USE-00040-202601,SME-2024-00040,2026-01,82.9,11.8,Fluktuatif,32,1,7
USE-00040-202602,SME-2024-00040,2026-02,77.7,11.6,Fluktuatif,7,0,7
USE-00040-202603,SME-2024-00040,2026-03,81.7,12.3,Stabil,81,1,7
USE-00040-202604,SME-2024-00040,2026-04,81.2,13.1,Stabil,39,3,7
USE-00040-202605,SME-2024-00040,2026-05,76.7,12.4,Stabil,33,1,7
USE-00040-202606,SME-2024-00040,2026-06,79.5,11.3,Stabil,42,0,6
USE-00041-202507,SME-2024-00041,2025-07,48.9,7.4,Stabil,58,1,9
USE-00041-202508,SME-2024-00041,2025-08,46.8,7.4,Stabil,49,1,8
USE-00041-202509,SME-2024-00041,2025-09,48.1,7.0,Fluktuatif,53,1,8
USE-00041-202510,SME-2024-00041,2025-10,47.8,6.6,Stabil,49,0,8
USE-00041-202511,SME-2024-00041,2025-11,45.2,6.6,Fluktuatif,64,1,9
USE-00041-202512,SME-2024-00041,2025-12,46.1,7.0,Fluktuatif,37,0,9
USE-00041-202601,SME-2024-00041,2026-01,47.7,7.2,Stabil,11,3,9
USE-00041-202602,SME-2024-00041,2026-02,45.3,7.4,Fluktuatif,19,0,8
USE-00041-202603,SME-2024-00041,2026-03,40.4,5.8,Stabil,4,0,9
USE-00041-202604,SME-2024-00041,2026-04,41.7,6.4,Stabil,13,1,8
USE-00041-202605,SME-2024-00041,2026-05,45.5,7.0,Stabil,17,2,8
USE-00041-202606,SME-2024-00041,2026-06,42.1,6.0,Stabil,11,0,8
USE-00042-202507,SME-2024-00042,2025-07,63.7,10.2,Stabil,32,5,7
USE-00042-202508,SME-2024-00042,2025-08,65.7,9.9,Fluktuatif,59,1,7
USE-00042-202509,SME-2024-00042,2025-09,69.9,10.9,Stabil,15,1,7
USE-00042-202510,SME-2024-00042,2025-10,69.6,10.7,Stabil,108,1,8
USE-00042-202511,SME-2024-00042,2025-11,67.9,10.9,Stabil,15,2,7
USE-00042-202512,SME-2024-00042,2025-12,68.3,9.9,Stabil,78,1,7
USE-00042-202601,SME-2024-00042,2026-01,65.9,10.0,Fluktuatif,36,1,7
USE-00042-202602,SME-2024-00042,2026-02,72.5,11.1,Fluktuatif,121,1,7
USE-00042-202603,SME-2024-00042,2026-03,67.6,10.0,Stabil,42,2,8
USE-00042-202604,SME-2024-00042,2026-04,70.4,10.2,Fluktuatif,42,2,8
USE-00042-202605,SME-2024-00042,2026-05,69.1,10.0,Stabil,7,2,8
USE-00042-202606,SME-2024-00042,2026-06,73.9,11.6,Stabil,29,2,7
USE-00043-202507,SME-2024-00043,2025-07,76.6,11.2,Stabil,54,0,8
USE-00043-202508,SME-2024-00043,2025-08,76.8,11.2,Stabil,6,1,8
USE-00043-202509,SME-2024-00043,2025-09,75.5,11.2,Stabil,5,1,8
USE-00043-202510,SME-2024-00043,2025-10,75.0,11.5,Stabil,28,0,8
USE-00043-202511,SME-2024-00043,2025-11,73.0,11.6,Stabil,65,2,8
USE-00043-202512,SME-2024-00043,2025-12,76.9,11.6,Stabil,71,2,8
USE-00043-202601,SME-2024-00043,2026-01,76.5,11.5,Fluktuatif,6,0,8
USE-00043-202602,SME-2024-00043,2026-02,73.1,10.6,Stabil,14,0,8
USE-00043-202603,SME-2024-00043,2026-03,73.5,11.1,Fluktuatif,25,0,8
USE-00043-202604,SME-2024-00043,2026-04,71.1,9.9,Fluktuatif,43,0,7
USE-00043-202605,SME-2024-00043,2026-05,73.0,10.6,Fluktuatif,14,0,8
USE-00043-202606,SME-2024-00043,2026-06,75.5,11.1,Stabil,60,1,8
USE-00044-202507,SME-2024-00044,2025-07,81.6,11.9,Stabil,64,1,5
USE-00044-202508,SME-2024-00044,2025-08,82.6,13.3,Fluktuatif,2,2,5
USE-00044-202509,SME-2024-00044,2025-09,81.5,12.3,Stabil,105,2,5
USE-00044-202510,SME-2024-00044,2025-10,83.2,12.8,Stabil,0,0,6
USE-00044-202511,SME-2024-00044,2025-11,80.4,12.9,Stabil,51,1,6
USE-00044-202512,SME-2024-00044,2025-12,76.4,11.4,Stabil,67,2,6
USE-00044-202601,SME-2024-00044,2026-01,78.3,12.2,Fluktuatif,1,2,6
USE-00044-202602,SME-2024-00044,2026-02,78.2,11.5,Stabil,3,0,5
USE-00044-202603,SME-2024-00044,2026-03,76.3,11.1,Stabil,3,1,5
USE-00044-202604,SME-2024-00044,2026-04,77.8,12.5,Stabil,21,0,6
USE-00044-202605,SME-2024-00044,2026-05,80.4,11.6,Fluktuatif,0,1,5
USE-00044-202606,SME-2024-00044,2026-06,75.2,11.4,Stabil,8,1,6
USE-00045-202507,SME-2024-00045,2025-07,89.2,13.3,Fluktuatif,17,1,7
USE-00045-202508,SME-2024-00045,2025-08,87.3,13.2,Fluktuatif,8,2,6
USE-00045-202509,SME-2024-00045,2025-09,88.4,13.2,Stabil,38,1,7
USE-00045-202510,SME-2024-00045,2025-10,83.2,12.7,Stabil,3,0,6
USE-00045-202511,SME-2024-00045,2025-11,85.8,13.1,Fluktuatif,9,1,6
USE-00045-202512,SME-2024-00045,2025-12,90.3,13.3,Fluktuatif,31,1,7
USE-00045-202601,SME-2024-00045,2026-01,88.1,13.1,Fluktuatif,24,0,7
USE-00045-202602,SME-2024-00045,2026-02,83.9,12.6,Stabil,75,0,6
USE-00045-202603,SME-2024-00045,2026-03,89.0,14.5,Stabil,8,3,7
USE-00045-202604,SME-2024-00045,2026-04,85.8,12.7,Stabil,41,1,7
USE-00045-202605,SME-2024-00045,2026-05,87.2,13.0,Fluktuatif,22,1,6
USE-00045-202606,SME-2024-00045,2026-06,90.8,13.3,Stabil,6,3,7
USE-00046-202507,SME-2024-00046,2025-07,90.0,12.1,Stabil,29,3,8
USE-00046-202508,SME-2024-00046,2025-08,90.4,13.5,Stabil,14,0,7
USE-00046-202509,SME-2024-00046,2025-09,95.7,13.9,Fluktuatif,17,1,7
USE-00046-202510,SME-2024-00046,2025-10,89.6,13.4,Fluktuatif,59,1,7
USE-00046-202511,SME-2024-00046,2025-11,92.2,13.8,Stabil,54,1,8
USE-00046-202512,SME-2024-00046,2025-12,92.1,14.2,Fluktuatif,89,1,8
USE-00046-202601,SME-2024-00046,2026-01,91.6,13.7,Stabil,46,0,7
USE-00046-202602,SME-2024-00046,2026-02,90.6,14.0,Stabil,199,2,8
USE-00046-202603,SME-2024-00046,2026-03,93.9,13.3,Stabil,3,3,7
USE-00046-202604,SME-2024-00046,2026-04,90.5,13.5,Stabil,41,0,8
USE-00046-202605,SME-2024-00046,2026-05,90.2,12.6,Fluktuatif,101,1,6
USE-00046-202606,SME-2024-00046,2026-06,87.7,13.4,Stabil,6,2,7
USE-00047-202507,SME-2024-00047,2025-07,93.2,14.3,Fluktuatif,45,1,9
USE-00047-202508,SME-2024-00047,2025-08,88.7,12.8,Stabil,29,2,10
USE-00047-202509,SME-2024-00047,2025-09,91.7,13.5,Fluktuatif,27,1,9
USE-00047-202510,SME-2024-00047,2025-10,90.2,13.8,Stabil,31,1,9
USE-00047-202511,SME-2024-00047,2025-11,91.0,13.5,Stabil,57,3,8
USE-00047-202512,SME-2024-00047,2025-12,91.3,14.0,Stabil,2,3,9
USE-00047-202601,SME-2024-00047,2026-01,88.0,13.9,Stabil,9,2,9
USE-00047-202602,SME-2024-00047,2026-02,92.6,13.8,Stabil,40,0,8
USE-00047-202603,SME-2024-00047,2026-03,95.9,14.3,Fluktuatif,9,1,9
USE-00047-202604,SME-2024-00047,2026-04,96.1,15.0,Stabil,34,3,9
USE-00047-202605,SME-2024-00047,2026-05,91.8,13.9,Fluktuatif,6,1,9
USE-00047-202606,SME-2024-00047,2026-06,96.1,13.9,Stabil,42,0,9
USE-00048-202507,SME-2024-00048,2025-07,68.0,9.7,Stabil,34,2,7
USE-00048-202508,SME-2024-00048,2025-08,73.3,11.0,Fluktuatif,14,2,8
USE-00048-202509,SME-2024-00048,2025-09,70.4,10.8,Stabil,38,2,7
USE-00048-202510,SME-2024-00048,2025-10,75.7,11.4,Stabil,4,1,6
USE-00048-202511,SME-2024-00048,2025-11,72.7,11.0,Stabil,21,1,8
USE-00048-202512,SME-2024-00048,2025-12,74.6,11.6,Stabil,13,4,7
USE-00048-202601,SME-2024-00048,2026-01,73.5,10.8,Stabil,47,1,8
USE-00048-202602,SME-2024-00048,2026-02,73.6,10.0,Stabil,29,1,8
USE-00048-202603,SME-2024-00048,2026-03,77.7,11.1,Stabil,12,0,7
USE-00048-202604,SME-2024-00048,2026-04,76.1,11.5,Stabil,5,1,7
USE-00048-202605,SME-2024-00048,2026-05,77.9,11.2,Stabil,7,2,7
USE-00048-202606,SME-2024-00048,2026-06,75.5,10.9,Stabil,10,0,8
USE-00049-202507,SME-2024-00049,2025-07,66.6,10.4,Stabil,7,0,8
USE-00049-202508,SME-2024-00049,2025-08,71.3,11.0,Stabil,29,1,8
USE-00049-202509,SME-2024-00049,2025-09,68.2,9.9,Stabil,7,1,8
USE-00049-202510,SME-2024-00049,2025-10,65.6,10.4,Fluktuatif,22,2,8
USE-00049-202511,SME-2024-00049,2025-11,67.6,10.4,Fluktuatif,13,1,7
USE-00049-202512,SME-2024-00049,2025-12,74.8,10.8,Stabil,19,4,8
USE-00049-202601,SME-2024-00049,2026-01,62.4,9.3,Fluktuatif,12,0,8
USE-00049-202602,SME-2024-00049,2026-02,61.2,8.7,Fluktuatif,34,3,7
USE-00049-202603,SME-2024-00049,2026-03,65.9,8.5,Stabil,25,4,8
USE-00049-202604,SME-2024-00049,2026-04,61.5,9.2,Stabil,1,3,8
USE-00049-202605,SME-2024-00049,2026-05,64.1,9.8,Fluktuatif,37,0,8
USE-00049-202606,SME-2024-00049,2026-06,63.7,10.4,Stabil,8,1,7
USE-00050-202507,SME-2024-00050,2025-07,57.1,9.1,Stabil,0,0,7
USE-00050-202508,SME-2024-00050,2025-08,57.7,8.8,Fluktuatif,32,3,8
USE-00050-202509,SME-2024-00050,2025-09,58.9,9.3,Stabil,1,2,8
USE-00050-202510,SME-2024-00050,2025-10,58.3,9.4,Stabil,36,2,8
USE-00050-202511,SME-2024-00050,2025-11,58.5,7.7,Fluktuatif,14,0,7
USE-00050-202512,SME-2024-00050,2025-12,60.3,9.4,Stabil,28,1,8
USE-00050-202601,SME-2024-00050,2026-01,60.0,9.1,Stabil,12,1,8
USE-00050-202602,SME-2024-00050,2026-02,56.9,8.7,Stabil,11,0,9
USE-00050-202603,SME-2024-00050,2026-03,57.7,9.1,Stabil,3,3,8
USE-00050-202604,SME-2024-00050,2026-04,58.3,8.7,Fluktuatif,56,1,7
USE-00050-202605,SME-2024-00050,2026-05,55.9,8.1,Fluktuatif,45,2,8
USE-00050-202606,SME-2024-00050,2026-06,54.8,8.4,Fluktuatif,6,0,8
USE-00051-202507,SME-2024-00051,2025-07,68.0,11.2,Stabil,36,6,7
USE-00051-202508,SME-2024-00051,2025-08,67.2,10.0,Fluktuatif,7,1,7
USE-00051-202509,SME-2024-00051,2025-09,67.7,10.6,Stabil,2,0,7
USE-00051-202510,SME-2024-00051,2025-10,68.5,9.8,Stabil,10,2,8
USE-00051-202511,SME-2024-00051,2025-11,67.9,10.7,Stabil,24,3,6
USE-00051-202512,SME-2024-00051,2025-12,68.9,11.1,Stabil,7,1,7
USE-00051-202601,SME-2024-00051,2026-01,68.3,10.3,Fluktuatif,1,0,6
USE-00051-202602,SME-2024-00051,2026-02,69.5,10.6,Stabil,13,1,7
USE-00051-202603,SME-2024-00051,2026-03,70.4,9.7,Fluktuatif,11,1,7
USE-00051-202604,SME-2024-00051,2026-04,72.2,10.9,Stabil,3,0,8
USE-00051-202605,SME-2024-00051,2026-05,70.2,10.6,Fluktuatif,97,0,6
USE-00051-202606,SME-2024-00051,2026-06,70.4,11.3,Stabil,71,1,7
USE-00052-202507,SME-2024-00052,2025-07,86.6,12.5,Stabil,85,0,6
USE-00052-202508,SME-2024-00052,2025-08,87.2,13.0,Stabil,10,0,6
USE-00052-202509,SME-2024-00052,2025-09,86.1,12.7,Stabil,8,1,6
USE-00052-202510,SME-2024-00052,2025-10,81.8,11.8,Stabil,51,0,6
USE-00052-202511,SME-2024-00052,2025-11,84.3,12.6,Fluktuatif,2,4,5
USE-00052-202512,SME-2024-00052,2025-12,85.7,13.5,Stabil,42,0,5
USE-00052-202601,SME-2024-00052,2026-01,87.8,13.7,Stabil,1,3,6
USE-00052-202602,SME-2024-00052,2026-02,88.5,12.9,Stabil,68,1,6
USE-00052-202603,SME-2024-00052,2026-03,91.2,13.7,Stabil,30,3,6
USE-00052-202604,SME-2024-00052,2026-04,86.0,12.3,Stabil,40,3,5
USE-00052-202605,SME-2024-00052,2026-05,90.0,12.8,Stabil,48,0,6
USE-00052-202606,SME-2024-00052,2026-06,87.4,13.6,Fluktuatif,7,2,6
USE-00053-202507,SME-2024-00053,2025-07,85.1,13.5,Stabil,120,1,9
USE-00053-202508,SME-2024-00053,2025-08,84.9,14.0,Stabil,101,2,9
USE-00053-202509,SME-2024-00053,2025-09,88.5,13.6,Stabil,32,0,9
USE-00053-202510,SME-2024-00053,2025-10,85.6,11.7,Fluktuatif,49,0,9
USE-00053-202511,SME-2024-00053,2025-11,87.4,13.9,Stabil,2,0,9
USE-00053-202512,SME-2024-00053,2025-12,84.5,12.5,Fluktuatif,9,0,8
USE-00053-202601,SME-2024-00053,2026-01,87.8,14.4,Stabil,67,4,8
USE-00053-202602,SME-2024-00053,2026-02,90.6,13.8,Stabil,16,1,9
USE-00053-202603,SME-2024-00053,2026-03,87.6,13.3,Fluktuatif,75,0,9
USE-00053-202604,SME-2024-00053,2026-04,91.3,13.4,Fluktuatif,48,2,9
USE-00053-202605,SME-2024-00053,2026-05,90.1,13.5,Stabil,20,3,8
USE-00053-202606,SME-2024-00053,2026-06,89.7,13.8,Fluktuatif,61,2,9
USE-00054-202507,SME-2024-00054,2025-07,87.0,13.2,Fluktuatif,64,0,10
USE-00054-202508,SME-2024-00054,2025-08,84.2,12.3,Stabil,20,1,10
USE-00054-202509,SME-2024-00054,2025-09,85.5,13.2,Fluktuatif,6,0,9
USE-00054-202510,SME-2024-00054,2025-10,85.7,12.9,Stabil,14,2,10
USE-00054-202511,SME-2024-00054,2025-11,85.5,12.6,Stabil,26,1,10
USE-00054-202512,SME-2024-00054,2025-12,87.9,13.4,Stabil,6,3,10
USE-00054-202601,SME-2024-00054,2026-01,86.2,13.3,Fluktuatif,21,1,10
USE-00054-202602,SME-2024-00054,2026-02,87.9,13.9,Stabil,2,1,9
USE-00054-202603,SME-2024-00054,2026-03,87.7,14.1,Fluktuatif,21,2,10
USE-00054-202604,SME-2024-00054,2026-04,86.7,12.4,Stabil,40,0,10
USE-00054-202605,SME-2024-00054,2026-05,86.6,13.4,Stabil,14,1,9
USE-00054-202606,SME-2024-00054,2026-06,89.3,14.0,Stabil,0,1,10
USE-00055-202507,SME-2024-00055,2025-07,78.2,11.5,Stabil,5,0,5
USE-00055-202508,SME-2024-00055,2025-08,77.8,11.8,Stabil,3,2,5
USE-00055-202509,SME-2024-00055,2025-09,73.6,10.5,Stabil,40,2,6
USE-00055-202510,SME-2024-00055,2025-10,81.8,11.8,Stabil,72,2,5
USE-00055-202511,SME-2024-00055,2025-11,80.6,12.3,Stabil,53,1,6
USE-00055-202512,SME-2024-00055,2025-12,77.6,11.0,Stabil,76,2,6
USE-00055-202601,SME-2024-00055,2026-01,78.9,12.2,Stabil,1,0,6
USE-00055-202602,SME-2024-00055,2026-02,75.8,10.5,Stabil,11,3,5
USE-00055-202603,SME-2024-00055,2026-03,78.5,10.7,Stabil,29,0,5
USE-00055-202604,SME-2024-00055,2026-04,77.3,11.3,Fluktuatif,54,2,6
USE-00055-202605,SME-2024-00055,2026-05,79.3,12.9,Fluktuatif,96,0,5
USE-00055-202606,SME-2024-00055,2026-06,80.3,11.7,Fluktuatif,53,0,5
USE-00056-202507,SME-2024-00056,2025-07,75.2,10.8,Fluktuatif,4,1,9
USE-00056-202508,SME-2024-00056,2025-08,73.1,10.1,Fluktuatif,64,0,9
USE-00056-202509,SME-2024-00056,2025-09,73.9,11.2,Stabil,0,1,9
USE-00056-202510,SME-2024-00056,2025-10,71.5,10.9,Fluktuatif,1,1,8
USE-00056-202511,SME-2024-00056,2025-11,72.8,11.5,Stabil,102,4,9
USE-00056-202512,SME-2024-00056,2025-12,68.5,10.0,Stabil,73,1,9
USE-00056-202601,SME-2024-00056,2026-01,70.7,10.2,Stabil,39,0,9
USE-00056-202602,SME-2024-00056,2026-02,71.6,11.2,Fluktuatif,6,1,10
USE-00056-202603,SME-2024-00056,2026-03,67.1,10.4,Stabil,2,2,9
USE-00056-202604,SME-2024-00056,2026-04,68.1,10.1,Fluktuatif,12,2,9
USE-00056-202605,SME-2024-00056,2026-05,68.2,10.2,Fluktuatif,11,2,9
USE-00056-202606,SME-2024-00056,2026-06,66.2,10.0,Fluktuatif,88,0,9
USE-00057-202507,SME-2024-00057,2025-07,63.4,10.2,Stabil,13,1,7
USE-00057-202508,SME-2024-00057,2025-08,63.2,9.7,Fluktuatif,11,1,7
USE-00057-202509,SME-2024-00057,2025-09,61.7,9.3,Stabil,15,2,7
USE-00057-202510,SME-2024-00057,2025-10,58.8,9.0,Fluktuatif,15,0,6
USE-00057-202511,SME-2024-00057,2025-11,60.7,8.6,Stabil,8,1,6
USE-00057-202512,SME-2024-00057,2025-12,62.5,10.4,Fluktuatif,0,4,7
USE-00057-202601,SME-2024-00057,2026-01,60.5,8.6,Fluktuatif,12,0,7
USE-00057-202602,SME-2024-00057,2026-02,61.1,9.4,Stabil,2,0,7
USE-00057-202603,SME-2024-00057,2026-03,62.4,8.9,Stabil,80,2,7
USE-00057-202604,SME-2024-00057,2026-04,61.2,8.7,Stabil,14,2,7
USE-00057-202605,SME-2024-00057,2026-05,60.7,9.5,Stabil,11,1,7
USE-00057-202606,SME-2024-00057,2026-06,64.7,9.3,Stabil,17,3,7
USE-00058-202507,SME-2024-00058,2025-07,59.8,9.1,Fluktuatif,107,1,8
USE-00058-202508,SME-2024-00058,2025-08,60.6,9.3,Stabil,1,1,7
USE-00058-202509,SME-2024-00058,2025-09,57.8,8.1,Stabil,39,2,8
USE-00058-202510,SME-2024-00058,2025-10,60.7,8.7,Stabil,75,1,8
USE-00058-202511,SME-2024-00058,2025-11,60.2,8.5,Stabil,7,0,8
USE-00058-202512,SME-2024-00058,2025-12,60.7,9.2,Stabil,21,2,8
USE-00058-202601,SME-2024-00058,2026-01,59.3,9.6,Stabil,7,1,9
USE-00058-202602,SME-2024-00058,2026-02,58.9,8.1,Stabil,18,0,9
USE-00058-202603,SME-2024-00058,2026-03,61.7,8.9,Fluktuatif,56,0,8
USE-00058-202604,SME-2024-00058,2026-04,59.3,8.8,Stabil,23,0,8
USE-00058-202605,SME-2024-00058,2026-05,59.0,9.2,Fluktuatif,10,1,8
USE-00058-202606,SME-2024-00058,2026-06,59.8,8.3,Stabil,0,0,8
USE-00059-202507,SME-2024-00059,2025-07,59.5,8.5,Fluktuatif,58,2,7
USE-00059-202508,SME-2024-00059,2025-08,53.0,8.6,Stabil,136,1,7
USE-00059-202509,SME-2024-00059,2025-09,54.9,7.6,Stabil,1,1,8
USE-00059-202510,SME-2024-00059,2025-10,54.9,8.0,Fluktuatif,31,0,7
USE-00059-202511,SME-2024-00059,2025-11,54.4,8.8,Stabil,39,1,7
USE-00059-202512,SME-2024-00059,2025-12,51.2,7.5,Stabil,12,2,7
USE-00059-202601,SME-2024-00059,2026-01,57.4,8.2,Stabil,9,1,9
USE-00059-202602,SME-2024-00059,2026-02,56.2,8.4,Fluktuatif,24,3,7
USE-00059-202603,SME-2024-00059,2026-03,54.9,8.2,Stabil,46,0,7
USE-00059-202604,SME-2024-00059,2026-04,55.4,8.3,Fluktuatif,24,3,7
USE-00059-202605,SME-2024-00059,2026-05,53.2,8.9,Fluktuatif,70,3,7
USE-00059-202606,SME-2024-00059,2026-06,53.1,8.0,Fluktuatif,37,1,7
USE-00060-202507,SME-2024-00060,2025-07,66.3,9.8,Stabil,48,0,8
USE-00060-202508,SME-2024-00060,2025-08,61.5,9.0,Stabil,13,2,8
USE-00060-202509,SME-2024-00060,2025-09,65.7,10.3,Stabil,49,0,8
USE-00060-202510,SME-2024-00060,2025-10,62.9,9.3,Stabil,23,1,7
USE-00060-202511,SME-2024-00060,2025-11,64.3,9.1,Stabil,14,1,8
USE-00060-202512,SME-2024-00060,2025-12,61.2,9.2,Stabil,90,1,8
USE-00060-202601,SME-2024-00060,2026-01,60.5,8.9,Stabil,17,2,8
USE-00060-202602,SME-2024-00060,2026-02,62.0,9.9,Stabil,58,0,8
USE-00060-202603,SME-2024-00060,2026-03,60.7,8.3,Stabil,214,2,8
USE-00060-202604,SME-2024-00060,2026-04,61.9,8.4,Stabil,9,1,8
USE-00060-202605,SME-2024-00060,2026-05,56.8,7.7,Stabil,19,0,8
USE-00060-202606,SME-2024-00060,2026-06,61.6,9.7,Stabil,115,0,8
USE-00061-202507,SME-2024-00061,2025-07,54.0,7.8,Fluktuatif,1,1,8
USE-00061-202508,SME-2024-00061,2025-08,55.2,8.8,Stabil,2,2,8
USE-00061-202509,SME-2024-00061,2025-09,56.8,8.6,Stabil,9,0,8
USE-00061-202510,SME-2024-00061,2025-10,56.4,8.5,Stabil,16,0,8
USE-00061-202511,SME-2024-00061,2025-11,53.5,8.1,Stabil,21,1,8
USE-00061-202512,SME-2024-00061,2025-12,55.3,8.2,Stabil,50,1,7
USE-00061-202601,SME-2024-00061,2026-01,51.5,8.1,Stabil,8,4,8
USE-00061-202602,SME-2024-00061,2026-02,54.5,7.8,Stabil,60,2,8
USE-00061-202603,SME-2024-00061,2026-03,54.3,7.9,Stabil,57,2,8
USE-00061-202604,SME-2024-00061,2026-04,47.9,7.5,Stabil,1,1,8
USE-00061-202605,SME-2024-00061,2026-05,52.3,8.4,Fluktuatif,14,0,7
USE-00061-202606,SME-2024-00061,2026-06,50.9,7.0,Stabil,14,0,7
USE-00062-202507,SME-2024-00062,2025-07,91.7,13.5,Stabil,117,3,9
USE-00062-202508,SME-2024-00062,2025-08,89.0,13.2,Stabil,30,4,9
USE-00062-202509,SME-2024-00062,2025-09,88.0,12.5,Fluktuatif,46,2,9
USE-00062-202510,SME-2024-00062,2025-10,87.4,13.7,Fluktuatif,10,3,10
USE-00062-202511,SME-2024-00062,2025-11,86.0,13.6,Fluktuatif,0,2,9
USE-00062-202512,SME-2024-00062,2025-12,87.1,13.0,Fluktuatif,84,6,9
USE-00062-202601,SME-2024-00062,2026-01,89.4,13.6,Stabil,2,4,9
USE-00062-202602,SME-2024-00062,2026-02,86.3,13.0,Stabil,6,4,9
USE-00062-202603,SME-2024-00062,2026-03,88.1,13.4,Fluktuatif,49,0,10
USE-00062-202604,SME-2024-00062,2026-04,85.2,12.7,Stabil,4,1,8
USE-00062-202605,SME-2024-00062,2026-05,84.6,13.8,Stabil,41,1,9
USE-00062-202606,SME-2024-00062,2026-06,80.4,12.3,Fluktuatif,38,2,9
USE-00063-202507,SME-2024-00063,2025-07,81.0,11.9,Stabil,12,2,8
USE-00063-202508,SME-2024-00063,2025-08,84.7,11.8,Stabil,9,2,8
USE-00063-202509,SME-2024-00063,2025-09,87.0,12.5,Stabil,62,1,9
USE-00063-202510,SME-2024-00063,2025-10,83.5,12.4,Fluktuatif,6,0,8
USE-00063-202511,SME-2024-00063,2025-11,86.3,12.5,Stabil,56,2,9
USE-00063-202512,SME-2024-00063,2025-12,86.9,12.8,Stabil,17,1,9
USE-00063-202601,SME-2024-00063,2026-01,90.3,13.7,Stabil,5,2,9
USE-00063-202602,SME-2024-00063,2026-02,88.8,12.9,Stabil,2,1,8
USE-00063-202603,SME-2024-00063,2026-03,91.6,14.2,Stabil,12,0,9
USE-00063-202604,SME-2024-00063,2026-04,86.8,13.8,Stabil,51,3,9
USE-00063-202605,SME-2024-00063,2026-05,87.8,13.0,Fluktuatif,20,3,8
USE-00063-202606,SME-2024-00063,2026-06,86.6,13.3,Stabil,90,1,9
USE-00064-202507,SME-2024-00064,2025-07,81.8,12.9,Naik,24,1,8
USE-00064-202508,SME-2024-00064,2025-08,86.1,12.4,Naik,15,1,8
USE-00064-202509,SME-2024-00064,2025-09,86.5,12.4,Naik,11,2,8
USE-00064-202510,SME-2024-00064,2025-10,81.7,12.4,Naik,38,0,9
USE-00064-202511,SME-2024-00064,2025-11,91.3,14.2,Naik,33,2,9
USE-00064-202512,SME-2024-00064,2025-12,91.2,14.0,Naik,0,0,8
USE-00064-202601,SME-2024-00064,2026-01,88.2,13.2,Naik,24,1,9
USE-00064-202602,SME-2024-00064,2026-02,88.5,13.4,Naik,43,1,8
USE-00064-202603,SME-2024-00064,2026-03,91.0,14.2,Naik,13,2,8
USE-00064-202604,SME-2024-00064,2026-04,89.4,13.4,Naik,27,1,8
USE-00064-202605,SME-2024-00064,2026-05,88.0,13.8,Naik,38,1,9
USE-00064-202606,SME-2024-00064,2026-06,96.6,14.5,Naik,6,1,8
USE-00065-202507,SME-2024-00065,2025-07,69.7,11.2,Stabil,56,0,7
USE-00065-202508,SME-2024-00065,2025-08,71.3,10.4,Fluktuatif,35,3,6
USE-00065-202509,SME-2024-00065,2025-09,73.9,11.1,Fluktuatif,46,0,6
USE-00065-202510,SME-2024-00065,2025-10,73.3,11.5,Stabil,12,3,7
USE-00065-202511,SME-2024-00065,2025-11,68.3,9.9,Stabil,37,2,6
USE-00065-202512,SME-2024-00065,2025-12,71.5,10.6,Fluktuatif,33,0,6
USE-00065-202601,SME-2024-00065,2026-01,74.7,11.6,Fluktuatif,82,1,7
USE-00065-202602,SME-2024-00065,2026-02,75.6,11.9,Stabil,69,1,6
USE-00065-202603,SME-2024-00065,2026-03,76.9,11.6,Stabil,16,1,7
USE-00065-202604,SME-2024-00065,2026-04,77.7,12.6,Fluktuatif,37,0,7
USE-00065-202605,SME-2024-00065,2026-05,77.6,12.1,Fluktuatif,33,0,7
USE-00065-202606,SME-2024-00065,2026-06,76.6,12.1,Fluktuatif,7,1,7
USE-00066-202507,SME-2024-00066,2025-07,57.8,8.6,Stabil,7,3,8
USE-00066-202508,SME-2024-00066,2025-08,58.8,9.1,Stabil,5,1,8
USE-00066-202509,SME-2024-00066,2025-09,59.4,9.5,Stabil,7,1,9
USE-00066-202510,SME-2024-00066,2025-10,52.3,8.2,Fluktuatif,15,1,9
USE-00066-202511,SME-2024-00066,2025-11,54.6,8.8,Fluktuatif,25,4,8
USE-00066-202512,SME-2024-00066,2025-12,55.8,8.7,Stabil,15,3,10
USE-00066-202601,SME-2024-00066,2026-01,52.9,7.9,Stabil,44,2,9
USE-00066-202602,SME-2024-00066,2026-02,56.3,8.1,Stabil,61,0,9
USE-00066-202603,SME-2024-00066,2026-03,54.2,8.1,Fluktuatif,12,3,8
USE-00066-202604,SME-2024-00066,2026-04,54.3,8.4,Stabil,28,1,8
USE-00066-202605,SME-2024-00066,2026-05,51.8,7.6,Fluktuatif,28,0,9
USE-00066-202606,SME-2024-00066,2026-06,55.1,8.1,Stabil,11,1,10
USE-00067-202507,SME-2024-00067,2025-07,87.5,12.6,Stabil,45,2,7
USE-00067-202508,SME-2024-00067,2025-08,88.4,13.5,Stabil,14,2,8
USE-00067-202509,SME-2024-00067,2025-09,91.4,14.5,Stabil,25,4,8
USE-00067-202510,SME-2024-00067,2025-10,92.5,13.1,Fluktuatif,26,1,8
USE-00067-202511,SME-2024-00067,2025-11,90.8,13.5,Stabil,34,2,8
USE-00067-202512,SME-2024-00067,2025-12,90.8,14.3,Stabil,38,1,8
USE-00067-202601,SME-2024-00067,2026-01,90.6,13.6,Stabil,142,4,8
USE-00067-202602,SME-2024-00067,2026-02,91.9,14.1,Stabil,14,1,8
USE-00067-202603,SME-2024-00067,2026-03,95.3,14.7,Stabil,0,2,8
USE-00067-202604,SME-2024-00067,2026-04,92.9,13.8,Stabil,28,3,7
USE-00067-202605,SME-2024-00067,2026-05,94.7,14.4,Stabil,4,2,8
USE-00067-202606,SME-2024-00067,2026-06,97.0,15.0,Stabil,7,1,8
USE-00068-202507,SME-2024-00068,2025-07,82.2,13.0,Stabil,9,0,6
USE-00068-202508,SME-2024-00068,2025-08,87.9,12.8,Stabil,15,0,6
USE-00068-202509,SME-2024-00068,2025-09,82.7,12.1,Stabil,52,1,6
USE-00068-202510,SME-2024-00068,2025-10,85.5,12.6,Stabil,7,0,6
USE-00068-202511,SME-2024-00068,2025-11,83.8,12.1,Stabil,52,1,6
USE-00068-202512,SME-2024-00068,2025-12,84.9,12.1,Stabil,54,0,6
USE-00068-202601,SME-2024-00068,2026-01,84.2,12.0,Stabil,52,0,6
USE-00068-202602,SME-2024-00068,2026-02,88.5,13.3,Stabil,5,3,6
USE-00068-202603,SME-2024-00068,2026-03,86.2,13.2,Stabil,64,1,7
USE-00068-202604,SME-2024-00068,2026-04,82.9,13.0,Stabil,4,2,7
USE-00068-202605,SME-2024-00068,2026-05,86.3,12.7,Stabil,4,4,6
USE-00068-202606,SME-2024-00068,2026-06,82.3,12.9,Stabil,0,0,6
USE-00069-202507,SME-2024-00069,2025-07,77.8,12.1,Stabil,7,2,7
USE-00069-202508,SME-2024-00069,2025-08,80.2,11.8,Stabil,37,1,8
USE-00069-202509,SME-2024-00069,2025-09,73.8,11.4,Fluktuatif,115,3,7
USE-00069-202510,SME-2024-00069,2025-10,75.1,11.2,Stabil,9,4,7
USE-00069-202511,SME-2024-00069,2025-11,73.3,10.6,Stabil,12,3,7
USE-00069-202512,SME-2024-00069,2025-12,72.0,10.4,Stabil,19,2,7
USE-00069-202601,SME-2024-00069,2026-01,74.9,11.7,Stabil,34,1,8
USE-00069-202602,SME-2024-00069,2026-02,72.9,10.7,Stabil,36,1,8
USE-00069-202603,SME-2024-00069,2026-03,73.3,11.4,Stabil,14,0,8
USE-00069-202604,SME-2024-00069,2026-04,71.9,10.9,Stabil,66,1,8
USE-00069-202605,SME-2024-00069,2026-05,68.5,10.4,Fluktuatif,28,4,7
USE-00069-202606,SME-2024-00069,2026-06,68.2,10.8,Stabil,36,0,7
USE-00070-202507,SME-2024-00070,2025-07,83.6,12.8,Stabil,31,0,8
USE-00070-202508,SME-2024-00070,2025-08,87.7,13.4,Stabil,215,3,7
USE-00070-202509,SME-2024-00070,2025-09,87.9,13.6,Stabil,7,2,8
USE-00070-202510,SME-2024-00070,2025-10,86.6,13.8,Fluktuatif,66,3,8
USE-00070-202511,SME-2024-00070,2025-11,83.7,12.5,Stabil,36,0,8
USE-00070-202512,SME-2024-00070,2025-12,81.1,12.1,Stabil,16,1,8
USE-00070-202601,SME-2024-00070,2026-01,83.0,12.7,Fluktuatif,5,1,7
USE-00070-202602,SME-2024-00070,2026-02,79.2,12.1,Stabil,35,0,7
USE-00070-202603,SME-2024-00070,2026-03,80.1,12.9,Stabil,36,2,8
USE-00070-202604,SME-2024-00070,2026-04,81.2,12.6,Stabil,111,1,7
USE-00070-202605,SME-2024-00070,2026-05,85.0,12.8,Stabil,17,1,8
USE-00070-202606,SME-2024-00070,2026-06,80.3,11.2,Stabil,93,2,8
USE-00071-202507,SME-2024-00071,2025-07,58.4,9.1,Stabil,27,2,8
USE-00071-202508,SME-2024-00071,2025-08,48.5,7.0,Fluktuatif,92,3,7
USE-00071-202509,SME-2024-00071,2025-09,55.1,9.4,Fluktuatif,20,1,8
USE-00071-202510,SME-2024-00071,2025-10,52.8,7.7,Fluktuatif,20,0,7
USE-00071-202511,SME-2024-00071,2025-11,51.8,7.6,Stabil,62,1,8
USE-00071-202512,SME-2024-00071,2025-12,54.2,7.5,Fluktuatif,13,1,8
USE-00071-202601,SME-2024-00071,2026-01,53.3,8.7,Stabil,11,1,8
USE-00071-202602,SME-2024-00071,2026-02,51.8,7.7,Stabil,0,0,8
USE-00071-202603,SME-2024-00071,2026-03,56.5,8.1,Fluktuatif,33,1,7
USE-00071-202604,SME-2024-00071,2026-04,52.6,8.2,Stabil,59,2,8
USE-00071-202605,SME-2024-00071,2026-05,55.3,8.1,Stabil,27,1,7
USE-00071-202606,SME-2024-00071,2026-06,53.9,7.9,Fluktuatif,1,2,8
USE-00072-202507,SME-2024-00072,2025-07,56.4,8.7,Stabil,44,2,6
USE-00072-202508,SME-2024-00072,2025-08,56.2,8.8,Stabil,41,1,7
USE-00072-202509,SME-2024-00072,2025-09,54.1,8.1,Fluktuatif,33,2,6
USE-00072-202510,SME-2024-00072,2025-10,55.6,7.1,Stabil,53,0,6
USE-00072-202511,SME-2024-00072,2025-11,55.7,8.6,Stabil,14,0,6
USE-00072-202512,SME-2024-00072,2025-12,55.5,8.5,Stabil,32,1,6
USE-00072-202601,SME-2024-00072,2026-01,52.0,7.6,Stabil,3,1,5
USE-00072-202602,SME-2024-00072,2026-02,53.6,7.7,Stabil,18,1,6
USE-00072-202603,SME-2024-00072,2026-03,52.7,7.7,Stabil,52,0,6
USE-00072-202604,SME-2024-00072,2026-04,51.6,8.6,Stabil,6,0,6
USE-00072-202605,SME-2024-00072,2026-05,50.7,7.1,Stabil,59,3,6
USE-00072-202606,SME-2024-00072,2026-06,52.8,7.4,Stabil,19,2,6
USE-00073-202507,SME-2024-00073,2025-07,84.9,13.0,Stabil,55,1,7
USE-00073-202508,SME-2024-00073,2025-08,89.7,13.7,Fluktuatif,0,4,8
USE-00073-202509,SME-2024-00073,2025-09,90.4,13.1,Fluktuatif,8,5,8
USE-00073-202510,SME-2024-00073,2025-10,91.3,13.4,Fluktuatif,43,1,8
USE-00073-202511,SME-2024-00073,2025-11,85.6,13.4,Stabil,9,1,8
USE-00073-202512,SME-2024-00073,2025-12,89.4,13.1,Stabil,5,0,7
USE-00073-202601,SME-2024-00073,2026-01,91.6,13.0,Fluktuatif,56,2,8
USE-00073-202602,SME-2024-00073,2026-02,90.4,14.0,Fluktuatif,33,3,7
USE-00073-202603,SME-2024-00073,2026-03,88.2,13.5,Fluktuatif,26,0,8
USE-00073-202604,SME-2024-00073,2026-04,89.4,13.0,Stabil,10,1,7
USE-00073-202605,SME-2024-00073,2026-05,84.4,12.7,Fluktuatif,41,1,8
USE-00073-202606,SME-2024-00073,2026-06,89.9,13.5,Fluktuatif,3,0,8
USE-00074-202507,SME-2024-00074,2025-07,79.0,12.8,Fluktuatif,12,1,8
USE-00074-202508,SME-2024-00074,2025-08,78.6,12.1,Stabil,3,0,8
USE-00074-202509,SME-2024-00074,2025-09,79.2,10.8,Stabil,24,0,7
USE-00074-202510,SME-2024-00074,2025-10,77.8,11.4,Fluktuatif,75,0,7
USE-00074-202511,SME-2024-00074,2025-11,76.4,10.6,Stabil,13,1,8
USE-00074-202512,SME-2024-00074,2025-12,77.2,11.6,Stabil,4,4,7
USE-00074-202601,SME-2024-00074,2026-01,76.0,10.9,Stabil,0,2,8
USE-00074-202602,SME-2024-00074,2026-02,75.6,11.0,Stabil,76,1,7
USE-00074-202603,SME-2024-00074,2026-03,75.9,11.3,Stabil,36,3,7
USE-00074-202604,SME-2024-00074,2026-04,79.4,11.6,Stabil,14,0,7
USE-00074-202605,SME-2024-00074,2026-05,79.2,12.0,Stabil,4,0,7
USE-00074-202606,SME-2024-00074,2026-06,80.6,11.4,Stabil,68,2,7
USE-00075-202507,SME-2024-00075,2025-07,76.6,11.3,Stabil,16,1,7
USE-00075-202508,SME-2024-00075,2025-08,74.8,10.7,Stabil,31,2,7
USE-00075-202509,SME-2024-00075,2025-09,72.3,11.5,Stabil,13,1,7
USE-00075-202510,SME-2024-00075,2025-10,75.6,10.8,Stabil,15,0,8
USE-00075-202511,SME-2024-00075,2025-11,77.2,11.9,Fluktuatif,151,2,7
USE-00075-202512,SME-2024-00075,2025-12,76.1,11.2,Fluktuatif,47,0,8
USE-00075-202601,SME-2024-00075,2026-01,71.9,11.3,Stabil,46,4,8
USE-00075-202602,SME-2024-00075,2026-02,79.5,12.5,Stabil,8,3,6
USE-00075-202603,SME-2024-00075,2026-03,77.0,11.3,Stabil,32,1,7
USE-00075-202604,SME-2024-00075,2026-04,74.6,11.7,Stabil,1,2,7
USE-00075-202605,SME-2024-00075,2026-05,73.6,10.8,Fluktuatif,11,2,7
USE-00075-202606,SME-2024-00075,2026-06,78.3,11.5,Stabil,53,3,8
USE-00076-202507,SME-2024-00076,2025-07,71.9,11.5,Fluktuatif,26,0,8
USE-00076-202508,SME-2024-00076,2025-08,66.1,9.9,Fluktuatif,27,1,8
USE-00076-202509,SME-2024-00076,2025-09,67.7,10.5,Stabil,14,2,8
USE-00076-202510,SME-2024-00076,2025-10,71.6,10.2,Stabil,3,1,8
USE-00076-202511,SME-2024-00076,2025-11,68.9,9.8,Stabil,55,2,8
USE-00076-202512,SME-2024-00076,2025-12,67.9,9.6,Stabil,33,1,8
USE-00076-202601,SME-2024-00076,2026-01,69.1,10.8,Fluktuatif,5,0,8
USE-00076-202602,SME-2024-00076,2026-02,73.8,11.2,Stabil,8,1,8
USE-00076-202603,SME-2024-00076,2026-03,73.6,10.9,Stabil,4,0,7
USE-00076-202604,SME-2024-00076,2026-04,72.4,10.4,Fluktuatif,35,1,8
USE-00076-202605,SME-2024-00076,2026-05,70.9,10.7,Stabil,16,3,9
USE-00076-202606,SME-2024-00076,2026-06,70.3,10.0,Stabil,21,0,7
USE-00077-202507,SME-2024-00077,2025-07,80.3,12.5,Stabil,5,1,8
USE-00077-202508,SME-2024-00077,2025-08,81.7,12.3,Fluktuatif,19,1,8
USE-00077-202509,SME-2024-00077,2025-09,82.6,11.7,Fluktuatif,76,3,8
USE-00077-202510,SME-2024-00077,2025-10,79.2,12.0,Fluktuatif,37,0,8
USE-00077-202511,SME-2024-00077,2025-11,80.3,11.2,Stabil,34,0,8
USE-00077-202512,SME-2024-00077,2025-12,76.4,11.7,Stabil,116,1,8
USE-00077-202601,SME-2024-00077,2026-01,73.4,11.4,Stabil,2,0,9
USE-00077-202602,SME-2024-00077,2026-02,80.9,11.9,Stabil,43,2,8
USE-00077-202603,SME-2024-00077,2026-03,81.0,11.6,Stabil,8,2,8
USE-00077-202604,SME-2024-00077,2026-04,77.9,11.6,Stabil,53,1,8
USE-00077-202605,SME-2024-00077,2026-05,75.5,11.8,Stabil,10,2,8
USE-00077-202606,SME-2024-00077,2026-06,79.2,10.9,Stabil,36,1,8
USE-00078-202507,SME-2024-00078,2025-07,78.3,12.3,Fluktuatif,6,2,9
USE-00078-202508,SME-2024-00078,2025-08,79.2,12.2,Stabil,146,0,8
USE-00078-202509,SME-2024-00078,2025-09,78.6,11.1,Stabil,18,0,9
USE-00078-202510,SME-2024-00078,2025-10,77.8,12.6,Stabil,13,2,9
USE-00078-202511,SME-2024-00078,2025-11,80.7,11.3,Stabil,29,1,9
USE-00078-202512,SME-2024-00078,2025-12,82.4,11.9,Stabil,91,0,9
USE-00078-202601,SME-2024-00078,2026-01,80.4,11.3,Stabil,71,2,8
USE-00078-202602,SME-2024-00078,2026-02,79.0,11.9,Fluktuatif,12,0,9
USE-00078-202603,SME-2024-00078,2026-03,79.2,12.1,Stabil,131,0,9
USE-00078-202604,SME-2024-00078,2026-04,79.2,12.4,Stabil,19,1,9
USE-00078-202605,SME-2024-00078,2026-05,77.4,12.1,Stabil,14,0,9
USE-00078-202606,SME-2024-00078,2026-06,75.8,11.6,Fluktuatif,0,3,8
USE-00079-202507,SME-2024-00079,2025-07,84.4,12.9,Stabil,2,0,7
USE-00079-202508,SME-2024-00079,2025-08,83.7,12.3,Fluktuatif,29,1,7
USE-00079-202509,SME-2024-00079,2025-09,79.5,12.7,Stabil,7,1,6
USE-00079-202510,SME-2024-00079,2025-10,80.0,12.0,Stabil,37,1,7
USE-00079-202511,SME-2024-00079,2025-11,81.0,12.8,Stabil,73,2,8
USE-00079-202512,SME-2024-00079,2025-12,81.0,11.7,Stabil,16,2,7
USE-00079-202601,SME-2024-00079,2026-01,83.9,12.6,Stabil,34,3,7
USE-00079-202602,SME-2024-00079,2026-02,83.7,12.7,Stabil,30,0,7
USE-00079-202603,SME-2024-00079,2026-03,79.1,12.3,Stabil,20,2,6
USE-00079-202604,SME-2024-00079,2026-04,83.1,13.1,Fluktuatif,68,2,6
USE-00079-202605,SME-2024-00079,2026-05,83.9,12.7,Fluktuatif,28,3,6
USE-00079-202606,SME-2024-00079,2026-06,82.9,12.1,Stabil,21,3,6
USE-00080-202507,SME-2024-00080,2025-07,53.9,8.2,Turun,1,0,9
USE-00080-202508,SME-2024-00080,2025-08,55.3,8.1,Turun,48,2,8
USE-00080-202509,SME-2024-00080,2025-09,50.7,7.8,Turun,70,1,9
USE-00080-202510,SME-2024-00080,2025-10,55.3,8.1,Turun,8,3,9
USE-00080-202511,SME-2024-00080,2025-11,50.7,7.2,Turun,26,0,9
USE-00080-202512,SME-2024-00080,2025-12,49.3,7.2,Turun,64,0,9
USE-00080-202601,SME-2024-00080,2026-01,50.2,7.9,Turun,13,1,9
USE-00080-202602,SME-2024-00080,2026-02,47.9,6.4,Turun,4,2,10
USE-00080-202603,SME-2024-00080,2026-03,43.9,5.7,Turun,10,2,9
USE-00080-202604,SME-2024-00080,2026-04,42.7,7.0,Turun,6,0,9
USE-00080-202605,SME-2024-00080,2026-05,42.3,5.5,Turun,8,0,9
USE-00080-202606,SME-2024-00080,2026-06,43.6,6.2,Turun,25,2,9
USE-00081-202507,SME-2024-00081,2025-07,74.1,10.9,Stabil,3,0,6
USE-00081-202508,SME-2024-00081,2025-08,74.0,10.9,Stabil,49,1,6
USE-00081-202509,SME-2024-00081,2025-09,71.9,11.6,Fluktuatif,21,0,6
USE-00081-202510,SME-2024-00081,2025-10,71.9,10.8,Fluktuatif,34,1,6
USE-00081-202511,SME-2024-00081,2025-11,76.8,11.5,Stabil,78,1,7
USE-00081-202512,SME-2024-00081,2025-12,73.5,11.4,Stabil,55,3,6
USE-00081-202601,SME-2024-00081,2026-01,76.2,11.6,Stabil,20,2,6
USE-00081-202602,SME-2024-00081,2026-02,72.4,10.9,Stabil,96,0,6
USE-00081-202603,SME-2024-00081,2026-03,72.5,11.2,Fluktuatif,7,0,6
USE-00081-202604,SME-2024-00081,2026-04,76.3,11.2,Stabil,38,1,6
USE-00081-202605,SME-2024-00081,2026-05,71.5,10.9,Stabil,101,3,7
USE-00081-202606,SME-2024-00081,2026-06,71.1,10.3,Fluktuatif,98,3,5
USE-00082-202507,SME-2024-00082,2025-07,75.7,11.6,Stabil,0,3,7
USE-00082-202508,SME-2024-00082,2025-08,71.2,10.8,Stabil,73,1,7
USE-00082-202509,SME-2024-00082,2025-09,74.2,11.3,Stabil,29,3,8
USE-00082-202510,SME-2024-00082,2025-10,75.4,11.7,Stabil,25,2,7
USE-00082-202511,SME-2024-00082,2025-11,73.1,10.5,Stabil,17,2,8
USE-00082-202512,SME-2024-00082,2025-12,74.9,10.4,Fluktuatif,40,1,7
USE-00082-202601,SME-2024-00082,2026-01,73.8,10.9,Stabil,19,2,7
USE-00082-202602,SME-2024-00082,2026-02,74.7,11.5,Stabil,9,1,8
USE-00082-202603,SME-2024-00082,2026-03,72.4,10.9,Stabil,41,1,7
USE-00082-202604,SME-2024-00082,2026-04,78.2,11.7,Stabil,5,1,7
USE-00082-202605,SME-2024-00082,2026-05,73.6,11.6,Fluktuatif,45,1,7
USE-00082-202606,SME-2024-00082,2026-06,75.6,10.9,Stabil,42,2,7
USE-00083-202507,SME-2024-00083,2025-07,77.8,11.7,Fluktuatif,22,0,7
USE-00083-202508,SME-2024-00083,2025-08,75.3,11.7,Fluktuatif,119,3,6
USE-00083-202509,SME-2024-00083,2025-09,77.7,11.4,Fluktuatif,23,3,7
USE-00083-202510,SME-2024-00083,2025-10,75.6,11.4,Stabil,12,1,6
USE-00083-202511,SME-2024-00083,2025-11,75.2,10.8,Stabil,10,2,7
USE-00083-202512,SME-2024-00083,2025-12,73.5,11.0,Stabil,25,6,7
USE-00083-202601,SME-2024-00083,2026-01,77.3,11.9,Stabil,29,2,7
USE-00083-202602,SME-2024-00083,2026-02,77.6,11.2,Stabil,50,2,6
USE-00083-202603,SME-2024-00083,2026-03,79.7,11.5,Stabil,17,1,7
USE-00083-202604,SME-2024-00083,2026-04,79.1,12.1,Fluktuatif,17,3,7
USE-00083-202605,SME-2024-00083,2026-05,76.5,11.3,Stabil,58,3,7
USE-00083-202606,SME-2024-00083,2026-06,78.4,11.7,Stabil,5,3,7
USE-00084-202507,SME-2024-00084,2025-07,89.8,13.0,Stabil,58,1,6
USE-00084-202508,SME-2024-00084,2025-08,89.5,12.8,Stabil,3,1,6
USE-00084-202509,SME-2024-00084,2025-09,91.3,13.5,Fluktuatif,23,4,5
USE-00084-202510,SME-2024-00084,2025-10,91.5,14.6,Stabil,45,0,5
USE-00084-202511,SME-2024-00084,2025-11,91.0,14.0,Stabil,27,1,5
USE-00084-202512,SME-2024-00084,2025-12,90.4,12.8,Stabil,0,2,6
USE-00084-202601,SME-2024-00084,2026-01,93.0,14.0,Fluktuatif,22,1,5
USE-00084-202602,SME-2024-00084,2026-02,95.9,14.8,Stabil,35,1,5
USE-00084-202603,SME-2024-00084,2026-03,92.7,13.5,Fluktuatif,29,0,5
USE-00084-202604,SME-2024-00084,2026-04,92.9,14.3,Stabil,81,3,6
USE-00084-202605,SME-2024-00084,2026-05,92.1,13.6,Stabil,13,0,6
USE-00084-202606,SME-2024-00084,2026-06,92.6,14.8,Fluktuatif,19,2,5
USE-00085-202507,SME-2024-00085,2025-07,78.0,11.5,Fluktuatif,6,3,7
USE-00085-202508,SME-2024-00085,2025-08,80.9,12.1,Stabil,4,1,6
USE-00085-202509,SME-2024-00085,2025-09,74.6,10.2,Fluktuatif,57,0,7
USE-00085-202510,SME-2024-00085,2025-10,76.5,11.9,Fluktuatif,15,1,7
USE-00085-202511,SME-2024-00085,2025-11,77.2,11.8,Fluktuatif,40,2,7
USE-00085-202512,SME-2024-00085,2025-12,78.6,11.8,Stabil,31,2,7
USE-00085-202601,SME-2024-00085,2026-01,74.6,10.1,Stabil,37,0,7
USE-00085-202602,SME-2024-00085,2026-02,75.1,11.4,Stabil,20,4,7
USE-00085-202603,SME-2024-00085,2026-03,74.1,12.0,Stabil,25,0,7
USE-00085-202604,SME-2024-00085,2026-04,74.7,11.1,Stabil,0,2,7
USE-00085-202605,SME-2024-00085,2026-05,73.0,11.0,Stabil,37,1,7
USE-00085-202606,SME-2024-00085,2026-06,76.3,12.0,Stabil,1,1,7
USE-00086-202507,SME-2024-00086,2025-07,89.3,14.2,Stabil,24,1,6
USE-00086-202508,SME-2024-00086,2025-08,88.0,13.2,Stabil,60,2,8
USE-00086-202509,SME-2024-00086,2025-09,89.5,14.1,Fluktuatif,2,1,6
USE-00086-202510,SME-2024-00086,2025-10,92.2,14.3,Stabil,39,1,6
USE-00086-202511,SME-2024-00086,2025-11,89.8,14.0,Fluktuatif,194,3,7
USE-00086-202512,SME-2024-00086,2025-12,83.7,11.6,Fluktuatif,3,1,7
USE-00086-202601,SME-2024-00086,2026-01,87.9,12.8,Stabil,27,1,6
USE-00086-202602,SME-2024-00086,2026-02,87.9,13.5,Stabil,43,1,7
USE-00086-202603,SME-2024-00086,2026-03,85.0,12.0,Stabil,10,0,7
USE-00086-202604,SME-2024-00086,2026-04,86.5,13.7,Fluktuatif,10,1,7
USE-00086-202605,SME-2024-00086,2026-05,84.3,12.2,Fluktuatif,6,5,6
USE-00086-202606,SME-2024-00086,2026-06,83.6,12.7,Stabil,24,0,6
USE-00087-202507,SME-2024-00087,2025-07,86.3,12.6,Stabil,30,0,6
USE-00087-202508,SME-2024-00087,2025-08,83.3,11.5,Fluktuatif,97,4,7
USE-00087-202509,SME-2024-00087,2025-09,84.3,12.1,Fluktuatif,23,1,8
USE-00087-202510,SME-2024-00087,2025-10,83.6,11.9,Stabil,26,3,6
USE-00087-202511,SME-2024-00087,2025-11,86.2,13.1,Fluktuatif,1,1,7
USE-00087-202512,SME-2024-00087,2025-12,83.7,12.5,Fluktuatif,54,4,7
USE-00087-202601,SME-2024-00087,2026-01,81.8,12.2,Stabil,19,1,7
USE-00087-202602,SME-2024-00087,2026-02,82.5,11.9,Stabil,66,0,7
USE-00087-202603,SME-2024-00087,2026-03,89.1,13.1,Fluktuatif,22,1,6
USE-00087-202604,SME-2024-00087,2026-04,87.6,12.9,Stabil,10,0,7
USE-00087-202605,SME-2024-00087,2026-05,83.8,13.6,Fluktuatif,9,1,7
USE-00087-202606,SME-2024-00087,2026-06,89.9,13.9,Stabil,246,1,7
USE-00088-202507,SME-2024-00088,2025-07,70.8,11.8,Stabil,122,3,7
USE-00088-202508,SME-2024-00088,2025-08,74.6,12.1,Stabil,9,1,7
USE-00088-202509,SME-2024-00088,2025-09,67.0,9.7,Stabil,42,0,7
USE-00088-202510,SME-2024-00088,2025-10,71.8,10.4,Stabil,45,0,6
USE-00088-202511,SME-2024-00088,2025-11,72.6,10.5,Fluktuatif,27,1,7
USE-00088-202512,SME-2024-00088,2025-12,68.9,10.1,Fluktuatif,52,2,6
USE-00088-202601,SME-2024-00088,2026-01,73.0,11.1,Stabil,9,2,7
USE-00088-202602,SME-2024-00088,2026-02,73.2,10.6,Fluktuatif,26,1,7
USE-00088-202603,SME-2024-00088,2026-03,70.9,9.6,Stabil,78,2,7
USE-00088-202604,SME-2024-00088,2026-04,74.3,11.1,Stabil,10,2,6
USE-00088-202605,SME-2024-00088,2026-05,70.5,11.5,Stabil,27,3,7
USE-00088-202606,SME-2024-00088,2026-06,68.7,10.1,Stabil,4,2,7
USE-00089-202507,SME-2024-00089,2025-07,89.2,13.2,Fluktuatif,33,2,7
USE-00089-202508,SME-2024-00089,2025-08,91.6,13.7,Fluktuatif,2,2,7
USE-00089-202509,SME-2024-00089,2025-09,88.6,14.2,Stabil,23,2,7
USE-00089-202510,SME-2024-00089,2025-10,86.6,14.2,Stabil,37,0,7
USE-00089-202511,SME-2024-00089,2025-11,87.8,12.9,Stabil,46,3,8
USE-00089-202512,SME-2024-00089,2025-12,88.5,13.1,Stabil,39,1,7
USE-00089-202601,SME-2024-00089,2026-01,91.2,13.4,Fluktuatif,59,0,8
USE-00089-202602,SME-2024-00089,2026-02,87.6,13.2,Stabil,56,2,7
USE-00089-202603,SME-2024-00089,2026-03,90.4,13.3,Stabil,48,0,6
USE-00089-202604,SME-2024-00089,2026-04,86.9,12.9,Stabil,18,2,7
USE-00089-202605,SME-2024-00089,2026-05,88.7,12.7,Fluktuatif,32,2,8
USE-00089-202606,SME-2024-00089,2026-06,90.6,13.6,Stabil,7,2,8
USE-00090-202507,SME-2024-00090,2025-07,85.0,12.8,Fluktuatif,21,0,8
USE-00090-202508,SME-2024-00090,2025-08,83.6,11.5,Fluktuatif,28,1,9
USE-00090-202509,SME-2024-00090,2025-09,86.9,13.4,Stabil,31,1,8
USE-00090-202510,SME-2024-00090,2025-10,80.6,12.0,Stabil,3,1,7
USE-00090-202511,SME-2024-00090,2025-11,86.2,13.6,Stabil,10,1,8
USE-00090-202512,SME-2024-00090,2025-12,86.3,13.2,Fluktuatif,35,2,8
USE-00090-202601,SME-2024-00090,2026-01,82.3,12.8,Stabil,44,2,8
USE-00090-202602,SME-2024-00090,2026-02,84.3,12.6,Stabil,68,0,8
USE-00090-202603,SME-2024-00090,2026-03,85.3,14.1,Stabil,38,0,8
USE-00090-202604,SME-2024-00090,2026-04,85.2,12.6,Fluktuatif,16,2,8
USE-00090-202605,SME-2024-00090,2026-05,80.6,12.0,Stabil,33,0,7
USE-00090-202606,SME-2024-00090,2026-06,84.9,13.0,Stabil,7,1,8
USE-00091-202507,SME-2024-00091,2025-07,58.4,9.3,Fluktuatif,54,5,8
USE-00091-202508,SME-2024-00091,2025-08,53.0,7.8,Stabil,16,1,6
USE-00091-202509,SME-2024-00091,2025-09,51.0,8.0,Stabil,6,0,7
USE-00091-202510,SME-2024-00091,2025-10,52.1,7.4,Stabil,58,1,7
USE-00091-202511,SME-2024-00091,2025-11,52.1,7.7,Stabil,29,2,7
USE-00091-202512,SME-2024-00091,2025-12,57.6,8.4,Stabil,10,1,7
USE-00091-202601,SME-2024-00091,2026-01,50.5,7.7,Stabil,12,0,7
USE-00091-202602,SME-2024-00091,2026-02,54.3,7.9,Stabil,2,2,7
USE-00091-202603,SME-2024-00091,2026-03,51.3,8.5,Stabil,2,0,7
USE-00091-202604,SME-2024-00091,2026-04,54.7,8.5,Stabil,18,1,7
USE-00091-202605,SME-2024-00091,2026-05,52.3,7.7,Stabil,23,2,8
USE-00091-202606,SME-2024-00091,2026-06,50.6,7.1,Stabil,170,1,8
USE-00092-202507,SME-2024-00092,2025-07,90.2,14.1,Stabil,80,0,8
USE-00092-202508,SME-2024-00092,2025-08,88.5,13.4,Fluktuatif,7,1,8
USE-00092-202509,SME-2024-00092,2025-09,90.2,13.8,Stabil,27,1,7
USE-00092-202510,SME-2024-00092,2025-10,89.2,13.1,Stabil,1,2,8
USE-00092-202511,SME-2024-00092,2025-11,87.5,13.2,Stabil,32,0,7
USE-00092-202512,SME-2024-00092,2025-12,88.5,12.8,Stabil,30,1,7
USE-00092-202601,SME-2024-00092,2026-01,89.6,12.9,Fluktuatif,20,0,7
USE-00092-202602,SME-2024-00092,2026-02,90.0,13.6,Stabil,4,1,7
USE-00092-202603,SME-2024-00092,2026-03,87.3,13.3,Stabil,42,0,7
USE-00092-202604,SME-2024-00092,2026-04,88.9,13.0,Stabil,44,2,8
USE-00092-202605,SME-2024-00092,2026-05,90.0,14.2,Stabil,5,1,8
USE-00092-202606,SME-2024-00092,2026-06,85.8,13.4,Fluktuatif,8,1,7
USE-00093-202507,SME-2024-00093,2025-07,71.0,10.6,Fluktuatif,79,0,9
USE-00093-202508,SME-2024-00093,2025-08,73.6,11.6,Fluktuatif,5,1,9
USE-00093-202509,SME-2024-00093,2025-09,70.4,10.0,Stabil,26,2,8
USE-00093-202510,SME-2024-00093,2025-10,70.7,10.5,Stabil,93,3,8
USE-00093-202511,SME-2024-00093,2025-11,73.9,11.6,Fluktuatif,43,1,9
USE-00093-202512,SME-2024-00093,2025-12,73.1,11.2,Stabil,16,0,8
USE-00093-202601,SME-2024-00093,2026-01,72.2,10.8,Stabil,35,1,8
USE-00093-202602,SME-2024-00093,2026-02,72.4,11.1,Stabil,28,2,8
USE-00093-202603,SME-2024-00093,2026-03,68.5,10.1,Stabil,11,3,8
USE-00093-202604,SME-2024-00093,2026-04,74.6,11.4,Stabil,107,0,8
USE-00093-202605,SME-2024-00093,2026-05,68.3,9.9,Stabil,24,1,8
USE-00093-202606,SME-2024-00093,2026-06,70.7,10.1,Stabil,65,0,9
USE-00094-202507,SME-2024-00094,2025-07,89.9,13.7,Stabil,27,2,6
USE-00094-202508,SME-2024-00094,2025-08,91.7,14.0,Stabil,22,1,7
USE-00094-202509,SME-2024-00094,2025-09,93.2,13.6,Stabil,48,0,7
USE-00094-202510,SME-2024-00094,2025-10,88.0,12.7,Fluktuatif,1,3,8
USE-00094-202511,SME-2024-00094,2025-11,90.8,14.2,Stabil,1,2,7
USE-00094-202512,SME-2024-00094,2025-12,92.7,14.0,Fluktuatif,59,0,7
USE-00094-202601,SME-2024-00094,2026-01,94.1,13.7,Stabil,49,1,7
USE-00094-202602,SME-2024-00094,2026-02,94.0,14.1,Stabil,16,2,7
USE-00094-202603,SME-2024-00094,2026-03,91.4,13.9,Stabil,2,1,6
USE-00094-202604,SME-2024-00094,2026-04,93.8,13.9,Stabil,18,2,7
USE-00094-202605,SME-2024-00094,2026-05,93.2,14.3,Stabil,12,1,7
USE-00094-202606,SME-2024-00094,2026-06,93.2,14.5,Fluktuatif,110,2,7
USE-00095-202507,SME-2024-00095,2025-07,78.2,11.6,Fluktuatif,27,2,8
USE-00095-202508,SME-2024-00095,2025-08,78.0,10.8,Stabil,7,0,9
USE-00095-202509,SME-2024-00095,2025-09,73.8,11.9,Stabil,4,0,8
USE-00095-202510,SME-2024-00095,2025-10,75.4,10.8,Fluktuatif,22,1,8
USE-00095-202511,SME-2024-00095,2025-11,75.4,11.3,Fluktuatif,25,3,8
USE-00095-202512,SME-2024-00095,2025-12,74.2,11.5,Stabil,0,2,9
USE-00095-202601,SME-2024-00095,2026-01,74.5,12.0,Stabil,12,0,8
USE-00095-202602,SME-2024-00095,2026-02,78.6,11.8,Stabil,2,3,8
USE-00095-202603,SME-2024-00095,2026-03,77.4,12.2,Stabil,102,1,8
USE-00095-202604,SME-2024-00095,2026-04,74.5,11.5,Stabil,16,0,9
USE-00095-202605,SME-2024-00095,2026-05,73.3,10.3,Fluktuatif,54,2,8
USE-00095-202606,SME-2024-00095,2026-06,75.5,12.0,Stabil,52,2,8
USE-00096-202507,SME-2024-00096,2025-07,87.1,12.1,Stabil,2,0,7
USE-00096-202508,SME-2024-00096,2025-08,85.3,12.6,Stabil,67,2,7
USE-00096-202509,SME-2024-00096,2025-09,87.9,12.6,Fluktuatif,2,1,7
USE-00096-202510,SME-2024-00096,2025-10,87.9,13.3,Fluktuatif,16,0,7
USE-00096-202511,SME-2024-00096,2025-11,87.3,13.0,Stabil,40,2,7
USE-00096-202512,SME-2024-00096,2025-12,85.6,12.4,Stabil,24,1,7
USE-00096-202601,SME-2024-00096,2026-01,85.5,13.0,Stabil,1,3,7
USE-00096-202602,SME-2024-00096,2026-02,87.3,13.4,Fluktuatif,7,0,7
USE-00096-202603,SME-2024-00096,2026-03,88.2,12.2,Stabil,41,1,7
USE-00096-202604,SME-2024-00096,2026-04,85.3,12.7,Stabil,0,1,7
USE-00096-202605,SME-2024-00096,2026-05,87.2,13.4,Stabil,32,3,7
USE-00096-202606,SME-2024-00096,2026-06,88.6,13.0,Stabil,8,0,7
USE-00097-202507,SME-2024-00097,2025-07,86.4,12.7,Fluktuatif,1,1,6
USE-00097-202508,SME-2024-00097,2025-08,84.7,12.2,Stabil,27,1,7
USE-00097-202509,SME-2024-00097,2025-09,86.6,13.5,Stabil,82,2,7
USE-00097-202510,SME-2024-00097,2025-10,86.5,13.3,Stabil,51,1,6
USE-00097-202511,SME-2024-00097,2025-11,85.5,13.2,Stabil,51,1,6
USE-00097-202512,SME-2024-00097,2025-12,84.2,14.0,Stabil,64,1,6
USE-00097-202601,SME-2024-00097,2026-01,91.0,14.2,Stabil,35,0,7
USE-00097-202602,SME-2024-00097,2026-02,87.7,12.6,Stabil,2,3,7
USE-00097-202603,SME-2024-00097,2026-03,86.2,12.1,Stabil,26,1,6
USE-00097-202604,SME-2024-00097,2026-04,87.2,13.4,Fluktuatif,34,1,6
USE-00097-202605,SME-2024-00097,2026-05,86.9,12.8,Stabil,157,0,6
USE-00097-202606,SME-2024-00097,2026-06,85.8,12.6,Fluktuatif,25,1,6
USE-00098-202507,SME-2024-00098,2025-07,72.0,10.7,Stabil,30,1,8
USE-00098-202508,SME-2024-00098,2025-08,72.9,10.2,Stabil,5,2,8
USE-00098-202509,SME-2024-00098,2025-09,74.9,10.9,Stabil,18,1,8
USE-00098-202510,SME-2024-00098,2025-10,71.9,10.9,Stabil,28,0,7
USE-00098-202511,SME-2024-00098,2025-11,68.7,10.1,Stabil,0,0,7
USE-00098-202512,SME-2024-00098,2025-12,71.0,10.2,Stabil,40,3,8
USE-00098-202601,SME-2024-00098,2026-01,74.9,11.8,Stabil,35,1,7
USE-00098-202602,SME-2024-00098,2026-02,74.1,11.2,Fluktuatif,32,0,8
USE-00098-202603,SME-2024-00098,2026-03,71.7,10.9,Stabil,22,3,8
USE-00098-202604,SME-2024-00098,2026-04,70.7,11.5,Stabil,61,0,8
USE-00098-202605,SME-2024-00098,2026-05,70.8,10.6,Stabil,2,1,8
USE-00098-202606,SME-2024-00098,2026-06,75.0,10.1,Stabil,72,1,7
USE-00099-202507,SME-2024-00099,2025-07,67.6,9.8,Naik,193,0,6
USE-00099-202508,SME-2024-00099,2025-08,71.1,10.4,Naik,34,3,6
USE-00099-202509,SME-2024-00099,2025-09,68.4,10.6,Naik,33,1,6
USE-00099-202510,SME-2024-00099,2025-10,71.2,11.2,Naik,6,2,6
USE-00099-202511,SME-2024-00099,2025-11,73.8,10.9,Naik,59,2,6
USE-00099-202512,SME-2024-00099,2025-12,71.3,9.7,Naik,25,2,7
USE-00099-202601,SME-2024-00099,2026-01,71.1,10.9,Naik,58,2,7
USE-00099-202602,SME-2024-00099,2026-02,70.9,10.4,Naik,22,1,7
USE-00099-202603,SME-2024-00099,2026-03,75.9,11.2,Naik,8,1,6
USE-00099-202604,SME-2024-00099,2026-04,75.1,11.8,Naik,58,2,7
USE-00099-202605,SME-2024-00099,2026-05,74.3,11.8,Naik,12,1,7
USE-00099-202606,SME-2024-00099,2026-06,75.7,11.0,Naik,3,0,7
USE-00100-202507,SME-2024-00100,2025-07,78.8,12.1,Stabil,24,0,8
USE-00100-202508,SME-2024-00100,2025-08,77.7,12.1,Stabil,4,2,9
USE-00100-202509,SME-2024-00100,2025-09,76.5,11.9,Stabil,23,2,8
USE-00100-202510,SME-2024-00100,2025-10,76.3,11.5,Fluktuatif,16,1,8
USE-00100-202511,SME-2024-00100,2025-11,80.0,11.5,Stabil,17,1,8
USE-00100-202512,SME-2024-00100,2025-12,81.8,11.8,Stabil,16,2,8
USE-00100-202601,SME-2024-00100,2026-01,77.6,12.4,Stabil,3,5,8
USE-00100-202602,SME-2024-00100,2026-02,76.4,11.5,Stabil,33,1,8
USE-00100-202603,SME-2024-00100,2026-03,76.6,12.0,Fluktuatif,13,1,8
USE-00100-202604,SME-2024-00100,2026-04,75.1,10.8,Fluktuatif,32,2,8
USE-00100-202605,SME-2024-00100,2026-05,75.4,11.3,Stabil,2,1,9
USE-00100-202606,SME-2024-00100,2026-06,78.3,12.0,Stabil,33,1,8
USE-00101-202507,SME-2024-00101,2025-07,90.1,13.4,Stabil,38,1,7
USE-00101-202508,SME-2024-00101,2025-08,87.8,13.3,Stabil,8,1,8
USE-00101-202509,SME-2024-00101,2025-09,93.8,14.5,Stabil,7,0,8
USE-00101-202510,SME-2024-00101,2025-10,93.7,13.9,Stabil,80,0,8
USE-00101-202511,SME-2024-00101,2025-11,94.9,13.9,Stabil,36,2,8
USE-00101-202512,SME-2024-00101,2025-12,90.0,12.4,Stabil,17,4,8
USE-00101-202601,SME-2024-00101,2026-01,93.6,14.5,Fluktuatif,35,1,8
USE-00101-202602,SME-2024-00101,2026-02,91.5,14.3,Stabil,10,3,8
USE-00101-202603,SME-2024-00101,2026-03,93.8,13.8,Stabil,40,1,8
USE-00101-202604,SME-2024-00101,2026-04,91.5,13.2,Stabil,34,1,8
USE-00101-202605,SME-2024-00101,2026-05,92.1,13.7,Fluktuatif,20,0,8
USE-00101-202606,SME-2024-00101,2026-06,89.8,14.0,Stabil,7,1,8
USE-00102-202507,SME-2024-00102,2025-07,91.0,13.8,Stabil,77,0,5
USE-00102-202508,SME-2024-00102,2025-08,86.8,13.1,Fluktuatif,12,1,6
USE-00102-202509,SME-2024-00102,2025-09,84.6,12.9,Stabil,21,1,6
USE-00102-202510,SME-2024-00102,2025-10,86.3,14.4,Stabil,3,1,7
USE-00102-202511,SME-2024-00102,2025-11,82.8,12.4,Stabil,50,0,6
USE-00102-202512,SME-2024-00102,2025-12,81.1,12.1,Stabil,73,1,6
USE-00102-202601,SME-2024-00102,2026-01,83.0,12.2,Stabil,12,0,6
USE-00102-202602,SME-2024-00102,2026-02,84.1,13.1,Fluktuatif,84,0,6
USE-00102-202603,SME-2024-00102,2026-03,83.9,12.7,Stabil,47,2,6
USE-00102-202604,SME-2024-00102,2026-04,84.7,13.1,Fluktuatif,3,4,6
USE-00102-202605,SME-2024-00102,2026-05,84.0,12.5,Stabil,2,1,6
USE-00102-202606,SME-2024-00102,2026-06,87.9,13.1,Stabil,26,0,6
USE-00103-202507,SME-2024-00103,2025-07,84.9,12.7,Stabil,17,1,8
USE-00103-202508,SME-2024-00103,2025-08,82.0,12.1,Stabil,4,1,8
USE-00103-202509,SME-2024-00103,2025-09,86.2,11.7,Fluktuatif,2,0,9
USE-00103-202510,SME-2024-00103,2025-10,82.7,12.7,Stabil,30,0,8
USE-00103-202511,SME-2024-00103,2025-11,78.8,11.5,Stabil,116,0,8
USE-00103-202512,SME-2024-00103,2025-12,81.9,11.6,Fluktuatif,6,0,8
USE-00103-202601,SME-2024-00103,2026-01,84.4,12.8,Stabil,33,3,8
USE-00103-202602,SME-2024-00103,2026-02,81.1,12.3,Stabil,5,2,7
USE-00103-202603,SME-2024-00103,2026-03,84.7,13.7,Fluktuatif,33,2,8
USE-00103-202604,SME-2024-00103,2026-04,82.4,12.5,Fluktuatif,11,0,8
USE-00103-202605,SME-2024-00103,2026-05,84.2,11.8,Stabil,1,0,8
USE-00103-202606,SME-2024-00103,2026-06,79.3,11.9,Stabil,23,0,8
USE-00104-202507,SME-2024-00104,2025-07,80.8,12.0,Stabil,5,0,7
USE-00104-202508,SME-2024-00104,2025-08,71.8,9.6,Stabil,49,1,7
USE-00104-202509,SME-2024-00104,2025-09,79.9,11.7,Stabil,1,0,6
USE-00104-202510,SME-2024-00104,2025-10,74.9,11.4,Stabil,28,1,7
USE-00104-202511,SME-2024-00104,2025-11,82.6,12.9,Stabil,0,1,6
USE-00104-202512,SME-2024-00104,2025-12,78.6,12.2,Fluktuatif,73,1,6
USE-00104-202601,SME-2024-00104,2026-01,78.8,12.2,Stabil,81,0,7
USE-00104-202602,SME-2024-00104,2026-02,77.1,11.3,Fluktuatif,15,1,6
USE-00104-202603,SME-2024-00104,2026-03,82.2,12.5,Stabil,17,1,7
USE-00104-202604,SME-2024-00104,2026-04,80.7,12.4,Stabil,155,0,7
USE-00104-202605,SME-2024-00104,2026-05,84.3,12.5,Stabil,0,2,6
USE-00104-202606,SME-2024-00104,2026-06,81.6,12.5,Stabil,29,0,7
USE-00105-202507,SME-2024-00105,2025-07,63.7,9.4,Fluktuatif,66,2,7
USE-00105-202508,SME-2024-00105,2025-08,65.5,10.1,Fluktuatif,78,1,7
USE-00105-202509,SME-2024-00105,2025-09,66.8,10.3,Stabil,46,1,6
USE-00105-202510,SME-2024-00105,2025-10,67.2,9.8,Fluktuatif,14,0,6
USE-00105-202511,SME-2024-00105,2025-11,65.7,10.4,Stabil,14,0,7
USE-00105-202512,SME-2024-00105,2025-12,66.5,10.5,Stabil,9,2,6
USE-00105-202601,SME-2024-00105,2026-01,68.1,9.9,Stabil,76,3,6
USE-00105-202602,SME-2024-00105,2026-02,66.1,9.2,Stabil,108,0,7
USE-00105-202603,SME-2024-00105,2026-03,66.2,9.7,Fluktuatif,5,0,7
USE-00105-202604,SME-2024-00105,2026-04,66.8,10.0,Stabil,1,1,7
USE-00105-202605,SME-2024-00105,2026-05,69.1,10.6,Stabil,19,3,7
USE-00105-202606,SME-2024-00105,2026-06,69.4,10.5,Stabil,48,2,6
USE-00106-202507,SME-2024-00106,2025-07,76.7,10.9,Fluktuatif,6,2,8
USE-00106-202508,SME-2024-00106,2025-08,76.4,11.9,Fluktuatif,4,1,8
USE-00106-202509,SME-2024-00106,2025-09,77.2,10.8,Fluktuatif,11,1,8
USE-00106-202510,SME-2024-00106,2025-10,81.7,12.3,Stabil,8,2,8
USE-00106-202511,SME-2024-00106,2025-11,75.6,12.2,Stabil,7,1,9
USE-00106-202512,SME-2024-00106,2025-12,81.5,12.0,Fluktuatif,10,1,8
USE-00106-202601,SME-2024-00106,2026-01,78.4,12.2,Fluktuatif,31,2,8
USE-00106-202602,SME-2024-00106,2026-02,80.7,11.8,Stabil,62,2,8
USE-00106-202603,SME-2024-00106,2026-03,82.0,12.9,Stabil,2,0,8
USE-00106-202604,SME-2024-00106,2026-04,82.2,11.8,Stabil,27,0,8
USE-00106-202605,SME-2024-00106,2026-05,81.1,11.6,Stabil,29,1,7
USE-00106-202606,SME-2024-00106,2026-06,83.1,12.1,Fluktuatif,6,2,8
USE-00107-202507,SME-2024-00107,2025-07,82.9,13.0,Stabil,59,1,6
USE-00107-202508,SME-2024-00107,2025-08,81.1,11.2,Stabil,27,0,6
USE-00107-202509,SME-2024-00107,2025-09,78.4,12.1,Stabil,16,1,6
USE-00107-202510,SME-2024-00107,2025-10,79.6,12.7,Stabil,17,1,7
USE-00107-202511,SME-2024-00107,2025-11,79.8,12.1,Stabil,44,0,6
USE-00107-202512,SME-2024-00107,2025-12,77.2,11.6,Stabil,107,1,6
USE-00107-202601,SME-2024-00107,2026-01,80.5,11.6,Stabil,55,2,6
USE-00107-202602,SME-2024-00107,2026-02,79.1,11.6,Stabil,1,0,6
USE-00107-202603,SME-2024-00107,2026-03,76.8,11.1,Fluktuatif,12,1,6
USE-00107-202604,SME-2024-00107,2026-04,73.9,10.8,Fluktuatif,34,0,6
USE-00107-202605,SME-2024-00107,2026-05,75.7,11.3,Stabil,12,0,5
USE-00107-202606,SME-2024-00107,2026-06,75.3,11.8,Fluktuatif,27,2,6
USE-00108-202507,SME-2024-00108,2025-07,70.3,9.6,Fluktuatif,10,2,6
USE-00108-202508,SME-2024-00108,2025-08,68.6,10.1,Fluktuatif,6,0,7
USE-00108-202509,SME-2024-00108,2025-09,69.5,10.5,Fluktuatif,28,1,7
USE-00108-202510,SME-2024-00108,2025-10,66.9,10.2,Stabil,12,2,7
USE-00108-202511,SME-2024-00108,2025-11,68.3,10.6,Stabil,50,1,7
USE-00108-202512,SME-2024-00108,2025-12,72.0,10.4,Fluktuatif,2,0,7
USE-00108-202601,SME-2024-00108,2026-01,75.3,11.0,Fluktuatif,55,2,6
USE-00108-202602,SME-2024-00108,2026-02,73.2,10.5,Stabil,1,1,7
USE-00108-202603,SME-2024-00108,2026-03,77.0,10.5,Fluktuatif,21,1,7
USE-00108-202604,SME-2024-00108,2026-04,73.2,11.0,Stabil,42,4,7
USE-00108-202605,SME-2024-00108,2026-05,79.0,11.5,Stabil,11,0,7
USE-00108-202606,SME-2024-00108,2026-06,74.8,11.0,Stabil,20,2,6
USE-00109-202507,SME-2024-00109,2025-07,73.6,10.8,Turun,51,1,6
USE-00109-202508,SME-2024-00109,2025-08,75.6,11.5,Turun,23,3,6
USE-00109-202509,SME-2024-00109,2025-09,74.7,11.1,Turun,42,0,6
USE-00109-202510,SME-2024-00109,2025-10,74.7,11.3,Turun,9,0,6
USE-00109-202511,SME-2024-00109,2025-11,71.1,10.2,Turun,7,1,6
USE-00109-202512,SME-2024-00109,2025-12,70.2,10.4,Turun,5,1,7
USE-00109-202601,SME-2024-00109,2026-01,65.9,9.5,Turun,89,2,6
USE-00109-202602,SME-2024-00109,2026-02,68.1,9.8,Turun,39,0,6
USE-00109-202603,SME-2024-00109,2026-03,64.5,9.7,Turun,51,2,6
USE-00109-202604,SME-2024-00109,2026-04,63.0,9.9,Turun,15,1,6
USE-00109-202605,SME-2024-00109,2026-05,66.3,11.5,Turun,106,0,6
USE-00109-202606,SME-2024-00109,2026-06,61.7,9.4,Turun,16,1,6
USE-00110-202507,SME-2024-00110,2025-07,75.5,10.8,Stabil,29,3,8
USE-00110-202508,SME-2024-00110,2025-08,74.3,12.3,Fluktuatif,24,1,8
USE-00110-202509,SME-2024-00110,2025-09,75.3,11.2,Stabil,44,1,7
USE-00110-202510,SME-2024-00110,2025-10,75.9,11.7,Stabil,162,3,8
USE-00110-202511,SME-2024-00110,2025-11,77.6,10.8,Fluktuatif,35,1,8
USE-00110-202512,SME-2024-00110,2025-12,75.2,11.6,Stabil,23,0,8
USE-00110-202601,SME-2024-00110,2026-01,79.9,12.1,Stabil,4,2,8
USE-00110-202602,SME-2024-00110,2026-02,74.2,10.7,Stabil,21,2,8
USE-00110-202603,SME-2024-00110,2026-03,75.9,11.0,Stabil,194,1,7
USE-00110-202604,SME-2024-00110,2026-04,76.8,11.4,Stabil,40,1,7
USE-00110-202605,SME-2024-00110,2026-05,76.4,10.9,Fluktuatif,16,2,7
USE-00110-202606,SME-2024-00110,2026-06,78.6,12.1,Stabil,30,2,7
USE-00111-202507,SME-2024-00111,2025-07,75.8,10.8,Stabil,1,0,6
USE-00111-202508,SME-2024-00111,2025-08,76.0,11.2,Fluktuatif,6,1,6
USE-00111-202509,SME-2024-00111,2025-09,76.9,12.1,Stabil,6,1,6
USE-00111-202510,SME-2024-00111,2025-10,73.6,11.5,Stabil,10,0,6
USE-00111-202511,SME-2024-00111,2025-11,72.4,11.1,Stabil,16,0,6
USE-00111-202512,SME-2024-00111,2025-12,77.6,10.5,Stabil,35,3,6
USE-00111-202601,SME-2024-00111,2026-01,79.3,12.4,Stabil,16,1,7
USE-00111-202602,SME-2024-00111,2026-02,78.1,10.5,Fluktuatif,13,2,6
USE-00111-202603,SME-2024-00111,2026-03,77.0,10.7,Fluktuatif,44,1,7
USE-00111-202604,SME-2024-00111,2026-04,78.3,11.1,Stabil,108,0,6
USE-00111-202605,SME-2024-00111,2026-05,75.3,11.6,Fluktuatif,10,0,6
USE-00111-202606,SME-2024-00111,2026-06,73.3,11.1,Stabil,18,0,7
USE-00112-202507,SME-2024-00112,2025-07,53.3,8.1,Turun,3,0,9
USE-00112-202508,SME-2024-00112,2025-08,52.0,7.6,Turun,19,2,8
USE-00112-202509,SME-2024-00112,2025-09,49.1,6.9,Turun,7,2,8
USE-00112-202510,SME-2024-00112,2025-10,49.7,7.7,Turun,16,0,8
USE-00112-202511,SME-2024-00112,2025-11,49.6,7.0,Turun,38,0,8
USE-00112-202512,SME-2024-00112,2025-12,49.1,7.2,Turun,10,0,9
USE-00112-202601,SME-2024-00112,2026-01,47.1,7.3,Turun,33,1,8
USE-00112-202602,SME-2024-00112,2026-02,44.2,6.0,Turun,30,3,8
USE-00112-202603,SME-2024-00112,2026-03,46.6,7.2,Turun,3,1,9
USE-00112-202604,SME-2024-00112,2026-04,46.1,7.0,Turun,89,0,9
USE-00112-202605,SME-2024-00112,2026-05,41.6,5.9,Turun,24,2,8
USE-00112-202606,SME-2024-00112,2026-06,43.8,5.6,Turun,22,4,8
USE-00113-202507,SME-2024-00113,2025-07,90.0,13.6,Stabil,23,0,6
USE-00113-202508,SME-2024-00113,2025-08,92.8,14.2,Stabil,1,1,7
USE-00113-202509,SME-2024-00113,2025-09,90.2,13.9,Stabil,42,0,7
USE-00113-202510,SME-2024-00113,2025-10,90.2,13.5,Fluktuatif,34,0,6
USE-00113-202511,SME-2024-00113,2025-11,90.7,14.1,Fluktuatif,69,1,6
USE-00113-202512,SME-2024-00113,2025-12,94.7,14.0,Stabil,52,3,7
USE-00113-202601,SME-2024-00113,2026-01,93.3,13.9,Fluktuatif,13,1,7
USE-00113-202602,SME-2024-00113,2026-02,91.7,13.5,Stabil,45,0,7
USE-00113-202603,SME-2024-00113,2026-03,94.2,13.8,Stabil,8,1,6
USE-00113-202604,SME-2024-00113,2026-04,93.9,14.5,Fluktuatif,129,1,7
USE-00113-202605,SME-2024-00113,2026-05,94.4,13.5,Fluktuatif,23,0,7
USE-00113-202606,SME-2024-00113,2026-06,92.1,14.5,Stabil,9,3,7
USE-00114-202507,SME-2024-00114,2025-07,56.6,8.2,Turun,44,1,8
USE-00114-202508,SME-2024-00114,2025-08,54.0,8.0,Turun,36,1,7
USE-00114-202509,SME-2024-00114,2025-09,52.8,7.9,Turun,23,2,7
USE-00114-202510,SME-2024-00114,2025-10,56.8,8.8,Turun,7,0,8
USE-00114-202511,SME-2024-00114,2025-11,49.8,7.8,Turun,80,2,8
USE-00114-202512,SME-2024-00114,2025-12,48.8,6.9,Turun,23,1,7
USE-00114-202601,SME-2024-00114,2026-01,47.0,7.0,Turun,48,0,8
USE-00114-202602,SME-2024-00114,2026-02,48.2,7.4,Turun,17,1,8
USE-00114-202603,SME-2024-00114,2026-03,49.8,7.1,Turun,15,2,8
USE-00114-202604,SME-2024-00114,2026-04,49.0,7.2,Turun,4,0,8
USE-00114-202605,SME-2024-00114,2026-05,47.5,7.7,Turun,85,1,8
USE-00114-202606,SME-2024-00114,2026-06,41.6,6.6,Turun,13,0,8
USE-00115-202507,SME-2024-00115,2025-07,74.8,10.8,Stabil,30,1,8
USE-00115-202508,SME-2024-00115,2025-08,76.1,11.1,Fluktuatif,7,1,7
USE-00115-202509,SME-2024-00115,2025-09,78.0,11.8,Stabil,214,0,7
USE-00115-202510,SME-2024-00115,2025-10,78.2,12.1,Stabil,12,4,9
USE-00115-202511,SME-2024-00115,2025-11,77.1,11.5,Stabil,159,1,8
USE-00115-202512,SME-2024-00115,2025-12,78.2,11.9,Stabil,32,4,8
USE-00115-202601,SME-2024-00115,2026-01,79.1,11.5,Stabil,5,0,8
USE-00115-202602,SME-2024-00115,2026-02,74.3,11.6,Fluktuatif,33,1,8
USE-00115-202603,SME-2024-00115,2026-03,77.7,11.6,Fluktuatif,28,1,9
USE-00115-202604,SME-2024-00115,2026-04,75.2,11.3,Stabil,8,2,8
USE-00115-202605,SME-2024-00115,2026-05,80.0,11.4,Fluktuatif,72,2,8
USE-00115-202606,SME-2024-00115,2026-06,77.6,11.9,Stabil,23,3,8
USE-00116-202507,SME-2024-00116,2025-07,78.5,12.3,Stabil,7,2,6
USE-00116-202508,SME-2024-00116,2025-08,78.4,11.5,Stabil,41,1,7
USE-00116-202509,SME-2024-00116,2025-09,76.2,10.8,Stabil,11,0,7
USE-00116-202510,SME-2024-00116,2025-10,75.4,11.1,Stabil,13,0,7
USE-00116-202511,SME-2024-00116,2025-11,73.1,11.8,Stabil,10,1,7
USE-00116-202512,SME-2024-00116,2025-12,78.8,12.3,Fluktuatif,67,2,7
USE-00116-202601,SME-2024-00116,2026-01,75.9,11.1,Fluktuatif,63,0,7
USE-00116-202602,SME-2024-00116,2026-02,73.5,11.4,Fluktuatif,34,1,7
USE-00116-202603,SME-2024-00116,2026-03,78.3,11.0,Stabil,133,2,7
USE-00116-202604,SME-2024-00116,2026-04,74.0,10.2,Stabil,62,3,7
USE-00116-202605,SME-2024-00116,2026-05,74.0,11.5,Stabil,201,1,7
USE-00116-202606,SME-2024-00116,2026-06,76.0,11.0,Stabil,32,1,6
USE-00117-202507,SME-2024-00117,2025-07,79.8,12.0,Fluktuatif,8,2,6
USE-00117-202508,SME-2024-00117,2025-08,81.9,12.4,Fluktuatif,46,1,7
USE-00117-202509,SME-2024-00117,2025-09,82.5,12.9,Stabil,27,2,7
USE-00117-202510,SME-2024-00117,2025-10,86.1,13.7,Stabil,32,0,6
USE-00117-202511,SME-2024-00117,2025-11,84.7,12.3,Fluktuatif,14,2,7
USE-00117-202512,SME-2024-00117,2025-12,79.7,12.0,Fluktuatif,14,3,7
USE-00117-202601,SME-2024-00117,2026-01,80.2,11.1,Stabil,22,0,7
USE-00117-202602,SME-2024-00117,2026-02,83.1,13.1,Stabil,8,1,7
USE-00117-202603,SME-2024-00117,2026-03,83.3,12.0,Stabil,17,0,6
USE-00117-202604,SME-2024-00117,2026-04,80.1,11.8,Stabil,40,0,6
USE-00117-202605,SME-2024-00117,2026-05,80.1,12.1,Fluktuatif,9,1,6
USE-00117-202606,SME-2024-00117,2026-06,81.7,12.2,Stabil,24,2,8
USE-00118-202507,SME-2024-00118,2025-07,80.8,12.0,Stabil,57,0,8
USE-00118-202508,SME-2024-00118,2025-08,78.7,11.4,Stabil,1,0,8
USE-00118-202509,SME-2024-00118,2025-09,82.4,12.0,Stabil,61,0,6
USE-00118-202510,SME-2024-00118,2025-10,84.7,11.1,Stabil,24,1,8
USE-00118-202511,SME-2024-00118,2025-11,79.0,11.8,Stabil,35,0,8
USE-00118-202512,SME-2024-00118,2025-12,81.3,11.2,Fluktuatif,77,0,7
USE-00118-202601,SME-2024-00118,2026-01,81.7,12.6,Stabil,58,4,7
USE-00118-202602,SME-2024-00118,2026-02,87.7,12.6,Stabil,18,2,7
USE-00118-202603,SME-2024-00118,2026-03,87.5,12.6,Stabil,12,0,8
USE-00118-202604,SME-2024-00118,2026-04,83.3,13.2,Stabil,2,3,7
USE-00118-202605,SME-2024-00118,2026-05,83.3,12.7,Stabil,155,0,7
USE-00118-202606,SME-2024-00118,2026-06,87.6,13.0,Stabil,3,1,8
USE-00119-202507,SME-2024-00119,2025-07,63.1,9.2,Stabil,49,0,6
USE-00119-202508,SME-2024-00119,2025-08,62.7,8.9,Stabil,10,0,7
USE-00119-202509,SME-2024-00119,2025-09,57.3,8.9,Fluktuatif,7,2,6
USE-00119-202510,SME-2024-00119,2025-10,63.3,9.3,Fluktuatif,5,2,6
USE-00119-202511,SME-2024-00119,2025-11,59.0,9.0,Stabil,9,1,7
USE-00119-202512,SME-2024-00119,2025-12,57.9,8.3,Stabil,49,0,6
USE-00119-202601,SME-2024-00119,2026-01,61.0,9.4,Stabil,11,0,7
USE-00119-202602,SME-2024-00119,2026-02,56.8,9.2,Fluktuatif,29,0,6
USE-00119-202603,SME-2024-00119,2026-03,58.3,8.9,Fluktuatif,1,1,6
USE-00119-202604,SME-2024-00119,2026-04,60.5,8.4,Stabil,9,1,6
USE-00119-202605,SME-2024-00119,2026-05,54.5,8.4,Stabil,5,0,6
USE-00119-202606,SME-2024-00119,2026-06,54.3,8.3,Stabil,15,3,7
USE-00120-202507,SME-2024-00120,2025-07,78.4,11.7,Stabil,6,0,8
USE-00120-202508,SME-2024-00120,2025-08,77.5,11.1,Fluktuatif,55,0,8
USE-00120-202509,SME-2024-00120,2025-09,79.7,11.0,Stabil,51,0,8
USE-00120-202510,SME-2024-00120,2025-10,80.5,11.6,Stabil,14,2,8
USE-00120-202511,SME-2024-00120,2025-11,80.3,12.8,Stabil,13,1,8
USE-00120-202512,SME-2024-00120,2025-12,78.2,10.8,Fluktuatif,26,1,8
USE-00120-202601,SME-2024-00120,2026-01,76.9,11.7,Stabil,50,1,8
USE-00120-202602,SME-2024-00120,2026-02,82.4,12.8,Stabil,25,3,9
USE-00120-202603,SME-2024-00120,2026-03,78.5,12.1,Stabil,24,1,8
USE-00120-202604,SME-2024-00120,2026-04,78.3,12.2,Stabil,63,0,8
USE-00120-202605,SME-2024-00120,2026-05,76.7,11.1,Fluktuatif,9,1,8
USE-00120-202606,SME-2024-00120,2026-06,78.0,11.8,Stabil,12,3,9
USE-00121-202507,SME-2024-00121,2025-07,62.8,9.3,Stabil,158,0,6
USE-00121-202508,SME-2024-00121,2025-08,62.1,8.5,Stabil,51,2,7
USE-00121-202509,SME-2024-00121,2025-09,63.1,8.6,Stabil,105,0,6
USE-00121-202510,SME-2024-00121,2025-10,64.2,9.8,Fluktuatif,95,0,6
USE-00121-202511,SME-2024-00121,2025-11,61.8,9.9,Fluktuatif,35,1,6
USE-00121-202512,SME-2024-00121,2025-12,61.1,9.5,Stabil,26,2,6
USE-00121-202601,SME-2024-00121,2026-01,66.0,9.9,Stabil,4,2,6
USE-00121-202602,SME-2024-00121,2026-02,67.1,9.5,Stabil,12,3,6
USE-00121-202603,SME-2024-00121,2026-03,64.5,9.4,Stabil,3,1,6
USE-00121-202604,SME-2024-00121,2026-04,57.2,8.7,Stabil,62,3,6
USE-00121-202605,SME-2024-00121,2026-05,63.7,9.6,Fluktuatif,61,2,7
USE-00121-202606,SME-2024-00121,2026-06,60.3,9.6,Fluktuatif,93,1,6
USE-00122-202507,SME-2024-00122,2025-07,91.8,14.1,Fluktuatif,39,0,9
USE-00122-202508,SME-2024-00122,2025-08,89.2,13.9,Fluktuatif,94,1,8
USE-00122-202509,SME-2024-00122,2025-09,92.7,14.4,Stabil,168,3,8
USE-00122-202510,SME-2024-00122,2025-10,92.7,13.8,Stabil,95,1,9
USE-00122-202511,SME-2024-00122,2025-11,96.1,14.9,Fluktuatif,3,1,8
USE-00122-202512,SME-2024-00122,2025-12,95.6,13.9,Stabil,5,1,8
USE-00122-202601,SME-2024-00122,2026-01,96.7,14.7,Stabil,24,2,9
USE-00122-202602,SME-2024-00122,2026-02,94.4,14.2,Fluktuatif,16,1,8
USE-00122-202603,SME-2024-00122,2026-03,92.1,13.6,Stabil,44,1,8
USE-00122-202604,SME-2024-00122,2026-04,91.1,12.8,Stabil,4,2,8
USE-00122-202605,SME-2024-00122,2026-05,90.8,14.0,Stabil,1,1,8
USE-00122-202606,SME-2024-00122,2026-06,95.5,14.0,Fluktuatif,19,1,8
USE-00123-202507,SME-2024-00123,2025-07,72.4,10.6,Stabil,44,3,7
USE-00123-202508,SME-2024-00123,2025-08,73.9,11.2,Stabil,89,0,6
USE-00123-202509,SME-2024-00123,2025-09,76.1,11.4,Stabil,24,1,6
USE-00123-202510,SME-2024-00123,2025-10,74.8,11.0,Fluktuatif,97,2,6
USE-00123-202511,SME-2024-00123,2025-11,72.7,10.1,Stabil,19,3,7
USE-00123-202512,SME-2024-00123,2025-12,73.0,10.8,Stabil,37,0,6
USE-00123-202601,SME-2024-00123,2026-01,72.9,11.6,Stabil,12,0,6
USE-00123-202602,SME-2024-00123,2026-02,71.2,10.7,Stabil,23,2,7
USE-00123-202603,SME-2024-00123,2026-03,71.1,11.0,Stabil,77,2,7
USE-00123-202604,SME-2024-00123,2026-04,73.8,10.7,Stabil,44,1,7
USE-00123-202605,SME-2024-00123,2026-05,69.4,10.6,Stabil,14,2,7
USE-00123-202606,SME-2024-00123,2026-06,73.2,11.9,Fluktuatif,29,0,6
USE-00124-202507,SME-2024-00124,2025-07,93.9,14.1,Stabil,28,1,7
USE-00124-202508,SME-2024-00124,2025-08,90.9,13.8,Stabil,13,0,7
USE-00124-202509,SME-2024-00124,2025-09,91.0,13.0,Stabil,2,1,7
USE-00124-202510,SME-2024-00124,2025-10,91.9,14.7,Stabil,37,4,7
USE-00124-202511,SME-2024-00124,2025-11,90.7,13.2,Stabil,23,1,7
USE-00124-202512,SME-2024-00124,2025-12,89.5,14.6,Fluktuatif,40,1,7
USE-00124-202601,SME-2024-00124,2026-01,91.8,15.1,Stabil,174,1,8
USE-00124-202602,SME-2024-00124,2026-02,94.2,14.0,Stabil,39,2,7
USE-00124-202603,SME-2024-00124,2026-03,85.5,13.4,Stabil,11,0,7
USE-00124-202604,SME-2024-00124,2026-04,87.3,13.7,Stabil,145,1,6
USE-00124-202605,SME-2024-00124,2026-05,89.3,13.8,Stabil,27,1,7
USE-00124-202606,SME-2024-00124,2026-06,86.4,12.9,Stabil,35,1,7
USE-00125-202507,SME-2024-00125,2025-07,64.6,10.2,Stabil,29,1,7
USE-00125-202508,SME-2024-00125,2025-08,66.8,9.6,Stabil,14,1,7
USE-00125-202509,SME-2024-00125,2025-09,64.1,9.8,Fluktuatif,22,0,8
USE-00125-202510,SME-2024-00125,2025-10,67.1,9.6,Stabil,25,1,7
USE-00125-202511,SME-2024-00125,2025-11,66.2,10.5,Stabil,84,1,8
USE-00125-202512,SME-2024-00125,2025-12,68.8,10.6,Stabil,80,0,7
USE-00125-202601,SME-2024-00125,2026-01,66.2,9.4,Stabil,59,0,7
USE-00125-202602,SME-2024-00125,2026-02,67.4,9.2,Stabil,53,1,7
USE-00125-202603,SME-2024-00125,2026-03,70.7,10.0,Stabil,79,0,7
USE-00125-202604,SME-2024-00125,2026-04,70.8,10.8,Fluktuatif,75,1,8
USE-00125-202605,SME-2024-00125,2026-05,68.3,11.1,Stabil,32,2,7
USE-00125-202606,SME-2024-00125,2026-06,69.3,10.5,Fluktuatif,19,2,8
USE-00126-202507,SME-2024-00126,2025-07,53.7,8.4,Turun,34,1,8
USE-00126-202508,SME-2024-00126,2025-08,49.9,7.3,Turun,2,0,8
USE-00126-202509,SME-2024-00126,2025-09,47.7,7.4,Turun,62,1,8
USE-00126-202510,SME-2024-00126,2025-10,46.8,7.4,Turun,32,1,8
USE-00126-202511,SME-2024-00126,2025-11,47.8,6.8,Turun,8,1,7
USE-00126-202512,SME-2024-00126,2025-12,45.8,6.9,Turun,52,1,8
USE-00126-202601,SME-2024-00126,2026-01,44.6,5.9,Turun,57,0,8
USE-00126-202602,SME-2024-00126,2026-02,45.4,6.6,Turun,6,1,8
USE-00126-202603,SME-2024-00126,2026-03,42.6,7.0,Turun,138,1,7
USE-00126-202604,SME-2024-00126,2026-04,41.7,5.8,Turun,84,0,8
USE-00126-202605,SME-2024-00126,2026-05,37.7,5.8,Turun,37,0,7
USE-00126-202606,SME-2024-00126,2026-06,37.0,5.8,Turun,3,3,7
USE-00127-202507,SME-2024-00127,2025-07,89.8,13.5,Stabil,1,1,6
USE-00127-202508,SME-2024-00127,2025-08,84.6,12.8,Stabil,69,1,7
USE-00127-202509,SME-2024-00127,2025-09,86.9,13.7,Fluktuatif,17,1,7
USE-00127-202510,SME-2024-00127,2025-10,86.5,12.5,Stabil,17,1,7
USE-00127-202511,SME-2024-00127,2025-11,88.5,13.0,Stabil,29,2,7
USE-00127-202512,SME-2024-00127,2025-12,84.9,12.7,Stabil,9,2,6
USE-00127-202601,SME-2024-00127,2026-01,87.5,12.8,Stabil,16,2,7
USE-00127-202602,SME-2024-00127,2026-02,86.4,13.3,Stabil,50,0,7
USE-00127-202603,SME-2024-00127,2026-03,85.9,12.1,Fluktuatif,28,0,7
USE-00127-202604,SME-2024-00127,2026-04,84.9,12.2,Fluktuatif,322,1,7
USE-00127-202605,SME-2024-00127,2026-05,88.0,13.3,Stabil,63,1,6
USE-00127-202606,SME-2024-00127,2026-06,87.4,12.8,Stabil,21,2,7
USE-00128-202507,SME-2024-00128,2025-07,82.6,12.6,Fluktuatif,13,2,8
USE-00128-202508,SME-2024-00128,2025-08,85.3,13.0,Stabil,6,1,9
USE-00128-202509,SME-2024-00128,2025-09,89.1,12.6,Stabil,12,0,8
USE-00128-202510,SME-2024-00128,2025-10,85.5,13.7,Stabil,29,1,8
USE-00128-202511,SME-2024-00128,2025-11,82.6,12.9,Stabil,0,1,9
USE-00128-202512,SME-2024-00128,2025-12,81.9,12.3,Stabil,13,1,8
USE-00128-202601,SME-2024-00128,2026-01,85.1,12.6,Fluktuatif,14,0,9
USE-00128-202602,SME-2024-00128,2026-02,89.1,13.7,Fluktuatif,0,0,8
USE-00128-202603,SME-2024-00128,2026-03,85.3,12.1,Stabil,4,2,8
USE-00128-202604,SME-2024-00128,2026-04,85.2,12.2,Stabil,42,1,9
USE-00128-202605,SME-2024-00128,2026-05,84.8,13.4,Stabil,21,0,8
USE-00128-202606,SME-2024-00128,2026-06,87.6,14.0,Stabil,8,1,8
USE-00129-202507,SME-2024-00129,2025-07,84.4,12.3,Stabil,62,1,7
USE-00129-202508,SME-2024-00129,2025-08,83.9,12.0,Fluktuatif,55,1,7
USE-00129-202509,SME-2024-00129,2025-09,85.4,13.5,Fluktuatif,65,1,7
USE-00129-202510,SME-2024-00129,2025-10,82.6,13.2,Fluktuatif,26,1,7
USE-00129-202511,SME-2024-00129,2025-11,84.1,12.8,Stabil,53,1,7
USE-00129-202512,SME-2024-00129,2025-12,81.1,12.3,Fluktuatif,10,1,6
USE-00129-202601,SME-2024-00129,2026-01,81.9,12.1,Stabil,43,0,6
USE-00129-202602,SME-2024-00129,2026-02,82.2,12.5,Fluktuatif,12,2,7
USE-00129-202603,SME-2024-00129,2026-03,85.4,13.1,Stabil,19,3,8
USE-00129-202604,SME-2024-00129,2026-04,82.0,12.7,Stabil,1,0,7
USE-00129-202605,SME-2024-00129,2026-05,80.6,12.9,Stabil,28,2,7
USE-00129-202606,SME-2024-00129,2026-06,81.2,12.2,Stabil,40,4,7
USE-00130-202507,SME-2024-00130,2025-07,67.2,9.7,Stabil,23,4,6
USE-00130-202508,SME-2024-00130,2025-08,67.1,11.3,Fluktuatif,104,0,8
USE-00130-202509,SME-2024-00130,2025-09,65.9,9.5,Stabil,9,1,7
USE-00130-202510,SME-2024-00130,2025-10,68.5,10.4,Stabil,45,0,8
USE-00130-202511,SME-2024-00130,2025-11,65.4,10.7,Stabil,75,1,8
USE-00130-202512,SME-2024-00130,2025-12,64.4,10.2,Stabil,1,1,8
USE-00130-202601,SME-2024-00130,2026-01,64.0,8.8,Stabil,48,3,7
USE-00130-202602,SME-2024-00130,2026-02,63.7,9.9,Stabil,0,0,7
USE-00130-202603,SME-2024-00130,2026-03,63.7,8.6,Stabil,6,1,7
USE-00130-202604,SME-2024-00130,2026-04,61.3,9.2,Stabil,47,0,7
USE-00130-202605,SME-2024-00130,2026-05,62.7,10.4,Fluktuatif,26,2,7
USE-00130-202606,SME-2024-00130,2026-06,59.5,9.1,Stabil,5,3,7
USE-00131-202507,SME-2024-00131,2025-07,66.2,10.5,Turun,11,1,8
USE-00131-202508,SME-2024-00131,2025-08,62.9,8.9,Turun,132,0,8
USE-00131-202509,SME-2024-00131,2025-09,61.5,8.9,Turun,57,2,7
USE-00131-202510,SME-2024-00131,2025-10,63.8,9.7,Turun,2,1,8
USE-00131-202511,SME-2024-00131,2025-11,61.6,9.2,Turun,28,0,8
USE-00131-202512,SME-2024-00131,2025-12,57.0,7.8,Turun,5,0,8
USE-00131-202601,SME-2024-00131,2026-01,63.2,9.1,Turun,1,0,8
USE-00131-202602,SME-2024-00131,2026-02,57.3,8.2,Turun,47,3,7
USE-00131-202603,SME-2024-00131,2026-03,59.2,9.2,Turun,5,1,7
USE-00131-202604,SME-2024-00131,2026-04,59.9,9.5,Turun,4,0,7
USE-00131-202605,SME-2024-00131,2026-05,57.6,8.6,Turun,20,3,8
USE-00131-202606,SME-2024-00131,2026-06,55.4,8.2,Turun,13,1,8
USE-00132-202507,SME-2024-00132,2025-07,85.9,13.0,Fluktuatif,19,1,8
USE-00132-202508,SME-2024-00132,2025-08,82.6,12.1,Stabil,15,0,7
USE-00132-202509,SME-2024-00132,2025-09,81.6,12.5,Stabil,1,3,8
USE-00132-202510,SME-2024-00132,2025-10,83.4,12.5,Stabil,21,2,7
USE-00132-202511,SME-2024-00132,2025-11,81.6,12.3,Stabil,25,1,7
USE-00132-202512,SME-2024-00132,2025-12,79.2,11.4,Stabil,25,3,8
USE-00132-202601,SME-2024-00132,2026-01,81.9,12.0,Stabil,1,1,8
USE-00132-202602,SME-2024-00132,2026-02,82.3,12.9,Stabil,27,1,7
USE-00132-202603,SME-2024-00132,2026-03,81.7,12.4,Stabil,4,0,7
USE-00132-202604,SME-2024-00132,2026-04,84.0,13.7,Fluktuatif,17,1,7
USE-00132-202605,SME-2024-00132,2026-05,80.6,12.1,Stabil,39,1,7
USE-00132-202606,SME-2024-00132,2026-06,81.2,11.9,Stabil,6,0,8
USE-00133-202507,SME-2024-00133,2025-07,86.4,12.6,Stabil,67,2,7
USE-00133-202508,SME-2024-00133,2025-08,85.8,13.0,Stabil,5,1,7
USE-00133-202509,SME-2024-00133,2025-09,81.9,11.6,Stabil,38,1,7
USE-00133-202510,SME-2024-00133,2025-10,89.2,12.6,Stabil,1,1,7
USE-00133-202511,SME-2024-00133,2025-11,90.4,13.6,Stabil,39,1,7
USE-00133-202512,SME-2024-00133,2025-12,89.4,13.9,Stabil,98,1,6
USE-00133-202601,SME-2024-00133,2026-01,92.9,14.6,Stabil,1,2,7
USE-00133-202602,SME-2024-00133,2026-02,90.8,14.1,Stabil,25,0,7
USE-00133-202603,SME-2024-00133,2026-03,88.5,13.2,Stabil,103,0,6
USE-00133-202604,SME-2024-00133,2026-04,93.2,13.7,Fluktuatif,17,1,7
USE-00133-202605,SME-2024-00133,2026-05,94.0,13.7,Stabil,23,2,7
USE-00133-202606,SME-2024-00133,2026-06,95.4,14.5,Stabil,96,2,7
USE-00134-202507,SME-2024-00134,2025-07,78.6,11.8,Stabil,5,1,7
USE-00134-202508,SME-2024-00134,2025-08,77.6,11.8,Fluktuatif,93,2,7
USE-00134-202509,SME-2024-00134,2025-09,76.1,11.8,Stabil,28,1,8
USE-00134-202510,SME-2024-00134,2025-10,75.2,11.3,Fluktuatif,107,1,8
USE-00134-202511,SME-2024-00134,2025-11,78.6,12.6,Fluktuatif,6,1,7
USE-00134-202512,SME-2024-00134,2025-12,78.9,11.7,Stabil,41,0,8
USE-00134-202601,SME-2024-00134,2026-01,78.8,12.0,Fluktuatif,62,0,7
USE-00134-202602,SME-2024-00134,2026-02,76.9,11.2,Stabil,79,1,8
USE-00134-202603,SME-2024-00134,2026-03,82.0,13.2,Stabil,56,2,7
USE-00134-202604,SME-2024-00134,2026-04,75.1,11.6,Stabil,0,1,8
USE-00134-202605,SME-2024-00134,2026-05,75.5,11.4,Stabil,46,1,7
USE-00134-202606,SME-2024-00134,2026-06,83.3,11.6,Stabil,50,0,8
USE-00135-202507,SME-2024-00135,2025-07,51.7,7.1,Turun,2,1,7
USE-00135-202508,SME-2024-00135,2025-08,54.7,8.2,Turun,11,0,7
USE-00135-202509,SME-2024-00135,2025-09,51.5,7.7,Turun,22,0,7
USE-00135-202510,SME-2024-00135,2025-10,52.2,8.2,Turun,82,0,7
USE-00135-202511,SME-2024-00135,2025-11,50.1,6.8,Turun,65,2,7
USE-00135-202512,SME-2024-00135,2025-12,48.5,7.9,Turun,31,2,7
USE-00135-202601,SME-2024-00135,2026-01,49.4,7.2,Turun,51,2,7
USE-00135-202602,SME-2024-00135,2026-02,46.8,6.9,Turun,15,1,6
USE-00135-202603,SME-2024-00135,2026-03,47.3,6.6,Turun,52,0,7
USE-00135-202604,SME-2024-00135,2026-04,43.8,5.9,Turun,2,1,7
USE-00135-202605,SME-2024-00135,2026-05,42.4,7.0,Turun,51,1,6
USE-00135-202606,SME-2024-00135,2026-06,43.8,6.2,Turun,11,1,6
USE-00136-202507,SME-2024-00136,2025-07,60.6,9.2,Fluktuatif,117,3,7
USE-00136-202508,SME-2024-00136,2025-08,58.6,9.7,Fluktuatif,91,0,7
USE-00136-202509,SME-2024-00136,2025-09,60.2,8.6,Stabil,64,4,7
USE-00136-202510,SME-2024-00136,2025-10,61.1,10.0,Stabil,2,1,7
USE-00136-202511,SME-2024-00136,2025-11,62.4,9.3,Stabil,21,2,7
USE-00136-202512,SME-2024-00136,2025-12,62.4,9.6,Stabil,61,1,7
USE-00136-202601,SME-2024-00136,2026-01,58.7,7.8,Stabil,25,2,7
USE-00136-202602,SME-2024-00136,2026-02,57.3,8.3,Fluktuatif,72,3,7
USE-00136-202603,SME-2024-00136,2026-03,61.4,9.1,Stabil,35,0,7
USE-00136-202604,SME-2024-00136,2026-04,55.5,8.5,Stabil,55,1,7
USE-00136-202605,SME-2024-00136,2026-05,56.3,8.4,Stabil,49,0,7
USE-00136-202606,SME-2024-00136,2026-06,57.2,8.6,Fluktuatif,9,3,7
USE-00137-202507,SME-2024-00137,2025-07,77.9,10.8,Stabil,39,1,6
USE-00137-202508,SME-2024-00137,2025-08,79.9,11.7,Stabil,22,2,6
USE-00137-202509,SME-2024-00137,2025-09,79.8,12.3,Fluktuatif,17,1,7
USE-00137-202510,SME-2024-00137,2025-10,75.7,10.7,Stabil,1,1,6
USE-00137-202511,SME-2024-00137,2025-11,83.0,12.9,Stabil,21,0,7
USE-00137-202512,SME-2024-00137,2025-12,78.7,11.9,Fluktuatif,5,0,7
USE-00137-202601,SME-2024-00137,2026-01,81.7,11.6,Stabil,19,1,6
USE-00137-202602,SME-2024-00137,2026-02,82.8,13.0,Fluktuatif,40,0,7
USE-00137-202603,SME-2024-00137,2026-03,83.9,11.9,Stabil,24,0,7
USE-00137-202604,SME-2024-00137,2026-04,82.5,13.1,Fluktuatif,9,3,7
USE-00137-202605,SME-2024-00137,2026-05,86.6,12.9,Fluktuatif,18,1,6
USE-00137-202606,SME-2024-00137,2026-06,82.7,12.9,Stabil,10,1,7
USE-00138-202507,SME-2024-00138,2025-07,61.9,9.1,Turun,105,0,7
USE-00138-202508,SME-2024-00138,2025-08,62.9,9.0,Turun,36,0,7
USE-00138-202509,SME-2024-00138,2025-09,62.2,10.1,Turun,18,0,7
USE-00138-202510,SME-2024-00138,2025-10,60.2,9.2,Turun,8,1,7
USE-00138-202511,SME-2024-00138,2025-11,61.6,9.0,Turun,66,0,7
USE-00138-202512,SME-2024-00138,2025-12,61.2,9.6,Turun,44,0,6
USE-00138-202601,SME-2024-00138,2026-01,58.9,8.7,Turun,18,1,7
USE-00138-202602,SME-2024-00138,2026-02,56.8,8.2,Turun,72,0,7
USE-00138-202603,SME-2024-00138,2026-03,58.4,7.5,Turun,28,2,6
USE-00138-202604,SME-2024-00138,2026-04,57.1,8.8,Turun,45,0,7
USE-00138-202605,SME-2024-00138,2026-05,56.6,8.0,Turun,97,1,6
USE-00138-202606,SME-2024-00138,2026-06,52.4,8.1,Turun,22,3,7
USE-00139-202507,SME-2024-00139,2025-07,92.3,14.3,Stabil,40,3,7
USE-00139-202508,SME-2024-00139,2025-08,92.2,13.1,Stabil,64,2,7
USE-00139-202509,SME-2024-00139,2025-09,93.6,13.5,Fluktuatif,176,3,7
USE-00139-202510,SME-2024-00139,2025-10,92.1,14.0,Stabil,49,1,7
USE-00139-202511,SME-2024-00139,2025-11,89.4,12.9,Fluktuatif,26,1,7
USE-00139-202512,SME-2024-00139,2025-12,90.1,13.4,Stabil,31,1,7
USE-00139-202601,SME-2024-00139,2026-01,92.9,14.0,Stabil,1,0,7
USE-00139-202602,SME-2024-00139,2026-02,94.2,14.4,Stabil,3,1,7
USE-00139-202603,SME-2024-00139,2026-03,89.7,13.8,Stabil,9,1,7
USE-00139-202604,SME-2024-00139,2026-04,92.9,13.7,Fluktuatif,34,4,7
USE-00139-202605,SME-2024-00139,2026-05,93.0,14.5,Stabil,22,3,7
USE-00139-202606,SME-2024-00139,2026-06,91.5,13.3,Stabil,23,1,7
USE-00140-202507,SME-2024-00140,2025-07,90.9,14.1,Stabil,44,0,9
USE-00140-202508,SME-2024-00140,2025-08,92.6,14.1,Stabil,24,2,8
USE-00140-202509,SME-2024-00140,2025-09,94.6,13.7,Stabil,32,1,8
USE-00140-202510,SME-2024-00140,2025-10,92.8,14.5,Stabil,21,0,8
USE-00140-202511,SME-2024-00140,2025-11,91.0,12.6,Stabil,44,0,9
USE-00140-202512,SME-2024-00140,2025-12,95.7,13.7,Stabil,25,0,8
USE-00140-202601,SME-2024-00140,2026-01,92.9,13.7,Stabil,25,0,8
USE-00140-202602,SME-2024-00140,2026-02,90.8,13.8,Stabil,3,3,9
USE-00140-202603,SME-2024-00140,2026-03,92.5,14.0,Fluktuatif,50,4,9
USE-00140-202604,SME-2024-00140,2026-04,91.8,14.2,Fluktuatif,2,2,8
USE-00140-202605,SME-2024-00140,2026-05,92.1,14.2,Stabil,53,2,8
USE-00140-202606,SME-2024-00140,2026-06,92.5,13.6,Fluktuatif,24,1,9
USE-00141-202507,SME-2024-00141,2025-07,88.5,13.0,Stabil,35,0,7
USE-00141-202508,SME-2024-00141,2025-08,89.3,13.2,Stabil,21,1,7
USE-00141-202509,SME-2024-00141,2025-09,87.9,13.3,Stabil,16,2,7
USE-00141-202510,SME-2024-00141,2025-10,93.1,14.5,Fluktuatif,6,2,7
USE-00141-202511,SME-2024-00141,2025-11,91.4,13.6,Stabil,132,0,7
USE-00141-202512,SME-2024-00141,2025-12,89.2,12.6,Stabil,16,0,7
USE-00141-202601,SME-2024-00141,2026-01,88.8,12.7,Stabil,204,1,7
USE-00141-202602,SME-2024-00141,2026-02,90.9,13.9,Stabil,2,0,7
USE-00141-202603,SME-2024-00141,2026-03,89.0,13.4,Stabil,31,2,7
USE-00141-202604,SME-2024-00141,2026-04,88.0,12.4,Stabil,2,0,7
USE-00141-202605,SME-2024-00141,2026-05,91.4,12.3,Fluktuatif,127,2,7
USE-00141-202606,SME-2024-00141,2026-06,88.1,13.4,Stabil,132,1,7
USE-00142-202507,SME-2024-00142,2025-07,68.9,10.8,Stabil,20,0,8
USE-00142-202508,SME-2024-00142,2025-08,69.4,10.5,Stabil,9,0,8
USE-00142-202509,SME-2024-00142,2025-09,74.5,10.2,Stabil,135,1,8
USE-00142-202510,SME-2024-00142,2025-10,69.7,10.7,Fluktuatif,24,2,8
USE-00142-202511,SME-2024-00142,2025-11,68.9,10.3,Stabil,39,3,8
USE-00142-202512,SME-2024-00142,2025-12,69.7,10.8,Stabil,55,1,7
USE-00142-202601,SME-2024-00142,2026-01,67.4,9.8,Stabil,20,2,8
USE-00142-202602,SME-2024-00142,2026-02,71.7,12.6,Fluktuatif,177,2,8
USE-00142-202603,SME-2024-00142,2026-03,68.8,10.1,Stabil,13,2,8
USE-00142-202604,SME-2024-00142,2026-04,69.3,11.1,Stabil,29,1,8
USE-00142-202605,SME-2024-00142,2026-05,68.7,11.3,Fluktuatif,26,1,8
USE-00142-202606,SME-2024-00142,2026-06,71.6,10.3,Stabil,18,1,9
USE-00143-202507,SME-2024-00143,2025-07,74.4,10.6,Fluktuatif,6,2,8
USE-00143-202508,SME-2024-00143,2025-08,76.1,11.6,Fluktuatif,20,1,8
USE-00143-202509,SME-2024-00143,2025-09,74.5,11.1,Stabil,98,0,6
USE-00143-202510,SME-2024-00143,2025-10,70.0,9.9,Stabil,25,1,7
USE-00143-202511,SME-2024-00143,2025-11,76.7,11.2,Stabil,28,0,8
USE-00143-202512,SME-2024-00143,2025-12,73.2,11.5,Fluktuatif,91,4,6
USE-00143-202601,SME-2024-00143,2026-01,75.5,11.3,Stabil,52,0,7
USE-00143-202602,SME-2024-00143,2026-02,73.4,11.1,Stabil,33,1,7
USE-00143-202603,SME-2024-00143,2026-03,75.6,11.3,Stabil,45,0,7
USE-00143-202604,SME-2024-00143,2026-04,74.2,11.0,Fluktuatif,17,3,7
USE-00143-202605,SME-2024-00143,2026-05,72.3,10.9,Stabil,38,1,7
USE-00143-202606,SME-2024-00143,2026-06,76.8,11.3,Fluktuatif,22,2,7
USE-00144-202507,SME-2024-00144,2025-07,79.8,11.4,Stabil,12,2,6
USE-00144-202508,SME-2024-00144,2025-08,79.7,13.3,Stabil,41,2,7
USE-00144-202509,SME-2024-00144,2025-09,79.8,11.8,Stabil,11,2,6
USE-00144-202510,SME-2024-00144,2025-10,79.4,12.5,Stabil,8,2,7
USE-00144-202511,SME-2024-00144,2025-11,80.3,12.5,Stabil,12,0,7
USE-00144-202512,SME-2024-00144,2025-12,76.2,11.0,Fluktuatif,44,1,6
USE-00144-202601,SME-2024-00144,2026-01,75.0,11.5,Stabil,33,2,6
USE-00144-202602,SME-2024-00144,2026-02,76.9,10.9,Fluktuatif,36,0,6
USE-00144-202603,SME-2024-00144,2026-03,76.2,12.7,Stabil,59,0,7
USE-00144-202604,SME-2024-00144,2026-04,75.1,10.7,Fluktuatif,5,2,7
USE-00144-202605,SME-2024-00144,2026-05,80.7,13.0,Stabil,109,3,6
USE-00144-202606,SME-2024-00144,2026-06,80.8,11.8,Stabil,35,3,7
USE-00145-202507,SME-2024-00145,2025-07,74.2,9.9,Fluktuatif,8,0,7
USE-00145-202508,SME-2024-00145,2025-08,73.3,11.2,Stabil,59,0,7
USE-00145-202509,SME-2024-00145,2025-09,75.7,12.5,Fluktuatif,39,0,7
USE-00145-202510,SME-2024-00145,2025-10,77.5,11.2,Stabil,30,0,7
USE-00145-202511,SME-2024-00145,2025-11,83.0,12.9,Stabil,10,1,6
USE-00145-202512,SME-2024-00145,2025-12,80.0,11.9,Fluktuatif,117,6,7
USE-00145-202601,SME-2024-00145,2026-01,81.0,12.1,Fluktuatif,14,1,6
USE-00145-202602,SME-2024-00145,2026-02,76.7,11.0,Stabil,56,0,6
USE-00145-202603,SME-2024-00145,2026-03,83.2,12.1,Stabil,37,0,6
USE-00145-202604,SME-2024-00145,2026-04,81.2,11.9,Stabil,1,0,7
USE-00145-202605,SME-2024-00145,2026-05,82.1,12.3,Fluktuatif,17,1,6
USE-00145-202606,SME-2024-00145,2026-06,83.6,12.2,Stabil,5,3,6
USE-00146-202507,SME-2024-00146,2025-07,88.3,13.6,Stabil,143,1,8
USE-00146-202508,SME-2024-00146,2025-08,90.2,13.2,Fluktuatif,93,0,8
USE-00146-202509,SME-2024-00146,2025-09,92.0,13.0,Fluktuatif,39,2,9
USE-00146-202510,SME-2024-00146,2025-10,86.0,13.0,Fluktuatif,1,1,8
USE-00146-202511,SME-2024-00146,2025-11,86.9,13.3,Stabil,2,2,8
USE-00146-202512,SME-2024-00146,2025-12,87.7,12.8,Fluktuatif,53,0,8
USE-00146-202601,SME-2024-00146,2026-01,86.3,13.2,Stabil,79,0,8
USE-00146-202602,SME-2024-00146,2026-02,92.2,13.8,Stabil,52,0,8
USE-00146-202603,SME-2024-00146,2026-03,88.2,13.3,Fluktuatif,12,1,8
USE-00146-202604,SME-2024-00146,2026-04,88.4,13.6,Stabil,30,3,8
USE-00146-202605,SME-2024-00146,2026-05,85.1,13.8,Fluktuatif,23,2,8
USE-00146-202606,SME-2024-00146,2026-06,86.6,13.3,Stabil,27,1,8
USE-00147-202507,SME-2024-00147,2025-07,70.4,9.9,Fluktuatif,68,1,7
USE-00147-202508,SME-2024-00147,2025-08,67.9,10.2,Fluktuatif,17,0,6
USE-00147-202509,SME-2024-00147,2025-09,69.4,10.8,Stabil,83,1,6
USE-00147-202510,SME-2024-00147,2025-10,66.9,10.5,Stabil,5,1,6
USE-00147-202511,SME-2024-00147,2025-11,66.1,10.1,Stabil,38,1,6
USE-00147-202512,SME-2024-00147,2025-12,67.1,9.8,Stabil,2,3,6
USE-00147-202601,SME-2024-00147,2026-01,68.1,11.0,Stabil,11,1,6
USE-00147-202602,SME-2024-00147,2026-02,69.6,10.2,Stabil,0,2,5
USE-00147-202603,SME-2024-00147,2026-03,67.0,10.6,Stabil,13,2,5
USE-00147-202604,SME-2024-00147,2026-04,68.1,9.4,Stabil,58,1,6
USE-00147-202605,SME-2024-00147,2026-05,69.8,11.7,Stabil,36,3,7
USE-00147-202606,SME-2024-00147,2026-06,68.1,9.9,Stabil,55,0,6
USE-00148-202507,SME-2024-00148,2025-07,57.2,8.8,Turun,15,0,7
USE-00148-202508,SME-2024-00148,2025-08,60.2,9.7,Turun,19,2,7
USE-00148-202509,SME-2024-00148,2025-09,53.2,8.7,Turun,31,1,6
USE-00148-202510,SME-2024-00148,2025-10,51.6,7.7,Turun,84,0,7
USE-00148-202511,SME-2024-00148,2025-11,51.3,7.2,Turun,4,2,7
USE-00148-202512,SME-2024-00148,2025-12,50.5,7.6,Turun,68,1,6
USE-00148-202601,SME-2024-00148,2026-01,51.1,7.0,Turun,26,0,7
USE-00148-202602,SME-2024-00148,2026-02,48.6,7.6,Turun,1,0,8
USE-00148-202603,SME-2024-00148,2026-03,49.3,7.8,Turun,85,1,6
USE-00148-202604,SME-2024-00148,2026-04,46.4,7.0,Turun,4,2,6
USE-00148-202605,SME-2024-00148,2026-05,40.7,5.9,Turun,37,1,7
USE-00148-202606,SME-2024-00148,2026-06,44.5,6.1,Turun,24,0,6
USE-00149-202507,SME-2024-00149,2025-07,60.5,9.3,Stabil,106,1,6
USE-00149-202508,SME-2024-00149,2025-08,59.0,8.8,Stabil,90,1,7
USE-00149-202509,SME-2024-00149,2025-09,65.0,9.7,Stabil,79,1,6
USE-00149-202510,SME-2024-00149,2025-10,57.2,8.5,Stabil,21,1,6
USE-00149-202511,SME-2024-00149,2025-11,58.2,9.1,Stabil,18,0,6
USE-00149-202512,SME-2024-00149,2025-12,61.2,8.0,Fluktuatif,22,2,6
USE-00149-202601,SME-2024-00149,2026-01,57.9,9.3,Stabil,36,4,6
USE-00149-202602,SME-2024-00149,2026-02,57.7,8.9,Fluktuatif,4,3,6
USE-00149-202603,SME-2024-00149,2026-03,64.3,10.4,Stabil,6,3,6
USE-00149-202604,SME-2024-00149,2026-04,63.9,9.4,Stabil,51,1,6
USE-00149-202605,SME-2024-00149,2026-05,59.4,8.0,Stabil,21,2,6
USE-00149-202606,SME-2024-00149,2026-06,60.2,9.0,Stabil,67,3,6
USE-00150-202507,SME-2024-00150,2025-07,92.7,14.7,Stabil,9,0,8
USE-00150-202508,SME-2024-00150,2025-08,93.5,14.0,Stabil,236,3,8
USE-00150-202509,SME-2024-00150,2025-09,96.2,15.0,Stabil,2,3,8
USE-00150-202510,SME-2024-00150,2025-10,94.5,14.4,Stabil,52,0,8
USE-00150-202511,SME-2024-00150,2025-11,91.3,13.3,Fluktuatif,15,3,9
USE-00150-202512,SME-2024-00150,2025-12,91.3,13.0,Stabil,62,2,8
USE-00150-202601,SME-2024-00150,2026-01,93.5,13.9,Stabil,52,2,8
USE-00150-202602,SME-2024-00150,2026-02,94.7,14.6,Fluktuatif,6,4,8
USE-00150-202603,SME-2024-00150,2026-03,94.4,14.3,Stabil,26,0,9
USE-00150-202604,SME-2024-00150,2026-04,92.9,13.7,Stabil,16,1,9
USE-00150-202605,SME-2024-00150,2026-05,91.3,13.6,Stabil,33,3,9
USE-00150-202606,SME-2024-00150,2026-06,96.3,14.0,Stabil,53,0,8
USE-00151-202507,SME-2024-00151,2025-07,84.7,12.8,Stabil,3,1,6
USE-00151-202508,SME-2024-00151,2025-08,86.0,13.0,Stabil,7,0,7
USE-00151-202509,SME-2024-00151,2025-09,83.4,12.2,Stabil,22,1,6
USE-00151-202510,SME-2024-00151,2025-10,86.2,12.6,Fluktuatif,17,2,6
USE-00151-202511,SME-2024-00151,2025-11,80.3,11.6,Stabil,15,0,7
USE-00151-202512,SME-2024-00151,2025-12,84.3,12.7,Fluktuatif,56,3,6
USE-00151-202601,SME-2024-00151,2026-01,83.9,12.8,Stabil,8,0,6
USE-00151-202602,SME-2024-00151,2026-02,82.4,12.9,Stabil,36,0,6
USE-00151-202603,SME-2024-00151,2026-03,83.1,12.9,Stabil,84,1,6
USE-00151-202604,SME-2024-00151,2026-04,82.6,12.6,Stabil,29,1,6
USE-00151-202605,SME-2024-00151,2026-05,82.1,11.9,Stabil,82,1,7
USE-00151-202606,SME-2024-00151,2026-06,82.0,12.5,Fluktuatif,9,0,5
USE-00152-202507,SME-2024-00152,2025-07,78.2,12.2,Stabil,107,1,8
USE-00152-202508,SME-2024-00152,2025-08,76.2,11.5,Fluktuatif,19,1,8
USE-00152-202509,SME-2024-00152,2025-09,77.2,11.7,Stabil,13,4,8
USE-00152-202510,SME-2024-00152,2025-10,75.6,11.0,Fluktuatif,173,1,8
USE-00152-202511,SME-2024-00152,2025-11,74.5,11.1,Stabil,40,4,7
USE-00152-202512,SME-2024-00152,2025-12,73.2,10.3,Stabil,102,0,9
USE-00152-202601,SME-2024-00152,2026-01,76.6,11.5,Stabil,37,2,7
USE-00152-202602,SME-2024-00152,2026-02,75.7,11.5,Stabil,31,2,7
USE-00152-202603,SME-2024-00152,2026-03,75.0,10.7,Stabil,1,2,7
USE-00152-202604,SME-2024-00152,2026-04,78.2,11.8,Fluktuatif,83,1,8
USE-00152-202605,SME-2024-00152,2026-05,77.4,11.2,Fluktuatif,15,2,8
USE-00152-202606,SME-2024-00152,2026-06,76.7,11.6,Stabil,6,1,8
USE-00153-202507,SME-2024-00153,2025-07,85.9,13.5,Stabil,1,2,8
USE-00153-202508,SME-2024-00153,2025-08,86.2,12.2,Stabil,25,1,8
USE-00153-202509,SME-2024-00153,2025-09,86.3,13.2,Stabil,11,3,9
USE-00153-202510,SME-2024-00153,2025-10,84.1,13.4,Stabil,69,0,8
USE-00153-202511,SME-2024-00153,2025-11,87.0,12.5,Fluktuatif,34,0,10
USE-00153-202512,SME-2024-00153,2025-12,85.6,12.9,Stabil,0,1,8
USE-00153-202601,SME-2024-00153,2026-01,82.6,11.4,Stabil,45,0,9
USE-00153-202602,SME-2024-00153,2026-02,79.8,12.0,Stabil,127,0,8
USE-00153-202603,SME-2024-00153,2026-03,86.2,13.5,Stabil,35,1,8
USE-00153-202604,SME-2024-00153,2026-04,87.5,12.9,Stabil,10,0,9
USE-00153-202605,SME-2024-00153,2026-05,82.7,12.2,Stabil,32,3,9
USE-00153-202606,SME-2024-00153,2026-06,84.9,12.9,Fluktuatif,32,1,9
USE-00154-202507,SME-2024-00154,2025-07,76.8,11.0,Stabil,9,2,8
USE-00154-202508,SME-2024-00154,2025-08,75.2,11.2,Stabil,8,0,9
USE-00154-202509,SME-2024-00154,2025-09,72.1,11.5,Stabil,7,1,9
USE-00154-202510,SME-2024-00154,2025-10,74.4,10.9,Stabil,138,2,9
USE-00154-202511,SME-2024-00154,2025-11,68.5,10.6,Stabil,228,1,9
USE-00154-202512,SME-2024-00154,2025-12,72.1,10.3,Stabil,52,1,9
USE-00154-202601,SME-2024-00154,2026-01,72.9,10.6,Stabil,56,0,9
USE-00154-202602,SME-2024-00154,2026-02,74.4,11.4,Stabil,26,2,9
USE-00154-202603,SME-2024-00154,2026-03,72.0,11.9,Stabil,3,2,9
USE-00154-202604,SME-2024-00154,2026-04,68.7,9.2,Fluktuatif,47,2,9
USE-00154-202605,SME-2024-00154,2026-05,70.4,10.3,Stabil,6,0,9
USE-00154-202606,SME-2024-00154,2026-06,69.3,10.4,Stabil,79,0,9
USE-00155-202507,SME-2024-00155,2025-07,70.5,10.8,Stabil,2,0,8
USE-00155-202508,SME-2024-00155,2025-08,77.0,11.6,Stabil,110,1,8
USE-00155-202509,SME-2024-00155,2025-09,71.1,10.4,Stabil,23,0,7
USE-00155-202510,SME-2024-00155,2025-10,74.1,11.2,Fluktuatif,24,1,8
USE-00155-202511,SME-2024-00155,2025-11,74.4,11.0,Stabil,12,1,8
USE-00155-202512,SME-2024-00155,2025-12,76.6,11.4,Fluktuatif,14,1,7
USE-00155-202601,SME-2024-00155,2026-01,74.9,11.5,Stabil,17,1,8
USE-00155-202602,SME-2024-00155,2026-02,75.6,11.5,Stabil,14,0,8
USE-00155-202603,SME-2024-00155,2026-03,74.2,11.2,Stabil,44,1,7
USE-00155-202604,SME-2024-00155,2026-04,75.9,11.5,Stabil,36,3,8
USE-00155-202605,SME-2024-00155,2026-05,71.9,10.6,Stabil,11,0,8
USE-00155-202606,SME-2024-00155,2026-06,73.0,11.1,Stabil,107,0,8
USE-00156-202507,SME-2024-00156,2025-07,68.6,9.5,Stabil,52,0,9
USE-00156-202508,SME-2024-00156,2025-08,70.2,10.6,Stabil,35,1,9
USE-00156-202509,SME-2024-00156,2025-09,70.4,9.4,Stabil,81,1,8
USE-00156-202510,SME-2024-00156,2025-10,66.7,10.8,Stabil,68,1,8
USE-00156-202511,SME-2024-00156,2025-11,73.1,10.4,Fluktuatif,13,1,8
USE-00156-202512,SME-2024-00156,2025-12,72.6,11.5,Fluktuatif,4,2,8
USE-00156-202601,SME-2024-00156,2026-01,75.5,11.2,Fluktuatif,22,0,8
USE-00156-202602,SME-2024-00156,2026-02,74.9,11.2,Fluktuatif,22,1,8
USE-00156-202603,SME-2024-00156,2026-03,76.0,11.0,Stabil,119,1,8
USE-00156-202604,SME-2024-00156,2026-04,73.3,11.2,Stabil,60,2,7
USE-00156-202605,SME-2024-00156,2026-05,76.0,11.1,Stabil,7,4,9
USE-00156-202606,SME-2024-00156,2026-06,77.3,12.3,Stabil,20,1,8
USE-00157-202507,SME-2024-00157,2025-07,86.9,12.5,Fluktuatif,66,2,7
USE-00157-202508,SME-2024-00157,2025-08,87.2,13.1,Stabil,27,0,8
USE-00157-202509,SME-2024-00157,2025-09,87.5,12.6,Stabil,47,1,8
USE-00157-202510,SME-2024-00157,2025-10,87.5,13.6,Stabil,70,1,7
USE-00157-202511,SME-2024-00157,2025-11,86.0,13.5,Stabil,56,0,8
USE-00157-202512,SME-2024-00157,2025-12,89.4,13.7,Stabil,3,1,8
USE-00157-202601,SME-2024-00157,2026-01,86.6,13.1,Fluktuatif,1,0,7
USE-00157-202602,SME-2024-00157,2026-02,86.5,13.8,Fluktuatif,46,0,7
USE-00157-202603,SME-2024-00157,2026-03,85.1,12.7,Stabil,15,1,8
USE-00157-202604,SME-2024-00157,2026-04,84.9,12.3,Stabil,22,0,7
USE-00157-202605,SME-2024-00157,2026-05,86.9,12.4,Fluktuatif,10,0,8
USE-00157-202606,SME-2024-00157,2026-06,85.8,13.3,Stabil,77,1,8
USE-00158-202507,SME-2024-00158,2025-07,52.1,6.9,Fluktuatif,6,1,8
USE-00158-202508,SME-2024-00158,2025-08,54.8,7.9,Stabil,1,2,8
USE-00158-202509,SME-2024-00158,2025-09,53.8,7.4,Stabil,44,2,8
USE-00158-202510,SME-2024-00158,2025-10,53.5,8.1,Stabil,33,1,7
USE-00158-202511,SME-2024-00158,2025-11,50.7,8.0,Stabil,27,3,8
USE-00158-202512,SME-2024-00158,2025-12,49.6,7.9,Stabil,208,4,8
USE-00158-202601,SME-2024-00158,2026-01,49.2,7.7,Fluktuatif,35,2,7
USE-00158-202602,SME-2024-00158,2026-02,49.1,7.6,Stabil,33,2,8
USE-00158-202603,SME-2024-00158,2026-03,50.9,7.6,Fluktuatif,32,2,7
USE-00158-202604,SME-2024-00158,2026-04,47.0,7.5,Stabil,4,0,8
USE-00158-202605,SME-2024-00158,2026-05,45.5,6.4,Stabil,104,1,7
USE-00158-202606,SME-2024-00158,2026-06,44.2,6.8,Stabil,55,1,8
USE-00159-202507,SME-2024-00159,2025-07,73.2,11.7,Stabil,11,1,6
USE-00159-202508,SME-2024-00159,2025-08,75.2,11.4,Stabil,31,1,6
USE-00159-202509,SME-2024-00159,2025-09,73.1,11.0,Fluktuatif,8,1,6
USE-00159-202510,SME-2024-00159,2025-10,77.7,12.2,Fluktuatif,37,3,6
USE-00159-202511,SME-2024-00159,2025-11,76.9,11.8,Stabil,140,3,6
USE-00159-202512,SME-2024-00159,2025-12,72.6,11.4,Stabil,36,1,7
USE-00159-202601,SME-2024-00159,2026-01,73.4,11.2,Stabil,1,1,6
USE-00159-202602,SME-2024-00159,2026-02,76.9,11.0,Fluktuatif,29,2,6
USE-00159-202603,SME-2024-00159,2026-03,75.6,10.9,Stabil,41,2,6
USE-00159-202604,SME-2024-00159,2026-04,79.2,11.9,Stabil,25,2,6
USE-00159-202605,SME-2024-00159,2026-05,74.8,11.6,Stabil,89,3,6
USE-00159-202606,SME-2024-00159,2026-06,72.9,10.6,Stabil,52,0,6
USE-00160-202507,SME-2024-00160,2025-07,58.2,8.5,Stabil,4,2,10
USE-00160-202508,SME-2024-00160,2025-08,59.4,7.7,Stabil,63,1,8
USE-00160-202509,SME-2024-00160,2025-09,60.6,9.8,Fluktuatif,51,1,9
USE-00160-202510,SME-2024-00160,2025-10,58.0,7.7,Fluktuatif,51,1,8
USE-00160-202511,SME-2024-00160,2025-11,61.3,8.5,Stabil,20,3,9
USE-00160-202512,SME-2024-00160,2025-12,61.2,9.1,Stabil,10,1,10
USE-00160-202601,SME-2024-00160,2026-01,61.2,9.5,Stabil,25,1,9
USE-00160-202602,SME-2024-00160,2026-02,61.3,9.0,Fluktuatif,54,1,9
USE-00160-202603,SME-2024-00160,2026-03,61.9,9.2,Stabil,0,2,9
USE-00160-202604,SME-2024-00160,2026-04,62.3,9.7,Stabil,16,2,9
USE-00160-202605,SME-2024-00160,2026-05,63.2,9.5,Stabil,15,1,9
USE-00160-202606,SME-2024-00160,2026-06,60.9,8.9,Fluktuatif,88,0,9
USE-00161-202507,SME-2024-00161,2025-07,77.1,11.8,Turun,21,0,7
USE-00161-202508,SME-2024-00161,2025-08,80.5,11.5,Turun,66,0,7
USE-00161-202509,SME-2024-00161,2025-09,78.9,11.9,Turun,83,0,6
USE-00161-202510,SME-2024-00161,2025-10,76.5,12.0,Turun,5,2,6
USE-00161-202511,SME-2024-00161,2025-11,79.3,11.9,Turun,1,2,7
USE-00161-202512,SME-2024-00161,2025-12,75.2,11.4,Turun,94,0,7
USE-00161-202601,SME-2024-00161,2026-01,76.5,11.9,Turun,25,0,7
USE-00161-202602,SME-2024-00161,2026-02,75.2,10.8,Turun,13,1,5
USE-00161-202603,SME-2024-00161,2026-03,74.1,11.3,Turun,12,0,6
USE-00161-202604,SME-2024-00161,2026-04,73.2,10.1,Turun,11,1,7
USE-00161-202605,SME-2024-00161,2026-05,74.5,11.2,Turun,3,1,6
USE-00161-202606,SME-2024-00161,2026-06,68.6,10.0,Turun,3,2,6
USE-00162-202507,SME-2024-00162,2025-07,76.4,11.6,Stabil,19,0,7
USE-00162-202508,SME-2024-00162,2025-08,75.0,11.5,Stabil,6,3,6
USE-00162-202509,SME-2024-00162,2025-09,76.2,11.0,Stabil,8,4,7
USE-00162-202510,SME-2024-00162,2025-10,77.5,11.3,Fluktuatif,55,2,6
USE-00162-202511,SME-2024-00162,2025-11,77.5,10.1,Stabil,27,0,6
USE-00162-202512,SME-2024-00162,2025-12,78.6,11.8,Stabil,43,3,6
USE-00162-202601,SME-2024-00162,2026-01,79.4,12.7,Stabil,54,2,6
USE-00162-202602,SME-2024-00162,2026-02,78.1,11.9,Stabil,4,2,6
USE-00162-202603,SME-2024-00162,2026-03,74.8,11.3,Stabil,8,2,6
USE-00162-202604,SME-2024-00162,2026-04,77.5,12.1,Stabil,10,0,6
USE-00162-202605,SME-2024-00162,2026-05,75.4,11.8,Stabil,1,1,7
USE-00162-202606,SME-2024-00162,2026-06,78.4,11.6,Stabil,3,1,7
USE-00163-202507,SME-2024-00163,2025-07,76.3,11.2,Fluktuatif,8,1,8
USE-00163-202508,SME-2024-00163,2025-08,72.1,11.0,Fluktuatif,1,1,8
USE-00163-202509,SME-2024-00163,2025-09,74.6,11.1,Stabil,6,2,8
USE-00163-202510,SME-2024-00163,2025-10,73.8,11.3,Stabil,17,0,9
USE-00163-202511,SME-2024-00163,2025-11,75.7,11.8,Fluktuatif,24,1,8
USE-00163-202512,SME-2024-00163,2025-12,73.4,11.7,Stabil,45,2,8
USE-00163-202601,SME-2024-00163,2026-01,73.7,11.0,Stabil,0,0,8
USE-00163-202602,SME-2024-00163,2026-02,71.4,10.7,Fluktuatif,140,2,8
USE-00163-202603,SME-2024-00163,2026-03,72.1,11.6,Stabil,5,0,8
USE-00163-202604,SME-2024-00163,2026-04,73.1,10.4,Fluktuatif,22,2,8
USE-00163-202605,SME-2024-00163,2026-05,72.8,10.9,Stabil,34,0,7
USE-00163-202606,SME-2024-00163,2026-06,73.4,11.2,Stabil,27,2,8
USE-00164-202507,SME-2024-00164,2025-07,84.4,13.4,Stabil,16,1,7
USE-00164-202508,SME-2024-00164,2025-08,82.4,12.8,Fluktuatif,36,1,7
USE-00164-202509,SME-2024-00164,2025-09,83.0,12.7,Stabil,7,2,8
USE-00164-202510,SME-2024-00164,2025-10,83.9,12.3,Stabil,93,1,7
USE-00164-202511,SME-2024-00164,2025-11,86.6,12.4,Stabil,19,2,7
USE-00164-202512,SME-2024-00164,2025-12,86.7,13.0,Stabil,0,0,7
USE-00164-202601,SME-2024-00164,2026-01,80.3,12.2,Stabil,7,5,7
USE-00164-202602,SME-2024-00164,2026-02,80.0,12.4,Fluktuatif,30,3,8
USE-00164-202603,SME-2024-00164,2026-03,81.8,13.4,Stabil,53,0,7
USE-00164-202604,SME-2024-00164,2026-04,79.5,11.8,Stabil,17,5,7
USE-00164-202605,SME-2024-00164,2026-05,81.6,12.0,Stabil,47,1,7
USE-00164-202606,SME-2024-00164,2026-06,82.2,12.5,Stabil,11,1,7
USE-00165-202507,SME-2024-00165,2025-07,65.2,9.8,Stabil,30,0,6
USE-00165-202508,SME-2024-00165,2025-08,59.5,8.2,Stabil,56,0,7
USE-00165-202509,SME-2024-00165,2025-09,66.7,10.2,Stabil,136,3,7
USE-00165-202510,SME-2024-00165,2025-10,70.7,11.0,Stabil,54,2,7
USE-00165-202511,SME-2024-00165,2025-11,67.9,9.4,Stabil,79,1,7
USE-00165-202512,SME-2024-00165,2025-12,68.3,10.0,Stabil,22,0,6
USE-00165-202601,SME-2024-00165,2026-01,66.4,10.6,Stabil,29,0,6
USE-00165-202602,SME-2024-00165,2026-02,67.4,10.6,Fluktuatif,36,2,7
USE-00165-202603,SME-2024-00165,2026-03,73.5,10.5,Stabil,92,0,7
USE-00165-202604,SME-2024-00165,2026-04,69.1,10.0,Stabil,50,5,6
USE-00165-202605,SME-2024-00165,2026-05,70.9,9.6,Fluktuatif,18,3,7
USE-00165-202606,SME-2024-00165,2026-06,71.1,12.0,Stabil,72,0,7
USE-00166-202507,SME-2024-00166,2025-07,72.7,10.8,Stabil,15,0,7
USE-00166-202508,SME-2024-00166,2025-08,70.2,10.1,Fluktuatif,15,0,6
USE-00166-202509,SME-2024-00166,2025-09,70.7,10.7,Stabil,25,2,5
USE-00166-202510,SME-2024-00166,2025-10,64.7,9.7,Stabil,130,1,6
USE-00166-202511,SME-2024-00166,2025-11,67.2,10.5,Stabil,99,2,7
USE-00166-202512,SME-2024-00166,2025-12,66.3,9.9,Stabil,45,1,6
USE-00166-202601,SME-2024-00166,2026-01,66.9,9.4,Fluktuatif,28,2,6
USE-00166-202602,SME-2024-00166,2026-02,66.1,9.8,Stabil,78,2,6
USE-00166-202603,SME-2024-00166,2026-03,65.9,9.9,Stabil,27,2,6
USE-00166-202604,SME-2024-00166,2026-04,66.0,10.0,Stabil,1,1,6
USE-00166-202605,SME-2024-00166,2026-05,66.1,10.3,Stabil,117,1,5
USE-00166-202606,SME-2024-00166,2026-06,62.0,9.1,Stabil,17,0,6
USE-00167-202507,SME-2024-00167,2025-07,72.3,10.5,Fluktuatif,1,3,7
USE-00167-202508,SME-2024-00167,2025-08,71.6,11.0,Stabil,79,1,7
USE-00167-202509,SME-2024-00167,2025-09,66.0,10.4,Fluktuatif,59,1,7
USE-00167-202510,SME-2024-00167,2025-10,69.5,10.5,Fluktuatif,17,0,7
USE-00167-202511,SME-2024-00167,2025-11,67.2,10.9,Fluktuatif,52,3,7
USE-00167-202512,SME-2024-00167,2025-12,67.1,10.2,Fluktuatif,5,0,7
USE-00167-202601,SME-2024-00167,2026-01,67.3,9.5,Stabil,3,0,7
USE-00167-202602,SME-2024-00167,2026-02,60.9,8.7,Stabil,8,1,7
USE-00167-202603,SME-2024-00167,2026-03,63.0,9.9,Stabil,18,1,6
USE-00167-202604,SME-2024-00167,2026-04,63.7,10.3,Stabil,67,2,7
USE-00167-202605,SME-2024-00167,2026-05,65.2,9.5,Stabil,38,2,7
USE-00167-202606,SME-2024-00167,2026-06,60.3,8.6,Fluktuatif,5,0,7
USE-00168-202507,SME-2024-00168,2025-07,69.5,10.5,Fluktuatif,2,0,7
USE-00168-202508,SME-2024-00168,2025-08,70.0,10.8,Stabil,40,2,8
USE-00168-202509,SME-2024-00168,2025-09,70.4,9.9,Stabil,13,0,7
USE-00168-202510,SME-2024-00168,2025-10,69.2,9.6,Stabil,51,1,7
USE-00168-202511,SME-2024-00168,2025-11,66.4,9.5,Stabil,2,1,6
USE-00168-202512,SME-2024-00168,2025-12,68.6,10.0,Fluktuatif,51,4,7
USE-00168-202601,SME-2024-00168,2026-01,66.6,10.7,Fluktuatif,41,3,6
USE-00168-202602,SME-2024-00168,2026-02,67.8,10.9,Stabil,21,0,8
USE-00168-202603,SME-2024-00168,2026-03,67.0,10.1,Fluktuatif,21,2,7
USE-00168-202604,SME-2024-00168,2026-04,67.2,10.3,Fluktuatif,11,0,7
USE-00168-202605,SME-2024-00168,2026-05,67.4,10.2,Fluktuatif,9,2,7
USE-00168-202606,SME-2024-00168,2026-06,66.3,9.3,Stabil,61,0,6
USE-00169-202507,SME-2024-00169,2025-07,83.5,11.1,Stabil,3,3,7
USE-00169-202508,SME-2024-00169,2025-08,83.4,12.9,Fluktuatif,12,0,7
USE-00169-202509,SME-2024-00169,2025-09,83.5,12.0,Stabil,3,2,7
USE-00169-202510,SME-2024-00169,2025-10,84.7,11.5,Stabil,88,2,6
USE-00169-202511,SME-2024-00169,2025-11,82.8,12.3,Fluktuatif,5,3,7
USE-00169-202512,SME-2024-00169,2025-12,81.2,11.7,Fluktuatif,60,2,7
USE-00169-202601,SME-2024-00169,2026-01,82.2,12.0,Fluktuatif,21,0,7
USE-00169-202602,SME-2024-00169,2026-02,84.5,12.8,Stabil,11,1,7
USE-00169-202603,SME-2024-00169,2026-03,87.1,11.6,Stabil,129,1,8
USE-00169-202604,SME-2024-00169,2026-04,86.8,12.0,Stabil,9,0,8
USE-00169-202605,SME-2024-00169,2026-05,83.9,13.2,Stabil,7,3,7
USE-00169-202606,SME-2024-00169,2026-06,82.2,12.5,Stabil,3,1,7
USE-00170-202507,SME-2024-00170,2025-07,66.6,9.8,Stabil,8,2,8
USE-00170-202508,SME-2024-00170,2025-08,64.2,9.6,Stabil,52,3,8
USE-00170-202509,SME-2024-00170,2025-09,66.3,10.5,Stabil,34,0,8
USE-00170-202510,SME-2024-00170,2025-10,66.5,9.1,Fluktuatif,53,3,8
USE-00170-202511,SME-2024-00170,2025-11,67.3,9.7,Fluktuatif,1,2,8
USE-00170-202512,SME-2024-00170,2025-12,64.1,9.2,Stabil,15,1,7
USE-00170-202601,SME-2024-00170,2026-01,67.9,9.0,Stabil,17,3,8
USE-00170-202602,SME-2024-00170,2026-02,65.5,10.4,Stabil,45,1,8
USE-00170-202603,SME-2024-00170,2026-03,64.5,10.1,Stabil,82,3,7
USE-00170-202604,SME-2024-00170,2026-04,68.0,10.1,Stabil,2,1,7
USE-00170-202605,SME-2024-00170,2026-05,67.4,10.2,Fluktuatif,4,1,7
USE-00170-202606,SME-2024-00170,2026-06,67.2,9.8,Stabil,56,1,8
USE-00171-202507,SME-2024-00171,2025-07,77.2,11.5,Stabil,29,1,8
USE-00171-202508,SME-2024-00171,2025-08,75.2,11.9,Stabil,16,4,9
USE-00171-202509,SME-2024-00171,2025-09,75.9,12.0,Stabil,57,1,8
USE-00171-202510,SME-2024-00171,2025-10,78.6,11.0,Stabil,14,1,8
USE-00171-202511,SME-2024-00171,2025-11,76.8,11.1,Stabil,12,1,8
USE-00171-202512,SME-2024-00171,2025-12,76.0,11.4,Fluktuatif,46,0,8
USE-00171-202601,SME-2024-00171,2026-01,75.9,11.2,Fluktuatif,2,2,8
USE-00171-202602,SME-2024-00171,2026-02,79.9,11.1,Stabil,4,2,8
USE-00171-202603,SME-2024-00171,2026-03,79.7,13.1,Stabil,19,0,8
USE-00171-202604,SME-2024-00171,2026-04,77.1,11.4,Stabil,10,1,7
USE-00171-202605,SME-2024-00171,2026-05,79.3,11.2,Stabil,7,3,8
USE-00171-202606,SME-2024-00171,2026-06,75.3,10.1,Fluktuatif,56,1,9
USE-00172-202507,SME-2024-00172,2025-07,92.4,13.6,Stabil,10,1,8
USE-00172-202508,SME-2024-00172,2025-08,95.5,14.1,Stabil,12,1,7
USE-00172-202509,SME-2024-00172,2025-09,91.8,14.0,Fluktuatif,82,0,7
USE-00172-202510,SME-2024-00172,2025-10,92.3,13.6,Fluktuatif,54,4,7
USE-00172-202511,SME-2024-00172,2025-11,90.6,13.3,Stabil,25,1,7
USE-00172-202512,SME-2024-00172,2025-12,91.1,13.1,Stabil,9,1,7
USE-00172-202601,SME-2024-00172,2026-01,90.5,14.1,Stabil,34,2,6
USE-00172-202602,SME-2024-00172,2026-02,88.4,13.5,Fluktuatif,30,2,7
USE-00172-202603,SME-2024-00172,2026-03,89.8,13.1,Stabil,57,1,7
USE-00172-202604,SME-2024-00172,2026-04,92.1,14.3,Stabil,35,0,7
USE-00172-202605,SME-2024-00172,2026-05,89.5,13.0,Stabil,2,1,7
USE-00172-202606,SME-2024-00172,2026-06,89.0,13.4,Stabil,103,0,7
USE-00173-202507,SME-2024-00173,2025-07,82.4,11.7,Fluktuatif,50,2,7
USE-00173-202508,SME-2024-00173,2025-08,82.7,13.1,Stabil,44,2,6
USE-00173-202509,SME-2024-00173,2025-09,82.9,11.8,Stabil,23,0,7
USE-00173-202510,SME-2024-00173,2025-10,81.5,12.4,Stabil,30,1,5
USE-00173-202511,SME-2024-00173,2025-11,79.6,11.8,Stabil,28,2,6
USE-00173-202512,SME-2024-00173,2025-12,83.9,12.6,Fluktuatif,56,0,6
USE-00173-202601,SME-2024-00173,2026-01,81.5,12.1,Fluktuatif,0,2,6
USE-00173-202602,SME-2024-00173,2026-02,81.5,12.3,Stabil,107,1,6
USE-00173-202603,SME-2024-00173,2026-03,77.9,11.7,Stabil,99,1,6
USE-00173-202604,SME-2024-00173,2026-04,81.8,12.9,Stabil,5,3,6
USE-00173-202605,SME-2024-00173,2026-05,77.8,12.3,Fluktuatif,36,3,6
USE-00173-202606,SME-2024-00173,2026-06,77.2,12.0,Fluktuatif,47,4,7
USE-00174-202507,SME-2024-00174,2025-07,60.5,9.4,Stabil,162,1,7
USE-00174-202508,SME-2024-00174,2025-08,60.6,9.6,Stabil,4,3,7
USE-00174-202509,SME-2024-00174,2025-09,61.3,8.3,Stabil,13,1,7
USE-00174-202510,SME-2024-00174,2025-10,57.5,8.1,Stabil,28,1,7
USE-00174-202511,SME-2024-00174,2025-11,61.6,9.8,Fluktuatif,44,1,7
USE-00174-202512,SME-2024-00174,2025-12,61.0,9.9,Stabil,23,3,7
USE-00174-202601,SME-2024-00174,2026-01,56.8,8.2,Stabil,15,3,7
USE-00174-202602,SME-2024-00174,2026-02,60.1,8.7,Stabil,22,2,7
USE-00174-202603,SME-2024-00174,2026-03,60.0,9.5,Stabil,67,1,7
USE-00174-202604,SME-2024-00174,2026-04,58.7,8.2,Stabil,63,0,7
USE-00174-202605,SME-2024-00174,2026-05,62.1,8.1,Stabil,48,1,6
USE-00174-202606,SME-2024-00174,2026-06,57.5,8.7,Stabil,58,1,7
USE-00175-202507,SME-2024-00175,2025-07,60.1,9.1,Fluktuatif,11,1,6
USE-00175-202508,SME-2024-00175,2025-08,55.3,8.1,Stabil,46,1,8
USE-00175-202509,SME-2024-00175,2025-09,59.9,9.5,Fluktuatif,121,2,7
USE-00175-202510,SME-2024-00175,2025-10,54.2,7.1,Stabil,75,2,7
USE-00175-202511,SME-2024-00175,2025-11,56.3,8.1,Fluktuatif,64,0,6
USE-00175-202512,SME-2024-00175,2025-12,53.7,8.3,Fluktuatif,153,1,7
USE-00175-202601,SME-2024-00175,2026-01,55.5,8.5,Fluktuatif,3,1,6
USE-00175-202602,SME-2024-00175,2026-02,57.2,8.9,Stabil,13,2,6
USE-00175-202603,SME-2024-00175,2026-03,55.0,7.7,Stabil,92,0,7
USE-00175-202604,SME-2024-00175,2026-04,52.2,8.0,Fluktuatif,0,0,6
USE-00175-202605,SME-2024-00175,2026-05,49.8,8.1,Fluktuatif,1,2,7
USE-00175-202606,SME-2024-00175,2026-06,50.1,8.1,Stabil,14,0,6
USE-00176-202507,SME-2024-00176,2025-07,43.9,7.6,Fluktuatif,26,2,5
USE-00176-202508,SME-2024-00176,2025-08,42.9,6.9,Stabil,111,0,5
USE-00176-202509,SME-2024-00176,2025-09,41.7,6.5,Stabil,68,1,6
USE-00176-202510,SME-2024-00176,2025-10,44.1,6.0,Fluktuatif,42,1,5
USE-00176-202511,SME-2024-00176,2025-11,43.0,6.4,Stabil,71,1,5
USE-00176-202512,SME-2024-00176,2025-12,41.2,6.1,Stabil,16,3,6
USE-00176-202601,SME-2024-00176,2026-01,41.6,6.4,Stabil,139,1,5
USE-00176-202602,SME-2024-00176,2026-02,46.4,7.4,Stabil,29,0,5
USE-00176-202603,SME-2024-00176,2026-03,46.0,7.3,Fluktuatif,39,3,5
USE-00176-202604,SME-2024-00176,2026-04,41.6,6.0,Stabil,15,0,5
USE-00176-202605,SME-2024-00176,2026-05,46.9,7.3,Fluktuatif,6,3,6
USE-00176-202606,SME-2024-00176,2026-06,43.6,6.4,Fluktuatif,28,2,5
USE-00177-202507,SME-2024-00177,2025-07,83.6,13.4,Stabil,25,0,8
USE-00177-202508,SME-2024-00177,2025-08,85.7,14.0,Stabil,21,0,9
USE-00177-202509,SME-2024-00177,2025-09,84.7,13.3,Stabil,12,0,8
USE-00177-202510,SME-2024-00177,2025-10,79.8,11.8,Stabil,24,2,8
USE-00177-202511,SME-2024-00177,2025-11,89.6,13.3,Stabil,92,0,8
USE-00177-202512,SME-2024-00177,2025-12,85.9,12.3,Stabil,2,1,8
USE-00177-202601,SME-2024-00177,2026-01,81.5,12.8,Fluktuatif,3,3,8
USE-00177-202602,SME-2024-00177,2026-02,84.9,12.6,Stabil,5,0,8
USE-00177-202603,SME-2024-00177,2026-03,82.9,12.7,Stabil,0,1,8
USE-00177-202604,SME-2024-00177,2026-04,85.5,12.4,Fluktuatif,2,3,8
USE-00177-202605,SME-2024-00177,2026-05,85.4,13.1,Stabil,16,0,8
USE-00177-202606,SME-2024-00177,2026-06,81.7,12.1,Stabil,42,2,8
USE-00178-202507,SME-2024-00178,2025-07,67.4,9.6,Fluktuatif,24,0,8
USE-00178-202508,SME-2024-00178,2025-08,65.3,10.4,Stabil,40,0,9
USE-00178-202509,SME-2024-00178,2025-09,66.7,10.1,Stabil,23,5,9
USE-00178-202510,SME-2024-00178,2025-10,68.7,10.7,Stabil,80,0,9
USE-00178-202511,SME-2024-00178,2025-11,66.4,10.0,Stabil,1,1,9
USE-00178-202512,SME-2024-00178,2025-12,65.8,9.7,Stabil,53,2,8
USE-00178-202601,SME-2024-00178,2026-01,66.0,9.5,Stabil,34,3,8
USE-00178-202602,SME-2024-00178,2026-02,65.2,9.8,Fluktuatif,22,0,8
USE-00178-202603,SME-2024-00178,2026-03,63.5,9.4,Stabil,18,4,9
USE-00178-202604,SME-2024-00178,2026-04,66.9,9.7,Stabil,64,0,9
USE-00178-202605,SME-2024-00178,2026-05,64.2,9.4,Fluktuatif,15,0,9
USE-00178-202606,SME-2024-00178,2026-06,63.0,9.5,Fluktuatif,76,0,9
USE-00179-202507,SME-2024-00179,2025-07,66.9,9.8,Stabil,23,0,6
USE-00179-202508,SME-2024-00179,2025-08,66.5,10.1,Fluktuatif,9,2,7
USE-00179-202509,SME-2024-00179,2025-09,68.5,10.5,Stabil,12,1,6
USE-00179-202510,SME-2024-00179,2025-10,67.0,9.9,Fluktuatif,37,2,6
USE-00179-202511,SME-2024-00179,2025-11,68.6,10.4,Fluktuatif,27,5,6
USE-00179-202512,SME-2024-00179,2025-12,61.5,8.6,Stabil,8,3,6
USE-00179-202601,SME-2024-00179,2026-01,64.7,10.3,Fluktuatif,8,3,6
USE-00179-202602,SME-2024-00179,2026-02,65.2,10.8,Stabil,52,2,6
USE-00179-202603,SME-2024-00179,2026-03,63.3,9.9,Stabil,14,2,6
USE-00179-202604,SME-2024-00179,2026-04,61.5,8.8,Fluktuatif,17,2,6
USE-00179-202605,SME-2024-00179,2026-05,63.3,9.6,Fluktuatif,8,1,6
USE-00179-202606,SME-2024-00179,2026-06,63.2,8.8,Stabil,15,2,6
USE-00180-202507,SME-2024-00180,2025-07,51.3,8.2,Turun,8,0,7
USE-00180-202508,SME-2024-00180,2025-08,50.1,7.2,Turun,26,0,7
USE-00180-202509,SME-2024-00180,2025-09,50.2,7.1,Turun,12,2,7
USE-00180-202510,SME-2024-00180,2025-10,43.9,7.0,Turun,18,1,7
USE-00180-202511,SME-2024-00180,2025-11,46.9,7.3,Turun,62,1,8
USE-00180-202512,SME-2024-00180,2025-12,41.2,5.9,Turun,29,0,8
USE-00180-202601,SME-2024-00180,2026-01,41.7,6.1,Turun,136,0,7
USE-00180-202602,SME-2024-00180,2026-02,40.7,6.3,Turun,13,2,7
USE-00180-202603,SME-2024-00180,2026-03,42.8,6.9,Turun,3,2,7
USE-00180-202604,SME-2024-00180,2026-04,38.5,6.0,Turun,23,1,7
USE-00180-202605,SME-2024-00180,2026-05,34.2,5.3,Turun,4,1,7
USE-00180-202606,SME-2024-00180,2026-06,33.0,4.9,Turun,2,0,7
USE-00181-202507,SME-2024-00181,2025-07,86.6,12.6,Fluktuatif,33,0,9
USE-00181-202508,SME-2024-00181,2025-08,87.4,13.3,Stabil,4,2,8
USE-00181-202509,SME-2024-00181,2025-09,87.5,13.4,Stabil,45,4,9
USE-00181-202510,SME-2024-00181,2025-10,90.3,13.8,Fluktuatif,7,3,8
USE-00181-202511,SME-2024-00181,2025-11,85.0,13.3,Fluktuatif,40,0,8
USE-00181-202512,SME-2024-00181,2025-12,89.5,13.8,Stabil,72,2,9
USE-00181-202601,SME-2024-00181,2026-01,87.2,14.2,Stabil,7,0,8
USE-00181-202602,SME-2024-00181,2026-02,91.2,13.4,Fluktuatif,0,1,8
USE-00181-202603,SME-2024-00181,2026-03,84.7,12.4,Fluktuatif,47,0,8
USE-00181-202604,SME-2024-00181,2026-04,85.9,13.5,Fluktuatif,195,0,9
USE-00181-202605,SME-2024-00181,2026-05,90.7,13.5,Fluktuatif,7,0,8
USE-00181-202606,SME-2024-00181,2026-06,87.6,13.3,Fluktuatif,15,0,9
USE-00182-202507,SME-2024-00182,2025-07,71.9,9.7,Fluktuatif,19,1,9
USE-00182-202508,SME-2024-00182,2025-08,76.7,11.8,Stabil,24,0,9
USE-00182-202509,SME-2024-00182,2025-09,72.2,11.4,Stabil,25,3,8
USE-00182-202510,SME-2024-00182,2025-10,71.6,10.3,Stabil,0,1,9
USE-00182-202511,SME-2024-00182,2025-11,73.8,11.1,Stabil,21,4,9
USE-00182-202512,SME-2024-00182,2025-12,70.5,10.2,Fluktuatif,28,0,9
USE-00182-202601,SME-2024-00182,2026-01,71.8,11.3,Stabil,7,0,9
USE-00182-202602,SME-2024-00182,2026-02,73.9,10.8,Stabil,0,1,9
USE-00182-202603,SME-2024-00182,2026-03,68.9,10.5,Stabil,46,1,10
USE-00182-202604,SME-2024-00182,2026-04,71.7,11.6,Fluktuatif,41,0,9
USE-00182-202605,SME-2024-00182,2026-05,71.3,11.3,Stabil,73,3,10
USE-00182-202606,SME-2024-00182,2026-06,69.9,9.3,Stabil,11,1,9
USE-00183-202507,SME-2024-00183,2025-07,74.8,11.3,Fluktuatif,15,1,10
USE-00183-202508,SME-2024-00183,2025-08,77.1,11.5,Stabil,98,1,9
USE-00183-202509,SME-2024-00183,2025-09,77.4,11.9,Stabil,13,0,9
USE-00183-202510,SME-2024-00183,2025-10,76.6,11.5,Stabil,4,0,10
USE-00183-202511,SME-2024-00183,2025-11,78.5,12.1,Fluktuatif,7,2,9
USE-00183-202512,SME-2024-00183,2025-12,77.7,11.1,Fluktuatif,8,1,9
USE-00183-202601,SME-2024-00183,2026-01,80.9,11.9,Stabil,25,0,9
USE-00183-202602,SME-2024-00183,2026-02,79.4,11.3,Stabil,54,1,9
USE-00183-202603,SME-2024-00183,2026-03,81.1,12.3,Stabil,11,1,9
USE-00183-202604,SME-2024-00183,2026-04,79.0,11.3,Stabil,22,2,10
USE-00183-202605,SME-2024-00183,2026-05,81.4,12.6,Fluktuatif,80,2,9
USE-00183-202606,SME-2024-00183,2026-06,78.9,12.0,Stabil,29,4,9
USE-00184-202507,SME-2024-00184,2025-07,83.6,12.9,Stabil,24,0,7
USE-00184-202508,SME-2024-00184,2025-08,85.3,12.9,Stabil,15,1,6
USE-00184-202509,SME-2024-00184,2025-09,82.1,12.8,Stabil,20,0,7
USE-00184-202510,SME-2024-00184,2025-10,83.5,12.7,Stabil,19,0,7
USE-00184-202511,SME-2024-00184,2025-11,86.6,13.1,Fluktuatif,1,1,7
USE-00184-202512,SME-2024-00184,2025-12,84.0,12.3,Stabil,49,3,6
USE-00184-202601,SME-2024-00184,2026-01,84.3,11.9,Fluktuatif,17,0,7
USE-00184-202602,SME-2024-00184,2026-02,86.0,13.0,Stabil,3,1,7
USE-00184-202603,SME-2024-00184,2026-03,80.9,12.9,Fluktuatif,12,0,7
USE-00184-202604,SME-2024-00184,2026-04,86.6,13.6,Fluktuatif,2,1,7
USE-00184-202605,SME-2024-00184,2026-05,85.0,13.1,Fluktuatif,50,0,7
USE-00184-202606,SME-2024-00184,2026-06,85.9,12.9,Stabil,13,2,8
USE-00185-202507,SME-2024-00185,2025-07,89.0,13.5,Fluktuatif,80,1,6
USE-00185-202508,SME-2024-00185,2025-08,86.1,12.5,Fluktuatif,107,1,7
USE-00185-202509,SME-2024-00185,2025-09,86.6,12.9,Fluktuatif,35,1,7
USE-00185-202510,SME-2024-00185,2025-10,85.6,13.6,Stabil,2,0,7
USE-00185-202511,SME-2024-00185,2025-11,89.8,14.3,Stabil,18,1,7
USE-00185-202512,SME-2024-00185,2025-12,88.1,13.9,Fluktuatif,11,3,7
USE-00185-202601,SME-2024-00185,2026-01,87.1,13.1,Fluktuatif,10,3,7
USE-00185-202602,SME-2024-00185,2026-02,90.6,13.4,Stabil,47,0,7
USE-00185-202603,SME-2024-00185,2026-03,89.7,13.4,Stabil,11,0,6
USE-00185-202604,SME-2024-00185,2026-04,88.0,12.9,Fluktuatif,4,0,7
USE-00185-202605,SME-2024-00185,2026-05,88.6,13.6,Stabil,0,2,7
USE-00185-202606,SME-2024-00185,2026-06,85.8,12.8,Stabil,0,2,7
USE-00186-202507,SME-2024-00186,2025-07,59.4,8.6,Turun,9,1,8
USE-00186-202508,SME-2024-00186,2025-08,55.5,8.5,Turun,17,2,8
USE-00186-202509,SME-2024-00186,2025-09,53.1,8.5,Turun,5,1,8
USE-00186-202510,SME-2024-00186,2025-10,52.2,8.5,Turun,39,0,8
USE-00186-202511,SME-2024-00186,2025-11,53.9,8.3,Turun,10,0,8
USE-00186-202512,SME-2024-00186,2025-12,50.0,7.4,Turun,27,1,9
USE-00186-202601,SME-2024-00186,2026-01,48.8,7.2,Turun,49,1,8
USE-00186-202602,SME-2024-00186,2026-02,51.6,7.4,Turun,14,2,8
USE-00186-202603,SME-2024-00186,2026-03,49.1,7.5,Turun,5,0,8
USE-00186-202604,SME-2024-00186,2026-04,46.9,7.3,Turun,6,2,8
USE-00186-202605,SME-2024-00186,2026-05,46.9,6.3,Turun,31,2,8
USE-00186-202606,SME-2024-00186,2026-06,48.0,6.7,Turun,57,2,8
USE-00187-202507,SME-2024-00187,2025-07,79.9,11.8,Fluktuatif,7,2,7
USE-00187-202508,SME-2024-00187,2025-08,81.6,12.0,Stabil,1,1,8
USE-00187-202509,SME-2024-00187,2025-09,83.5,12.8,Stabil,17,0,7
USE-00187-202510,SME-2024-00187,2025-10,82.7,12.1,Stabil,91,2,6
USE-00187-202511,SME-2024-00187,2025-11,85.2,12.2,Stabil,39,1,7
USE-00187-202512,SME-2024-00187,2025-12,77.9,12.2,Stabil,20,1,8
USE-00187-202601,SME-2024-00187,2026-01,82.3,12.9,Stabil,36,0,7
USE-00187-202602,SME-2024-00187,2026-02,85.0,12.7,Stabil,47,1,7
USE-00187-202603,SME-2024-00187,2026-03,84.4,12.8,Stabil,35,1,7
USE-00187-202604,SME-2024-00187,2026-04,81.7,12.6,Stabil,13,2,7
USE-00187-202605,SME-2024-00187,2026-05,84.6,12.8,Fluktuatif,26,0,6
USE-00187-202606,SME-2024-00187,2026-06,84.6,12.2,Stabil,22,0,7
USE-00188-202507,SME-2024-00188,2025-07,83.4,12.4,Stabil,4,2,7
USE-00188-202508,SME-2024-00188,2025-08,83.0,12.3,Stabil,21,2,8
USE-00188-202509,SME-2024-00188,2025-09,82.8,13.0,Fluktuatif,29,2,7
USE-00188-202510,SME-2024-00188,2025-10,79.1,11.2,Fluktuatif,13,1,8
USE-00188-202511,SME-2024-00188,2025-11,83.8,11.4,Stabil,1,1,8
USE-00188-202512,SME-2024-00188,2025-12,82.9,12.5,Stabil,107,3,7
USE-00188-202601,SME-2024-00188,2026-01,85.6,12.2,Fluktuatif,31,0,7
USE-00188-202602,SME-2024-00188,2026-02,85.5,12.7,Fluktuatif,105,1,8
USE-00188-202603,SME-2024-00188,2026-03,88.7,12.8,Stabil,51,0,7
USE-00188-202604,SME-2024-00188,2026-04,85.7,12.8,Stabil,3,0,7
USE-00188-202605,SME-2024-00188,2026-05,87.5,13.4,Stabil,19,1,8
USE-00188-202606,SME-2024-00188,2026-06,86.1,12.8,Fluktuatif,17,0,7
USE-00189-202507,SME-2024-00189,2025-07,67.7,10.8,Stabil,12,1,8
USE-00189-202508,SME-2024-00189,2025-08,64.2,9.2,Stabil,0,0,7
USE-00189-202509,SME-2024-00189,2025-09,70.2,11.0,Stabil,28,1,8
USE-00189-202510,SME-2024-00189,2025-10,68.0,10.2,Stabil,76,1,8
USE-00189-202511,SME-2024-00189,2025-11,68.1,10.8,Fluktuatif,53,3,8
USE-00189-202512,SME-2024-00189,2025-12,65.5,10.2,Stabil,107,0,8
USE-00189-202601,SME-2024-00189,2026-01,69.2,10.3,Stabil,32,1,8
USE-00189-202602,SME-2024-00189,2026-02,68.4,11.0,Stabil,32,1,8
USE-00189-202603,SME-2024-00189,2026-03,69.4,10.4,Fluktuatif,6,2,8
USE-00189-202604,SME-2024-00189,2026-04,68.2,9.6,Fluktuatif,27,0,8
USE-00189-202605,SME-2024-00189,2026-05,68.8,10.8,Stabil,4,2,8
USE-00189-202606,SME-2024-00189,2026-06,72.8,9.6,Stabil,13,1,8
USE-00190-202507,SME-2024-00190,2025-07,69.4,9.9,Fluktuatif,11,3,8
USE-00190-202508,SME-2024-00190,2025-08,67.8,10.4,Fluktuatif,54,1,7
USE-00190-202509,SME-2024-00190,2025-09,67.2,10.1,Stabil,6,0,7
USE-00190-202510,SME-2024-00190,2025-10,67.4,9.8,Stabil,13,1,7
USE-00190-202511,SME-2024-00190,2025-11,63.2,10.2,Stabil,40,0,7
USE-00190-202512,SME-2024-00190,2025-12,66.6,9.3,Stabil,49,0,7
USE-00190-202601,SME-2024-00190,2026-01,62.0,9.2,Stabil,36,1,7
USE-00190-202602,SME-2024-00190,2026-02,63.2,10.3,Stabil,55,3,7
USE-00190-202603,SME-2024-00190,2026-03,67.4,9.7,Fluktuatif,6,1,7
USE-00190-202604,SME-2024-00190,2026-04,62.0,9.8,Stabil,59,0,7
USE-00190-202605,SME-2024-00190,2026-05,59.7,9.3,Fluktuatif,37,2,7
USE-00190-202606,SME-2024-00190,2026-06,63.7,10.4,Stabil,18,0,6
USE-00191-202507,SME-2024-00191,2025-07,83.2,12.7,Fluktuatif,7,2,8
USE-00191-202508,SME-2024-00191,2025-08,79.2,11.9,Stabil,123,0,8
USE-00191-202509,SME-2024-00191,2025-09,80.6,11.9,Stabil,4,3,8
USE-00191-202510,SME-2024-00191,2025-10,85.0,12.8,Stabil,26,2,9
USE-00191-202511,SME-2024-00191,2025-11,81.3,12.5,Stabil,19,2,9
USE-00191-202512,SME-2024-00191,2025-12,84.4,13.6,Stabil,5,1,8
USE-00191-202601,SME-2024-00191,2026-01,81.0,12.4,Stabil,33,2,8
USE-00191-202602,SME-2024-00191,2026-02,87.0,13.3,Stabil,4,4,8
USE-00191-202603,SME-2024-00191,2026-03,82.6,12.6,Stabil,22,1,8
USE-00191-202604,SME-2024-00191,2026-04,88.8,13.7,Stabil,4,1,8
USE-00191-202605,SME-2024-00191,2026-05,84.8,12.7,Stabil,8,2,8
USE-00191-202606,SME-2024-00191,2026-06,86.4,13.1,Fluktuatif,53,2,8
USE-00192-202507,SME-2024-00192,2025-07,71.3,10.6,Fluktuatif,46,2,8
USE-00192-202508,SME-2024-00192,2025-08,67.2,9.8,Stabil,45,3,8
USE-00192-202509,SME-2024-00192,2025-09,71.2,10.8,Stabil,24,2,8
USE-00192-202510,SME-2024-00192,2025-10,70.2,10.6,Stabil,56,2,8
USE-00192-202511,SME-2024-00192,2025-11,71.5,11.2,Stabil,18,1,7
USE-00192-202512,SME-2024-00192,2025-12,69.2,10.8,Stabil,4,1,7
USE-00192-202601,SME-2024-00192,2026-01,71.5,10.6,Stabil,99,2,8
USE-00192-202602,SME-2024-00192,2026-02,73.0,11.2,Stabil,3,0,8
USE-00192-202603,SME-2024-00192,2026-03,72.8,11.1,Fluktuatif,32,1,7
USE-00192-202604,SME-2024-00192,2026-04,69.8,11.4,Stabil,10,2,8
USE-00192-202605,SME-2024-00192,2026-05,72.1,11.0,Fluktuatif,94,3,8
USE-00192-202606,SME-2024-00192,2026-06,70.4,10.9,Stabil,19,0,8
USE-00193-202507,SME-2024-00193,2025-07,82.6,11.9,Stabil,6,2,7
USE-00193-202508,SME-2024-00193,2025-08,80.3,11.8,Fluktuatif,28,1,8
USE-00193-202509,SME-2024-00193,2025-09,81.2,13.5,Fluktuatif,81,2,7
USE-00193-202510,SME-2024-00193,2025-10,80.9,12.6,Stabil,60,2,7
USE-00193-202511,SME-2024-00193,2025-11,84.8,12.5,Stabil,61,0,7
USE-00193-202512,SME-2024-00193,2025-12,84.2,12.0,Stabil,19,3,8
USE-00193-202601,SME-2024-00193,2026-01,81.9,11.7,Stabil,22,3,8
USE-00193-202602,SME-2024-00193,2026-02,89.4,13.1,Stabil,41,0,8
USE-00193-202603,SME-2024-00193,2026-03,86.3,13.6,Stabil,32,1,7
USE-00193-202604,SME-2024-00193,2026-04,84.8,12.5,Stabil,49,1,8
USE-00193-202605,SME-2024-00193,2026-05,89.8,13.0,Stabil,122,3,8
USE-00193-202606,SME-2024-00193,2026-06,86.0,13.5,Fluktuatif,100,0,7
USE-00194-202507,SME-2024-00194,2025-07,87.7,13.1,Stabil,9,3,6
USE-00194-202508,SME-2024-00194,2025-08,84.8,12.2,Stabil,25,2,6
USE-00194-202509,SME-2024-00194,2025-09,84.0,13.8,Stabil,5,2,6
USE-00194-202510,SME-2024-00194,2025-10,84.4,13.3,Stabil,15,2,6
USE-00194-202511,SME-2024-00194,2025-11,86.8,12.1,Stabil,7,1,6
USE-00194-202512,SME-2024-00194,2025-12,89.2,13.4,Stabil,3,1,6
USE-00194-202601,SME-2024-00194,2026-01,87.2,13.7,Fluktuatif,38,0,6
USE-00194-202602,SME-2024-00194,2026-02,84.5,12.3,Stabil,152,1,6
USE-00194-202603,SME-2024-00194,2026-03,87.8,14.0,Stabil,42,2,6
USE-00194-202604,SME-2024-00194,2026-04,87.3,13.3,Stabil,42,3,6
USE-00194-202605,SME-2024-00194,2026-05,84.3,12.6,Stabil,45,0,7
USE-00194-202606,SME-2024-00194,2026-06,88.7,13.4,Fluktuatif,15,1,7
USE-00195-202507,SME-2024-00195,2025-07,77.3,11.5,Stabil,9,1,8
USE-00195-202508,SME-2024-00195,2025-08,78.4,11.5,Fluktuatif,41,2,8
USE-00195-202509,SME-2024-00195,2025-09,76.2,12.0,Stabil,6,1,8
USE-00195-202510,SME-2024-00195,2025-10,79.7,11.8,Stabil,123,0,9
USE-00195-202511,SME-2024-00195,2025-11,76.5,11.5,Stabil,16,1,8
USE-00195-202512,SME-2024-00195,2025-12,81.6,12.3,Stabil,0,1,8
USE-00195-202601,SME-2024-00195,2026-01,79.3,13.4,Stabil,48,1,8
USE-00195-202602,SME-2024-00195,2026-02,78.7,10.9,Stabil,167,0,8
USE-00195-202603,SME-2024-00195,2026-03,80.0,11.9,Fluktuatif,20,0,9
USE-00195-202604,SME-2024-00195,2026-04,79.2,11.7,Fluktuatif,0,1,8
USE-00195-202605,SME-2024-00195,2026-05,77.8,11.3,Stabil,1,1,8
USE-00195-202606,SME-2024-00195,2026-06,80.0,11.7,Stabil,10,2,8
USE-00196-202507,SME-2024-00196,2025-07,72.8,10.9,Stabil,10,2,8
USE-00196-202508,SME-2024-00196,2025-08,74.9,11.3,Stabil,4,1,9
USE-00196-202509,SME-2024-00196,2025-09,68.1,10.4,Stabil,90,1,8
USE-00196-202510,SME-2024-00196,2025-10,69.5,10.7,Stabil,62,0,8
USE-00196-202511,SME-2024-00196,2025-11,70.0,10.7,Stabil,2,0,9
USE-00196-202512,SME-2024-00196,2025-12,73.3,11.5,Stabil,39,1,9
USE-00196-202601,SME-2024-00196,2026-01,71.0,10.6,Stabil,16,2,8
USE-00196-202602,SME-2024-00196,2026-02,69.0,10.6,Stabil,97,1,8
USE-00196-202603,SME-2024-00196,2026-03,69.7,10.3,Stabil,1,3,8
USE-00196-202604,SME-2024-00196,2026-04,69.5,10.7,Fluktuatif,14,3,9
USE-00196-202605,SME-2024-00196,2026-05,72.7,9.4,Stabil,40,1,8
USE-00196-202606,SME-2024-00196,2026-06,72.6,10.4,Fluktuatif,18,0,8
USE-00197-202507,SME-2024-00197,2025-07,78.1,12.6,Stabil,81,3,6
USE-00197-202508,SME-2024-00197,2025-08,76.8,11.2,Stabil,3,1,6
USE-00197-202509,SME-2024-00197,2025-09,74.4,10.2,Fluktuatif,56,1,6
USE-00197-202510,SME-2024-00197,2025-10,76.5,11.8,Fluktuatif,69,3,6
USE-00197-202511,SME-2024-00197,2025-11,76.6,10.7,Stabil,70,0,6
USE-00197-202512,SME-2024-00197,2025-12,74.7,11.8,Stabil,13,1,6
USE-00197-202601,SME-2024-00197,2026-01,76.4,11.4,Stabil,4,0,6
USE-00197-202602,SME-2024-00197,2026-02,80.4,12.0,Fluktuatif,79,1,5
USE-00197-202603,SME-2024-00197,2026-03,74.2,11.1,Stabil,16,0,5
USE-00197-202604,SME-2024-00197,2026-04,77.3,11.3,Stabil,18,1,5
USE-00197-202605,SME-2024-00197,2026-05,76.2,11.6,Stabil,15,0,6
USE-00197-202606,SME-2024-00197,2026-06,80.7,12.0,Fluktuatif,48,2,6
USE-00198-202507,SME-2024-00198,2025-07,62.4,10.0,Stabil,11,1,6
USE-00198-202508,SME-2024-00198,2025-08,61.7,9.8,Stabil,2,0,8
USE-00198-202509,SME-2024-00198,2025-09,63.6,9.3,Fluktuatif,46,2,7
USE-00198-202510,SME-2024-00198,2025-10,63.0,10.1,Stabil,107,1,6
USE-00198-202511,SME-2024-00198,2025-11,61.0,9.2,Stabil,42,2,5
USE-00198-202512,SME-2024-00198,2025-12,64.5,9.7,Stabil,119,2,7
USE-00198-202601,SME-2024-00198,2026-01,59.5,9.5,Stabil,14,0,6
USE-00198-202602,SME-2024-00198,2026-02,62.8,9.5,Stabil,23,3,7
USE-00198-202603,SME-2024-00198,2026-03,63.5,9.9,Stabil,45,2,7
USE-00198-202604,SME-2024-00198,2026-04,61.9,8.6,Stabil,108,1,6
USE-00198-202605,SME-2024-00198,2026-05,65.5,9.2,Stabil,33,1,7
USE-00198-202606,SME-2024-00198,2026-06,60.8,9.5,Fluktuatif,2,1,6
USE-00199-202507,SME-2024-00199,2025-07,76.9,10.0,Turun,52,0,7
USE-00199-202508,SME-2024-00199,2025-08,80.1,12.2,Turun,13,1,7
USE-00199-202509,SME-2024-00199,2025-09,75.5,11.5,Turun,4,1,7
USE-00199-202510,SME-2024-00199,2025-10,77.3,11.4,Turun,53,3,6
USE-00199-202511,SME-2024-00199,2025-11,69.8,11.9,Turun,63,3,6
USE-00199-202512,SME-2024-00199,2025-12,74.0,11.3,Turun,32,3,7
USE-00199-202601,SME-2024-00199,2026-01,72.0,11.0,Turun,20,2,7
USE-00199-202602,SME-2024-00199,2026-02,68.2,10.5,Turun,7,2,7
USE-00199-202603,SME-2024-00199,2026-03,72.2,11.3,Turun,41,1,8
USE-00199-202604,SME-2024-00199,2026-04,74.1,10.9,Turun,7,2,7
USE-00199-202605,SME-2024-00199,2026-05,71.3,10.0,Turun,29,1,6
USE-00199-202606,SME-2024-00199,2026-06,66.0,9.9,Turun,8,0,7
USE-00200-202507,SME-2024-00200,2025-07,94.1,13.8,Fluktuatif,7,1,7
USE-00200-202508,SME-2024-00200,2025-08,92.5,14.8,Stabil,66,0,6
USE-00200-202509,SME-2024-00200,2025-09,88.7,12.8,Fluktuatif,2,1,8
USE-00200-202510,SME-2024-00200,2025-10,91.8,13.9,Stabil,67,4,7
USE-00200-202511,SME-2024-00200,2025-11,90.6,13.2,Stabil,36,1,7
USE-00200-202512,SME-2024-00200,2025-12,90.0,14.1,Stabil,48,2,7
USE-00200-202601,SME-2024-00200,2026-01,86.2,12.8,Stabil,0,1,7
USE-00200-202602,SME-2024-00200,2026-02,86.8,12.9,Stabil,32,1,6
USE-00200-202603,SME-2024-00200,2026-03,86.1,13.3,Stabil,1,0,7
USE-00200-202604,SME-2024-00200,2026-04,87.2,12.8,Stabil,13,1,7
USE-00200-202605,SME-2024-00200,2026-05,88.5,14.6,Stabil,47,1,7
USE-00200-202606,SME-2024-00200,2026-06,80.6,11.9,Stabil,40,1,7
USE-00201-202507,SME-2024-00201,2025-07,82.5,13.1,Stabil,49,0,8
USE-00201-202508,SME-2024-00201,2025-08,75.7,11.8,Stabil,19,1,8
USE-00201-202509,SME-2024-00201,2025-09,78.9,12.2,Stabil,3,3,8
USE-00201-202510,SME-2024-00201,2025-10,79.6,12.7,Fluktuatif,110,0,8
USE-00201-202511,SME-2024-00201,2025-11,80.4,11.7,Fluktuatif,2,0,8
USE-00201-202512,SME-2024-00201,2025-12,77.3,11.8,Stabil,6,1,8
USE-00201-202601,SME-2024-00201,2026-01,77.0,10.9,Stabil,15,2,8
USE-00201-202602,SME-2024-00201,2026-02,76.8,11.5,Fluktuatif,9,0,8
USE-00201-202603,SME-2024-00201,2026-03,78.1,11.9,Stabil,60,3,8
USE-00201-202604,SME-2024-00201,2026-04,80.7,12.3,Stabil,105,0,7
USE-00201-202605,SME-2024-00201,2026-05,78.9,10.8,Stabil,6,1,7
USE-00201-202606,SME-2024-00201,2026-06,78.6,11.7,Stabil,3,0,8
USE-00202-202507,SME-2024-00202,2025-07,91.4,13.4,Stabil,28,1,8
USE-00202-202508,SME-2024-00202,2025-08,88.0,13.0,Stabil,0,1,8
USE-00202-202509,SME-2024-00202,2025-09,91.4,13.2,Fluktuatif,31,3,8
USE-00202-202510,SME-2024-00202,2025-10,88.5,12.9,Stabil,15,3,7
USE-00202-202511,SME-2024-00202,2025-11,92.7,13.4,Stabil,27,3,7
USE-00202-202512,SME-2024-00202,2025-12,89.3,13.8,Stabil,8,0,8
USE-00202-202601,SME-2024-00202,2026-01,89.3,12.7,Stabil,20,0,8
USE-00202-202602,SME-2024-00202,2026-02,89.8,13.0,Stabil,12,1,8
USE-00202-202603,SME-2024-00202,2026-03,91.9,13.0,Stabil,6,3,7
USE-00202-202604,SME-2024-00202,2026-04,91.6,13.6,Stabil,16,1,8
USE-00202-202605,SME-2024-00202,2026-05,91.3,13.3,Fluktuatif,22,2,8
USE-00202-202606,SME-2024-00202,2026-06,92.0,13.8,Fluktuatif,19,2,8
USE-00203-202507,SME-2024-00203,2025-07,90.1,13.5,Stabil,38,1,6
USE-00203-202508,SME-2024-00203,2025-08,91.8,13.7,Fluktuatif,0,0,7
USE-00203-202509,SME-2024-00203,2025-09,92.7,13.4,Fluktuatif,20,0,6
USE-00203-202510,SME-2024-00203,2025-10,85.7,12.7,Fluktuatif,42,1,7
USE-00203-202511,SME-2024-00203,2025-11,89.2,12.5,Fluktuatif,148,0,6
USE-00203-202512,SME-2024-00203,2025-12,89.5,12.8,Fluktuatif,4,0,6
USE-00203-202601,SME-2024-00203,2026-01,90.9,13.0,Stabil,66,2,6
USE-00203-202602,SME-2024-00203,2026-02,86.1,13.8,Fluktuatif,42,1,6
USE-00203-202603,SME-2024-00203,2026-03,88.4,13.5,Stabil,2,0,6
USE-00203-202604,SME-2024-00203,2026-04,88.7,13.7,Stabil,23,3,6
USE-00203-202605,SME-2024-00203,2026-05,85.7,12.9,Stabil,31,1,6
USE-00203-202606,SME-2024-00203,2026-06,83.5,12.6,Stabil,23,1,6
USE-00204-202507,SME-2024-00204,2025-07,59.7,9.8,Stabil,95,2,7
USE-00204-202508,SME-2024-00204,2025-08,59.0,9.2,Stabil,35,2,8
USE-00204-202509,SME-2024-00204,2025-09,57.7,9.3,Stabil,9,2,7
USE-00204-202510,SME-2024-00204,2025-10,58.4,8.6,Stabil,95,0,7
USE-00204-202511,SME-2024-00204,2025-11,55.8,8.1,Stabil,13,2,7
USE-00204-202512,SME-2024-00204,2025-12,56.8,8.6,Stabil,4,3,8
USE-00204-202601,SME-2024-00204,2026-01,58.5,8.6,Stabil,183,1,7
USE-00204-202602,SME-2024-00204,2026-02,58.0,9.6,Stabil,6,0,7
USE-00204-202603,SME-2024-00204,2026-03,57.5,8.9,Stabil,38,2,8
USE-00204-202604,SME-2024-00204,2026-04,58.3,8.7,Fluktuatif,2,1,7
USE-00204-202605,SME-2024-00204,2026-05,56.0,8.8,Stabil,11,1,7
USE-00204-202606,SME-2024-00204,2026-06,54.9,8.8,Stabil,24,1,7
USE-00205-202507,SME-2024-00205,2025-07,84.9,13.7,Fluktuatif,5,0,7
USE-00205-202508,SME-2024-00205,2025-08,81.1,12.6,Stabil,7,0,8
USE-00205-202509,SME-2024-00205,2025-09,84.1,12.2,Fluktuatif,137,2,8
USE-00205-202510,SME-2024-00205,2025-10,85.5,12.3,Fluktuatif,101,3,7
USE-00205-202511,SME-2024-00205,2025-11,82.4,11.3,Stabil,28,0,8
USE-00205-202512,SME-2024-00205,2025-12,81.6,12.5,Fluktuatif,18,1,8
USE-00205-202601,SME-2024-00205,2026-01,83.2,12.5,Fluktuatif,46,0,8
USE-00205-202602,SME-2024-00205,2026-02,82.9,12.9,Stabil,32,2,7
USE-00205-202603,SME-2024-00205,2026-03,77.8,11.5,Stabil,24,1,8
USE-00205-202604,SME-2024-00205,2026-04,82.6,12.2,Stabil,1,1,8
USE-00205-202605,SME-2024-00205,2026-05,85.0,12.7,Stabil,26,1,7
USE-00205-202606,SME-2024-00205,2026-06,78.8,11.9,Stabil,1,2,7
USE-00206-202507,SME-2024-00206,2025-07,69.7,10.4,Stabil,30,4,6
USE-00206-202508,SME-2024-00206,2025-08,69.4,9.8,Stabil,103,2,7
USE-00206-202509,SME-2024-00206,2025-09,69.2,10.8,Stabil,0,1,7
USE-00206-202510,SME-2024-00206,2025-10,70.2,10.3,Fluktuatif,147,0,6
USE-00206-202511,SME-2024-00206,2025-11,68.0,10.1,Fluktuatif,9,2,6
USE-00206-202512,SME-2024-00206,2025-12,71.8,11.1,Stabil,26,2,6
USE-00206-202601,SME-2024-00206,2026-01,74.7,11.1,Fluktuatif,47,2,7
USE-00206-202602,SME-2024-00206,2026-02,71.3,10.6,Fluktuatif,106,1,6
USE-00206-202603,SME-2024-00206,2026-03,73.6,11.7,Stabil,25,2,6
USE-00206-202604,SME-2024-00206,2026-04,71.4,10.1,Stabil,17,0,6
USE-00206-202605,SME-2024-00206,2026-05,75.5,11.1,Stabil,6,0,7
USE-00206-202606,SME-2024-00206,2026-06,73.2,11.1,Stabil,6,1,6
USE-00207-202507,SME-2024-00207,2025-07,62.7,8.9,Stabil,5,0,6
USE-00207-202508,SME-2024-00207,2025-08,62.0,9.8,Stabil,27,0,7
USE-00207-202509,SME-2024-00207,2025-09,63.5,9.6,Stabil,55,2,6
USE-00207-202510,SME-2024-00207,2025-10,67.6,10.0,Stabil,9,0,6
USE-00207-202511,SME-2024-00207,2025-11,63.3,8.8,Fluktuatif,6,0,6
USE-00207-202512,SME-2024-00207,2025-12,67.3,10.0,Stabil,49,2,6
USE-00207-202601,SME-2024-00207,2026-01,66.0,9.9,Stabil,91,1,6
USE-00207-202602,SME-2024-00207,2026-02,71.2,9.7,Stabil,61,2,6
USE-00207-202603,SME-2024-00207,2026-03,72.0,10.3,Stabil,77,0,7
USE-00207-202604,SME-2024-00207,2026-04,67.2,10.6,Fluktuatif,5,0,6
USE-00207-202605,SME-2024-00207,2026-05,75.3,11.5,Fluktuatif,67,1,6
USE-00207-202606,SME-2024-00207,2026-06,73.0,11.0,Fluktuatif,8,0,6
USE-00208-202507,SME-2024-00208,2025-07,84.7,13.1,Stabil,6,0,8
USE-00208-202508,SME-2024-00208,2025-08,86.7,13.6,Stabil,20,0,8
USE-00208-202509,SME-2024-00208,2025-09,82.4,12.3,Stabil,1,2,8
USE-00208-202510,SME-2024-00208,2025-10,90.0,13.6,Stabil,43,2,8
USE-00208-202511,SME-2024-00208,2025-11,88.2,12.8,Stabil,96,1,8
USE-00208-202512,SME-2024-00208,2025-12,82.5,12.8,Stabil,51,1,8
USE-00208-202601,SME-2024-00208,2026-01,86.4,13.1,Fluktuatif,60,0,8
USE-00208-202602,SME-2024-00208,2026-02,82.1,12.5,Stabil,12,2,8
USE-00208-202603,SME-2024-00208,2026-03,82.6,12.5,Stabil,23,1,8
USE-00208-202604,SME-2024-00208,2026-04,83.5,12.4,Stabil,50,0,9
USE-00208-202605,SME-2024-00208,2026-05,82.1,12.8,Stabil,44,1,9
USE-00208-202606,SME-2024-00208,2026-06,82.6,12.3,Stabil,31,0,8
USE-00209-202507,SME-2024-00209,2025-07,45.6,7.2,Turun,62,1,6
USE-00209-202508,SME-2024-00209,2025-08,46.9,7.1,Turun,69,0,7
USE-00209-202509,SME-2024-00209,2025-09,43.0,6.9,Turun,18,0,6
USE-00209-202510,SME-2024-00209,2025-10,43.3,6.5,Turun,68,1,7
USE-00209-202511,SME-2024-00209,2025-11,41.8,6.2,Turun,20,2,6
USE-00209-202512,SME-2024-00209,2025-12,41.7,6.6,Turun,104,1,7
USE-00209-202601,SME-2024-00209,2026-01,40.6,5.7,Turun,41,0,7
USE-00209-202602,SME-2024-00209,2026-02,42.5,6.3,Turun,13,4,6
USE-00209-202603,SME-2024-00209,2026-03,40.5,6.2,Turun,1,3,7
USE-00209-202604,SME-2024-00209,2026-04,34.7,4.5,Turun,5,1,7
USE-00209-202605,SME-2024-00209,2026-05,35.3,4.9,Turun,26,2,6
USE-00209-202606,SME-2024-00209,2026-06,30.9,4.9,Turun,62,0,7
USE-00210-202507,SME-2024-00210,2025-07,86.3,12.3,Stabil,20,4,9
USE-00210-202508,SME-2024-00210,2025-08,80.8,12.4,Stabil,15,4,9
USE-00210-202509,SME-2024-00210,2025-09,91.2,14.0,Stabil,58,1,8
USE-00210-202510,SME-2024-00210,2025-10,89.6,13.7,Fluktuatif,70,1,9
USE-00210-202511,SME-2024-00210,2025-11,88.8,13.1,Stabil,85,0,9
USE-00210-202512,SME-2024-00210,2025-12,91.1,13.4,Stabil,77,0,10
USE-00210-202601,SME-2024-00210,2026-01,94.6,14.0,Stabil,60,2,8
USE-00210-202602,SME-2024-00210,2026-02,89.9,13.7,Fluktuatif,17,0,8
USE-00210-202603,SME-2024-00210,2026-03,92.2,14.8,Stabil,23,2,9
USE-00210-202604,SME-2024-00210,2026-04,92.7,12.4,Stabil,4,1,9
USE-00210-202605,SME-2024-00210,2026-05,95.1,13.4,Stabil,17,2,9
USE-00210-202606,SME-2024-00210,2026-06,98.0,15.0,Stabil,30,0,9
USE-00211-202507,SME-2024-00211,2025-07,70.9,11.3,Fluktuatif,17,2,7
USE-00211-202508,SME-2024-00211,2025-08,71.7,10.3,Stabil,35,0,7
USE-00211-202509,SME-2024-00211,2025-09,69.0,9.8,Fluktuatif,24,1,7
USE-00211-202510,SME-2024-00211,2025-10,70.8,11.6,Stabil,45,2,7
USE-00211-202511,SME-2024-00211,2025-11,72.8,10.6,Stabil,23,1,8
USE-00211-202512,SME-2024-00211,2025-12,68.6,10.7,Stabil,4,0,7
USE-00211-202601,SME-2024-00211,2026-01,70.1,11.1,Fluktuatif,85,1,8
USE-00211-202602,SME-2024-00211,2026-02,67.3,10.1,Stabil,22,0,7
USE-00211-202603,SME-2024-00211,2026-03,68.4,10.2,Stabil,54,0,7
USE-00211-202604,SME-2024-00211,2026-04,67.3,10.7,Stabil,11,0,7
USE-00211-202605,SME-2024-00211,2026-05,66.7,9.8,Stabil,81,2,7
USE-00211-202606,SME-2024-00211,2026-06,65.6,9.8,Stabil,27,0,7
USE-00212-202507,SME-2024-00212,2025-07,58.1,9.1,Fluktuatif,31,0,6
USE-00212-202508,SME-2024-00212,2025-08,60.7,8.6,Fluktuatif,17,4,6
USE-00212-202509,SME-2024-00212,2025-09,52.8,8.2,Stabil,4,3,5
USE-00212-202510,SME-2024-00212,2025-10,54.9,7.3,Stabil,4,2,6
USE-00212-202511,SME-2024-00212,2025-11,57.7,9.2,Stabil,12,2,6
USE-00212-202512,SME-2024-00212,2025-12,56.8,8.4,Stabil,48,0,5
USE-00212-202601,SME-2024-00212,2026-01,56.5,8.3,Fluktuatif,9,1,6
USE-00212-202602,SME-2024-00212,2026-02,59.7,9.2,Stabil,33,0,6
USE-00212-202603,SME-2024-00212,2026-03,51.4,8.2,Stabil,58,0,6
USE-00212-202604,SME-2024-00212,2026-04,52.3,8.6,Fluktuatif,35,1,6
USE-00212-202605,SME-2024-00212,2026-05,53.9,7.9,Stabil,2,0,6
USE-00212-202606,SME-2024-00212,2026-06,51.7,8.1,Stabil,9,1,5
USE-00213-202507,SME-2024-00213,2025-07,85.3,13.4,Stabil,6,1,7
USE-00213-202508,SME-2024-00213,2025-08,83.1,12.1,Stabil,24,1,7
USE-00213-202509,SME-2024-00213,2025-09,86.9,13.1,Stabil,23,0,7
USE-00213-202510,SME-2024-00213,2025-10,85.6,13.5,Stabil,32,0,6
USE-00213-202511,SME-2024-00213,2025-11,86.7,12.4,Stabil,18,1,7
USE-00213-202512,SME-2024-00213,2025-12,84.6,12.1,Fluktuatif,184,3,7
USE-00213-202601,SME-2024-00213,2026-01,83.5,12.9,Stabil,5,2,6
USE-00213-202602,SME-2024-00213,2026-02,84.1,12.5,Fluktuatif,13,0,5
USE-00213-202603,SME-2024-00213,2026-03,84.7,12.2,Fluktuatif,4,2,6
USE-00213-202604,SME-2024-00213,2026-04,83.6,12.8,Stabil,36,1,7
USE-00213-202605,SME-2024-00213,2026-05,86.7,13.4,Stabil,7,2,7
USE-00213-202606,SME-2024-00213,2026-06,85.7,12.8,Stabil,1,0,6
USE-00214-202507,SME-2024-00214,2025-07,79.3,11.3,Stabil,6,0,8
USE-00214-202508,SME-2024-00214,2025-08,79.0,11.6,Fluktuatif,0,0,8
USE-00214-202509,SME-2024-00214,2025-09,80.4,11.3,Fluktuatif,1,1,8
USE-00214-202510,SME-2024-00214,2025-10,80.0,12.5,Stabil,11,2,7
USE-00214-202511,SME-2024-00214,2025-11,77.6,11.6,Fluktuatif,136,0,8
USE-00214-202512,SME-2024-00214,2025-12,76.1,11.1,Fluktuatif,50,6,8
USE-00214-202601,SME-2024-00214,2026-01,73.9,11.2,Stabil,2,0,7
USE-00214-202602,SME-2024-00214,2026-02,72.7,11.4,Stabil,159,2,8
USE-00214-202603,SME-2024-00214,2026-03,77.6,11.3,Fluktuatif,17,0,7
USE-00214-202604,SME-2024-00214,2026-04,77.9,12.1,Stabil,9,2,8
USE-00214-202605,SME-2024-00214,2026-05,76.5,11.6,Fluktuatif,47,3,7
USE-00214-202606,SME-2024-00214,2026-06,76.7,12.3,Stabil,52,2,8
USE-00215-202507,SME-2024-00215,2025-07,89.1,14.0,Stabil,1,1,7
USE-00215-202508,SME-2024-00215,2025-08,91.9,13.7,Stabil,160,0,7
USE-00215-202509,SME-2024-00215,2025-09,92.7,14.2,Fluktuatif,14,2,7
USE-00215-202510,SME-2024-00215,2025-10,91.4,13.7,Stabil,0,0,8
USE-00215-202511,SME-2024-00215,2025-11,91.6,13.2,Stabil,30,1,8
USE-00215-202512,SME-2024-00215,2025-12,85.5,12.4,Fluktuatif,165,2,9
USE-00215-202601,SME-2024-00215,2026-01,93.9,14.2,Fluktuatif,10,2,8
USE-00215-202602,SME-2024-00215,2026-02,87.9,14.0,Fluktuatif,42,1,8
USE-00215-202603,SME-2024-00215,2026-03,89.8,14.4,Stabil,7,1,7
USE-00215-202604,SME-2024-00215,2026-04,93.9,13.1,Stabil,5,3,8
USE-00215-202605,SME-2024-00215,2026-05,90.6,13.9,Stabil,19,2,7
USE-00215-202606,SME-2024-00215,2026-06,86.0,12.0,Stabil,2,2,8
USE-00216-202507,SME-2024-00216,2025-07,71.0,10.3,Stabil,36,4,6
USE-00216-202508,SME-2024-00216,2025-08,73.0,10.7,Stabil,24,2,5
USE-00216-202509,SME-2024-00216,2025-09,74.3,10.7,Stabil,11,2,6
USE-00216-202510,SME-2024-00216,2025-10,74.3,10.8,Stabil,10,3,5
USE-00216-202511,SME-2024-00216,2025-11,74.3,10.6,Stabil,44,1,5
USE-00216-202512,SME-2024-00216,2025-12,69.6,10.4,Fluktuatif,25,2,6
USE-00216-202601,SME-2024-00216,2026-01,72.0,10.4,Fluktuatif,5,0,5
USE-00216-202602,SME-2024-00216,2026-02,71.1,10.7,Stabil,44,1,5
USE-00216-202603,SME-2024-00216,2026-03,74.9,11.7,Stabil,27,2,6
USE-00216-202604,SME-2024-00216,2026-04,73.5,9.8,Stabil,41,0,5
USE-00216-202605,SME-2024-00216,2026-05,74.9,11.6,Stabil,26,4,6
USE-00216-202606,SME-2024-00216,2026-06,70.7,11.7,Stabil,41,1,5
USE-00217-202507,SME-2024-00217,2025-07,68.0,9.9,Stabil,19,1,8
USE-00217-202508,SME-2024-00217,2025-08,65.2,9.9,Stabil,20,0,7
USE-00217-202509,SME-2024-00217,2025-09,69.6,10.0,Stabil,59,1,8
USE-00217-202510,SME-2024-00217,2025-10,69.2,10.2,Fluktuatif,38,1,7
USE-00217-202511,SME-2024-00217,2025-11,65.7,10.0,Fluktuatif,3,0,8
USE-00217-202512,SME-2024-00217,2025-12,66.4,10.1,Stabil,34,1,7
USE-00217-202601,SME-2024-00217,2026-01,67.7,11.0,Fluktuatif,50,0,8
USE-00217-202602,SME-2024-00217,2026-02,64.6,9.9,Stabil,5,0,8
USE-00217-202603,SME-2024-00217,2026-03,66.7,9.9,Stabil,1,0,7
USE-00217-202604,SME-2024-00217,2026-04,64.3,10.1,Stabil,50,1,7
USE-00217-202605,SME-2024-00217,2026-05,64.8,9.6,Stabil,36,2,7
USE-00217-202606,SME-2024-00217,2026-06,64.3,9.6,Stabil,52,1,8
USE-00218-202507,SME-2024-00218,2025-07,80.8,12.7,Fluktuatif,27,3,8
USE-00218-202508,SME-2024-00218,2025-08,75.7,11.1,Stabil,15,1,8
USE-00218-202509,SME-2024-00218,2025-09,76.8,12.0,Stabil,5,0,8
USE-00218-202510,SME-2024-00218,2025-10,77.4,11.9,Stabil,75,1,8
USE-00218-202511,SME-2024-00218,2025-11,78.0,12.2,Stabil,26,1,8
USE-00218-202512,SME-2024-00218,2025-12,75.4,12.0,Stabil,14,3,8
USE-00218-202601,SME-2024-00218,2026-01,78.1,11.2,Fluktuatif,45,0,8
USE-00218-202602,SME-2024-00218,2026-02,76.6,12.8,Fluktuatif,3,1,8
USE-00218-202603,SME-2024-00218,2026-03,75.7,10.9,Stabil,0,0,8
USE-00218-202604,SME-2024-00218,2026-04,79.3,11.4,Stabil,15,0,8
USE-00218-202605,SME-2024-00218,2026-05,77.0,11.6,Stabil,4,1,8
USE-00218-202606,SME-2024-00218,2026-06,79.4,12.0,Stabil,36,1,8
USE-00219-202507,SME-2024-00219,2025-07,72.5,10.6,Stabil,52,2,8
USE-00219-202508,SME-2024-00219,2025-08,70.7,10.4,Stabil,3,0,8
USE-00219-202509,SME-2024-00219,2025-09,69.1,11.1,Stabil,48,0,8
USE-00219-202510,SME-2024-00219,2025-10,72.4,11.3,Stabil,14,1,9
USE-00219-202511,SME-2024-00219,2025-11,75.8,11.8,Stabil,41,0,8
USE-00219-202512,SME-2024-00219,2025-12,71.5,10.5,Stabil,3,3,8
USE-00219-202601,SME-2024-00219,2026-01,73.6,11.5,Stabil,5,0,8
USE-00219-202602,SME-2024-00219,2026-02,71.1,10.9,Stabil,11,2,9
USE-00219-202603,SME-2024-00219,2026-03,70.2,10.6,Fluktuatif,32,2,7
USE-00219-202604,SME-2024-00219,2026-04,72.0,10.6,Fluktuatif,32,1,8
USE-00219-202605,SME-2024-00219,2026-05,72.4,11.3,Stabil,48,2,8
USE-00219-202606,SME-2024-00219,2026-06,70.5,11.2,Fluktuatif,1,0,8
USE-00220-202507,SME-2024-00220,2025-07,78.7,12.3,Fluktuatif,39,1,8
USE-00220-202508,SME-2024-00220,2025-08,80.4,12.5,Stabil,8,0,8
USE-00220-202509,SME-2024-00220,2025-09,81.6,12.2,Stabil,37,1,7
USE-00220-202510,SME-2024-00220,2025-10,79.2,12.4,Stabil,100,2,8
USE-00220-202511,SME-2024-00220,2025-11,81.2,12.0,Fluktuatif,27,2,8
USE-00220-202512,SME-2024-00220,2025-12,80.4,12.1,Fluktuatif,87,2,8
USE-00220-202601,SME-2024-00220,2026-01,77.8,11.3,Stabil,34,2,7
USE-00220-202602,SME-2024-00220,2026-02,79.2,12.1,Stabil,75,3,7
USE-00220-202603,SME-2024-00220,2026-03,77.5,11.2,Stabil,48,1,7
USE-00220-202604,SME-2024-00220,2026-04,80.1,11.8,Fluktuatif,76,1,8
USE-00220-202605,SME-2024-00220,2026-05,79.3,12.6,Stabil,68,1,8
USE-00220-202606,SME-2024-00220,2026-06,77.1,11.0,Stabil,50,2,8
USE-00221-202507,SME-2024-00221,2025-07,72.2,10.5,Fluktuatif,109,1,8
USE-00221-202508,SME-2024-00221,2025-08,74.9,11.3,Fluktuatif,28,0,8
USE-00221-202509,SME-2024-00221,2025-09,73.2,9.8,Stabil,44,4,8
USE-00221-202510,SME-2024-00221,2025-10,71.6,11.1,Stabil,12,1,8
USE-00221-202511,SME-2024-00221,2025-11,74.3,10.9,Stabil,21,1,8
USE-00221-202512,SME-2024-00221,2025-12,74.9,11.2,Stabil,3,0,8
USE-00221-202601,SME-2024-00221,2026-01,73.4,10.8,Fluktuatif,29,2,8
USE-00221-202602,SME-2024-00221,2026-02,74.0,11.2,Stabil,26,2,8
USE-00221-202603,SME-2024-00221,2026-03,71.2,9.3,Stabil,59,1,7
USE-00221-202604,SME-2024-00221,2026-04,70.7,12.0,Stabil,110,1,8
USE-00221-202605,SME-2024-00221,2026-05,74.2,11.1,Stabil,112,2,8
USE-00221-202606,SME-2024-00221,2026-06,76.9,11.8,Stabil,23,1,8
USE-00222-202507,SME-2024-00222,2025-07,90.6,13.9,Stabil,13,0,6
USE-00222-202508,SME-2024-00222,2025-08,87.4,13.1,Stabil,1,1,7
USE-00222-202509,SME-2024-00222,2025-09,88.6,13.9,Stabil,3,1,7
USE-00222-202510,SME-2024-00222,2025-10,88.5,12.5,Fluktuatif,266,1,7
USE-00222-202511,SME-2024-00222,2025-11,88.4,13.5,Fluktuatif,34,1,6
USE-00222-202512,SME-2024-00222,2025-12,85.4,13.8,Stabil,14,1,6
USE-00222-202601,SME-2024-00222,2026-01,86.0,12.0,Stabil,56,1,6
USE-00222-202602,SME-2024-00222,2026-02,85.8,12.4,Stabil,17,1,6
USE-00222-202603,SME-2024-00222,2026-03,86.3,12.6,Stabil,20,0,7
USE-00222-202604,SME-2024-00222,2026-04,81.4,11.8,Stabil,36,1,7
USE-00222-202605,SME-2024-00222,2026-05,85.2,13.3,Stabil,118,2,6
USE-00222-202606,SME-2024-00222,2026-06,89.0,13.3,Fluktuatif,8,0,7
USE-00223-202507,SME-2024-00223,2025-07,81.7,12.0,Fluktuatif,145,0,6
USE-00223-202508,SME-2024-00223,2025-08,84.6,12.3,Stabil,73,0,6
USE-00223-202509,SME-2024-00223,2025-09,90.2,12.8,Stabil,23,1,6
USE-00223-202510,SME-2024-00223,2025-10,85.3,13.1,Fluktuatif,5,2,6
USE-00223-202511,SME-2024-00223,2025-11,85.3,12.3,Fluktuatif,15,1,7
USE-00223-202512,SME-2024-00223,2025-12,86.2,12.1,Stabil,83,0,6
USE-00223-202601,SME-2024-00223,2026-01,84.0,12.7,Stabil,15,1,6
USE-00223-202602,SME-2024-00223,2026-02,86.4,12.1,Stabil,24,1,6
USE-00223-202603,SME-2024-00223,2026-03,89.4,13.7,Fluktuatif,216,1,6
USE-00223-202604,SME-2024-00223,2026-04,87.9,14.2,Fluktuatif,39,1,6
USE-00223-202605,SME-2024-00223,2026-05,89.1,13.6,Stabil,43,0,6
USE-00223-202606,SME-2024-00223,2026-06,88.9,13.8,Stabil,8,3,6
USE-00224-202507,SME-2024-00224,2025-07,73.4,11.3,Stabil,4,2,4
USE-00224-202508,SME-2024-00224,2025-08,74.2,11.9,Fluktuatif,3,3,6
USE-00224-202509,SME-2024-00224,2025-09,69.9,10.0,Stabil,13,1,5
USE-00224-202510,SME-2024-00224,2025-10,73.4,10.8,Stabil,11,0,4
USE-00224-202511,SME-2024-00224,2025-11,72.2,11.5,Stabil,60,2,5
USE-00224-202512,SME-2024-00224,2025-12,73.3,11.4,Stabil,5,0,4
USE-00224-202601,SME-2024-00224,2026-01,75.5,10.7,Stabil,20,0,5
USE-00224-202602,SME-2024-00224,2026-02,78.3,11.5,Fluktuatif,13,2,5
USE-00224-202603,SME-2024-00224,2026-03,76.4,12.0,Stabil,48,0,5
USE-00224-202604,SME-2024-00224,2026-04,76.2,11.5,Stabil,32,0,5
USE-00224-202605,SME-2024-00224,2026-05,76.2,12.0,Fluktuatif,50,1,4
USE-00224-202606,SME-2024-00224,2026-06,77.0,11.2,Stabil,25,0,5
USE-00225-202507,SME-2024-00225,2025-07,82.6,12.5,Stabil,98,2,7
USE-00225-202508,SME-2024-00225,2025-08,83.5,12.5,Stabil,28,1,7
USE-00225-202509,SME-2024-00225,2025-09,79.3,11.7,Stabil,47,1,7
USE-00225-202510,SME-2024-00225,2025-10,76.8,11.9,Stabil,29,0,8
USE-00225-202511,SME-2024-00225,2025-11,79.8,12.6,Stabil,15,2,7
USE-00225-202512,SME-2024-00225,2025-12,83.5,12.7,Stabil,42,1,7
USE-00225-202601,SME-2024-00225,2026-01,79.3,12.8,Stabil,9,3,7
USE-00225-202602,SME-2024-00225,2026-02,84.3,13.8,Fluktuatif,35,3,8
USE-00225-202603,SME-2024-00225,2026-03,82.2,12.7,Stabil,100,2,7
USE-00225-202604,SME-2024-00225,2026-04,83.3,12.1,Fluktuatif,0,1,7
USE-00225-202605,SME-2024-00225,2026-05,80.8,12.8,Stabil,10,1,8
USE-00225-202606,SME-2024-00225,2026-06,80.2,12.0,Stabil,91,0,7
USE-00226-202507,SME-2024-00226,2025-07,65.6,10.6,Stabil,137,2,6
USE-00226-202508,SME-2024-00226,2025-08,65.7,10.2,Stabil,50,1,5
USE-00226-202509,SME-2024-00226,2025-09,69.5,10.5,Fluktuatif,20,2,6
USE-00226-202510,SME-2024-00226,2025-10,64.2,9.9,Stabil,15,0,6
USE-00226-202511,SME-2024-00226,2025-11,65.9,9.3,Stabil,46,3,6
USE-00226-202512,SME-2024-00226,2025-12,61.6,9.7,Stabil,7,1,5
USE-00226-202601,SME-2024-00226,2026-01,66.6,9.9,Fluktuatif,77,2,5
USE-00226-202602,SME-2024-00226,2026-02,64.1,9.1,Stabil,43,2,6
USE-00226-202603,SME-2024-00226,2026-03,61.1,8.3,Stabil,19,2,6
USE-00226-202604,SME-2024-00226,2026-04,62.1,9.1,Fluktuatif,30,3,5
USE-00226-202605,SME-2024-00226,2026-05,61.7,9.5,Stabil,24,0,6
USE-00226-202606,SME-2024-00226,2026-06,59.3,9.1,Stabil,31,0,6
USE-00227-202507,SME-2024-00227,2025-07,72.8,11.3,Stabil,40,0,9
USE-00227-202508,SME-2024-00227,2025-08,74.9,11.3,Stabil,15,0,9
USE-00227-202509,SME-2024-00227,2025-09,75.4,11.2,Stabil,44,0,9
USE-00227-202510,SME-2024-00227,2025-10,75.4,11.5,Stabil,12,2,9
USE-00227-202511,SME-2024-00227,2025-11,73.0,10.4,Stabil,32,0,9
USE-00227-202512,SME-2024-00227,2025-12,73.9,11.8,Stabil,126,2,8
USE-00227-202601,SME-2024-00227,2026-01,77.4,11.5,Stabil,14,1,9
USE-00227-202602,SME-2024-00227,2026-02,71.8,11.6,Stabil,49,2,9
USE-00227-202603,SME-2024-00227,2026-03,77.6,12.3,Fluktuatif,12,3,9
USE-00227-202604,SME-2024-00227,2026-04,74.7,11.9,Stabil,33,1,9
USE-00227-202605,SME-2024-00227,2026-05,79.4,12.0,Stabil,36,1,8
USE-00227-202606,SME-2024-00227,2026-06,74.5,11.6,Fluktuatif,30,1,9
USE-00228-202507,SME-2024-00228,2025-07,73.3,10.2,Stabil,19,1,7
USE-00228-202508,SME-2024-00228,2025-08,74.1,11.1,Stabil,118,0,7
USE-00228-202509,SME-2024-00228,2025-09,76.1,11.2,Stabil,6,2,7
USE-00228-202510,SME-2024-00228,2025-10,81.0,12.1,Stabil,31,4,6
USE-00228-202511,SME-2024-00228,2025-11,79.0,11.8,Stabil,37,0,7
USE-00228-202512,SME-2024-00228,2025-12,76.2,10.7,Stabil,20,0,6
USE-00228-202601,SME-2024-00228,2026-01,76.9,11.3,Stabil,26,1,7
USE-00228-202602,SME-2024-00228,2026-02,74.2,11.6,Fluktuatif,126,3,6
USE-00228-202603,SME-2024-00228,2026-03,76.3,11.8,Stabil,38,2,7
USE-00228-202604,SME-2024-00228,2026-04,74.7,11.0,Stabil,42,3,6
USE-00228-202605,SME-2024-00228,2026-05,75.2,11.8,Stabil,107,0,7
USE-00228-202606,SME-2024-00228,2026-06,79.1,11.5,Stabil,5,0,7
USE-00229-202507,SME-2024-00229,2025-07,83.6,12.5,Turun,88,1,7
USE-00229-202508,SME-2024-00229,2025-08,83.4,12.6,Turun,60,3,7
USE-00229-202509,SME-2024-00229,2025-09,82.5,13.4,Turun,1,1,7
USE-00229-202510,SME-2024-00229,2025-10,82.6,13.8,Turun,76,3,7
USE-00229-202511,SME-2024-00229,2025-11,80.1,12.4,Turun,19,1,6
USE-00229-202512,SME-2024-00229,2025-12,80.9,12.4,Turun,14,0,8
USE-00229-202601,SME-2024-00229,2026-01,76.2,11.8,Turun,25,2,8
USE-00229-202602,SME-2024-00229,2026-02,79.0,11.7,Turun,0,1,7
USE-00229-202603,SME-2024-00229,2026-03,76.6,11.6,Turun,21,0,7
USE-00229-202604,SME-2024-00229,2026-04,80.2,12.4,Turun,3,1,7
USE-00229-202605,SME-2024-00229,2026-05,76.9,11.1,Turun,16,3,7
USE-00229-202606,SME-2024-00229,2026-06,72.5,11.2,Turun,15,1,8
USE-00230-202507,SME-2024-00230,2025-07,92.4,13.9,Stabil,4,0,7
USE-00230-202508,SME-2024-00230,2025-08,89.8,14.4,Fluktuatif,41,1,6
USE-00230-202509,SME-2024-00230,2025-09,90.5,13.8,Stabil,20,1,7
USE-00230-202510,SME-2024-00230,2025-10,93.2,14.5,Stabil,68,0,6
USE-00230-202511,SME-2024-00230,2025-11,89.9,12.4,Fluktuatif,7,1,6
USE-00230-202512,SME-2024-00230,2025-12,91.4,13.1,Stabil,33,2,7
USE-00230-202601,SME-2024-00230,2026-01,90.9,13.8,Stabil,10,1,7
USE-00230-202602,SME-2024-00230,2026-02,91.0,13.5,Fluktuatif,19,2,6
USE-00230-202603,SME-2024-00230,2026-03,91.2,13.0,Stabil,57,1,7
USE-00230-202604,SME-2024-00230,2026-04,92.4,13.1,Stabil,29,2,6
USE-00230-202605,SME-2024-00230,2026-05,95.5,14.7,Stabil,35,0,7
USE-00230-202606,SME-2024-00230,2026-06,92.5,13.3,Fluktuatif,34,1,6
USE-00231-202507,SME-2024-00231,2025-07,86.9,12.7,Stabil,28,1,8
USE-00231-202508,SME-2024-00231,2025-08,90.7,13.7,Stabil,11,0,9
USE-00231-202509,SME-2024-00231,2025-09,86.4,13.1,Stabil,13,2,8
USE-00231-202510,SME-2024-00231,2025-10,88.6,13.7,Fluktuatif,14,3,8
USE-00231-202511,SME-2024-00231,2025-11,84.3,13.6,Stabil,3,0,9
USE-00231-202512,SME-2024-00231,2025-12,94.1,13.5,Stabil,0,1,8
USE-00231-202601,SME-2024-00231,2026-01,89.9,12.9,Stabil,64,1,10
USE-00231-202602,SME-2024-00231,2026-02,87.2,13.9,Fluktuatif,11,1,8
USE-00231-202603,SME-2024-00231,2026-03,87.1,13.3,Fluktuatif,16,0,9
USE-00231-202604,SME-2024-00231,2026-04,87.6,13.8,Fluktuatif,18,0,8
USE-00231-202605,SME-2024-00231,2026-05,89.7,13.2,Stabil,15,1,8
USE-00231-202606,SME-2024-00231,2026-06,85.8,12.0,Stabil,18,1,8
USE-00232-202507,SME-2024-00232,2025-07,74.3,11.7,Stabil,50,1,8
USE-00232-202508,SME-2024-00232,2025-08,74.8,11.0,Stabil,265,2,7
USE-00232-202509,SME-2024-00232,2025-09,78.5,11.5,Stabil,11,1,7
USE-00232-202510,SME-2024-00232,2025-10,74.7,12.0,Stabil,1,1,8
USE-00232-202511,SME-2024-00232,2025-11,74.5,11.6,Fluktuatif,1,2,8
USE-00232-202512,SME-2024-00232,2025-12,74.2,10.9,Fluktuatif,58,1,8
USE-00232-202601,SME-2024-00232,2026-01,75.3,12.0,Stabil,60,1,7
USE-00232-202602,SME-2024-00232,2026-02,69.3,11.4,Stabil,49,1,7
USE-00232-202603,SME-2024-00232,2026-03,77.2,11.5,Stabil,20,4,7
USE-00232-202604,SME-2024-00232,2026-04,75.2,10.7,Fluktuatif,9,3,7
USE-00232-202605,SME-2024-00232,2026-05,72.3,11.0,Fluktuatif,45,2,7
USE-00232-202606,SME-2024-00232,2026-06,68.6,9.3,Stabil,114,0,8
USE-00233-202507,SME-2024-00233,2025-07,70.4,10.2,Stabil,11,4,5
USE-00233-202508,SME-2024-00233,2025-08,67.4,9.2,Stabil,94,1,5
USE-00233-202509,SME-2024-00233,2025-09,71.5,9.8,Stabil,18,2,5
USE-00233-202510,SME-2024-00233,2025-10,68.9,10.4,Stabil,69,1,6
USE-00233-202511,SME-2024-00233,2025-11,74.6,12.3,Stabil,25,2,5
USE-00233-202512,SME-2024-00233,2025-12,70.7,10.5,Stabil,49,0,5
USE-00233-202601,SME-2024-00233,2026-01,69.9,10.3,Stabil,11,0,5
USE-00233-202602,SME-2024-00233,2026-02,68.0,9.9,Stabil,12,5,5
USE-00233-202603,SME-2024-00233,2026-03,71.9,11.5,Stabil,4,2,6
USE-00233-202604,SME-2024-00233,2026-04,75.8,12.0,Fluktuatif,9,1,5
USE-00233-202605,SME-2024-00233,2026-05,73.5,11.7,Fluktuatif,52,2,5
USE-00233-202606,SME-2024-00233,2026-06,71.2,10.6,Fluktuatif,21,2,5
USE-00234-202507,SME-2024-00234,2025-07,75.5,11.6,Naik,15,2,7
USE-00234-202508,SME-2024-00234,2025-08,78.2,11.5,Naik,52,2,6
USE-00234-202509,SME-2024-00234,2025-09,78.0,11.6,Naik,3,1,6
USE-00234-202510,SME-2024-00234,2025-10,76.4,10.7,Naik,82,0,5
USE-00234-202511,SME-2024-00234,2025-11,78.8,11.6,Naik,48,1,6
USE-00234-202512,SME-2024-00234,2025-12,77.7,12.4,Naik,34,2,7
USE-00234-202601,SME-2024-00234,2026-01,78.5,11.7,Naik,3,0,6
USE-00234-202602,SME-2024-00234,2026-02,83.5,12.2,Naik,18,1,7
USE-00234-202603,SME-2024-00234,2026-03,82.1,13.2,Naik,6,3,7
USE-00234-202604,SME-2024-00234,2026-04,83.0,12.5,Naik,65,2,6
USE-00234-202605,SME-2024-00234,2026-05,83.7,13.0,Naik,52,0,7
USE-00234-202606,SME-2024-00234,2026-06,86.6,13.3,Naik,22,1,6
USE-00235-202507,SME-2024-00235,2025-07,59.5,9.2,Stabil,99,0,8
USE-00235-202508,SME-2024-00235,2025-08,60.5,8.8,Stabil,26,1,8
USE-00235-202509,SME-2024-00235,2025-09,65.5,9.1,Fluktuatif,66,1,7
USE-00235-202510,SME-2024-00235,2025-10,58.4,8.5,Stabil,3,0,7
USE-00235-202511,SME-2024-00235,2025-11,63.0,9.0,Stabil,13,0,8
USE-00235-202512,SME-2024-00235,2025-12,62.8,10.3,Stabil,21,0,9
USE-00235-202601,SME-2024-00235,2026-01,64.1,9.7,Fluktuatif,54,1,8
USE-00235-202602,SME-2024-00235,2026-02,63.1,8.9,Stabil,5,0,8
USE-00235-202603,SME-2024-00235,2026-03,60.9,8.4,Stabil,31,0,8
USE-00235-202604,SME-2024-00235,2026-04,69.5,11.1,Stabil,28,4,7
USE-00235-202605,SME-2024-00235,2026-05,61.1,9.3,Stabil,4,1,8
USE-00235-202606,SME-2024-00235,2026-06,66.0,9.5,Stabil,2,1,8
USE-00236-202507,SME-2024-00236,2025-07,92.2,14.0,Stabil,13,3,8
USE-00236-202508,SME-2024-00236,2025-08,89.9,13.1,Stabil,23,1,8
USE-00236-202509,SME-2024-00236,2025-09,89.4,13.9,Stabil,2,0,7
USE-00236-202510,SME-2024-00236,2025-10,87.5,12.5,Stabil,204,1,7
USE-00236-202511,SME-2024-00236,2025-11,82.2,11.2,Stabil,7,1,8
USE-00236-202512,SME-2024-00236,2025-12,91.5,13.7,Fluktuatif,72,2,7
USE-00236-202601,SME-2024-00236,2026-01,88.5,13.5,Fluktuatif,3,5,8
USE-00236-202602,SME-2024-00236,2026-02,87.6,13.0,Stabil,24,2,8
USE-00236-202603,SME-2024-00236,2026-03,89.8,13.0,Fluktuatif,81,1,8
USE-00236-202604,SME-2024-00236,2026-04,84.8,12.2,Stabil,24,0,8
USE-00236-202605,SME-2024-00236,2026-05,87.4,13.5,Stabil,62,0,8
USE-00236-202606,SME-2024-00236,2026-06,86.8,13.9,Stabil,27,0,8
USE-00237-202507,SME-2024-00237,2025-07,72.0,11.0,Naik,5,0,7
USE-00237-202508,SME-2024-00237,2025-08,70.8,11.8,Naik,3,4,7
USE-00237-202509,SME-2024-00237,2025-09,75.1,10.5,Naik,44,2,8
USE-00237-202510,SME-2024-00237,2025-10,70.2,9.9,Naik,4,1,7
USE-00237-202511,SME-2024-00237,2025-11,69.7,11.0,Naik,68,2,8
USE-00237-202512,SME-2024-00237,2025-12,74.9,11.0,Naik,16,3,7
USE-00237-202601,SME-2024-00237,2026-01,77.8,12.9,Naik,28,0,8
USE-00237-202602,SME-2024-00237,2026-02,75.7,10.7,Naik,91,2,7
USE-00237-202603,SME-2024-00237,2026-03,80.3,11.8,Naik,38,1,7
USE-00237-202604,SME-2024-00237,2026-04,79.2,12.7,Naik,86,0,7
USE-00237-202605,SME-2024-00237,2026-05,80.4,12.0,Naik,3,0,7
USE-00237-202606,SME-2024-00237,2026-06,79.9,11.9,Naik,18,0,7
USE-00238-202507,SME-2024-00238,2025-07,56.1,8.2,Stabil,53,3,7
USE-00238-202508,SME-2024-00238,2025-08,54.6,7.7,Stabil,43,1,7
USE-00238-202509,SME-2024-00238,2025-09,55.5,8.5,Stabil,25,1,8
USE-00238-202510,SME-2024-00238,2025-10,58.7,8.7,Fluktuatif,42,3,8
USE-00238-202511,SME-2024-00238,2025-11,61.7,10.5,Stabil,52,0,9
USE-00238-202512,SME-2024-00238,2025-12,64.6,9.0,Fluktuatif,27,2,8
USE-00238-202601,SME-2024-00238,2026-01,62.1,8.7,Stabil,25,1,8
USE-00238-202602,SME-2024-00238,2026-02,56.6,7.7,Stabil,11,1,7
USE-00238-202603,SME-2024-00238,2026-03,61.2,8.9,Stabil,44,1,7
USE-00238-202604,SME-2024-00238,2026-04,61.7,9.9,Stabil,106,1,8
USE-00238-202605,SME-2024-00238,2026-05,59.4,8.7,Stabil,7,1,8
USE-00238-202606,SME-2024-00238,2026-06,63.2,10.0,Stabil,15,1,7
USE-00239-202507,SME-2024-00239,2025-07,60.2,9.7,Stabil,7,2,9
USE-00239-202508,SME-2024-00239,2025-08,58.2,8.7,Fluktuatif,32,0,10
USE-00239-202509,SME-2024-00239,2025-09,62.3,9.8,Stabil,134,0,9
USE-00239-202510,SME-2024-00239,2025-10,59.4,8.0,Stabil,30,3,9
USE-00239-202511,SME-2024-00239,2025-11,60.2,8.9,Stabil,3,1,9
USE-00239-202512,SME-2024-00239,2025-12,59.5,9.6,Stabil,14,1,10
USE-00239-202601,SME-2024-00239,2026-01,58.6,9.3,Stabil,20,1,9
USE-00239-202602,SME-2024-00239,2026-02,53.4,8.2,Stabil,8,2,9
USE-00239-202603,SME-2024-00239,2026-03,55.2,8.2,Stabil,41,2,8
USE-00239-202604,SME-2024-00239,2026-04,50.8,7.9,Stabil,78,1,8
USE-00239-202605,SME-2024-00239,2026-05,52.9,7.8,Stabil,44,3,9
USE-00239-202606,SME-2024-00239,2026-06,54.8,8.5,Stabil,6,0,9
USE-00240-202507,SME-2024-00240,2025-07,65.3,9.2,Stabil,60,2,8
USE-00240-202508,SME-2024-00240,2025-08,64.6,9.3,Stabil,7,1,8
USE-00240-202509,SME-2024-00240,2025-09,68.4,9.8,Fluktuatif,13,2,8
USE-00240-202510,SME-2024-00240,2025-10,65.5,10.1,Fluktuatif,17,2,8
USE-00240-202511,SME-2024-00240,2025-11,63.8,9.4,Fluktuatif,95,1,8
USE-00240-202512,SME-2024-00240,2025-12,68.8,10.9,Fluktuatif,21,4,8
USE-00240-202601,SME-2024-00240,2026-01,71.5,11.0,Stabil,16,1,7
USE-00240-202602,SME-2024-00240,2026-02,69.9,10.6,Stabil,7,4,8
USE-00240-202603,SME-2024-00240,2026-03,66.1,10.2,Stabil,34,0,8
USE-00240-202604,SME-2024-00240,2026-04,63.5,8.7,Stabil,59,2,7
USE-00240-202605,SME-2024-00240,2026-05,68.5,11.1,Stabil,9,1,7
USE-00240-202606,SME-2024-00240,2026-06,67.5,9.9,Fluktuatif,41,2,7
USE-00241-202507,SME-2024-00241,2025-07,83.6,12.8,Fluktuatif,8,1,7
USE-00241-202508,SME-2024-00241,2025-08,82.0,12.0,Fluktuatif,51,0,8
USE-00241-202509,SME-2024-00241,2025-09,84.7,11.6,Stabil,48,2,7
USE-00241-202510,SME-2024-00241,2025-10,83.0,13.4,Stabil,17,0,7
USE-00241-202511,SME-2024-00241,2025-11,83.1,12.2,Stabil,6,1,7
USE-00241-202512,SME-2024-00241,2025-12,84.2,12.8,Stabil,5,2,8
USE-00241-202601,SME-2024-00241,2026-01,85.0,12.6,Stabil,6,3,7
USE-00241-202602,SME-2024-00241,2026-02,85.5,12.6,Stabil,22,1,7
USE-00241-202603,SME-2024-00241,2026-03,84.3,12.7,Stabil,36,4,8
USE-00241-202604,SME-2024-00241,2026-04,87.4,13.6,Stabil,111,2,7
USE-00241-202605,SME-2024-00241,2026-05,85.3,12.9,Stabil,9,1,8
USE-00241-202606,SME-2024-00241,2026-06,83.0,12.9,Stabil,10,1,8
USE-00242-202507,SME-2024-00242,2025-07,72.7,10.8,Fluktuatif,2,0,8
USE-00242-202508,SME-2024-00242,2025-08,75.6,11.2,Stabil,30,4,9
USE-00242-202509,SME-2024-00242,2025-09,78.2,12.0,Fluktuatif,61,0,8
USE-00242-202510,SME-2024-00242,2025-10,78.8,11.1,Fluktuatif,8,3,8
USE-00242-202511,SME-2024-00242,2025-11,75.9,11.3,Fluktuatif,14,1,8
USE-00242-202512,SME-2024-00242,2025-12,78.7,11.9,Stabil,0,3,8
USE-00242-202601,SME-2024-00242,2026-01,78.9,11.7,Fluktuatif,2,1,9
USE-00242-202602,SME-2024-00242,2026-02,76.8,11.0,Stabil,23,0,9
USE-00242-202603,SME-2024-00242,2026-03,77.0,11.6,Fluktuatif,19,2,9
USE-00242-202604,SME-2024-00242,2026-04,78.3,12.5,Stabil,55,0,9
USE-00242-202605,SME-2024-00242,2026-05,78.5,13.0,Fluktuatif,43,3,9
USE-00242-202606,SME-2024-00242,2026-06,80.8,12.2,Stabil,19,0,9
USE-00243-202507,SME-2024-00243,2025-07,84.1,11.8,Stabil,47,1,8
USE-00243-202508,SME-2024-00243,2025-08,86.1,13.1,Stabil,1,3,7
USE-00243-202509,SME-2024-00243,2025-09,86.4,12.5,Stabil,15,1,8
USE-00243-202510,SME-2024-00243,2025-10,84.7,12.8,Fluktuatif,38,0,9
USE-00243-202511,SME-2024-00243,2025-11,85.3,13.4,Stabil,3,1,8
USE-00243-202512,SME-2024-00243,2025-12,87.4,12.4,Stabil,7,1,9
USE-00243-202601,SME-2024-00243,2026-01,86.3,12.0,Stabil,43,0,8
USE-00243-202602,SME-2024-00243,2026-02,89.6,14.2,Fluktuatif,18,1,8
USE-00243-202603,SME-2024-00243,2026-03,83.8,12.0,Stabil,28,0,8
USE-00243-202604,SME-2024-00243,2026-04,87.3,13.5,Fluktuatif,25,1,8
USE-00243-202605,SME-2024-00243,2026-05,84.2,12.7,Stabil,28,3,8
USE-00243-202606,SME-2024-00243,2026-06,87.5,13.1,Fluktuatif,86,1,8
USE-00244-202507,SME-2024-00244,2025-07,93.7,13.8,Stabil,14,0,8
USE-00244-202508,SME-2024-00244,2025-08,91.6,14.4,Stabil,5,3,8
USE-00244-202509,SME-2024-00244,2025-09,91.3,14.1,Stabil,46,1,7
USE-00244-202510,SME-2024-00244,2025-10,86.3,12.4,Fluktuatif,25,1,7
USE-00244-202511,SME-2024-00244,2025-11,91.0,14.0,Fluktuatif,5,1,7
USE-00244-202512,SME-2024-00244,2025-12,92.0,12.8,Fluktuatif,15,2,7
USE-00244-202601,SME-2024-00244,2026-01,90.1,13.7,Stabil,95,1,7
USE-00244-202602,SME-2024-00244,2026-02,89.3,13.3,Fluktuatif,3,0,8
USE-00244-202603,SME-2024-00244,2026-03,85.8,12.9,Stabil,16,0,7
USE-00244-202604,SME-2024-00244,2026-04,88.4,13.7,Fluktuatif,53,1,8
USE-00244-202605,SME-2024-00244,2026-05,87.3,13.8,Stabil,97,0,8
USE-00244-202606,SME-2024-00244,2026-06,89.5,13.3,Stabil,129,0,7
USE-00245-202507,SME-2024-00245,2025-07,85.0,12.8,Fluktuatif,4,1,7
USE-00245-202508,SME-2024-00245,2025-08,86.6,12.7,Stabil,40,2,7
USE-00245-202509,SME-2024-00245,2025-09,86.4,13.3,Stabil,22,2,7
USE-00245-202510,SME-2024-00245,2025-10,85.6,12.1,Stabil,16,1,7
USE-00245-202511,SME-2024-00245,2025-11,84.5,11.9,Stabil,80,3,7
USE-00245-202512,SME-2024-00245,2025-12,85.1,13.7,Fluktuatif,41,0,7
USE-00245-202601,SME-2024-00245,2026-01,82.3,12.3,Stabil,11,0,7
USE-00245-202602,SME-2024-00245,2026-02,82.1,12.0,Fluktuatif,123,1,8
USE-00245-202603,SME-2024-00245,2026-03,84.5,13.1,Stabil,161,1,7
USE-00245-202604,SME-2024-00245,2026-04,86.7,12.3,Stabil,1,0,7
USE-00245-202605,SME-2024-00245,2026-05,85.7,13.4,Stabil,74,0,7
USE-00245-202606,SME-2024-00245,2026-06,85.5,12.8,Stabil,31,0,7
USE-00246-202507,SME-2024-00246,2025-07,44.7,6.6,Stabil,7,0,6
USE-00246-202508,SME-2024-00246,2025-08,48.0,8.0,Stabil,22,1,6
USE-00246-202509,SME-2024-00246,2025-09,47.4,6.9,Fluktuatif,0,0,6
USE-00246-202510,SME-2024-00246,2025-10,49.6,7.5,Fluktuatif,2,2,6
USE-00246-202511,SME-2024-00246,2025-11,42.9,5.7,Stabil,22,2,6
USE-00246-202512,SME-2024-00246,2025-12,49.5,6.8,Fluktuatif,76,1,7
USE-00246-202601,SME-2024-00246,2026-01,43.5,7.6,Fluktuatif,74,1,6
USE-00246-202602,SME-2024-00246,2026-02,43.1,6.9,Fluktuatif,29,0,6
USE-00246-202603,SME-2024-00246,2026-03,46.6,7.1,Stabil,40,1,6
USE-00246-202604,SME-2024-00246,2026-04,44.1,6.3,Stabil,13,3,6
USE-00246-202605,SME-2024-00246,2026-05,43.9,7.2,Fluktuatif,36,4,6
USE-00246-202606,SME-2024-00246,2026-06,43.8,6.2,Stabil,39,0,7
USE-00247-202507,SME-2024-00247,2025-07,66.0,10.6,Stabil,19,2,9
USE-00247-202508,SME-2024-00247,2025-08,65.8,9.5,Fluktuatif,1,0,8
USE-00247-202509,SME-2024-00247,2025-09,68.3,10.3,Stabil,5,0,9
USE-00247-202510,SME-2024-00247,2025-10,66.4,10.1,Stabil,25,1,8
USE-00247-202511,SME-2024-00247,2025-11,69.7,10.7,Stabil,21,2,9
USE-00247-202512,SME-2024-00247,2025-12,68.1,10.0,Stabil,61,0,8
USE-00247-202601,SME-2024-00247,2026-01,70.0,9.8,Fluktuatif,57,0,8
USE-00247-202602,SME-2024-00247,2026-02,67.7,9.9,Fluktuatif,57,1,9
USE-00247-202603,SME-2024-00247,2026-03,65.2,9.7,Stabil,33,2,8
USE-00247-202604,SME-2024-00247,2026-04,68.5,9.8,Stabil,74,0,7
USE-00247-202605,SME-2024-00247,2026-05,67.2,10.4,Fluktuatif,13,0,9
USE-00247-202606,SME-2024-00247,2026-06,69.4,10.7,Stabil,85,3,8
USE-00248-202507,SME-2024-00248,2025-07,72.0,11.1,Stabil,42,1,6
USE-00248-202508,SME-2024-00248,2025-08,70.1,10.1,Fluktuatif,88,0,7
USE-00248-202509,SME-2024-00248,2025-09,71.3,10.3,Fluktuatif,8,0,6
USE-00248-202510,SME-2024-00248,2025-10,70.4,10.6,Fluktuatif,120,4,7
USE-00248-202511,SME-2024-00248,2025-11,74.7,11.2,Stabil,9,0,7
USE-00248-202512,SME-2024-00248,2025-12,72.3,11.2,Fluktuatif,22,1,7
USE-00248-202601,SME-2024-00248,2026-01,75.9,11.4,Stabil,104,0,7
USE-00248-202602,SME-2024-00248,2026-02,73.2,11.5,Stabil,64,1,7
USE-00248-202603,SME-2024-00248,2026-03,75.7,11.5,Stabil,3,2,6
USE-00248-202604,SME-2024-00248,2026-04,76.5,11.5,Fluktuatif,21,0,7
USE-00248-202605,SME-2024-00248,2026-05,74.3,11.0,Stabil,15,1,7
USE-00248-202606,SME-2024-00248,2026-06,78.6,12.1,Stabil,17,3,7
USE-00249-202507,SME-2024-00249,2025-07,90.3,12.4,Stabil,46,2,10
USE-00249-202508,SME-2024-00249,2025-08,89.8,13.8,Stabil,123,0,10
USE-00249-202509,SME-2024-00249,2025-09,88.5,13.4,Stabil,75,1,10
USE-00249-202510,SME-2024-00249,2025-10,91.9,14.4,Stabil,62,2,10
USE-00249-202511,SME-2024-00249,2025-11,87.1,13.5,Stabil,39,0,9
USE-00249-202512,SME-2024-00249,2025-12,88.8,13.5,Stabil,5,1,9
USE-00249-202601,SME-2024-00249,2026-01,90.5,13.0,Fluktuatif,0,0,9
USE-00249-202602,SME-2024-00249,2026-02,91.0,14.2,Stabil,37,0,9
USE-00249-202603,SME-2024-00249,2026-03,89.8,13.4,Stabil,6,0,9
USE-00249-202604,SME-2024-00249,2026-04,89.6,14.3,Stabil,24,4,9
USE-00249-202605,SME-2024-00249,2026-05,86.9,12.7,Stabil,29,3,9
USE-00249-202606,SME-2024-00249,2026-06,93.6,14.3,Fluktuatif,10,0,10
USE-00250-202507,SME-2024-00250,2025-07,91.5,13.3,Fluktuatif,26,1,6
USE-00250-202508,SME-2024-00250,2025-08,88.4,13.8,Fluktuatif,27,0,8
USE-00250-202509,SME-2024-00250,2025-09,86.9,12.6,Fluktuatif,8,1,7
USE-00250-202510,SME-2024-00250,2025-10,91.3,13.6,Stabil,38,0,7
USE-00250-202511,SME-2024-00250,2025-11,85.6,12.8,Stabil,1,0,7
USE-00250-202512,SME-2024-00250,2025-12,87.1,12.8,Stabil,25,0,7
USE-00250-202601,SME-2024-00250,2026-01,89.1,13.3,Fluktuatif,30,1,7
USE-00250-202602,SME-2024-00250,2026-02,88.8,12.2,Stabil,38,1,7
USE-00250-202603,SME-2024-00250,2026-03,85.7,12.8,Stabil,97,0,6
USE-00250-202604,SME-2024-00250,2026-04,85.7,12.4,Stabil,0,1,7
USE-00250-202605,SME-2024-00250,2026-05,88.1,13.5,Stabil,23,3,6
USE-00250-202606,SME-2024-00250,2026-06,87.8,13.0,Stabil,2,1,7
USE-00251-202507,SME-2024-00251,2025-07,46.3,6.9,Turun,2,2,8
USE-00251-202508,SME-2024-00251,2025-08,46.7,7.4,Turun,19,0,7
USE-00251-202509,SME-2024-00251,2025-09,41.5,5.8,Turun,4,0,7
USE-00251-202510,SME-2024-00251,2025-10,43.3,7.2,Turun,16,1,6
USE-00251-202511,SME-2024-00251,2025-11,43.7,6.4,Turun,18,3,7
USE-00251-202512,SME-2024-00251,2025-12,42.2,6.4,Turun,20,0,7
USE-00251-202601,SME-2024-00251,2026-01,37.2,5.9,Turun,35,2,7
USE-00251-202602,SME-2024-00251,2026-02,37.3,5.6,Turun,88,1,7
USE-00251-202603,SME-2024-00251,2026-03,36.8,5.5,Turun,13,1,7
USE-00251-202604,SME-2024-00251,2026-04,35.8,5.4,Turun,55,1,8
USE-00251-202605,SME-2024-00251,2026-05,34.0,5.0,Turun,0,0,7
USE-00251-202606,SME-2024-00251,2026-06,35.6,5.4,Turun,49,0,7
USE-00252-202507,SME-2024-00252,2025-07,76.0,11.5,Stabil,16,1,7
USE-00252-202508,SME-2024-00252,2025-08,76.3,11.1,Stabil,37,2,7
USE-00252-202509,SME-2024-00252,2025-09,79.6,11.0,Stabil,27,0,7
USE-00252-202510,SME-2024-00252,2025-10,83.9,12.5,Stabil,51,1,7
USE-00252-202511,SME-2024-00252,2025-11,78.2,11.7,Fluktuatif,7,1,6
USE-00252-202512,SME-2024-00252,2025-12,78.3,11.6,Stabil,24,2,7
USE-00252-202601,SME-2024-00252,2026-01,76.4,12.4,Stabil,12,2,6
USE-00252-202602,SME-2024-00252,2026-02,83.0,12.8,Stabil,7,2,6
USE-00252-202603,SME-2024-00252,2026-03,78.8,12.0,Stabil,43,2,7
USE-00252-202604,SME-2024-00252,2026-04,79.4,12.1,Stabil,51,3,7
USE-00252-202605,SME-2024-00252,2026-05,82.5,11.9,Stabil,56,1,7
USE-00252-202606,SME-2024-00252,2026-06,82.2,12.3,Fluktuatif,29,0,6
USE-00253-202507,SME-2024-00253,2025-07,64.7,10.2,Fluktuatif,12,0,7
USE-00253-202508,SME-2024-00253,2025-08,65.8,10.5,Stabil,52,2,7
USE-00253-202509,SME-2024-00253,2025-09,64.8,9.7,Stabil,11,2,8
USE-00253-202510,SME-2024-00253,2025-10,66.6,9.7,Stabil,0,2,8
USE-00253-202511,SME-2024-00253,2025-11,64.1,9.7,Stabil,5,0,8
USE-00253-202512,SME-2024-00253,2025-12,68.6,11.3,Stabil,31,1,7
USE-00253-202601,SME-2024-00253,2026-01,65.7,10.7,Stabil,4,0,8
USE-00253-202602,SME-2024-00253,2026-02,65.4,9.9,Stabil,67,2,8
USE-00253-202603,SME-2024-00253,2026-03,67.6,9.9,Stabil,7,0,7
USE-00253-202604,SME-2024-00253,2026-04,66.6,9.9,Fluktuatif,8,4,8
USE-00253-202605,SME-2024-00253,2026-05,67.2,9.2,Stabil,24,1,7
USE-00253-202606,SME-2024-00253,2026-06,62.5,9.1,Fluktuatif,48,0,8
USE-00254-202507,SME-2024-00254,2025-07,69.5,9.7,Fluktuatif,37,2,7
USE-00254-202508,SME-2024-00254,2025-08,70.0,10.7,Stabil,10,2,7
USE-00254-202509,SME-2024-00254,2025-09,68.9,10.2,Stabil,50,1,7
USE-00254-202510,SME-2024-00254,2025-10,72.4,10.5,Stabil,173,0,7
USE-00254-202511,SME-2024-00254,2025-11,69.4,11.3,Stabil,8,2,7
USE-00254-202512,SME-2024-00254,2025-12,73.2,11.0,Fluktuatif,5,1,7
USE-00254-202601,SME-2024-00254,2026-01,70.7,9.6,Stabil,75,1,7
USE-00254-202602,SME-2024-00254,2026-02,72.1,10.7,Fluktuatif,6,0,7
USE-00254-202603,SME-2024-00254,2026-03,73.9,11.7,Stabil,2,2,8
USE-00254-202604,SME-2024-00254,2026-04,73.7,11.8,Stabil,5,3,8
USE-00254-202605,SME-2024-00254,2026-05,74.0,11.1,Stabil,8,2,7
USE-00254-202606,SME-2024-00254,2026-06,76.3,12.1,Stabil,96,0,7
USE-00255-202507,SME-2024-00255,2025-07,77.5,12.3,Fluktuatif,24,2,7
USE-00255-202508,SME-2024-00255,2025-08,77.8,11.7,Fluktuatif,44,3,7
USE-00255-202509,SME-2024-00255,2025-09,73.7,11.6,Stabil,49,3,7
USE-00255-202510,SME-2024-00255,2025-10,74.1,10.9,Stabil,6,0,7
USE-00255-202511,SME-2024-00255,2025-11,75.9,12.1,Stabil,8,3,7
USE-00255-202512,SME-2024-00255,2025-12,76.1,11.7,Stabil,6,0,7
USE-00255-202601,SME-2024-00255,2026-01,75.6,11.5,Stabil,29,0,7
USE-00255-202602,SME-2024-00255,2026-02,75.3,12.0,Fluktuatif,14,1,7
USE-00255-202603,SME-2024-00255,2026-03,73.9,10.8,Fluktuatif,9,2,6
USE-00255-202604,SME-2024-00255,2026-04,71.5,9.9,Fluktuatif,93,1,7
USE-00255-202605,SME-2024-00255,2026-05,72.2,10.8,Stabil,14,2,7
USE-00255-202606,SME-2024-00255,2026-06,71.0,10.5,Stabil,7,1,6
USE-00256-202507,SME-2024-00256,2025-07,79.5,11.9,Stabil,8,2,7
USE-00256-202508,SME-2024-00256,2025-08,79.3,11.4,Stabil,19,1,7
USE-00256-202509,SME-2024-00256,2025-09,83.2,11.9,Stabil,38,0,8
USE-00256-202510,SME-2024-00256,2025-10,79.7,12.4,Stabil,6,0,7
USE-00256-202511,SME-2024-00256,2025-11,79.4,10.5,Fluktuatif,36,3,7
USE-00256-202512,SME-2024-00256,2025-12,80.2,12.2,Stabil,0,1,7
USE-00256-202601,SME-2024-00256,2026-01,82.7,12.8,Stabil,55,1,7
USE-00256-202602,SME-2024-00256,2026-02,83.5,12.6,Stabil,9,2,7
USE-00256-202603,SME-2024-00256,2026-03,82.1,11.5,Fluktuatif,14,2,7
USE-00256-202604,SME-2024-00256,2026-04,76.5,11.8,Stabil,2,0,9
USE-00256-202605,SME-2024-00256,2026-05,82.4,12.6,Fluktuatif,0,0,7
USE-00256-202606,SME-2024-00256,2026-06,81.5,11.5,Stabil,11,2,8
USE-00257-202507,SME-2024-00257,2025-07,92.4,13.9,Stabil,6,1,7
USE-00257-202508,SME-2024-00257,2025-08,89.8,13.6,Stabil,9,2,6
USE-00257-202509,SME-2024-00257,2025-09,93.4,13.1,Stabil,6,2,6
USE-00257-202510,SME-2024-00257,2025-10,94.8,14.8,Fluktuatif,9,0,6
USE-00257-202511,SME-2024-00257,2025-11,94.6,13.7,Stabil,69,1,7
USE-00257-202512,SME-2024-00257,2025-12,92.1,13.5,Fluktuatif,17,1,5
USE-00257-202601,SME-2024-00257,2026-01,94.5,13.9,Fluktuatif,1,0,6
USE-00257-202602,SME-2024-00257,2026-02,92.9,14.2,Fluktuatif,7,2,7
USE-00257-202603,SME-2024-00257,2026-03,95.8,14.4,Stabil,14,1,6
USE-00257-202604,SME-2024-00257,2026-04,91.8,15.3,Stabil,21,1,6
USE-00257-202605,SME-2024-00257,2026-05,88.0,12.8,Fluktuatif,41,0,7
USE-00257-202606,SME-2024-00257,2026-06,91.8,13.6,Stabil,9,4,7
USE-00258-202507,SME-2024-00258,2025-07,86.3,12.4,Stabil,20,2,7
USE-00258-202508,SME-2024-00258,2025-08,89.5,13.2,Fluktuatif,10,1,7
USE-00258-202509,SME-2024-00258,2025-09,85.1,12.9,Fluktuatif,11,3,6
USE-00258-202510,SME-2024-00258,2025-10,85.7,13.2,Stabil,32,2,7
USE-00258-202511,SME-2024-00258,2025-11,87.2,13.1,Stabil,5,1,7
USE-00258-202512,SME-2024-00258,2025-12,86.2,12.8,Stabil,124,3,7
USE-00258-202601,SME-2024-00258,2026-01,89.9,13.5,Fluktuatif,15,0,7
USE-00258-202602,SME-2024-00258,2026-02,84.6,12.2,Fluktuatif,21,0,7
USE-00258-202603,SME-2024-00258,2026-03,86.9,12.4,Stabil,17,2,7
USE-00258-202604,SME-2024-00258,2026-04,87.7,14.2,Fluktuatif,8,1,7
USE-00258-202605,SME-2024-00258,2026-05,87.4,12.7,Stabil,99,0,7
USE-00258-202606,SME-2024-00258,2026-06,85.6,12.9,Fluktuatif,3,1,7
USE-00259-202507,SME-2024-00259,2025-07,91.2,13.4,Stabil,78,3,9
USE-00259-202508,SME-2024-00259,2025-08,89.5,13.1,Stabil,6,2,8
USE-00259-202509,SME-2024-00259,2025-09,92.8,15.5,Fluktuatif,2,0,9
USE-00259-202510,SME-2024-00259,2025-10,93.3,14.0,Stabil,76,3,8
USE-00259-202511,SME-2024-00259,2025-11,95.5,14.0,Fluktuatif,23,2,8
USE-00259-202512,SME-2024-00259,2025-12,98.0,14.0,Fluktuatif,14,1,8
USE-00259-202601,SME-2024-00259,2026-01,93.5,14.3,Stabil,12,1,8
USE-00259-202602,SME-2024-00259,2026-02,97.2,14.2,Stabil,9,3,8
USE-00259-202603,SME-2024-00259,2026-03,93.2,14.1,Stabil,56,2,8
USE-00259-202604,SME-2024-00259,2026-04,93.0,14.4,Stabil,15,1,9
USE-00259-202605,SME-2024-00259,2026-05,96.4,14.7,Stabil,100,0,7
USE-00259-202606,SME-2024-00259,2026-06,96.6,14.7,Fluktuatif,2,0,8
USE-00260-202507,SME-2024-00260,2025-07,86.8,12.2,Stabil,1,1,7
USE-00260-202508,SME-2024-00260,2025-08,89.6,13.9,Stabil,44,1,7
USE-00260-202509,SME-2024-00260,2025-09,84.8,12.2,Stabil,26,1,7
USE-00260-202510,SME-2024-00260,2025-10,88.8,13.3,Fluktuatif,8,0,8
USE-00260-202511,SME-2024-00260,2025-11,87.2,12.6,Stabil,14,5,6
USE-00260-202512,SME-2024-00260,2025-12,85.1,12.6,Stabil,9,2,7
USE-00260-202601,SME-2024-00260,2026-01,90.2,13.6,Stabil,43,0,6
USE-00260-202602,SME-2024-00260,2026-02,86.5,13.4,Fluktuatif,7,1,6
USE-00260-202603,SME-2024-00260,2026-03,85.1,13.0,Stabil,53,2,6
USE-00260-202604,SME-2024-00260,2026-04,87.0,13.5,Stabil,44,0,7
USE-00260-202605,SME-2024-00260,2026-05,89.6,13.1,Stabil,8,0,7
USE-00260-202606,SME-2024-00260,2026-06,88.7,12.4,Fluktuatif,13,2,7
USE-00261-202507,SME-2024-00261,2025-07,76.0,11.7,Stabil,226,1,6
USE-00261-202508,SME-2024-00261,2025-08,72.9,10.8,Fluktuatif,2,1,5
USE-00261-202509,SME-2024-00261,2025-09,71.4,11.0,Stabil,20,0,6
USE-00261-202510,SME-2024-00261,2025-10,72.3,11.3,Fluktuatif,2,0,6
USE-00261-202511,SME-2024-00261,2025-11,70.6,11.1,Fluktuatif,20,1,6
USE-00261-202512,SME-2024-00261,2025-12,70.0,10.8,Fluktuatif,43,0,6
USE-00261-202601,SME-2024-00261,2026-01,70.3,10.2,Stabil,45,0,6
USE-00261-202602,SME-2024-00261,2026-02,70.8,10.3,Stabil,103,0,6
USE-00261-202603,SME-2024-00261,2026-03,73.1,11.1,Stabil,1,2,6
USE-00261-202604,SME-2024-00261,2026-04,70.1,10.0,Fluktuatif,42,1,6
USE-00261-202605,SME-2024-00261,2026-05,69.3,10.8,Fluktuatif,69,2,5
USE-00261-202606,SME-2024-00261,2026-06,70.1,10.0,Stabil,28,2,5
USE-00262-202507,SME-2024-00262,2025-07,78.9,12.3,Fluktuatif,19,1,7
USE-00262-202508,SME-2024-00262,2025-08,80.3,11.0,Fluktuatif,46,0,8
USE-00262-202509,SME-2024-00262,2025-09,80.8,12.4,Stabil,23,1,8
USE-00262-202510,SME-2024-00262,2025-10,79.0,11.8,Fluktuatif,5,1,8
USE-00262-202511,SME-2024-00262,2025-11,80.4,12.3,Stabil,19,4,7
USE-00262-202512,SME-2024-00262,2025-12,79.3,12.2,Fluktuatif,107,0,8
USE-00262-202601,SME-2024-00262,2026-01,80.0,12.1,Fluktuatif,19,6,7
USE-00262-202602,SME-2024-00262,2026-02,84.7,13.0,Stabil,26,0,8
USE-00262-202603,SME-2024-00262,2026-03,79.9,11.0,Fluktuatif,17,1,7
USE-00262-202604,SME-2024-00262,2026-04,81.4,12.0,Stabil,6,2,8
USE-00262-202605,SME-2024-00262,2026-05,82.5,12.6,Stabil,83,3,7
USE-00262-202606,SME-2024-00262,2026-06,80.5,12.3,Stabil,23,2,7
USE-00263-202507,SME-2024-00263,2025-07,67.0,9.6,Fluktuatif,37,1,8
USE-00263-202508,SME-2024-00263,2025-08,63.6,9.8,Fluktuatif,78,2,8
USE-00263-202509,SME-2024-00263,2025-09,61.7,9.0,Stabil,32,1,8
USE-00263-202510,SME-2024-00263,2025-10,66.5,9.6,Stabil,4,0,8
USE-00263-202511,SME-2024-00263,2025-11,62.9,9.4,Stabil,2,1,8
USE-00263-202512,SME-2024-00263,2025-12,63.4,10.2,Fluktuatif,2,1,8
USE-00263-202601,SME-2024-00263,2026-01,59.9,8.8,Stabil,95,1,8
USE-00263-202602,SME-2024-00263,2026-02,60.7,9.2,Stabil,56,3,8
USE-00263-202603,SME-2024-00263,2026-03,59.5,8.9,Stabil,80,0,8
USE-00263-202604,SME-2024-00263,2026-04,62.0,8.2,Stabil,52,1,9
USE-00263-202605,SME-2024-00263,2026-05,60.6,8.7,Fluktuatif,10,0,8
USE-00263-202606,SME-2024-00263,2026-06,58.2,8.9,Stabil,57,3,8
USE-00264-202507,SME-2024-00264,2025-07,63.7,10.6,Stabil,50,1,10
USE-00264-202508,SME-2024-00264,2025-08,62.6,9.2,Stabil,13,4,10
USE-00264-202509,SME-2024-00264,2025-09,62.9,9.7,Stabil,15,1,9
USE-00264-202510,SME-2024-00264,2025-10,61.6,8.8,Stabil,20,2,9
USE-00264-202511,SME-2024-00264,2025-11,62.0,9.4,Fluktuatif,9,0,9
USE-00264-202512,SME-2024-00264,2025-12,57.6,9.6,Stabil,31,3,9
USE-00264-202601,SME-2024-00264,2026-01,63.8,10.1,Fluktuatif,20,0,9
USE-00264-202602,SME-2024-00264,2026-02,65.0,9.4,Stabil,6,3,10
USE-00264-202603,SME-2024-00264,2026-03,64.0,9.3,Stabil,32,1,10
USE-00264-202604,SME-2024-00264,2026-04,62.3,9.1,Fluktuatif,127,2,9
USE-00264-202605,SME-2024-00264,2026-05,62.5,9.9,Stabil,2,3,9
USE-00264-202606,SME-2024-00264,2026-06,67.2,9.8,Stabil,45,2,9
USE-00265-202507,SME-2024-00265,2025-07,92.8,14.9,Stabil,2,0,9
USE-00265-202508,SME-2024-00265,2025-08,90.8,13.8,Stabil,68,1,9
USE-00265-202509,SME-2024-00265,2025-09,89.2,13.7,Stabil,27,0,8
USE-00265-202510,SME-2024-00265,2025-10,88.1,12.4,Fluktuatif,46,2,8
USE-00265-202511,SME-2024-00265,2025-11,89.8,13.4,Stabil,37,2,8
USE-00265-202512,SME-2024-00265,2025-12,90.5,13.3,Stabil,3,3,8
USE-00265-202601,SME-2024-00265,2026-01,89.0,14.5,Stabil,43,4,8
USE-00265-202602,SME-2024-00265,2026-02,91.2,13.4,Stabil,19,1,9
USE-00265-202603,SME-2024-00265,2026-03,88.1,13.6,Stabil,38,1,8
USE-00265-202604,SME-2024-00265,2026-04,93.2,14.3,Stabil,5,3,9
USE-00265-202605,SME-2024-00265,2026-05,84.3,13.8,Fluktuatif,5,1,8
USE-00265-202606,SME-2024-00265,2026-06,90.1,13.3,Stabil,7,0,8
USE-00266-202507,SME-2024-00266,2025-07,69.6,10.3,Stabil,3,2,7
USE-00266-202508,SME-2024-00266,2025-08,75.3,11.1,Stabil,42,0,8
USE-00266-202509,SME-2024-00266,2025-09,73.4,10.1,Fluktuatif,37,2,7
USE-00266-202510,SME-2024-00266,2025-10,70.7,9.3,Stabil,3,1,7
USE-00266-202511,SME-2024-00266,2025-11,74.4,11.5,Stabil,71,2,8
USE-00266-202512,SME-2024-00266,2025-12,75.4,12.1,Stabil,1,1,8
USE-00266-202601,SME-2024-00266,2026-01,75.0,11.2,Fluktuatif,26,0,7
USE-00266-202602,SME-2024-00266,2026-02,77.7,12.2,Stabil,99,2,8
USE-00266-202603,SME-2024-00266,2026-03,81.7,12.4,Stabil,14,1,8
USE-00266-202604,SME-2024-00266,2026-04,76.4,11.7,Stabil,23,0,8
USE-00266-202605,SME-2024-00266,2026-05,76.4,11.5,Stabil,58,4,8
USE-00266-202606,SME-2024-00266,2026-06,79.2,11.7,Fluktuatif,73,1,8
USE-00267-202507,SME-2024-00267,2025-07,66.8,10.1,Stabil,1,1,7
USE-00267-202508,SME-2024-00267,2025-08,69.4,10.2,Fluktuatif,34,0,6
USE-00267-202509,SME-2024-00267,2025-09,67.6,10.4,Stabil,1,2,7
USE-00267-202510,SME-2024-00267,2025-10,69.2,10.1,Fluktuatif,87,1,6
USE-00267-202511,SME-2024-00267,2025-11,68.0,11.1,Stabil,27,2,7
USE-00267-202512,SME-2024-00267,2025-12,67.8,10.1,Fluktuatif,4,2,8
USE-00267-202601,SME-2024-00267,2026-01,64.7,9.4,Fluktuatif,22,0,7
USE-00267-202602,SME-2024-00267,2026-02,68.6,10.4,Stabil,16,3,7
USE-00267-202603,SME-2024-00267,2026-03,68.4,10.7,Stabil,30,1,7
USE-00267-202604,SME-2024-00267,2026-04,68.9,9.1,Stabil,0,0,7
USE-00267-202605,SME-2024-00267,2026-05,65.6,9.9,Stabil,23,0,6
USE-00267-202606,SME-2024-00267,2026-06,67.2,10.0,Stabil,47,0,6
USE-00268-202507,SME-2024-00268,2025-07,62.1,9.8,Turun,39,1,5
USE-00268-202508,SME-2024-00268,2025-08,64.1,10.0,Turun,36,3,6
USE-00268-202509,SME-2024-00268,2025-09,58.8,8.9,Turun,45,1,5
USE-00268-202510,SME-2024-00268,2025-10,59.6,10.0,Turun,179,1,5
USE-00268-202511,SME-2024-00268,2025-11,59.4,7.9,Turun,17,1,5
USE-00268-202512,SME-2024-00268,2025-12,56.2,9.4,Turun,16,2,5
USE-00268-202601,SME-2024-00268,2026-01,56.2,7.8,Turun,9,2,5
USE-00268-202602,SME-2024-00268,2026-02,56.1,7.7,Turun,21,1,5
USE-00268-202603,SME-2024-00268,2026-03,53.2,7.3,Turun,37,2,6
USE-00268-202604,SME-2024-00268,2026-04,51.5,7.5,Turun,17,1,5
USE-00268-202605,SME-2024-00268,2026-05,47.9,6.5,Turun,46,2,5
USE-00268-202606,SME-2024-00268,2026-06,52.0,8.3,Turun,24,0,5
USE-00269-202507,SME-2024-00269,2025-07,89.9,13.8,Fluktuatif,43,1,9
USE-00269-202508,SME-2024-00269,2025-08,89.9,15.0,Stabil,7,1,9
USE-00269-202509,SME-2024-00269,2025-09,95.1,14.3,Stabil,38,2,9
USE-00269-202510,SME-2024-00269,2025-10,92.1,13.5,Fluktuatif,4,1,9
USE-00269-202511,SME-2024-00269,2025-11,93.1,12.9,Stabil,135,0,9
USE-00269-202512,SME-2024-00269,2025-12,94.1,13.7,Stabil,64,0,9
USE-00269-202601,SME-2024-00269,2026-01,92.0,13.9,Fluktuatif,44,0,9
USE-00269-202602,SME-2024-00269,2026-02,95.0,14.7,Stabil,4,1,9
USE-00269-202603,SME-2024-00269,2026-03,92.4,14.2,Fluktuatif,71,4,9
USE-00269-202604,SME-2024-00269,2026-04,94.5,13.3,Stabil,5,0,9
USE-00269-202605,SME-2024-00269,2026-05,95.9,14.1,Stabil,27,1,9
USE-00269-202606,SME-2024-00269,2026-06,92.3,14.3,Stabil,26,0,9
USE-00270-202507,SME-2024-00270,2025-07,72.4,10.4,Turun,17,3,8
USE-00270-202508,SME-2024-00270,2025-08,69.4,9.6,Turun,10,0,8
USE-00270-202509,SME-2024-00270,2025-09,68.4,10.6,Turun,8,1,7
USE-00270-202510,SME-2024-00270,2025-10,66.6,9.5,Turun,31,2,7
USE-00270-202511,SME-2024-00270,2025-11,62.9,9.5,Turun,43,3,8
USE-00270-202512,SME-2024-00270,2025-12,70.5,11.5,Turun,16,2,9
USE-00270-202601,SME-2024-00270,2026-01,62.4,9.8,Turun,47,0,8
USE-00270-202602,SME-2024-00270,2026-02,59.7,8.3,Turun,11,3,7
USE-00270-202603,SME-2024-00270,2026-03,65.0,9.5,Turun,49,1,8
USE-00270-202604,SME-2024-00270,2026-04,61.4,8.8,Turun,50,3,8
USE-00270-202605,SME-2024-00270,2026-05,59.6,8.9,Turun,3,0,8
USE-00270-202606,SME-2024-00270,2026-06,59.5,9.3,Turun,4,0,7
USE-00271-202507,SME-2024-00271,2025-07,74.3,10.9,Stabil,12,1,8
USE-00271-202508,SME-2024-00271,2025-08,77.9,11.0,Stabil,10,1,8
USE-00271-202509,SME-2024-00271,2025-09,79.1,11.9,Fluktuatif,100,2,8
USE-00271-202510,SME-2024-00271,2025-10,76.6,10.1,Stabil,34,0,7
USE-00271-202511,SME-2024-00271,2025-11,74.0,11.0,Stabil,24,0,8
USE-00271-202512,SME-2024-00271,2025-12,76.5,12.3,Fluktuatif,49,4,8
USE-00271-202601,SME-2024-00271,2026-01,73.5,11.3,Stabil,0,3,9
USE-00271-202602,SME-2024-00271,2026-02,75.1,10.9,Fluktuatif,7,1,9
USE-00271-202603,SME-2024-00271,2026-03,73.2,11.2,Stabil,30,1,8
USE-00271-202604,SME-2024-00271,2026-04,72.5,10.7,Stabil,0,1,8
USE-00271-202605,SME-2024-00271,2026-05,72.8,11.1,Stabil,3,2,8
USE-00271-202606,SME-2024-00271,2026-06,71.0,11.0,Stabil,14,3,8
USE-00272-202507,SME-2024-00272,2025-07,70.1,10.0,Stabil,84,1,6
USE-00272-202508,SME-2024-00272,2025-08,70.1,10.8,Stabil,46,0,6
USE-00272-202509,SME-2024-00272,2025-09,70.1,10.8,Stabil,57,1,6
USE-00272-202510,SME-2024-00272,2025-10,68.0,9.7,Stabil,19,1,6
USE-00272-202511,SME-2024-00272,2025-11,65.4,10.8,Stabil,5,0,5
USE-00272-202512,SME-2024-00272,2025-12,66.8,9.6,Stabil,125,1,6
USE-00272-202601,SME-2024-00272,2026-01,65.5,10.4,Stabil,19,1,6
USE-00272-202602,SME-2024-00272,2026-02,65.5,10.6,Stabil,10,0,6
USE-00272-202603,SME-2024-00272,2026-03,63.2,9.2,Fluktuatif,6,2,6
USE-00272-202604,SME-2024-00272,2026-04,67.8,9.6,Fluktuatif,10,1,6
USE-00272-202605,SME-2024-00272,2026-05,62.5,9.3,Fluktuatif,11,0,6
USE-00272-202606,SME-2024-00272,2026-06,64.0,9.9,Stabil,41,2,6
USE-00273-202507,SME-2024-00273,2025-07,77.9,11.7,Naik,24,1,6
USE-00273-202508,SME-2024-00273,2025-08,77.2,11.7,Naik,154,1,7
USE-00273-202509,SME-2024-00273,2025-09,80.0,13.0,Naik,30,0,7
USE-00273-202510,SME-2024-00273,2025-10,75.4,11.5,Naik,41,3,6
USE-00273-202511,SME-2024-00273,2025-11,79.7,11.5,Naik,43,0,6
USE-00273-202512,SME-2024-00273,2025-12,83.2,11.2,Naik,11,2,6
USE-00273-202601,SME-2024-00273,2026-01,81.0,12.2,Naik,8,2,6
USE-00273-202602,SME-2024-00273,2026-02,84.2,13.0,Naik,10,3,6
USE-00273-202603,SME-2024-00273,2026-03,84.7,12.6,Naik,6,1,6
USE-00273-202604,SME-2024-00273,2026-04,85.7,13.8,Naik,12,1,6
USE-00273-202605,SME-2024-00273,2026-05,83.7,12.6,Naik,70,0,6
USE-00273-202606,SME-2024-00273,2026-06,85.7,12.4,Naik,18,0,7
USE-00274-202507,SME-2024-00274,2025-07,84.5,12.8,Stabil,5,1,6
USE-00274-202508,SME-2024-00274,2025-08,85.0,13.1,Fluktuatif,13,1,7
USE-00274-202509,SME-2024-00274,2025-09,85.4,12.9,Stabil,16,1,7
USE-00274-202510,SME-2024-00274,2025-10,82.6,13.0,Stabil,30,2,7
USE-00274-202511,SME-2024-00274,2025-11,87.9,13.3,Stabil,54,3,6
USE-00274-202512,SME-2024-00274,2025-12,84.5,12.8,Stabil,57,1,8
USE-00274-202601,SME-2024-00274,2026-01,87.3,13.1,Stabil,35,1,7
USE-00274-202602,SME-2024-00274,2026-02,86.7,12.9,Stabil,15,2,7
USE-00274-202603,SME-2024-00274,2026-03,87.7,12.8,Stabil,8,0,6
USE-00274-202604,SME-2024-00274,2026-04,84.5,12.6,Fluktuatif,5,0,7
USE-00274-202605,SME-2024-00274,2026-05,88.4,12.0,Fluktuatif,178,1,7
USE-00274-202606,SME-2024-00274,2026-06,86.5,12.0,Stabil,81,3,7
USE-00275-202507,SME-2024-00275,2025-07,62.2,9.2,Naik,22,0,6
USE-00275-202508,SME-2024-00275,2025-08,60.8,8.2,Naik,8,0,6
USE-00275-202509,SME-2024-00275,2025-09,64.2,10.0,Naik,8,2,7
USE-00275-202510,SME-2024-00275,2025-10,65.3,10.2,Naik,41,1,7
USE-00275-202511,SME-2024-00275,2025-11,67.7,9.5,Naik,60,2,6
USE-00275-202512,SME-2024-00275,2025-12,66.9,10.1,Naik,4,0,6
USE-00275-202601,SME-2024-00275,2026-01,70.4,11.2,Naik,72,1,7
USE-00275-202602,SME-2024-00275,2026-02,71.2,10.5,Naik,5,1,6
USE-00275-202603,SME-2024-00275,2026-03,70.8,10.1,Naik,1,0,6
USE-00275-202604,SME-2024-00275,2026-04,68.7,9.9,Naik,90,2,6
USE-00275-202605,SME-2024-00275,2026-05,71.7,9.8,Naik,4,2,6
USE-00275-202606,SME-2024-00275,2026-06,73.6,10.8,Naik,17,0,7
USE-00276-202507,SME-2024-00276,2025-07,76.2,11.5,Stabil,22,2,7
USE-00276-202508,SME-2024-00276,2025-08,73.5,11.1,Fluktuatif,23,4,6
USE-00276-202509,SME-2024-00276,2025-09,70.8,10.1,Stabil,13,1,7
USE-00276-202510,SME-2024-00276,2025-10,73.5,11.6,Stabil,7,1,7
USE-00276-202511,SME-2024-00276,2025-11,68.4,11.1,Stabil,22,2,7
USE-00276-202512,SME-2024-00276,2025-12,68.6,10.9,Stabil,71,1,6
USE-00276-202601,SME-2024-00276,2026-01,70.1,10.8,Fluktuatif,7,3,5
USE-00276-202602,SME-2024-00276,2026-02,71.3,11.4,Fluktuatif,35,1,6
USE-00276-202603,SME-2024-00276,2026-03,72.5,11.0,Fluktuatif,21,1,6
USE-00276-202604,SME-2024-00276,2026-04,72.9,11.0,Stabil,46,0,6
USE-00276-202605,SME-2024-00276,2026-05,71.9,11.3,Stabil,80,1,6
USE-00276-202606,SME-2024-00276,2026-06,68.7,10.3,Stabil,26,1,6
USE-00277-202507,SME-2024-00277,2025-07,75.2,10.9,Stabil,34,0,8
USE-00277-202508,SME-2024-00277,2025-08,74.1,10.9,Fluktuatif,0,2,7
USE-00277-202509,SME-2024-00277,2025-09,76.8,11.2,Fluktuatif,34,0,8
USE-00277-202510,SME-2024-00277,2025-10,75.2,11.1,Stabil,100,1,9
USE-00277-202511,SME-2024-00277,2025-11,79.1,12.7,Stabil,69,1,8
USE-00277-202512,SME-2024-00277,2025-12,75.9,11.4,Stabil,99,2,8
USE-00277-202601,SME-2024-00277,2026-01,74.0,10.2,Stabil,20,1,9
USE-00277-202602,SME-2024-00277,2026-02,74.0,10.8,Stabil,71,1,8
USE-00277-202603,SME-2024-00277,2026-03,69.7,10.2,Stabil,94,1,9
USE-00277-202604,SME-2024-00277,2026-04,74.4,11.5,Fluktuatif,62,1,8
USE-00277-202605,SME-2024-00277,2026-05,72.2,10.2,Stabil,51,2,8
USE-00277-202606,SME-2024-00277,2026-06,73.7,11.0,Stabil,20,1,8
USE-00278-202507,SME-2024-00278,2025-07,78.1,12.3,Stabil,10,1,7
USE-00278-202508,SME-2024-00278,2025-08,77.8,12.1,Stabil,26,2,7
USE-00278-202509,SME-2024-00278,2025-09,76.4,11.1,Fluktuatif,12,2,7
USE-00278-202510,SME-2024-00278,2025-10,74.6,10.4,Stabil,52,2,7
USE-00278-202511,SME-2024-00278,2025-11,77.4,11.4,Stabil,30,1,7
USE-00278-202512,SME-2024-00278,2025-12,75.6,11.7,Stabil,14,2,7
USE-00278-202601,SME-2024-00278,2026-01,79.8,11.9,Stabil,2,1,7
USE-00278-202602,SME-2024-00278,2026-02,79.0,12.4,Stabil,51,2,6
USE-00278-202603,SME-2024-00278,2026-03,77.1,11.6,Fluktuatif,33,0,7
USE-00278-202604,SME-2024-00278,2026-04,77.7,11.8,Fluktuatif,28,1,7
USE-00278-202605,SME-2024-00278,2026-05,77.6,11.2,Stabil,4,2,8
USE-00278-202606,SME-2024-00278,2026-06,75.4,11.2,Stabil,50,2,7
USE-00279-202507,SME-2024-00279,2025-07,81.3,12.4,Stabil,16,1,9
USE-00279-202508,SME-2024-00279,2025-08,75.3,11.0,Stabil,25,0,8
USE-00279-202509,SME-2024-00279,2025-09,76.0,12.0,Stabil,6,0,9
USE-00279-202510,SME-2024-00279,2025-10,75.2,11.9,Stabil,13,2,9
USE-00279-202511,SME-2024-00279,2025-11,73.9,10.4,Fluktuatif,22,0,9
USE-00279-202512,SME-2024-00279,2025-12,72.6,11.6,Fluktuatif,5,5,8
USE-00279-202601,SME-2024-00279,2026-01,79.3,11.8,Stabil,33,0,8
USE-00279-202602,SME-2024-00279,2026-02,75.6,11.0,Stabil,34,1,9
USE-00279-202603,SME-2024-00279,2026-03,75.9,12.3,Stabil,27,1,8
USE-00279-202604,SME-2024-00279,2026-04,71.4,11.0,Fluktuatif,51,1,9
USE-00279-202605,SME-2024-00279,2026-05,75.6,11.7,Fluktuatif,52,1,8
USE-00279-202606,SME-2024-00279,2026-06,72.3,10.6,Stabil,11,0,8
USE-00280-202507,SME-2024-00280,2025-07,65.4,10.1,Stabil,21,3,7
USE-00280-202508,SME-2024-00280,2025-08,74.6,10.9,Stabil,113,1,6
USE-00280-202509,SME-2024-00280,2025-09,68.4,9.4,Stabil,4,1,7
USE-00280-202510,SME-2024-00280,2025-10,66.7,10.4,Stabil,24,0,7
USE-00280-202511,SME-2024-00280,2025-11,67.4,10.3,Stabil,4,3,6
USE-00280-202512,SME-2024-00280,2025-12,66.6,9.9,Stabil,65,2,6
USE-00280-202601,SME-2024-00280,2026-01,67.6,10.0,Stabil,15,0,6
USE-00280-202602,SME-2024-00280,2026-02,63.0,10.0,Stabil,67,2,7
USE-00280-202603,SME-2024-00280,2026-03,67.4,9.6,Stabil,58,3,7
USE-00280-202604,SME-2024-00280,2026-04,64.4,9.7,Stabil,17,3,7
USE-00280-202605,SME-2024-00280,2026-05,67.9,9.8,Stabil,14,1,7
USE-00280-202606,SME-2024-00280,2026-06,63.9,9.4,Stabil,51,0,7
USE-00281-202507,SME-2024-00281,2025-07,70.1,10.4,Stabil,1,0,8
USE-00281-202508,SME-2024-00281,2025-08,71.2,10.5,Stabil,4,2,9
USE-00281-202509,SME-2024-00281,2025-09,69.9,10.6,Stabil,79,0,8
USE-00281-202510,SME-2024-00281,2025-10,67.4,10.5,Stabil,6,1,9
USE-00281-202511,SME-2024-00281,2025-11,63.2,10.3,Fluktuatif,24,1,8
USE-00281-202512,SME-2024-00281,2025-12,68.7,10.8,Stabil,11,1,8
USE-00281-202601,SME-2024-00281,2026-01,67.8,10.6,Stabil,11,2,8
USE-00281-202602,SME-2024-00281,2026-02,67.8,10.4,Stabil,42,3,8
USE-00281-202603,SME-2024-00281,2026-03,68.0,10.2,Fluktuatif,5,2,8
USE-00281-202604,SME-2024-00281,2026-04,66.1,10.0,Stabil,162,2,9
USE-00281-202605,SME-2024-00281,2026-05,66.0,10.0,Fluktuatif,22,0,8
USE-00281-202606,SME-2024-00281,2026-06,63.7,9.3,Fluktuatif,27,1,8
USE-00282-202507,SME-2024-00282,2025-07,72.7,10.6,Stabil,34,1,8
USE-00282-202508,SME-2024-00282,2025-08,73.7,11.6,Stabil,124,1,9
USE-00282-202509,SME-2024-00282,2025-09,74.6,11.4,Fluktuatif,22,1,9
USE-00282-202510,SME-2024-00282,2025-10,73.7,12.0,Stabil,4,3,9
USE-00282-202511,SME-2024-00282,2025-11,77.4,12.1,Fluktuatif,19,1,8
USE-00282-202512,SME-2024-00282,2025-12,73.0,10.7,Fluktuatif,9,2,9
USE-00282-202601,SME-2024-00282,2026-01,73.1,11.1,Fluktuatif,39,2,9
USE-00282-202602,SME-2024-00282,2026-02,76.5,11.6,Stabil,7,1,9
USE-00282-202603,SME-2024-00282,2026-03,74.5,11.0,Fluktuatif,0,1,9
USE-00282-202604,SME-2024-00282,2026-04,72.0,10.5,Fluktuatif,120,0,9
USE-00282-202605,SME-2024-00282,2026-05,69.7,10.7,Stabil,40,3,9
USE-00282-202606,SME-2024-00282,2026-06,70.8,9.7,Stabil,62,0,9
USE-00283-202507,SME-2024-00283,2025-07,65.9,10.2,Turun,2,2,6
USE-00283-202508,SME-2024-00283,2025-08,65.3,9.7,Turun,22,1,6
USE-00283-202509,SME-2024-00283,2025-09,62.8,9.3,Turun,52,3,6
USE-00283-202510,SME-2024-00283,2025-10,65.0,10.2,Turun,0,1,6
USE-00283-202511,SME-2024-00283,2025-11,60.7,8.9,Turun,44,0,5
USE-00283-202512,SME-2024-00283,2025-12,56.9,8.9,Turun,13,0,6
USE-00283-202601,SME-2024-00283,2026-01,57.4,8.1,Turun,5,2,6
USE-00283-202602,SME-2024-00283,2026-02,59.8,8.7,Turun,17,1,5
USE-00283-202603,SME-2024-00283,2026-03,56.2,8.3,Turun,25,3,6
USE-00283-202604,SME-2024-00283,2026-04,56.8,8.2,Turun,36,1,5
USE-00283-202605,SME-2024-00283,2026-05,55.2,8.4,Turun,17,0,6
USE-00283-202606,SME-2024-00283,2026-06,53.0,6.9,Turun,6,2,4
USE-00284-202507,SME-2024-00284,2025-07,55.3,9.2,Stabil,56,0,7
USE-00284-202508,SME-2024-00284,2025-08,53.9,8.3,Stabil,10,1,7
USE-00284-202509,SME-2024-00284,2025-09,51.2,7.8,Stabil,0,1,7
USE-00284-202510,SME-2024-00284,2025-10,49.7,7.7,Fluktuatif,31,0,7
USE-00284-202511,SME-2024-00284,2025-11,48.4,7.2,Stabil,80,0,7
USE-00284-202512,SME-2024-00284,2025-12,48.3,6.8,Fluktuatif,15,4,7
USE-00284-202601,SME-2024-00284,2026-01,52.6,6.9,Stabil,19,2,7
USE-00284-202602,SME-2024-00284,2026-02,50.5,7.4,Stabil,31,0,7
USE-00284-202603,SME-2024-00284,2026-03,51.3,7.6,Stabil,19,2,8
USE-00284-202604,SME-2024-00284,2026-04,50.8,6.7,Stabil,9,2,8
USE-00284-202605,SME-2024-00284,2026-05,49.2,8.0,Stabil,75,1,7
USE-00284-202606,SME-2024-00284,2026-06,47.0,7.0,Stabil,34,1,7
USE-00285-202507,SME-2024-00285,2025-07,76.1,11.9,Stabil,19,0,7
USE-00285-202508,SME-2024-00285,2025-08,73.9,11.4,Fluktuatif,37,1,7
USE-00285-202509,SME-2024-00285,2025-09,75.8,11.5,Stabil,43,3,7
USE-00285-202510,SME-2024-00285,2025-10,77.2,12.0,Stabil,30,2,7
USE-00285-202511,SME-2024-00285,2025-11,74.7,11.4,Fluktuatif,19,0,7
USE-00285-202512,SME-2024-00285,2025-12,76.3,11.6,Fluktuatif,13,2,7
USE-00285-202601,SME-2024-00285,2026-01,77.6,10.7,Stabil,20,1,7
USE-00285-202602,SME-2024-00285,2026-02,74.4,11.6,Fluktuatif,9,2,7
USE-00285-202603,SME-2024-00285,2026-03,78.5,12.1,Stabil,77,0,7
USE-00285-202604,SME-2024-00285,2026-04,77.4,11.1,Fluktuatif,13,3,7
USE-00285-202605,SME-2024-00285,2026-05,81.0,12.5,Stabil,29,3,7
USE-00285-202606,SME-2024-00285,2026-06,79.0,11.3,Stabil,7,0,7
USE-00286-202507,SME-2024-00286,2025-07,84.0,11.9,Stabil,23,1,9
USE-00286-202508,SME-2024-00286,2025-08,85.8,13.4,Stabil,57,2,9
USE-00286-202509,SME-2024-00286,2025-09,81.3,11.8,Stabil,13,0,9
USE-00286-202510,SME-2024-00286,2025-10,89.5,13.0,Fluktuatif,3,1,9
USE-00286-202511,SME-2024-00286,2025-11,87.8,13.1,Stabil,57,0,9
USE-00286-202512,SME-2024-00286,2025-12,86.5,12.5,Stabil,35,0,9
USE-00286-202601,SME-2024-00286,2026-01,82.7,12.2,Stabil,18,0,8
USE-00286-202602,SME-2024-00286,2026-02,85.2,12.3,Stabil,1,3,8
USE-00286-202603,SME-2024-00286,2026-03,83.9,12.9,Fluktuatif,7,1,9
USE-00286-202604,SME-2024-00286,2026-04,80.5,12.0,Stabil,2,0,9
USE-00286-202605,SME-2024-00286,2026-05,81.7,13.2,Stabil,128,1,9
USE-00286-202606,SME-2024-00286,2026-06,84.7,12.8,Stabil,3,3,9
USE-00287-202507,SME-2024-00287,2025-07,57.7,8.9,Stabil,20,1,6
USE-00287-202508,SME-2024-00287,2025-08,57.4,9.2,Stabil,21,2,6
USE-00287-202509,SME-2024-00287,2025-09,56.4,9.1,Fluktuatif,61,3,6
USE-00287-202510,SME-2024-00287,2025-10,57.0,9.2,Stabil,55,1,7
USE-00287-202511,SME-2024-00287,2025-11,62.4,9.6,Stabil,21,1,6
USE-00287-202512,SME-2024-00287,2025-12,61.9,8.1,Stabil,86,1,7
USE-00287-202601,SME-2024-00287,2026-01,60.3,9.1,Stabil,18,3,6
USE-00287-202602,SME-2024-00287,2026-02,56.4,9.4,Fluktuatif,11,1,6
USE-00287-202603,SME-2024-00287,2026-03,55.2,8.3,Stabil,53,0,6
USE-00287-202604,SME-2024-00287,2026-04,58.4,8.5,Stabil,20,1,7
USE-00287-202605,SME-2024-00287,2026-05,58.3,8.8,Fluktuatif,47,0,6
USE-00287-202606,SME-2024-00287,2026-06,58.3,8.6,Stabil,25,2,6
USE-00288-202507,SME-2024-00288,2025-07,80.1,11.8,Fluktuatif,4,1,7
USE-00288-202508,SME-2024-00288,2025-08,74.0,10.0,Fluktuatif,108,2,8
USE-00288-202509,SME-2024-00288,2025-09,80.0,13.2,Stabil,86,1,8
USE-00288-202510,SME-2024-00288,2025-10,78.9,11.9,Stabil,47,1,8
USE-00288-202511,SME-2024-00288,2025-11,84.2,12.1,Stabil,11,2,8
USE-00288-202512,SME-2024-00288,2025-12,82.5,12.5,Stabil,13,3,8
USE-00288-202601,SME-2024-00288,2026-01,82.4,12.6,Stabil,15,1,7
USE-00288-202602,SME-2024-00288,2026-02,79.4,11.9,Fluktuatif,24,0,8
USE-00288-202603,SME-2024-00288,2026-03,78.8,12.4,Fluktuatif,52,2,8
USE-00288-202604,SME-2024-00288,2026-04,80.1,12.5,Stabil,3,0,8
USE-00288-202605,SME-2024-00288,2026-05,78.8,11.8,Fluktuatif,14,3,8
USE-00288-202606,SME-2024-00288,2026-06,76.7,10.7,Stabil,50,3,8
USE-00289-202507,SME-2024-00289,2025-07,91.0,14.1,Fluktuatif,48,0,6
USE-00289-202508,SME-2024-00289,2025-08,91.6,13.7,Stabil,22,1,7
USE-00289-202509,SME-2024-00289,2025-09,89.6,12.8,Fluktuatif,57,2,7
USE-00289-202510,SME-2024-00289,2025-10,88.7,13.3,Fluktuatif,48,4,8
USE-00289-202511,SME-2024-00289,2025-11,88.8,14.2,Stabil,14,0,7
USE-00289-202512,SME-2024-00289,2025-12,86.5,13.2,Stabil,21,2,7
USE-00289-202601,SME-2024-00289,2026-01,87.3,13.3,Stabil,26,2,7
USE-00289-202602,SME-2024-00289,2026-02,84.6,12.7,Fluktuatif,51,2,7
USE-00289-202603,SME-2024-00289,2026-03,91.4,12.8,Stabil,169,1,7
USE-00289-202604,SME-2024-00289,2026-04,88.8,14.2,Stabil,54,1,8
USE-00289-202605,SME-2024-00289,2026-05,87.7,13.9,Fluktuatif,6,2,7
USE-00289-202606,SME-2024-00289,2026-06,88.0,14.5,Stabil,16,1,6
USE-00290-202507,SME-2024-00290,2025-07,84.9,12.8,Stabil,70,2,8
USE-00290-202508,SME-2024-00290,2025-08,85.7,12.1,Stabil,21,1,8
USE-00290-202509,SME-2024-00290,2025-09,88.5,14.2,Stabil,61,1,8
USE-00290-202510,SME-2024-00290,2025-10,87.5,13.6,Fluktuatif,6,1,8
USE-00290-202511,SME-2024-00290,2025-11,85.8,13.0,Fluktuatif,51,1,7
USE-00290-202512,SME-2024-00290,2025-12,87.9,13.6,Fluktuatif,20,2,8
USE-00290-202601,SME-2024-00290,2026-01,88.8,12.4,Stabil,11,1,8
USE-00290-202602,SME-2024-00290,2026-02,87.0,13.3,Stabil,38,1,8
USE-00290-202603,SME-2024-00290,2026-03,87.5,13.3,Fluktuatif,77,1,7
USE-00290-202604,SME-2024-00290,2026-04,91.2,14.2,Stabil,7,1,8
USE-00290-202605,SME-2024-00290,2026-05,86.4,12.4,Fluktuatif,6,1,8
USE-00290-202606,SME-2024-00290,2026-06,93.4,14.2,Stabil,3,2,7
USE-00291-202507,SME-2024-00291,2025-07,84.4,13.0,Stabil,11,2,6
USE-00291-202508,SME-2024-00291,2025-08,81.2,12.4,Fluktuatif,64,0,7
USE-00291-202509,SME-2024-00291,2025-09,86.2,13.4,Fluktuatif,24,2,7
USE-00291-202510,SME-2024-00291,2025-10,78.5,11.5,Fluktuatif,28,1,7
USE-00291-202511,SME-2024-00291,2025-11,81.2,12.7,Stabil,39,0,7
USE-00291-202512,SME-2024-00291,2025-12,84.9,12.7,Fluktuatif,14,2,6
USE-00291-202601,SME-2024-00291,2026-01,81.1,12.9,Stabil,16,1,7
USE-00291-202602,SME-2024-00291,2026-02,85.9,12.7,Stabil,23,2,7
USE-00291-202603,SME-2024-00291,2026-03,80.5,12.7,Fluktuatif,122,2,7
USE-00291-202604,SME-2024-00291,2026-04,77.1,11.5,Stabil,19,0,7
USE-00291-202605,SME-2024-00291,2026-05,82.9,12.2,Stabil,5,0,7
USE-00291-202606,SME-2024-00291,2026-06,82.6,12.6,Stabil,25,0,7
USE-00292-202507,SME-2024-00292,2025-07,53.2,7.3,Turun,16,0,8
USE-00292-202508,SME-2024-00292,2025-08,57.4,8.2,Turun,77,0,6
USE-00292-202509,SME-2024-00292,2025-09,52.0,6.8,Turun,15,2,8
USE-00292-202510,SME-2024-00292,2025-10,49.6,6.2,Turun,6,2,7
USE-00292-202511,SME-2024-00292,2025-11,47.9,7.4,Turun,22,2,7
USE-00292-202512,SME-2024-00292,2025-12,49.6,7.3,Turun,19,2,7
USE-00292-202601,SME-2024-00292,2026-01,46.7,7.5,Turun,14,4,8
USE-00292-202602,SME-2024-00292,2026-02,47.3,7.5,Turun,36,0,6
USE-00292-202603,SME-2024-00292,2026-03,47.8,6.8,Turun,0,1,8
USE-00292-202604,SME-2024-00292,2026-04,44.5,7.4,Turun,38,4,7
USE-00292-202605,SME-2024-00292,2026-05,42.3,6.7,Turun,107,1,7
USE-00292-202606,SME-2024-00292,2026-06,40.4,5.4,Turun,32,0,7
USE-00293-202507,SME-2024-00293,2025-07,62.0,9.5,Stabil,9,0,8
USE-00293-202508,SME-2024-00293,2025-08,65.2,9.7,Stabil,29,0,7
USE-00293-202509,SME-2024-00293,2025-09,68.1,9.3,Stabil,21,1,7
USE-00293-202510,SME-2024-00293,2025-10,63.9,8.8,Fluktuatif,2,3,8
USE-00293-202511,SME-2024-00293,2025-11,63.0,9.9,Stabil,109,1,8
USE-00293-202512,SME-2024-00293,2025-12,64.2,10.1,Stabil,4,2,8
USE-00293-202601,SME-2024-00293,2026-01,66.0,9.7,Stabil,23,3,8
USE-00293-202602,SME-2024-00293,2026-02,63.7,9.7,Stabil,11,1,7
USE-00293-202603,SME-2024-00293,2026-03,64.4,10.1,Fluktuatif,61,0,8
USE-00293-202604,SME-2024-00293,2026-04,64.4,9.3,Fluktuatif,15,0,7
USE-00293-202605,SME-2024-00293,2026-05,66.5,10.2,Stabil,3,0,8
USE-00293-202606,SME-2024-00293,2026-06,64.1,9.7,Stabil,45,1,8
USE-00294-202507,SME-2024-00294,2025-07,71.4,11.5,Stabil,93,1,8
USE-00294-202508,SME-2024-00294,2025-08,71.1,9.7,Stabil,15,1,9
USE-00294-202509,SME-2024-00294,2025-09,73.0,11.0,Stabil,42,1,8
USE-00294-202510,SME-2024-00294,2025-10,72.1,10.6,Stabil,0,2,8
USE-00294-202511,SME-2024-00294,2025-11,67.8,10.8,Fluktuatif,5,1,9
USE-00294-202512,SME-2024-00294,2025-12,67.8,10.0,Stabil,32,2,8
USE-00294-202601,SME-2024-00294,2026-01,66.5,9.7,Fluktuatif,30,1,9
USE-00294-202602,SME-2024-00294,2026-02,68.5,9.8,Stabil,32,0,9
USE-00294-202603,SME-2024-00294,2026-03,63.7,9.3,Stabil,12,0,8
USE-00294-202604,SME-2024-00294,2026-04,61.0,8.9,Stabil,131,1,9
USE-00294-202605,SME-2024-00294,2026-05,62.1,8.8,Stabil,101,3,8
USE-00294-202606,SME-2024-00294,2026-06,65.9,10.2,Stabil,58,3,8
USE-00295-202507,SME-2024-00295,2025-07,87.8,12.6,Stabil,69,2,7
USE-00295-202508,SME-2024-00295,2025-08,87.6,12.5,Stabil,20,0,7
USE-00295-202509,SME-2024-00295,2025-09,83.1,11.8,Fluktuatif,147,3,6
USE-00295-202510,SME-2024-00295,2025-10,83.4,12.2,Fluktuatif,71,4,7
USE-00295-202511,SME-2024-00295,2025-11,83.2,12.0,Fluktuatif,9,1,6
USE-00295-202512,SME-2024-00295,2025-12,84.6,13.1,Stabil,7,1,7
USE-00295-202601,SME-2024-00295,2026-01,82.8,12.1,Fluktuatif,20,0,6
USE-00295-202602,SME-2024-00295,2026-02,82.9,13.3,Stabil,16,1,6
USE-00295-202603,SME-2024-00295,2026-03,84.4,12.9,Fluktuatif,48,1,5
USE-00295-202604,SME-2024-00295,2026-04,85.4,13.1,Fluktuatif,15,2,6
USE-00295-202605,SME-2024-00295,2026-05,85.9,12.1,Stabil,9,1,6
USE-00295-202606,SME-2024-00295,2026-06,83.4,13.1,Stabil,18,1,7
USE-00296-202507,SME-2024-00296,2025-07,72.2,11.0,Stabil,25,1,8
USE-00296-202508,SME-2024-00296,2025-08,71.1,9.9,Stabil,81,0,7
USE-00296-202509,SME-2024-00296,2025-09,73.5,11.1,Fluktuatif,88,2,8
USE-00296-202510,SME-2024-00296,2025-10,68.7,9.5,Stabil,0,3,8
USE-00296-202511,SME-2024-00296,2025-11,70.4,10.4,Fluktuatif,3,0,8
USE-00296-202512,SME-2024-00296,2025-12,68.4,10.8,Stabil,63,1,8
USE-00296-202601,SME-2024-00296,2026-01,66.6,9.3,Stabil,32,2,7
USE-00296-202602,SME-2024-00296,2026-02,65.9,8.8,Stabil,3,0,8
USE-00296-202603,SME-2024-00296,2026-03,64.4,9.2,Stabil,91,4,7
USE-00296-202604,SME-2024-00296,2026-04,65.9,9.2,Stabil,38,1,7
USE-00296-202605,SME-2024-00296,2026-05,62.7,9.7,Stabil,74,3,8
USE-00296-202606,SME-2024-00296,2026-06,65.0,10.0,Stabil,4,1,7
USE-00297-202507,SME-2024-00297,2025-07,70.2,9.6,Stabil,5,3,7
USE-00297-202508,SME-2024-00297,2025-08,69.6,10.1,Stabil,5,1,7
USE-00297-202509,SME-2024-00297,2025-09,69.6,9.6,Stabil,18,0,7
USE-00297-202510,SME-2024-00297,2025-10,66.0,9.6,Stabil,8,2,7
USE-00297-202511,SME-2024-00297,2025-11,70.1,9.0,Stabil,24,2,7
USE-00297-202512,SME-2024-00297,2025-12,72.6,10.6,Stabil,68,2,6
USE-00297-202601,SME-2024-00297,2026-01,72.3,10.4,Fluktuatif,26,2,7
USE-00297-202602,SME-2024-00297,2026-02,74.9,11.4,Stabil,44,2,7
USE-00297-202603,SME-2024-00297,2026-03,70.2,10.7,Stabil,21,1,7
USE-00297-202604,SME-2024-00297,2026-04,73.1,10.4,Fluktuatif,5,6,7
USE-00297-202605,SME-2024-00297,2026-05,73.4,11.8,Stabil,70,0,7
USE-00297-202606,SME-2024-00297,2026-06,69.6,10.1,Stabil,29,0,7
USE-00298-202507,SME-2024-00298,2025-07,77.2,10.7,Stabil,70,1,6
USE-00298-202508,SME-2024-00298,2025-08,77.1,11.9,Stabil,19,0,6
USE-00298-202509,SME-2024-00298,2025-09,74.3,11.0,Fluktuatif,27,0,6
USE-00298-202510,SME-2024-00298,2025-10,75.4,10.8,Stabil,18,2,6
USE-00298-202511,SME-2024-00298,2025-11,73.7,11.0,Stabil,39,1,6
USE-00298-202512,SME-2024-00298,2025-12,74.3,11.5,Fluktuatif,51,1,6
USE-00298-202601,SME-2024-00298,2026-01,70.2,9.6,Stabil,45,0,6
USE-00298-202602,SME-2024-00298,2026-02,71.3,11.0,Fluktuatif,113,2,6
USE-00298-202603,SME-2024-00298,2026-03,70.7,10.3,Stabil,43,2,7
USE-00298-202604,SME-2024-00298,2026-04,72.4,10.3,Stabil,110,0,7
USE-00298-202605,SME-2024-00298,2026-05,70.6,10.4,Fluktuatif,2,1,7
USE-00298-202606,SME-2024-00298,2026-06,72.1,11.3,Stabil,125,0,6
USE-00299-202507,SME-2024-00299,2025-07,60.9,9.7,Stabil,73,0,7
USE-00299-202508,SME-2024-00299,2025-08,64.6,10.2,Fluktuatif,2,1,8
USE-00299-202509,SME-2024-00299,2025-09,61.5,9.0,Fluktuatif,2,1,7
USE-00299-202510,SME-2024-00299,2025-10,67.1,10.7,Fluktuatif,106,0,8
USE-00299-202511,SME-2024-00299,2025-11,63.2,9.4,Stabil,21,1,8
USE-00299-202512,SME-2024-00299,2025-12,63.0,9.5,Stabil,116,2,7
USE-00299-202601,SME-2024-00299,2026-01,62.3,9.2,Fluktuatif,22,0,7
USE-00299-202602,SME-2024-00299,2026-02,63.0,9.2,Fluktuatif,12,2,8
USE-00299-202603,SME-2024-00299,2026-03,63.9,9.8,Stabil,34,1,8
USE-00299-202604,SME-2024-00299,2026-04,63.5,8.6,Stabil,15,0,7
USE-00299-202605,SME-2024-00299,2026-05,61.2,8.8,Fluktuatif,24,1,7
USE-00299-202606,SME-2024-00299,2026-06,62.8,9.7,Stabil,28,3,7
USE-00300-202507,SME-2024-00300,2025-07,67.7,10.7,Fluktuatif,53,3,6
USE-00300-202508,SME-2024-00300,2025-08,68.0,9.7,Fluktuatif,6,1,6
USE-00300-202509,SME-2024-00300,2025-09,66.8,9.7,Fluktuatif,26,2,6
USE-00300-202510,SME-2024-00300,2025-10,65.3,9.5,Stabil,29,1,6
USE-00300-202511,SME-2024-00300,2025-11,64.1,9.3,Stabil,22,0,6
USE-00300-202512,SME-2024-00300,2025-12,61.9,10.0,Stabil,40,1,6
USE-00300-202601,SME-2024-00300,2026-01,64.7,9.6,Stabil,1,1,6
USE-00300-202602,SME-2024-00300,2026-02,66.2,10.2,Stabil,32,4,6
USE-00300-202603,SME-2024-00300,2026-03,61.7,9.5,Stabil,77,3,6
USE-00300-202604,SME-2024-00300,2026-04,62.6,10.3,Fluktuatif,5,0,6
USE-00300-202605,SME-2024-00300,2026-05,63.6,8.9,Stabil,60,2,7
USE-00300-202606,SME-2024-00300,2026-06,64.8,9.9,Stabil,71,2,7
USE-00301-202507,SME-2024-00301,2025-07,76.5,11.5,Stabil,84,1,5
USE-00301-202508,SME-2024-00301,2025-08,74.5,11.0,Fluktuatif,42,0,6
USE-00301-202509,SME-2024-00301,2025-09,77.9,11.4,Fluktuatif,3,1,6
USE-00301-202510,SME-2024-00301,2025-10,81.7,12.7,Stabil,62,3,6
USE-00301-202511,SME-2024-00301,2025-11,78.9,13.0,Stabil,17,0,6
USE-00301-202512,SME-2024-00301,2025-12,78.4,12.3,Stabil,12,2,7
USE-00301-202601,SME-2024-00301,2026-01,74.5,10.7,Fluktuatif,13,1,7
USE-00301-202602,SME-2024-00301,2026-02,82.0,11.8,Fluktuatif,13,1,7
USE-00301-202603,SME-2024-00301,2026-03,80.0,13.1,Stabil,21,1,7
USE-00301-202604,SME-2024-00301,2026-04,78.7,11.9,Stabil,17,0,6
USE-00301-202605,SME-2024-00301,2026-05,79.2,12.1,Stabil,60,3,6
USE-00301-202606,SME-2024-00301,2026-06,76.6,11.2,Fluktuatif,33,2,6
USE-00302-202507,SME-2024-00302,2025-07,94.8,14.2,Stabil,14,0,7
USE-00302-202508,SME-2024-00302,2025-08,88.1,13.1,Fluktuatif,1,2,7
USE-00302-202509,SME-2024-00302,2025-09,92.7,14.1,Stabil,102,1,7
USE-00302-202510,SME-2024-00302,2025-10,94.5,13.8,Stabil,16,0,7
USE-00302-202511,SME-2024-00302,2025-11,93.7,13.0,Stabil,55,2,7
USE-00302-202512,SME-2024-00302,2025-12,93.3,13.7,Stabil,41,1,7
USE-00302-202601,SME-2024-00302,2026-01,95.6,14.4,Stabil,58,2,7
USE-00302-202602,SME-2024-00302,2026-02,96.3,15.0,Stabil,46,2,6
USE-00302-202603,SME-2024-00302,2026-03,93.6,14.2,Stabil,23,0,7
USE-00302-202604,SME-2024-00302,2026-04,98.0,13.8,Fluktuatif,8,1,7
USE-00302-202605,SME-2024-00302,2026-05,96.8,15.2,Stabil,6,3,8
USE-00302-202606,SME-2024-00302,2026-06,98.0,14.3,Stabil,44,0,8
USE-00303-202507,SME-2024-00303,2025-07,82.1,12.6,Stabil,25,3,8
USE-00303-202508,SME-2024-00303,2025-08,78.3,11.4,Stabil,29,1,8
USE-00303-202509,SME-2024-00303,2025-09,79.5,12.7,Fluktuatif,68,0,8
USE-00303-202510,SME-2024-00303,2025-10,78.8,11.5,Fluktuatif,89,2,8
USE-00303-202511,SME-2024-00303,2025-11,79.9,11.6,Fluktuatif,14,0,8
USE-00303-202512,SME-2024-00303,2025-12,76.0,11.7,Stabil,9,1,8
USE-00303-202601,SME-2024-00303,2026-01,77.9,11.8,Stabil,14,1,8
USE-00303-202602,SME-2024-00303,2026-02,83.1,11.9,Fluktuatif,10,1,8
USE-00303-202603,SME-2024-00303,2026-03,81.2,11.4,Stabil,52,1,8
USE-00303-202604,SME-2024-00303,2026-04,78.6,12.3,Stabil,43,0,8
USE-00303-202605,SME-2024-00303,2026-05,75.7,11.2,Stabil,19,0,7
USE-00303-202606,SME-2024-00303,2026-06,83.6,11.9,Stabil,59,0,8
USE-00304-202507,SME-2024-00304,2025-07,77.5,11.2,Fluktuatif,63,0,7
USE-00304-202508,SME-2024-00304,2025-08,80.1,12.0,Stabil,65,1,8
USE-00304-202509,SME-2024-00304,2025-09,81.2,12.3,Fluktuatif,2,3,8
USE-00304-202510,SME-2024-00304,2025-10,82.2,11.8,Stabil,17,2,7
USE-00304-202511,SME-2024-00304,2025-11,78.5,11.4,Stabil,32,2,7
USE-00304-202512,SME-2024-00304,2025-12,80.7,11.8,Stabil,90,0,8
USE-00304-202601,SME-2024-00304,2026-01,78.7,11.3,Stabil,10,0,7
USE-00304-202602,SME-2024-00304,2026-02,78.8,11.4,Stabil,63,5,7
USE-00304-202603,SME-2024-00304,2026-03,81.2,12.4,Fluktuatif,7,2,7
USE-00304-202604,SME-2024-00304,2026-04,79.9,11.8,Stabil,63,3,8
USE-00304-202605,SME-2024-00304,2026-05,82.3,12.4,Stabil,10,0,8
USE-00304-202606,SME-2024-00304,2026-06,83.4,12.7,Stabil,38,2,8
USE-00305-202507,SME-2024-00305,2025-07,62.8,9.7,Turun,2,3,7
USE-00305-202508,SME-2024-00305,2025-08,55.1,8.3,Turun,19,2,7
USE-00305-202509,SME-2024-00305,2025-09,59.2,8.6,Turun,3,2,7
USE-00305-202510,SME-2024-00305,2025-10,57.6,8.4,Turun,66,3,7
USE-00305-202511,SME-2024-00305,2025-11,56.8,8.8,Turun,46,1,7
USE-00305-202512,SME-2024-00305,2025-12,58.3,9.0,Turun,1,1,7
USE-00305-202601,SME-2024-00305,2026-01,51.9,7.7,Turun,19,0,6
USE-00305-202602,SME-2024-00305,2026-02,52.0,7.8,Turun,14,0,6
USE-00305-202603,SME-2024-00305,2026-03,49.3,7.5,Turun,2,0,6
USE-00305-202604,SME-2024-00305,2026-04,51.4,7.7,Turun,9,1,7
USE-00305-202605,SME-2024-00305,2026-05,50.9,7.6,Turun,20,1,6
USE-00305-202606,SME-2024-00305,2026-06,44.5,6.4,Turun,58,0,6
USE-00306-202507,SME-2024-00306,2025-07,83.0,12.4,Fluktuatif,59,1,7
USE-00306-202508,SME-2024-00306,2025-08,85.7,12.4,Stabil,48,0,6
USE-00306-202509,SME-2024-00306,2025-09,87.4,12.7,Fluktuatif,51,1,7
USE-00306-202510,SME-2024-00306,2025-10,82.6,12.6,Stabil,42,2,7
USE-00306-202511,SME-2024-00306,2025-11,85.1,12.7,Fluktuatif,58,3,7
USE-00306-202512,SME-2024-00306,2025-12,84.7,12.7,Stabil,11,2,7
USE-00306-202601,SME-2024-00306,2026-01,81.5,13.4,Stabil,34,0,6
USE-00306-202602,SME-2024-00306,2026-02,83.5,12.0,Stabil,32,2,6
USE-00306-202603,SME-2024-00306,2026-03,85.8,13.2,Stabil,5,2,7
USE-00306-202604,SME-2024-00306,2026-04,82.6,12.1,Fluktuatif,1,0,6
USE-00306-202605,SME-2024-00306,2026-05,85.0,13.3,Stabil,9,3,7
USE-00306-202606,SME-2024-00306,2026-06,86.7,12.6,Stabil,102,1,7
USE-00307-202507,SME-2024-00307,2025-07,78.3,11.9,Fluktuatif,19,0,7
USE-00307-202508,SME-2024-00307,2025-08,81.1,12.0,Fluktuatif,8,2,8
USE-00307-202509,SME-2024-00307,2025-09,81.6,12.6,Stabil,18,0,7
USE-00307-202510,SME-2024-00307,2025-10,80.1,12.2,Stabil,39,1,8
USE-00307-202511,SME-2024-00307,2025-11,76.6,11.3,Stabil,9,3,9
USE-00307-202512,SME-2024-00307,2025-12,83.0,12.8,Fluktuatif,139,0,7
USE-00307-202601,SME-2024-00307,2026-01,85.6,13.3,Stabil,0,2,7
USE-00307-202602,SME-2024-00307,2026-02,82.6,12.7,Stabil,23,1,7
USE-00307-202603,SME-2024-00307,2026-03,82.3,12.1,Stabil,17,1,8
USE-00307-202604,SME-2024-00307,2026-04,84.9,12.3,Stabil,59,2,7
USE-00307-202605,SME-2024-00307,2026-05,84.1,13.7,Fluktuatif,15,0,8
USE-00307-202606,SME-2024-00307,2026-06,86.6,13.5,Fluktuatif,16,3,8
USE-00308-202507,SME-2024-00308,2025-07,79.9,12.4,Turun,24,0,7
USE-00308-202508,SME-2024-00308,2025-08,80.6,11.8,Turun,121,0,7
USE-00308-202509,SME-2024-00308,2025-09,81.1,12.2,Turun,61,1,7
USE-00308-202510,SME-2024-00308,2025-10,78.1,12.2,Turun,13,1,7
USE-00308-202511,SME-2024-00308,2025-11,73.3,9.9,Turun,33,0,7
USE-00308-202512,SME-2024-00308,2025-12,79.3,12.7,Turun,63,1,7
USE-00308-202601,SME-2024-00308,2026-01,77.0,12.0,Turun,88,1,8
USE-00308-202602,SME-2024-00308,2026-02,77.3,11.7,Turun,8,0,8
USE-00308-202603,SME-2024-00308,2026-03,71.5,10.7,Turun,42,3,8
USE-00308-202604,SME-2024-00308,2026-04,72.2,10.8,Turun,9,1,7
USE-00308-202605,SME-2024-00308,2026-05,74.6,11.3,Turun,27,2,7
USE-00308-202606,SME-2024-00308,2026-06,69.5,10.2,Turun,42,2,7
USE-00309-202507,SME-2024-00309,2025-07,95.0,14.4,Stabil,69,1,7
USE-00309-202508,SME-2024-00309,2025-08,90.6,13.0,Fluktuatif,3,0,8
USE-00309-202509,SME-2024-00309,2025-09,91.7,13.5,Stabil,73,3,8
USE-00309-202510,SME-2024-00309,2025-10,88.7,13.4,Stabil,69,0,8
USE-00309-202511,SME-2024-00309,2025-11,89.9,13.5,Stabil,3,1,7
USE-00309-202512,SME-2024-00309,2025-12,90.8,13.3,Stabil,128,0,7
USE-00309-202601,SME-2024-00309,2026-01,90.3,13.0,Fluktuatif,10,1,7
USE-00309-202602,SME-2024-00309,2026-02,88.7,13.9,Stabil,26,0,8
USE-00309-202603,SME-2024-00309,2026-03,88.7,13.1,Fluktuatif,2,1,7
USE-00309-202604,SME-2024-00309,2026-04,91.4,13.4,Fluktuatif,10,5,8
USE-00309-202605,SME-2024-00309,2026-05,85.8,12.8,Stabil,0,1,8
USE-00309-202606,SME-2024-00309,2026-06,89.4,13.3,Stabil,31,0,7
USE-00310-202507,SME-2024-00310,2025-07,76.7,11.8,Stabil,37,1,8
USE-00310-202508,SME-2024-00310,2025-08,78.8,12.4,Stabil,1,2,8
USE-00310-202509,SME-2024-00310,2025-09,77.4,12.1,Stabil,4,2,8
USE-00310-202510,SME-2024-00310,2025-10,76.0,11.4,Stabil,81,2,9
USE-00310-202511,SME-2024-00310,2025-11,76.9,11.1,Fluktuatif,21,2,8
USE-00310-202512,SME-2024-00310,2025-12,74.6,11.0,Stabil,50,0,8
USE-00310-202601,SME-2024-00310,2026-01,75.2,11.6,Fluktuatif,12,0,8
USE-00310-202602,SME-2024-00310,2026-02,78.6,10.9,Stabil,1,1,8
USE-00310-202603,SME-2024-00310,2026-03,72.5,10.8,Stabil,177,1,9
USE-00310-202604,SME-2024-00310,2026-04,71.4,10.5,Stabil,21,2,8
USE-00310-202605,SME-2024-00310,2026-05,77.0,12.2,Stabil,26,2,8
USE-00310-202606,SME-2024-00310,2026-06,75.0,11.1,Stabil,42,3,8
USE-00311-202507,SME-2024-00311,2025-07,67.9,9.8,Turun,51,1,6
USE-00311-202508,SME-2024-00311,2025-08,67.6,10.5,Turun,45,3,5
USE-00311-202509,SME-2024-00311,2025-09,63.6,9.8,Turun,77,1,6
USE-00311-202510,SME-2024-00311,2025-10,64.5,8.8,Turun,22,0,6
USE-00311-202511,SME-2024-00311,2025-11,61.9,9.0,Turun,39,1,6
USE-00311-202512,SME-2024-00311,2025-12,57.8,8.2,Turun,123,1,6
USE-00311-202601,SME-2024-00311,2026-01,59.8,8.4,Turun,0,2,6
USE-00311-202602,SME-2024-00311,2026-02,59.6,9.2,Turun,17,1,6
USE-00311-202603,SME-2024-00311,2026-03,57.2,9.4,Turun,4,3,6
USE-00311-202604,SME-2024-00311,2026-04,52.3,7.2,Turun,3,1,5
USE-00311-202605,SME-2024-00311,2026-05,50.7,7.3,Turun,48,1,6
USE-00311-202606,SME-2024-00311,2026-06,51.8,7.7,Turun,23,1,6
USE-00312-202507,SME-2024-00312,2025-07,82.1,12.8,Stabil,21,2,7
USE-00312-202508,SME-2024-00312,2025-08,85.2,13.4,Fluktuatif,67,0,7
USE-00312-202509,SME-2024-00312,2025-09,84.4,12.0,Fluktuatif,0,1,7
USE-00312-202510,SME-2024-00312,2025-10,85.2,13.0,Fluktuatif,6,1,7
USE-00312-202511,SME-2024-00312,2025-11,81.3,12.4,Stabil,57,1,7
USE-00312-202512,SME-2024-00312,2025-12,78.2,10.8,Stabil,6,0,7
USE-00312-202601,SME-2024-00312,2026-01,81.4,11.7,Stabil,33,1,7
USE-00312-202602,SME-2024-00312,2026-02,80.5,12.8,Fluktuatif,112,1,7
USE-00312-202603,SME-2024-00312,2026-03,85.3,12.3,Stabil,24,0,7
USE-00312-202604,SME-2024-00312,2026-04,82.7,12.8,Fluktuatif,43,0,7
USE-00312-202605,SME-2024-00312,2026-05,85.7,13.0,Fluktuatif,75,0,7
USE-00312-202606,SME-2024-00312,2026-06,83.7,12.8,Stabil,45,2,7
USE-00313-202507,SME-2024-00313,2025-07,87.7,12.8,Naik,69,0,8
USE-00313-202508,SME-2024-00313,2025-08,92.6,14.1,Naik,5,1,8
USE-00313-202509,SME-2024-00313,2025-09,91.0,13.7,Naik,10,1,7
USE-00313-202510,SME-2024-00313,2025-10,91.9,14.2,Naik,51,1,8
USE-00313-202511,SME-2024-00313,2025-11,90.0,13.9,Naik,3,1,8
USE-00313-202512,SME-2024-00313,2025-12,95.8,13.9,Naik,5,1,8
USE-00313-202601,SME-2024-00313,2026-01,93.5,13.7,Naik,26,0,8
USE-00313-202602,SME-2024-00313,2026-02,98.0,14.9,Naik,81,2,7
USE-00313-202603,SME-2024-00313,2026-03,94.2,13.6,Naik,28,2,8
USE-00313-202604,SME-2024-00313,2026-04,98.0,14.5,Naik,24,0,8
USE-00313-202605,SME-2024-00313,2026-05,98.0,14.9,Naik,29,2,8
USE-00313-202606,SME-2024-00313,2026-06,98.0,15.1,Naik,106,3,8
USE-00314-202507,SME-2024-00314,2025-07,60.8,8.3,Fluktuatif,29,0,7
USE-00314-202508,SME-2024-00314,2025-08,61.3,9.3,Fluktuatif,116,0,6
USE-00314-202509,SME-2024-00314,2025-09,64.4,10.1,Fluktuatif,32,2,7
USE-00314-202510,SME-2024-00314,2025-10,60.1,8.7,Fluktuatif,19,1,7
USE-00314-202511,SME-2024-00314,2025-11,64.0,9.7,Stabil,4,1,7
USE-00314-202512,SME-2024-00314,2025-12,60.4,9.5,Stabil,46,2,6
USE-00314-202601,SME-2024-00314,2026-01,60.7,8.8,Stabil,20,0,6
USE-00314-202602,SME-2024-00314,2026-02,60.1,8.5,Stabil,59,1,6
USE-00314-202603,SME-2024-00314,2026-03,61.6,9.4,Stabil,39,4,7
USE-00314-202604,SME-2024-00314,2026-04,60.3,9.5,Stabil,14,1,6
USE-00314-202605,SME-2024-00314,2026-05,63.5,10.0,Stabil,80,2,7
USE-00314-202606,SME-2024-00314,2026-06,63.0,9.2,Fluktuatif,7,2,7
USE-00315-202507,SME-2024-00315,2025-07,55.6,8.5,Stabil,20,2,7
USE-00315-202508,SME-2024-00315,2025-08,59.1,8.5,Stabil,20,2,7
USE-00315-202509,SME-2024-00315,2025-09,58.6,8.3,Fluktuatif,30,0,7
USE-00315-202510,SME-2024-00315,2025-10,59.2,9.2,Stabil,3,2,6
USE-00315-202511,SME-2024-00315,2025-11,58.3,9.5,Stabil,53,1,7
USE-00315-202512,SME-2024-00315,2025-12,60.1,9.0,Fluktuatif,9,2,7
USE-00315-202601,SME-2024-00315,2026-01,58.8,8.6,Stabil,190,3,7
USE-00315-202602,SME-2024-00315,2026-02,56.8,8.8,Stabil,8,3,7
USE-00315-202603,SME-2024-00315,2026-03,57.8,8.6,Stabil,9,1,7
USE-00315-202604,SME-2024-00315,2026-04,60.1,8.9,Stabil,16,1,7
USE-00315-202605,SME-2024-00315,2026-05,59.0,10.0,Stabil,59,4,7
USE-00315-202606,SME-2024-00315,2026-06,61.1,9.0,Stabil,57,0,6
USE-00316-202507,SME-2024-00316,2025-07,51.9,8.6,Fluktuatif,62,2,7
USE-00316-202508,SME-2024-00316,2025-08,50.6,6.9,Stabil,29,1,6
USE-00316-202509,SME-2024-00316,2025-09,56.0,8.4,Fluktuatif,35,2,7
USE-00316-202510,SME-2024-00316,2025-10,46.2,7.6,Stabil,81,1,6
USE-00316-202511,SME-2024-00316,2025-11,54.5,7.8,Fluktuatif,35,1,6
USE-00316-202512,SME-2024-00316,2025-12,48.9,7.7,Stabil,0,2,6
USE-00316-202601,SME-2024-00316,2026-01,50.1,7.3,Stabil,25,0,7
USE-00316-202602,SME-2024-00316,2026-02,47.7,7.6,Stabil,27,2,6
USE-00316-202603,SME-2024-00316,2026-03,49.2,7.0,Stabil,10,1,6
USE-00316-202604,SME-2024-00316,2026-04,50.6,6.0,Stabil,5,2,7
USE-00316-202605,SME-2024-00316,2026-05,49.4,6.8,Stabil,61,1,6
USE-00316-202606,SME-2024-00316,2026-06,45.1,6.3,Stabil,38,0,6
USE-00317-202507,SME-2024-00317,2025-07,70.9,10.5,Fluktuatif,39,3,7
USE-00317-202508,SME-2024-00317,2025-08,74.0,11.0,Stabil,49,2,7
USE-00317-202509,SME-2024-00317,2025-09,73.0,12.4,Stabil,1,1,6
USE-00317-202510,SME-2024-00317,2025-10,75.7,11.4,Stabil,17,1,6
USE-00317-202511,SME-2024-00317,2025-11,74.7,11.0,Stabil,12,1,7
USE-00317-202512,SME-2024-00317,2025-12,72.4,10.4,Fluktuatif,26,0,6
USE-00317-202601,SME-2024-00317,2026-01,74.7,10.4,Stabil,27,1,7
USE-00317-202602,SME-2024-00317,2026-02,76.5,12.7,Stabil,0,1,6
USE-00317-202603,SME-2024-00317,2026-03,72.8,10.2,Stabil,13,1,7
USE-00317-202604,SME-2024-00317,2026-04,76.1,12.2,Stabil,26,2,7
USE-00317-202605,SME-2024-00317,2026-05,75.0,11.7,Stabil,54,2,6
USE-00317-202606,SME-2024-00317,2026-06,74.5,11.1,Stabil,38,2,7
USE-00318-202507,SME-2024-00318,2025-07,80.7,12.1,Stabil,41,4,8
USE-00318-202508,SME-2024-00318,2025-08,84.1,12.4,Stabil,24,2,7
USE-00318-202509,SME-2024-00318,2025-09,84.1,12.7,Fluktuatif,63,1,7
USE-00318-202510,SME-2024-00318,2025-10,85.3,12.7,Stabil,31,0,7
USE-00318-202511,SME-2024-00318,2025-11,83.7,12.2,Stabil,9,0,7
USE-00318-202512,SME-2024-00318,2025-12,86.9,13.3,Fluktuatif,23,3,7
USE-00318-202601,SME-2024-00318,2026-01,87.7,12.9,Stabil,81,0,8
USE-00318-202602,SME-2024-00318,2026-02,86.0,12.8,Stabil,45,0,7
USE-00318-202603,SME-2024-00318,2026-03,87.0,13.0,Stabil,16,3,8
USE-00318-202604,SME-2024-00318,2026-04,90.7,14.3,Fluktuatif,59,0,7
USE-00318-202605,SME-2024-00318,2026-05,88.0,12.9,Stabil,51,1,7
USE-00318-202606,SME-2024-00318,2026-06,91.4,14.7,Fluktuatif,24,3,7
USE-00319-202507,SME-2024-00319,2025-07,85.3,12.7,Stabil,37,0,7
USE-00319-202508,SME-2024-00319,2025-08,83.3,12.3,Stabil,12,1,7
USE-00319-202509,SME-2024-00319,2025-09,85.8,13.8,Fluktuatif,12,2,6
USE-00319-202510,SME-2024-00319,2025-10,83.4,12.0,Stabil,28,4,7
USE-00319-202511,SME-2024-00319,2025-11,85.8,12.0,Stabil,124,1,7
USE-00319-202512,SME-2024-00319,2025-12,83.0,12.9,Stabil,3,1,8
USE-00319-202601,SME-2024-00319,2026-01,81.4,12.1,Stabil,12,2,7
USE-00319-202602,SME-2024-00319,2026-02,79.9,12.3,Stabil,132,3,7
USE-00319-202603,SME-2024-00319,2026-03,83.9,12.5,Stabil,2,2,7
USE-00319-202604,SME-2024-00319,2026-04,82.3,11.6,Stabil,29,0,8
USE-00319-202605,SME-2024-00319,2026-05,81.8,12.0,Stabil,7,0,8
USE-00319-202606,SME-2024-00319,2026-06,79.8,12.2,Fluktuatif,125,1,7
USE-00320-202507,SME-2024-00320,2025-07,57.9,8.5,Turun,30,1,5
USE-00320-202508,SME-2024-00320,2025-08,57.5,8.6,Turun,45,0,5
USE-00320-202509,SME-2024-00320,2025-09,58.4,9.1,Turun,71,5,5
USE-00320-202510,SME-2024-00320,2025-10,61.3,9.4,Turun,4,1,5
USE-00320-202511,SME-2024-00320,2025-11,53.0,6.4,Turun,4,1,5
USE-00320-202512,SME-2024-00320,2025-12,52.7,9.0,Turun,109,1,5
USE-00320-202601,SME-2024-00320,2026-01,53.5,8.6,Turun,48,0,5
USE-00320-202602,SME-2024-00320,2026-02,51.0,8.0,Turun,3,1,6
USE-00320-202603,SME-2024-00320,2026-03,54.5,8.9,Turun,1,2,6
USE-00320-202604,SME-2024-00320,2026-04,51.7,8.2,Turun,17,3,5
USE-00320-202605,SME-2024-00320,2026-05,51.2,8.4,Turun,31,2,5
USE-00320-202606,SME-2024-00320,2026-06,48.5,7.2,Turun,8,1,5
USE-00321-202507,SME-2024-00321,2025-07,56.9,9.0,Turun,16,2,6
USE-00321-202508,SME-2024-00321,2025-08,60.9,8.3,Turun,34,0,7
USE-00321-202509,SME-2024-00321,2025-09,56.9,8.5,Turun,4,0,7
USE-00321-202510,SME-2024-00321,2025-10,55.0,8.1,Turun,6,1,7
USE-00321-202511,SME-2024-00321,2025-11,50.6,8.4,Turun,2,2,7
USE-00321-202512,SME-2024-00321,2025-12,53.8,7.8,Turun,54,1,7
USE-00321-202601,SME-2024-00321,2026-01,46.8,7.2,Turun,21,2,7
USE-00321-202602,SME-2024-00321,2026-02,50.1,7.3,Turun,39,1,8
USE-00321-202603,SME-2024-00321,2026-03,51.2,8.1,Turun,12,0,7
USE-00321-202604,SME-2024-00321,2026-04,47.4,6.5,Turun,4,1,7
USE-00321-202605,SME-2024-00321,2026-05,45.8,6.7,Turun,21,0,7
USE-00321-202606,SME-2024-00321,2026-06,44.7,7.5,Turun,15,0,7
USE-00322-202507,SME-2024-00322,2025-07,55.1,8.0,Fluktuatif,27,2,7
USE-00322-202508,SME-2024-00322,2025-08,58.8,8.1,Stabil,2,1,7
USE-00322-202509,SME-2024-00322,2025-09,55.4,9.0,Stabil,36,2,7
USE-00322-202510,SME-2024-00322,2025-10,53.1,8.9,Stabil,1,2,8
USE-00322-202511,SME-2024-00322,2025-11,58.0,8.6,Fluktuatif,20,0,7
USE-00322-202512,SME-2024-00322,2025-12,56.1,8.8,Stabil,9,1,7
USE-00322-202601,SME-2024-00322,2026-01,55.0,8.4,Stabil,34,1,8
USE-00322-202602,SME-2024-00322,2026-02,52.3,7.9,Fluktuatif,70,1,8
USE-00322-202603,SME-2024-00322,2026-03,54.5,7.7,Stabil,26,1,8
USE-00322-202604,SME-2024-00322,2026-04,56.4,9.2,Stabil,206,0,7
USE-00322-202605,SME-2024-00322,2026-05,51.4,7.0,Fluktuatif,11,2,7
USE-00322-202606,SME-2024-00322,2026-06,53.5,7.6,Stabil,10,1,7
USE-00323-202507,SME-2024-00323,2025-07,73.6,11.2,Fluktuatif,12,0,7
USE-00323-202508,SME-2024-00323,2025-08,76.3,11.5,Stabil,10,1,7
USE-00323-202509,SME-2024-00323,2025-09,73.7,10.6,Fluktuatif,55,0,7
USE-00323-202510,SME-2024-00323,2025-10,70.7,10.3,Stabil,32,2,7
USE-00323-202511,SME-2024-00323,2025-11,76.2,11.2,Stabil,39,3,6
USE-00323-202512,SME-2024-00323,2025-12,75.6,11.3,Stabil,31,0,7
USE-00323-202601,SME-2024-00323,2026-01,77.6,11.8,Stabil,157,2,7
USE-00323-202602,SME-2024-00323,2026-02,77.9,12.2,Stabil,18,0,7
USE-00323-202603,SME-2024-00323,2026-03,77.4,11.2,Stabil,4,2,7
USE-00323-202604,SME-2024-00323,2026-04,77.1,10.9,Fluktuatif,26,2,6
USE-00323-202605,SME-2024-00323,2026-05,79.6,12.1,Fluktuatif,14,1,7
USE-00323-202606,SME-2024-00323,2026-06,77.5,11.7,Stabil,104,2,6
USE-00324-202507,SME-2024-00324,2025-07,88.1,13.2,Stabil,54,3,8
USE-00324-202508,SME-2024-00324,2025-08,85.7,12.7,Fluktuatif,28,1,8
USE-00324-202509,SME-2024-00324,2025-09,86.1,12.8,Fluktuatif,57,1,7
USE-00324-202510,SME-2024-00324,2025-10,83.2,12.9,Stabil,12,1,8
USE-00324-202511,SME-2024-00324,2025-11,88.9,13.1,Fluktuatif,2,0,8
USE-00324-202512,SME-2024-00324,2025-12,88.7,12.6,Fluktuatif,16,1,8
USE-00324-202601,SME-2024-00324,2026-01,81.8,13.3,Stabil,60,0,8
USE-00324-202602,SME-2024-00324,2026-02,88.4,13.6,Stabil,98,1,8
USE-00324-202603,SME-2024-00324,2026-03,86.8,13.3,Stabil,52,1,8
USE-00324-202604,SME-2024-00324,2026-04,85.6,13.0,Stabil,29,3,7
USE-00324-202605,SME-2024-00324,2026-05,85.0,13.9,Stabil,48,2,8
USE-00324-202606,SME-2024-00324,2026-06,82.2,11.9,Fluktuatif,18,1,8
USE-00325-202507,SME-2024-00325,2025-07,51.0,7.2,Stabil,45,1,7
USE-00325-202508,SME-2024-00325,2025-08,50.4,8.0,Stabil,47,1,7
USE-00325-202509,SME-2024-00325,2025-09,53.9,7.8,Stabil,30,2,7
USE-00325-202510,SME-2024-00325,2025-10,55.5,7.4,Stabil,17,0,7
USE-00325-202511,SME-2024-00325,2025-11,53.1,8.2,Fluktuatif,26,1,7
USE-00325-202512,SME-2024-00325,2025-12,54.5,8.0,Stabil,10,3,7
USE-00325-202601,SME-2024-00325,2026-01,53.6,7.7,Stabil,25,1,7
USE-00325-202602,SME-2024-00325,2026-02,55.6,8.7,Fluktuatif,18,1,7
USE-00325-202603,SME-2024-00325,2026-03,53.5,7.8,Stabil,12,0,7
USE-00325-202604,SME-2024-00325,2026-04,54.2,7.6,Stabil,25,1,8
USE-00325-202605,SME-2024-00325,2026-05,54.2,8.0,Fluktuatif,2,1,7
USE-00325-202606,SME-2024-00325,2026-06,53.2,8.4,Stabil,50,3,7
USE-00326-202507,SME-2024-00326,2025-07,67.8,10.0,Fluktuatif,21,3,9
USE-00326-202508,SME-2024-00326,2025-08,68.1,9.3,Fluktuatif,20,1,7
USE-00326-202509,SME-2024-00326,2025-09,69.8,10.7,Fluktuatif,3,0,8
USE-00326-202510,SME-2024-00326,2025-10,66.0,10.0,Stabil,24,0,8
USE-00326-202511,SME-2024-00326,2025-11,68.1,9.6,Stabil,28,0,8
USE-00326-202512,SME-2024-00326,2025-12,66.4,10.5,Stabil,18,0,8
USE-00326-202601,SME-2024-00326,2026-01,65.5,9.0,Fluktuatif,6,2,8
USE-00326-202602,SME-2024-00326,2026-02,67.1,10.3,Stabil,0,2,8
USE-00326-202603,SME-2024-00326,2026-03,66.5,10.4,Fluktuatif,8,0,8
USE-00326-202604,SME-2024-00326,2026-04,63.6,9.6,Stabil,40,2,8
USE-00326-202605,SME-2024-00326,2026-05,64.2,9.5,Fluktuatif,13,0,8
USE-00326-202606,SME-2024-00326,2026-06,66.0,10.8,Stabil,5,1,7
USE-00327-202507,SME-2024-00327,2025-07,61.0,10.5,Stabil,27,0,8
USE-00327-202508,SME-2024-00327,2025-08,60.8,9.1,Stabil,158,1,7
USE-00327-202509,SME-2024-00327,2025-09,59.4,8.7,Stabil,82,0,8
USE-00327-202510,SME-2024-00327,2025-10,60.5,9.1,Stabil,16,0,7
USE-00327-202511,SME-2024-00327,2025-11,59.1,9.2,Fluktuatif,74,1,8
USE-00327-202512,SME-2024-00327,2025-12,59.9,9.1,Fluktuatif,40,0,8
USE-00327-202601,SME-2024-00327,2026-01,62.3,9.0,Stabil,6,1,7
USE-00327-202602,SME-2024-00327,2026-02,60.6,9.7,Stabil,29,0,7
USE-00327-202603,SME-2024-00327,2026-03,59.3,8.5,Stabil,61,2,7
USE-00327-202604,SME-2024-00327,2026-04,58.3,9.1,Fluktuatif,45,2,7
USE-00327-202605,SME-2024-00327,2026-05,58.5,9.1,Stabil,61,0,7
USE-00327-202606,SME-2024-00327,2026-06,59.6,8.7,Stabil,131,2,7
USE-00328-202507,SME-2024-00328,2025-07,87.0,13.0,Turun,1,2,6
USE-00328-202508,SME-2024-00328,2025-08,87.9,13.1,Turun,72,1,5
USE-00328-202509,SME-2024-00328,2025-09,84.1,12.0,Turun,13,2,6
USE-00328-202510,SME-2024-00328,2025-10,84.8,13.0,Turun,33,0,6
USE-00328-202511,SME-2024-00328,2025-11,83.6,12.7,Turun,47,1,6
USE-00328-202512,SME-2024-00328,2025-12,81.3,11.6,Turun,21,1,6
USE-00328-202601,SME-2024-00328,2026-01,82.9,12.1,Turun,20,1,6
USE-00328-202602,SME-2024-00328,2026-02,81.8,12.0,Turun,152,1,6
USE-00328-202603,SME-2024-00328,2026-03,77.9,12.6,Turun,97,2,6
USE-00328-202604,SME-2024-00328,2026-04,74.3,11.5,Turun,23,2,6
USE-00328-202605,SME-2024-00328,2026-05,79.9,12.4,Turun,5,1,6
USE-00328-202606,SME-2024-00328,2026-06,73.9,11.3,Turun,10,2,6
USE-00329-202507,SME-2024-00329,2025-07,83.9,11.5,Stabil,35,2,7
USE-00329-202508,SME-2024-00329,2025-08,83.2,12.2,Stabil,39,0,7
USE-00329-202509,SME-2024-00329,2025-09,85.3,13.0,Stabil,29,1,7
USE-00329-202510,SME-2024-00329,2025-10,81.6,12.0,Stabil,4,0,8
USE-00329-202511,SME-2024-00329,2025-11,83.0,13.5,Fluktuatif,19,0,8
USE-00329-202512,SME-2024-00329,2025-12,83.8,13.1,Stabil,23,1,7
USE-00329-202601,SME-2024-00329,2026-01,84.9,13.3,Stabil,22,1,8
USE-00329-202602,SME-2024-00329,2026-02,87.2,13.0,Fluktuatif,20,0,7
USE-00329-202603,SME-2024-00329,2026-03,83.6,12.1,Stabil,2,2,7
USE-00329-202604,SME-2024-00329,2026-04,84.8,13.2,Fluktuatif,5,2,8
USE-00329-202605,SME-2024-00329,2026-05,91.1,13.0,Fluktuatif,26,2,8
USE-00329-202606,SME-2024-00329,2026-06,84.0,12.7,Fluktuatif,15,1,7
USE-00330-202507,SME-2024-00330,2025-07,67.4,10.5,Stabil,45,1,6
USE-00330-202508,SME-2024-00330,2025-08,68.1,10.4,Fluktuatif,0,1,6
USE-00330-202509,SME-2024-00330,2025-09,68.7,10.4,Stabil,15,2,6
USE-00330-202510,SME-2024-00330,2025-10,70.2,10.7,Stabil,9,0,6
USE-00330-202511,SME-2024-00330,2025-11,65.9,10.8,Stabil,58,1,6
USE-00330-202512,SME-2024-00330,2025-12,60.0,9.8,Fluktuatif,10,2,6
USE-00330-202601,SME-2024-00330,2026-01,63.3,9.5,Stabil,1,0,5
USE-00330-202602,SME-2024-00330,2026-02,63.6,9.2,Stabil,3,0,7
USE-00330-202603,SME-2024-00330,2026-03,64.7,9.8,Stabil,48,3,6
USE-00330-202604,SME-2024-00330,2026-04,62.7,9.4,Stabil,34,2,6
USE-00330-202605,SME-2024-00330,2026-05,60.2,8.3,Stabil,4,3,6
USE-00330-202606,SME-2024-00330,2026-06,64.0,10.2,Stabil,4,1,6
USE-00331-202507,SME-2024-00331,2025-07,58.9,9.5,Fluktuatif,82,1,7
USE-00331-202508,SME-2024-00331,2025-08,55.1,7.8,Fluktuatif,15,2,7
USE-00331-202509,SME-2024-00331,2025-09,55.3,8.0,Stabil,61,0,8
USE-00331-202510,SME-2024-00331,2025-10,55.2,8.6,Fluktuatif,34,0,7
USE-00331-202511,SME-2024-00331,2025-11,50.1,7.6,Stabil,39,0,7
USE-00331-202512,SME-2024-00331,2025-12,56.3,8.2,Stabil,18,0,8
USE-00331-202601,SME-2024-00331,2026-01,51.6,7.6,Fluktuatif,32,1,7
USE-00331-202602,SME-2024-00331,2026-02,53.5,7.5,Stabil,27,4,7
USE-00331-202603,SME-2024-00331,2026-03,52.7,7.6,Fluktuatif,21,4,7
USE-00331-202604,SME-2024-00331,2026-04,48.3,7.6,Stabil,35,2,8
USE-00331-202605,SME-2024-00331,2026-05,49.8,8.4,Fluktuatif,11,2,7
USE-00331-202606,SME-2024-00331,2026-06,53.2,7.9,Stabil,3,1,7
USE-00332-202507,SME-2024-00332,2025-07,77.2,11.9,Stabil,18,5,7
USE-00332-202508,SME-2024-00332,2025-08,73.5,10.9,Stabil,17,3,8
USE-00332-202509,SME-2024-00332,2025-09,72.3,9.8,Stabil,100,1,7
USE-00332-202510,SME-2024-00332,2025-10,72.0,10.2,Fluktuatif,18,1,9
USE-00332-202511,SME-2024-00332,2025-11,75.8,11.5,Stabil,21,0,7
USE-00332-202512,SME-2024-00332,2025-12,75.8,11.0,Stabil,19,0,8
USE-00332-202601,SME-2024-00332,2026-01,75.7,11.3,Stabil,29,2,8
USE-00332-202602,SME-2024-00332,2026-02,72.0,10.2,Fluktuatif,130,1,8
USE-00332-202603,SME-2024-00332,2026-03,72.2,11.7,Fluktuatif,17,0,7
USE-00332-202604,SME-2024-00332,2026-04,73.1,11.5,Stabil,72,2,8
USE-00332-202605,SME-2024-00332,2026-05,69.7,10.1,Stabil,12,0,8
USE-00332-202606,SME-2024-00332,2026-06,71.8,10.2,Stabil,14,1,8
USE-00333-202507,SME-2024-00333,2025-07,81.9,12.4,Stabil,27,0,7
USE-00333-202508,SME-2024-00333,2025-08,79.3,11.7,Stabil,20,1,7
USE-00333-202509,SME-2024-00333,2025-09,82.5,11.6,Stabil,21,0,7
USE-00333-202510,SME-2024-00333,2025-10,79.1,11.4,Stabil,51,3,7
USE-00333-202511,SME-2024-00333,2025-11,81.5,11.4,Stabil,26,1,7
USE-00333-202512,SME-2024-00333,2025-12,81.1,13.1,Stabil,45,1,7
USE-00333-202601,SME-2024-00333,2026-01,78.7,11.5,Stabil,53,1,7
USE-00333-202602,SME-2024-00333,2026-02,80.5,12.2,Stabil,15,1,7
USE-00333-202603,SME-2024-00333,2026-03,81.0,12.3,Stabil,77,1,8
USE-00333-202604,SME-2024-00333,2026-04,83.8,13.1,Fluktuatif,118,0,7
USE-00333-202605,SME-2024-00333,2026-05,80.3,11.7,Fluktuatif,17,2,8
USE-00333-202606,SME-2024-00333,2026-06,83.8,12.1,Fluktuatif,0,3,7
USE-00334-202507,SME-2024-00334,2025-07,64.1,9.4,Stabil,42,1,5
USE-00334-202508,SME-2024-00334,2025-08,63.3,9.7,Stabil,133,1,6
USE-00334-202509,SME-2024-00334,2025-09,62.8,10.1,Stabil,8,1,7
USE-00334-202510,SME-2024-00334,2025-10,63.7,9.8,Stabil,10,2,6
USE-00334-202511,SME-2024-00334,2025-11,64.6,9.9,Fluktuatif,56,0,6
USE-00334-202512,SME-2024-00334,2025-12,63.9,10.7,Fluktuatif,62,3,6
USE-00334-202601,SME-2024-00334,2026-01,62.5,9.5,Stabil,41,0,6
USE-00334-202602,SME-2024-00334,2026-02,59.3,9.6,Stabil,40,2,6
USE-00334-202603,SME-2024-00334,2026-03,65.4,9.7,Stabil,22,0,6
USE-00334-202604,SME-2024-00334,2026-04,63.0,9.5,Stabil,45,1,6
USE-00334-202605,SME-2024-00334,2026-05,64.6,9.5,Fluktuatif,19,2,6
USE-00334-202606,SME-2024-00334,2026-06,65.9,10.5,Stabil,53,0,6
USE-00335-202507,SME-2024-00335,2025-07,92.8,14.3,Fluktuatif,28,0,8
USE-00335-202508,SME-2024-00335,2025-08,94.0,14.6,Fluktuatif,34,4,8
USE-00335-202509,SME-2024-00335,2025-09,94.4,13.5,Stabil,31,3,9
USE-00335-202510,SME-2024-00335,2025-10,88.9,13.3,Fluktuatif,50,1,8
USE-00335-202511,SME-2024-00335,2025-11,93.6,14.0,Stabil,55,1,8
USE-00335-202512,SME-2024-00335,2025-12,94.1,14.5,Stabil,1,2,8
USE-00335-202601,SME-2024-00335,2026-01,92.0,13.4,Stabil,15,0,8
USE-00335-202602,SME-2024-00335,2026-02,91.8,14.8,Stabil,39,0,8
USE-00335-202603,SME-2024-00335,2026-03,91.3,13.8,Fluktuatif,24,1,8
USE-00335-202604,SME-2024-00335,2026-04,93.9,13.2,Stabil,4,4,9
USE-00335-202605,SME-2024-00335,2026-05,95.6,14.3,Fluktuatif,12,2,8
USE-00335-202606,SME-2024-00335,2026-06,89.3,13.3,Stabil,67,2,9
USE-00336-202507,SME-2024-00336,2025-07,83.4,12.9,Fluktuatif,75,0,6
USE-00336-202508,SME-2024-00336,2025-08,83.5,12.6,Fluktuatif,17,0,6
USE-00336-202509,SME-2024-00336,2025-09,79.4,11.6,Stabil,3,0,5
USE-00336-202510,SME-2024-00336,2025-10,84.7,12.7,Stabil,11,1,6
USE-00336-202511,SME-2024-00336,2025-11,78.9,12.1,Stabil,59,1,6
USE-00336-202512,SME-2024-00336,2025-12,81.6,12.5,Stabil,23,3,6
USE-00336-202601,SME-2024-00336,2026-01,85.0,12.9,Fluktuatif,43,1,6
USE-00336-202602,SME-2024-00336,2026-02,85.2,12.9,Fluktuatif,92,1,6
USE-00336-202603,SME-2024-00336,2026-03,84.2,12.8,Stabil,100,1,6
USE-00336-202604,SME-2024-00336,2026-04,83.3,11.8,Stabil,87,4,6
USE-00336-202605,SME-2024-00336,2026-05,82.4,12.7,Stabil,40,0,6
USE-00336-202606,SME-2024-00336,2026-06,83.1,12.2,Fluktuatif,35,2,6
USE-00337-202507,SME-2024-00337,2025-07,72.0,10.9,Fluktuatif,2,1,7
USE-00337-202508,SME-2024-00337,2025-08,69.4,10.9,Fluktuatif,2,2,7
USE-00337-202509,SME-2024-00337,2025-09,76.0,11.8,Stabil,44,1,8
USE-00337-202510,SME-2024-00337,2025-10,68.0,10.9,Stabil,21,0,7
USE-00337-202511,SME-2024-00337,2025-11,72.5,11.2,Stabil,25,0,8
USE-00337-202512,SME-2024-00337,2025-12,71.4,10.3,Fluktuatif,4,1,8
USE-00337-202601,SME-2024-00337,2026-01,72.0,12.2,Fluktuatif,22,0,8
USE-00337-202602,SME-2024-00337,2026-02,72.9,10.5,Fluktuatif,103,1,8
USE-00337-202603,SME-2024-00337,2026-03,72.6,11.6,Stabil,45,0,8
USE-00337-202604,SME-2024-00337,2026-04,72.6,11.4,Stabil,10,2,8
USE-00337-202605,SME-2024-00337,2026-05,68.6,10.7,Fluktuatif,37,0,8
USE-00337-202606,SME-2024-00337,2026-06,72.1,10.9,Fluktuatif,108,2,8
USE-00338-202507,SME-2024-00338,2025-07,65.5,8.8,Stabil,50,1,8
USE-00338-202508,SME-2024-00338,2025-08,66.3,9.7,Fluktuatif,31,4,8
USE-00338-202509,SME-2024-00338,2025-09,69.0,10.5,Fluktuatif,1,1,8
USE-00338-202510,SME-2024-00338,2025-10,64.0,9.5,Fluktuatif,76,2,9
USE-00338-202511,SME-2024-00338,2025-11,65.1,9.8,Stabil,14,1,8
USE-00338-202512,SME-2024-00338,2025-12,63.3,9.5,Fluktuatif,6,1,7
USE-00338-202601,SME-2024-00338,2026-01,58.3,8.9,Stabil,13,1,8
USE-00338-202602,SME-2024-00338,2026-02,59.7,7.9,Stabil,20,1,8
USE-00338-202603,SME-2024-00338,2026-03,59.1,9.3,Stabil,6,2,8
USE-00338-202604,SME-2024-00338,2026-04,57.9,8.6,Stabil,8,2,7
USE-00338-202605,SME-2024-00338,2026-05,62.2,9.1,Fluktuatif,8,3,8
USE-00338-202606,SME-2024-00338,2026-06,56.6,8.7,Stabil,6,0,8
USE-00339-202507,SME-2024-00339,2025-07,46.7,7.3,Stabil,12,1,8
USE-00339-202508,SME-2024-00339,2025-08,47.3,7.3,Fluktuatif,12,5,7
USE-00339-202509,SME-2024-00339,2025-09,47.7,7.0,Stabil,15,0,8
USE-00339-202510,SME-2024-00339,2025-10,45.4,7.5,Fluktuatif,21,0,7
USE-00339-202511,SME-2024-00339,2025-11,42.7,6.4,Fluktuatif,26,0,7
USE-00339-202512,SME-2024-00339,2025-12,39.3,6.0,Stabil,34,1,8
USE-00339-202601,SME-2024-00339,2026-01,45.7,7.6,Fluktuatif,3,3,8
USE-00339-202602,SME-2024-00339,2026-02,46.2,7.0,Stabil,112,0,7
USE-00339-202603,SME-2024-00339,2026-03,42.4,7.2,Stabil,42,1,7
USE-00339-202604,SME-2024-00339,2026-04,40.4,5.4,Fluktuatif,56,5,8
USE-00339-202605,SME-2024-00339,2026-05,41.9,6.5,Fluktuatif,17,1,7
USE-00339-202606,SME-2024-00339,2026-06,42.4,6.2,Stabil,1,1,7
USE-00340-202507,SME-2024-00340,2025-07,68.9,10.1,Stabil,43,0,6
USE-00340-202508,SME-2024-00340,2025-08,67.5,10.0,Fluktuatif,85,2,6
USE-00340-202509,SME-2024-00340,2025-09,65.1,9.5,Stabil,28,2,6
USE-00340-202510,SME-2024-00340,2025-10,63.3,9.8,Stabil,110,0,7
USE-00340-202511,SME-2024-00340,2025-11,62.7,9.3,Fluktuatif,55,4,5
USE-00340-202512,SME-2024-00340,2025-12,66.7,9.6,Fluktuatif,8,1,6
USE-00340-202601,SME-2024-00340,2026-01,58.8,8.9,Stabil,22,0,6
USE-00340-202602,SME-2024-00340,2026-02,58.5,8.6,Stabil,99,1,6
USE-00340-202603,SME-2024-00340,2026-03,63.6,9.3,Stabil,5,0,6
USE-00340-202604,SME-2024-00340,2026-04,60.3,8.9,Stabil,19,0,6
USE-00340-202605,SME-2024-00340,2026-05,65.0,10.1,Stabil,8,1,6
USE-00340-202606,SME-2024-00340,2026-06,59.9,9.8,Stabil,35,1,6
USE-00341-202507,SME-2024-00341,2025-07,79.4,11.4,Stabil,4,0,7
USE-00341-202508,SME-2024-00341,2025-08,79.1,11.7,Stabil,4,0,7
USE-00341-202509,SME-2024-00341,2025-09,79.5,11.4,Fluktuatif,34,1,7
USE-00341-202510,SME-2024-00341,2025-10,82.6,11.7,Stabil,9,0,7
USE-00341-202511,SME-2024-00341,2025-11,81.3,12.2,Stabil,48,1,8
USE-00341-202512,SME-2024-00341,2025-12,87.6,11.9,Stabil,15,1,7
USE-00341-202601,SME-2024-00341,2026-01,81.2,12.5,Stabil,102,1,8
USE-00341-202602,SME-2024-00341,2026-02,81.7,11.8,Fluktuatif,76,0,7
USE-00341-202603,SME-2024-00341,2026-03,83.1,12.1,Stabil,14,0,6
USE-00341-202604,SME-2024-00341,2026-04,86.4,12.2,Fluktuatif,9,0,7
USE-00341-202605,SME-2024-00341,2026-05,84.2,12.1,Fluktuatif,1,2,6
USE-00341-202606,SME-2024-00341,2026-06,88.5,13.4,Stabil,75,2,7
USE-00342-202507,SME-2024-00342,2025-07,54.6,7.1,Stabil,7,1,8
USE-00342-202508,SME-2024-00342,2025-08,51.1,7.7,Stabil,0,3,8
USE-00342-202509,SME-2024-00342,2025-09,50.4,7.8,Fluktuatif,0,2,7
USE-00342-202510,SME-2024-00342,2025-10,50.9,7.8,Stabil,19,0,8
USE-00342-202511,SME-2024-00342,2025-11,52.6,8.0,Stabil,10,2,9
USE-00342-202512,SME-2024-00342,2025-12,48.4,6.5,Stabil,11,2,7
USE-00342-202601,SME-2024-00342,2026-01,51.5,7.6,Stabil,9,3,8
USE-00342-202602,SME-2024-00342,2026-02,48.6,7.8,Fluktuatif,19,1,8
USE-00342-202603,SME-2024-00342,2026-03,49.6,6.8,Stabil,4,1,8
USE-00342-202604,SME-2024-00342,2026-04,49.7,7.1,Fluktuatif,129,2,8
USE-00342-202605,SME-2024-00342,2026-05,50.9,8.4,Stabil,26,0,9
USE-00342-202606,SME-2024-00342,2026-06,47.7,7.6,Stabil,5,3,8
USE-00343-202507,SME-2024-00343,2025-07,81.4,11.9,Stabil,3,1,6
USE-00343-202508,SME-2024-00343,2025-08,81.0,12.5,Stabil,4,0,7
USE-00343-202509,SME-2024-00343,2025-09,80.1,11.1,Stabil,2,0,6
USE-00343-202510,SME-2024-00343,2025-10,82.6,13.1,Fluktuatif,49,2,7
USE-00343-202511,SME-2024-00343,2025-11,77.9,12.1,Stabil,87,2,7
USE-00343-202512,SME-2024-00343,2025-12,79.7,11.2,Stabil,23,0,7
USE-00343-202601,SME-2024-00343,2026-01,80.9,11.5,Stabil,26,1,7
USE-00343-202602,SME-2024-00343,2026-02,83.3,12.0,Fluktuatif,14,0,7
USE-00343-202603,SME-2024-00343,2026-03,81.5,12.2,Stabil,63,0,7
USE-00343-202604,SME-2024-00343,2026-04,83.7,11.9,Stabil,27,0,8
USE-00343-202605,SME-2024-00343,2026-05,79.9,12.8,Stabil,11,1,7
USE-00343-202606,SME-2024-00343,2026-06,81.7,12.5,Stabil,3,1,7
USE-00344-202507,SME-2024-00344,2025-07,59.2,9.5,Stabil,86,1,7
USE-00344-202508,SME-2024-00344,2025-08,57.2,8.3,Stabil,7,2,7
USE-00344-202509,SME-2024-00344,2025-09,50.3,6.9,Stabil,64,1,7
USE-00344-202510,SME-2024-00344,2025-10,55.3,8.4,Stabil,13,2,8
USE-00344-202511,SME-2024-00344,2025-11,54.9,8.4,Fluktuatif,12,2,7
USE-00344-202512,SME-2024-00344,2025-12,51.6,7.9,Stabil,19,1,7
USE-00344-202601,SME-2024-00344,2026-01,51.9,7.3,Stabil,20,0,7
USE-00344-202602,SME-2024-00344,2026-02,48.6,7.7,Fluktuatif,65,0,8
USE-00344-202603,SME-2024-00344,2026-03,49.6,7.3,Fluktuatif,1,1,7
USE-00344-202604,SME-2024-00344,2026-04,48.4,7.6,Fluktuatif,46,5,6
USE-00344-202605,SME-2024-00344,2026-05,46.5,6.9,Stabil,21,1,8
USE-00344-202606,SME-2024-00344,2026-06,48.6,7.9,Stabil,1,1,7
USE-00345-202507,SME-2024-00345,2025-07,72.8,11.2,Stabil,178,0,10
USE-00345-202508,SME-2024-00345,2025-08,72.0,10.3,Stabil,10,2,10
USE-00345-202509,SME-2024-00345,2025-09,72.6,10.2,Stabil,45,1,9
USE-00345-202510,SME-2024-00345,2025-10,70.6,9.7,Stabil,36,1,10
USE-00345-202511,SME-2024-00345,2025-11,69.6,10.0,Fluktuatif,7,1,10
USE-00345-202512,SME-2024-00345,2025-12,71.8,10.0,Stabil,2,0,10
USE-00345-202601,SME-2024-00345,2026-01,71.0,11.0,Stabil,45,2,10
USE-00345-202602,SME-2024-00345,2026-02,66.7,9.7,Fluktuatif,133,3,10
USE-00345-202603,SME-2024-00345,2026-03,68.8,10.3,Stabil,8,0,10
USE-00345-202604,SME-2024-00345,2026-04,68.6,10.7,Fluktuatif,202,4,10
USE-00345-202605,SME-2024-00345,2026-05,67.6,9.4,Stabil,39,3,10
USE-00345-202606,SME-2024-00345,2026-06,67.2,10.4,Stabil,152,1,10
USE-00346-202507,SME-2024-00346,2025-07,93.0,13.5,Stabil,3,1,6
USE-00346-202508,SME-2024-00346,2025-08,91.0,14.5,Stabil,23,1,6
USE-00346-202509,SME-2024-00346,2025-09,93.1,12.8,Stabil,9,1,7
USE-00346-202510,SME-2024-00346,2025-10,89.9,13.4,Stabil,86,2,6
USE-00346-202511,SME-2024-00346,2025-11,89.9,13.8,Stabil,41,1,6
USE-00346-202512,SME-2024-00346,2025-12,90.5,13.2,Stabil,23,1,6
USE-00346-202601,SME-2024-00346,2026-01,91.2,13.7,Stabil,1,0,6
USE-00346-202602,SME-2024-00346,2026-02,88.4,12.9,Stabil,96,1,6
USE-00346-202603,SME-2024-00346,2026-03,80.7,12.6,Fluktuatif,25,0,6
USE-00346-202604,SME-2024-00346,2026-04,87.8,13.5,Fluktuatif,0,1,6
USE-00346-202605,SME-2024-00346,2026-05,83.0,12.1,Stabil,30,1,6
USE-00346-202606,SME-2024-00346,2026-06,82.9,11.7,Fluktuatif,38,1,6
USE-00347-202507,SME-2024-00347,2025-07,88.1,13.5,Stabil,63,2,7
USE-00347-202508,SME-2024-00347,2025-08,91.6,14.1,Stabil,40,2,7
USE-00347-202509,SME-2024-00347,2025-09,88.8,13.6,Stabil,39,1,7
USE-00347-202510,SME-2024-00347,2025-10,91.4,13.8,Stabil,15,2,7
USE-00347-202511,SME-2024-00347,2025-11,96.0,14.5,Fluktuatif,21,1,7
USE-00347-202512,SME-2024-00347,2025-12,94.4,13.9,Fluktuatif,27,2,7
USE-00347-202601,SME-2024-00347,2026-01,97.5,14.4,Stabil,5,0,7
USE-00347-202602,SME-2024-00347,2026-02,94.1,13.9,Stabil,80,2,7
USE-00347-202603,SME-2024-00347,2026-03,89.6,13.3,Stabil,98,1,8
USE-00347-202604,SME-2024-00347,2026-04,98.0,14.4,Stabil,2,2,8
USE-00347-202605,SME-2024-00347,2026-05,93.5,13.8,Stabil,72,1,7
USE-00347-202606,SME-2024-00347,2026-06,97.3,14.4,Stabil,24,1,7
USE-00348-202507,SME-2024-00348,2025-07,66.6,10.0,Stabil,6,1,8
USE-00348-202508,SME-2024-00348,2025-08,62.6,8.6,Stabil,24,2,8
USE-00348-202509,SME-2024-00348,2025-09,64.8,9.6,Stabil,41,1,8
USE-00348-202510,SME-2024-00348,2025-10,65.2,10.9,Stabil,67,0,7
USE-00348-202511,SME-2024-00348,2025-11,66.6,10.1,Stabil,25,1,8
USE-00348-202512,SME-2024-00348,2025-12,67.0,10.1,Stabil,53,2,8
USE-00348-202601,SME-2024-00348,2026-01,64.5,10.3,Fluktuatif,65,1,8
USE-00348-202602,SME-2024-00348,2026-02,65.8,9.6,Stabil,30,1,8
USE-00348-202603,SME-2024-00348,2026-03,63.9,10.0,Stabil,106,1,9
USE-00348-202604,SME-2024-00348,2026-04,68.4,10.2,Fluktuatif,26,0,7
USE-00348-202605,SME-2024-00348,2026-05,66.3,9.2,Stabil,0,5,7
USE-00348-202606,SME-2024-00348,2026-06,63.3,9.0,Fluktuatif,9,1,7
USE-00349-202507,SME-2024-00349,2025-07,80.4,10.6,Stabil,21,0,7
USE-00349-202508,SME-2024-00349,2025-08,82.1,12.6,Stabil,88,1,7
USE-00349-202509,SME-2024-00349,2025-09,83.0,11.9,Stabil,8,1,7
USE-00349-202510,SME-2024-00349,2025-10,80.0,12.5,Stabil,8,1,7
USE-00349-202511,SME-2024-00349,2025-11,80.3,12.2,Fluktuatif,18,2,7
USE-00349-202512,SME-2024-00349,2025-12,81.5,12.5,Stabil,9,0,8
USE-00349-202601,SME-2024-00349,2026-01,81.3,12.2,Stabil,14,2,7
USE-00349-202602,SME-2024-00349,2026-02,77.3,11.3,Fluktuatif,32,0,8
USE-00349-202603,SME-2024-00349,2026-03,83.7,12.7,Stabil,39,0,7
USE-00349-202604,SME-2024-00349,2026-04,84.6,11.7,Fluktuatif,4,2,7
USE-00349-202605,SME-2024-00349,2026-05,84.4,13.0,Fluktuatif,65,0,7
USE-00349-202606,SME-2024-00349,2026-06,78.4,11.8,Fluktuatif,13,0,8
USE-00350-202507,SME-2024-00350,2025-07,71.5,10.7,Fluktuatif,138,1,8
USE-00350-202508,SME-2024-00350,2025-08,70.1,10.0,Stabil,57,0,8
USE-00350-202509,SME-2024-00350,2025-09,71.6,10.4,Stabil,3,2,8
USE-00350-202510,SME-2024-00350,2025-10,75.0,10.5,Fluktuatif,48,1,8
USE-00350-202511,SME-2024-00350,2025-11,70.3,10.2,Stabil,23,1,8
USE-00350-202512,SME-2024-00350,2025-12,70.1,10.2,Fluktuatif,14,1,9
USE-00350-202601,SME-2024-00350,2026-01,68.8,11.9,Stabil,3,1,8
USE-00350-202602,SME-2024-00350,2026-02,66.5,10.6,Fluktuatif,13,1,8
USE-00350-202603,SME-2024-00350,2026-03,68.7,10.1,Fluktuatif,8,1,8
USE-00350-202604,SME-2024-00350,2026-04,67.7,9.9,Stabil,0,1,9
USE-00350-202605,SME-2024-00350,2026-05,68.4,10.3,Stabil,3,0,8
USE-00350-202606,SME-2024-00350,2026-06,67.5,9.8,Stabil,10,2,8
USE-00351-202507,SME-2024-00351,2025-07,53.6,7.8,Stabil,15,1,8
USE-00351-202508,SME-2024-00351,2025-08,52.4,7.6,Fluktuatif,6,0,6
USE-00351-202509,SME-2024-00351,2025-09,52.6,7.3,Stabil,12,0,7
USE-00351-202510,SME-2024-00351,2025-10,52.3,7.3,Fluktuatif,1,2,6
USE-00351-202511,SME-2024-00351,2025-11,52.8,8.9,Stabil,44,2,6
USE-00351-202512,SME-2024-00351,2025-12,51.6,7.7,Stabil,37,1,7
USE-00351-202601,SME-2024-00351,2026-01,53.7,9.1,Stabil,38,0,7
USE-00351-202602,SME-2024-00351,2026-02,53.6,8.3,Stabil,7,1,6
USE-00351-202603,SME-2024-00351,2026-03,53.2,8.3,Stabil,35,1,7
USE-00351-202604,SME-2024-00351,2026-04,58.6,8.9,Fluktuatif,33,0,7
USE-00351-202605,SME-2024-00351,2026-05,53.2,8.8,Fluktuatif,3,0,6
USE-00351-202606,SME-2024-00351,2026-06,61.3,9.6,Fluktuatif,40,1,6
USE-00352-202507,SME-2024-00352,2025-07,62.7,10.0,Stabil,36,0,7
USE-00352-202508,SME-2024-00352,2025-08,59.7,8.2,Fluktuatif,71,2,7
USE-00352-202509,SME-2024-00352,2025-09,56.6,8.5,Fluktuatif,7,2,7
USE-00352-202510,SME-2024-00352,2025-10,60.8,9.1,Stabil,39,2,7
USE-00352-202511,SME-2024-00352,2025-11,61.4,9.6,Stabil,57,0,7
USE-00352-202512,SME-2024-00352,2025-12,59.9,9.5,Stabil,6,0,7
USE-00352-202601,SME-2024-00352,2026-01,64.1,9.2,Fluktuatif,33,1,7
USE-00352-202602,SME-2024-00352,2026-02,59.7,8.8,Fluktuatif,4,3,7
USE-00352-202603,SME-2024-00352,2026-03,62.0,10.9,Stabil,30,1,7
USE-00352-202604,SME-2024-00352,2026-04,60.4,8.5,Fluktuatif,93,2,7
USE-00352-202605,SME-2024-00352,2026-05,65.2,9.1,Stabil,39,2,7
USE-00352-202606,SME-2024-00352,2026-06,62.0,9.2,Stabil,41,2,7
USE-00353-202507,SME-2024-00353,2025-07,70.6,10.2,Stabil,17,0,7
USE-00353-202508,SME-2024-00353,2025-08,71.0,10.7,Fluktuatif,64,2,7
USE-00353-202509,SME-2024-00353,2025-09,72.1,11.7,Stabil,74,2,7
USE-00353-202510,SME-2024-00353,2025-10,71.6,10.4,Stabil,40,3,7
USE-00353-202511,SME-2024-00353,2025-11,72.6,10.5,Stabil,125,1,8
USE-00353-202512,SME-2024-00353,2025-12,74.3,11.1,Stabil,14,0,7
USE-00353-202601,SME-2024-00353,2026-01,73.4,11.3,Stabil,6,1,6
USE-00353-202602,SME-2024-00353,2026-02,72.9,10.9,Fluktuatif,8,3,7
USE-00353-202603,SME-2024-00353,2026-03,68.2,9.9,Stabil,62,0,6
USE-00353-202604,SME-2024-00353,2026-04,66.8,9.9,Stabil,73,0,7
USE-00353-202605,SME-2024-00353,2026-05,73.0,11.6,Fluktuatif,25,0,8
USE-00353-202606,SME-2024-00353,2026-06,67.7,10.0,Stabil,64,2,6
USE-00354-202507,SME-2024-00354,2025-07,64.9,9.4,Stabil,19,0,8
USE-00354-202508,SME-2024-00354,2025-08,60.6,8.8,Stabil,46,0,7
USE-00354-202509,SME-2024-00354,2025-09,65.0,10.5,Fluktuatif,50,0,7
USE-00354-202510,SME-2024-00354,2025-10,64.0,10.1,Stabil,2,0,7
USE-00354-202511,SME-2024-00354,2025-11,60.9,9.7,Stabil,13,2,8
USE-00354-202512,SME-2024-00354,2025-12,61.8,10.3,Stabil,11,2,7
USE-00354-202601,SME-2024-00354,2026-01,61.4,9.4,Fluktuatif,0,1,8
USE-00354-202602,SME-2024-00354,2026-02,60.4,9.2,Stabil,34,4,7
USE-00354-202603,SME-2024-00354,2026-03,63.4,10.0,Stabil,4,1,8
USE-00354-202604,SME-2024-00354,2026-04,62.7,8.9,Stabil,38,1,8
USE-00354-202605,SME-2024-00354,2026-05,61.8,8.9,Stabil,30,1,7
USE-00354-202606,SME-2024-00354,2026-06,59.2,9.0,Fluktuatif,56,1,7
USE-00355-202507,SME-2024-00355,2025-07,78.7,12.7,Fluktuatif,10,1,7
USE-00355-202508,SME-2024-00355,2025-08,85.7,13.4,Stabil,47,0,8
USE-00355-202509,SME-2024-00355,2025-09,83.4,13.2,Stabil,31,1,8
USE-00355-202510,SME-2024-00355,2025-10,79.0,12.6,Fluktuatif,22,1,8
USE-00355-202511,SME-2024-00355,2025-11,82.9,12.8,Stabil,0,1,8
USE-00355-202512,SME-2024-00355,2025-12,77.1,11.8,Stabil,14,4,8
USE-00355-202601,SME-2024-00355,2026-01,80.5,12.2,Stabil,14,0,8
USE-00355-202602,SME-2024-00355,2026-02,81.0,11.7,Stabil,27,0,7
USE-00355-202603,SME-2024-00355,2026-03,81.7,12.8,Stabil,7,6,8
USE-00355-202604,SME-2024-00355,2026-04,82.7,12.2,Fluktuatif,16,5,8
USE-00355-202605,SME-2024-00355,2026-05,80.1,11.7,Fluktuatif,23,3,9
USE-00355-202606,SME-2024-00355,2026-06,81.0,11.3,Stabil,36,1,8
USE-00356-202507,SME-2024-00356,2025-07,88.4,13.3,Stabil,15,3,7
USE-00356-202508,SME-2024-00356,2025-08,91.1,13.7,Stabil,7,2,7
USE-00356-202509,SME-2024-00356,2025-09,87.4,13.5,Stabil,8,2,8
USE-00356-202510,SME-2024-00356,2025-10,87.3,12.8,Stabil,35,3,7
USE-00356-202511,SME-2024-00356,2025-11,85.8,13.0,Stabil,66,2,7
USE-00356-202512,SME-2024-00356,2025-12,82.4,12.3,Stabil,16,1,8
USE-00356-202601,SME-2024-00356,2026-01,83.5,12.9,Fluktuatif,75,0,7
USE-00356-202602,SME-2024-00356,2026-02,83.2,13.0,Stabil,20,1,7
USE-00356-202603,SME-2024-00356,2026-03,82.2,12.9,Stabil,16,2,8
USE-00356-202604,SME-2024-00356,2026-04,80.5,12.4,Stabil,4,2,7
USE-00356-202605,SME-2024-00356,2026-05,80.8,12.2,Stabil,28,3,7
USE-00356-202606,SME-2024-00356,2026-06,80.7,11.8,Stabil,94,0,7
USE-00357-202507,SME-2024-00357,2025-07,56.4,8.5,Fluktuatif,52,2,7
USE-00357-202508,SME-2024-00357,2025-08,56.4,7.6,Stabil,8,0,6
USE-00357-202509,SME-2024-00357,2025-09,57.1,8.1,Stabil,35,3,7
USE-00357-202510,SME-2024-00357,2025-10,51.1,7.6,Stabil,10,0,7
USE-00357-202511,SME-2024-00357,2025-11,53.0,8.0,Stabil,27,2,7
USE-00357-202512,SME-2024-00357,2025-12,54.6,7.8,Stabil,8,1,7
USE-00357-202601,SME-2024-00357,2026-01,51.4,7.7,Stabil,43,2,8
USE-00357-202602,SME-2024-00357,2026-02,52.4,8.0,Fluktuatif,66,1,7
USE-00357-202603,SME-2024-00357,2026-03,49.1,7.5,Stabil,82,2,7
USE-00357-202604,SME-2024-00357,2026-04,49.8,7.1,Stabil,4,0,7
USE-00357-202605,SME-2024-00357,2026-05,47.3,6.9,Stabil,2,2,7
USE-00357-202606,SME-2024-00357,2026-06,48.0,8.1,Stabil,85,1,7
USE-00358-202507,SME-2024-00358,2025-07,77.1,11.3,Stabil,57,3,8
USE-00358-202508,SME-2024-00358,2025-08,76.1,11.7,Stabil,52,2,8
USE-00358-202509,SME-2024-00358,2025-09,79.2,12.4,Stabil,19,0,7
USE-00358-202510,SME-2024-00358,2025-10,79.4,11.5,Stabil,17,0,8
USE-00358-202511,SME-2024-00358,2025-11,80.7,11.9,Fluktuatif,15,2,9
USE-00358-202512,SME-2024-00358,2025-12,79.7,12.0,Stabil,5,2,8
USE-00358-202601,SME-2024-00358,2026-01,75.3,11.6,Stabil,7,0,8
USE-00358-202602,SME-2024-00358,2026-02,77.8,11.3,Stabil,30,0,8
USE-00358-202603,SME-2024-00358,2026-03,74.6,10.4,Stabil,74,2,7
USE-00358-202604,SME-2024-00358,2026-04,78.9,11.6,Stabil,7,2,9
USE-00358-202605,SME-2024-00358,2026-05,79.0,12.1,Stabil,18,1,9
USE-00358-202606,SME-2024-00358,2026-06,82.8,12.5,Stabil,41,1,8
USE-00359-202507,SME-2024-00359,2025-07,62.6,9.8,Stabil,47,1,5
USE-00359-202508,SME-2024-00359,2025-08,61.9,9.3,Stabil,38,2,5
USE-00359-202509,SME-2024-00359,2025-09,63.1,9.0,Stabil,9,2,5
USE-00359-202510,SME-2024-00359,2025-10,56.1,8.2,Fluktuatif,52,1,5
USE-00359-202511,SME-2024-00359,2025-11,61.5,8.9,Stabil,42,2,5
USE-00359-202512,SME-2024-00359,2025-12,59.9,8.7,Stabil,18,3,6
USE-00359-202601,SME-2024-00359,2026-01,56.8,9.1,Stabil,4,0,5
USE-00359-202602,SME-2024-00359,2026-02,57.2,7.7,Fluktuatif,16,1,5
USE-00359-202603,SME-2024-00359,2026-03,52.0,7.8,Stabil,15,0,5
USE-00359-202604,SME-2024-00359,2026-04,54.0,8.1,Stabil,3,2,6
USE-00359-202605,SME-2024-00359,2026-05,60.5,8.4,Fluktuatif,22,1,6
USE-00359-202606,SME-2024-00359,2026-06,52.9,7.8,Stabil,44,0,5
USE-00360-202507,SME-2024-00360,2025-07,73.3,11.4,Stabil,6,2,6
USE-00360-202508,SME-2024-00360,2025-08,74.4,10.7,Fluktuatif,11,3,6
USE-00360-202509,SME-2024-00360,2025-09,73.3,10.0,Stabil,14,0,8
USE-00360-202510,SME-2024-00360,2025-10,72.8,11.2,Fluktuatif,7,1,7
USE-00360-202511,SME-2024-00360,2025-11,72.4,10.1,Fluktuatif,96,1,7
USE-00360-202512,SME-2024-00360,2025-12,77.7,11.5,Stabil,21,1,7
USE-00360-202601,SME-2024-00360,2026-01,72.8,10.8,Stabil,47,0,8
USE-00360-202602,SME-2024-00360,2026-02,72.3,11.7,Stabil,0,1,7
USE-00360-202603,SME-2024-00360,2026-03,76.2,11.3,Stabil,37,4,7
USE-00360-202604,SME-2024-00360,2026-04,75.6,11.3,Fluktuatif,19,2,8
USE-00360-202605,SME-2024-00360,2026-05,75.5,11.1,Fluktuatif,26,1,7
USE-00360-202606,SME-2024-00360,2026-06,71.5,10.9,Stabil,39,0,7
USE-00361-202507,SME-2024-00361,2025-07,91.1,13.3,Stabil,21,4,7
USE-00361-202508,SME-2024-00361,2025-08,91.9,14.0,Stabil,73,2,7
USE-00361-202509,SME-2024-00361,2025-09,94.5,14.4,Fluktuatif,3,1,8
USE-00361-202510,SME-2024-00361,2025-10,92.0,13.8,Stabil,17,1,7
USE-00361-202511,SME-2024-00361,2025-11,93.5,12.9,Stabil,32,2,8
USE-00361-202512,SME-2024-00361,2025-12,92.7,14.5,Fluktuatif,46,1,8
USE-00361-202601,SME-2024-00361,2026-01,95.3,14.4,Stabil,11,1,6
USE-00361-202602,SME-2024-00361,2026-02,93.3,14.8,Fluktuatif,47,1,7
USE-00361-202603,SME-2024-00361,2026-03,89.0,13.9,Stabil,5,1,7
USE-00361-202604,SME-2024-00361,2026-04,92.4,13.4,Fluktuatif,93,4,8
USE-00361-202605,SME-2024-00361,2026-05,91.3,14.1,Stabil,11,3,7
USE-00361-202606,SME-2024-00361,2026-06,89.4,13.5,Stabil,55,1,7
USE-00362-202507,SME-2024-00362,2025-07,88.5,13.6,Stabil,18,2,7
USE-00362-202508,SME-2024-00362,2025-08,89.8,13.9,Stabil,4,1,7
USE-00362-202509,SME-2024-00362,2025-09,91.8,13.3,Stabil,27,2,7
USE-00362-202510,SME-2024-00362,2025-10,94.5,15.1,Stabil,43,1,7
USE-00362-202511,SME-2024-00362,2025-11,92.8,12.5,Stabil,63,2,7
USE-00362-202512,SME-2024-00362,2025-12,95.1,14.8,Fluktuatif,34,2,7
USE-00362-202601,SME-2024-00362,2026-01,92.0,13.6,Stabil,42,1,7
USE-00362-202602,SME-2024-00362,2026-02,94.6,14.0,Stabil,4,1,7
USE-00362-202603,SME-2024-00362,2026-03,94.3,13.4,Stabil,138,4,8
USE-00362-202604,SME-2024-00362,2026-04,90.8,13.1,Stabil,15,1,7
USE-00362-202605,SME-2024-00362,2026-05,92.0,13.5,Stabil,72,0,8
USE-00362-202606,SME-2024-00362,2026-06,90.1,12.8,Fluktuatif,36,0,7
USE-00363-202507,SME-2024-00363,2025-07,71.2,9.9,Stabil,62,2,7
USE-00363-202508,SME-2024-00363,2025-08,70.5,10.7,Stabil,0,0,8
USE-00363-202509,SME-2024-00363,2025-09,70.0,11.2,Stabil,5,1,8
USE-00363-202510,SME-2024-00363,2025-10,70.2,10.5,Stabil,6,2,7
USE-00363-202511,SME-2024-00363,2025-11,67.2,9.6,Fluktuatif,51,1,6
USE-00363-202512,SME-2024-00363,2025-12,72.3,10.3,Stabil,7,2,7
USE-00363-202601,SME-2024-00363,2026-01,70.2,10.7,Stabil,148,0,7
USE-00363-202602,SME-2024-00363,2026-02,71.8,10.6,Stabil,12,0,7
USE-00363-202603,SME-2024-00363,2026-03,72.3,11.5,Stabil,21,3,7
USE-00363-202604,SME-2024-00363,2026-04,69.6,10.7,Stabil,35,2,8
USE-00363-202605,SME-2024-00363,2026-05,75.0,10.5,Stabil,2,2,7
USE-00363-202606,SME-2024-00363,2026-06,70.0,10.9,Stabil,3,0,7
USE-00364-202507,SME-2024-00364,2025-07,82.9,12.3,Stabil,59,2,10
USE-00364-202508,SME-2024-00364,2025-08,83.1,12.7,Stabil,41,1,9
USE-00364-202509,SME-2024-00364,2025-09,86.3,13.8,Fluktuatif,0,1,9
USE-00364-202510,SME-2024-00364,2025-10,86.4,13.8,Stabil,5,1,9
USE-00364-202511,SME-2024-00364,2025-11,84.9,13.2,Stabil,10,3,9
USE-00364-202512,SME-2024-00364,2025-12,84.9,12.7,Fluktuatif,20,1,9
USE-00364-202601,SME-2024-00364,2026-01,85.4,13.4,Stabil,32,0,10
USE-00364-202602,SME-2024-00364,2026-02,83.7,13.0,Fluktuatif,98,2,9
USE-00364-202603,SME-2024-00364,2026-03,83.8,11.7,Stabil,29,1,9
USE-00364-202604,SME-2024-00364,2026-04,86.7,13.1,Stabil,45,0,9
USE-00364-202605,SME-2024-00364,2026-05,86.2,11.4,Stabil,15,1,9
USE-00364-202606,SME-2024-00364,2026-06,82.5,12.1,Fluktuatif,21,2,9
USE-00365-202507,SME-2024-00365,2025-07,87.3,12.5,Stabil,23,0,7
USE-00365-202508,SME-2024-00365,2025-08,93.9,13.5,Stabil,21,4,7
USE-00365-202509,SME-2024-00365,2025-09,91.3,14.4,Stabil,14,1,7
USE-00365-202510,SME-2024-00365,2025-10,95.9,14.7,Stabil,4,1,7
USE-00365-202511,SME-2024-00365,2025-11,96.4,14.3,Stabil,7,1,7
USE-00365-202512,SME-2024-00365,2025-12,91.2,12.8,Stabil,1,4,7
USE-00365-202601,SME-2024-00365,2026-01,97.5,14.8,Stabil,134,1,7
USE-00365-202602,SME-2024-00365,2026-02,93.8,14.9,Stabil,5,0,7
USE-00365-202603,SME-2024-00365,2026-03,95.6,15.0,Stabil,9,1,7
USE-00365-202604,SME-2024-00365,2026-04,98.0,15.0,Stabil,8,1,7
USE-00365-202605,SME-2024-00365,2026-05,98.0,13.9,Stabil,29,1,7
USE-00365-202606,SME-2024-00365,2026-06,97.9,14.8,Stabil,21,0,7
USE-00366-202507,SME-2024-00366,2025-07,86.1,12.3,Stabil,1,2,7
USE-00366-202508,SME-2024-00366,2025-08,83.0,13.1,Stabil,16,0,8
USE-00366-202509,SME-2024-00366,2025-09,88.0,13.5,Fluktuatif,40,2,6
USE-00366-202510,SME-2024-00366,2025-10,85.2,12.9,Stabil,47,1,6
USE-00366-202511,SME-2024-00366,2025-11,85.6,12.7,Stabil,22,0,7
USE-00366-202512,SME-2024-00366,2025-12,84.8,13.2,Stabil,12,0,6
USE-00366-202601,SME-2024-00366,2026-01,84.7,12.4,Stabil,52,2,7
USE-00366-202602,SME-2024-00366,2026-02,84.7,12.7,Fluktuatif,76,0,7
USE-00366-202603,SME-2024-00366,2026-03,84.8,12.1,Fluktuatif,75,3,6
USE-00366-202604,SME-2024-00366,2026-04,85.5,13.8,Stabil,16,1,7
USE-00366-202605,SME-2024-00366,2026-05,84.7,12.1,Fluktuatif,1,0,7
USE-00366-202606,SME-2024-00366,2026-06,86.3,12.7,Fluktuatif,116,0,6
USE-00367-202507,SME-2024-00367,2025-07,79.9,11.5,Stabil,17,1,7
USE-00367-202508,SME-2024-00367,2025-08,79.8,10.6,Stabil,91,1,7
USE-00367-202509,SME-2024-00367,2025-09,82.5,12.3,Stabil,142,0,7
USE-00367-202510,SME-2024-00367,2025-10,82.6,11.8,Stabil,150,2,7
USE-00367-202511,SME-2024-00367,2025-11,81.9,12.6,Fluktuatif,23,5,7
USE-00367-202512,SME-2024-00367,2025-12,79.8,12.2,Stabil,25,0,6
USE-00367-202601,SME-2024-00367,2026-01,80.3,11.9,Stabil,16,1,6
USE-00367-202602,SME-2024-00367,2026-02,83.4,12.6,Stabil,10,1,7
USE-00367-202603,SME-2024-00367,2026-03,77.9,12.4,Fluktuatif,74,2,6
USE-00367-202604,SME-2024-00367,2026-04,79.3,12.0,Stabil,44,0,6
USE-00367-202605,SME-2024-00367,2026-05,79.5,11.6,Stabil,40,1,7
USE-00367-202606,SME-2024-00367,2026-06,79.6,12.1,Stabil,12,1,7
USE-00368-202507,SME-2024-00368,2025-07,50.5,7.4,Stabil,114,2,7
USE-00368-202508,SME-2024-00368,2025-08,49.9,7.9,Stabil,21,0,8
USE-00368-202509,SME-2024-00368,2025-09,50.3,7.3,Fluktuatif,77,1,7
USE-00368-202510,SME-2024-00368,2025-10,51.6,7.7,Stabil,6,2,7
USE-00368-202511,SME-2024-00368,2025-11,50.5,7.5,Stabil,24,1,7
USE-00368-202512,SME-2024-00368,2025-12,50.5,7.8,Stabil,0,3,7
USE-00368-202601,SME-2024-00368,2026-01,47.4,7.3,Fluktuatif,36,1,7
USE-00368-202602,SME-2024-00368,2026-02,47.6,7.0,Stabil,66,3,7
USE-00368-202603,SME-2024-00368,2026-03,46.6,7.5,Stabil,35,1,7
USE-00368-202604,SME-2024-00368,2026-04,45.0,6.9,Stabil,65,1,7
USE-00368-202605,SME-2024-00368,2026-05,44.7,7.3,Fluktuatif,60,3,7
USE-00368-202606,SME-2024-00368,2026-06,44.1,6.3,Fluktuatif,21,1,7
USE-00369-202507,SME-2024-00369,2025-07,58.8,9.6,Stabil,9,4,8
USE-00369-202508,SME-2024-00369,2025-08,57.9,8.5,Stabil,39,2,8
USE-00369-202509,SME-2024-00369,2025-09,56.7,9.3,Stabil,67,0,8
USE-00369-202510,SME-2024-00369,2025-10,58.8,8.7,Stabil,2,2,8
USE-00369-202511,SME-2024-00369,2025-11,57.5,8.8,Stabil,49,1,7
USE-00369-202512,SME-2024-00369,2025-12,54.7,8.8,Stabil,44,1,8
USE-00369-202601,SME-2024-00369,2026-01,58.4,8.6,Stabil,67,2,8
USE-00369-202602,SME-2024-00369,2026-02,59.9,8.5,Stabil,89,3,8
USE-00369-202603,SME-2024-00369,2026-03,53.4,8.0,Stabil,1,1,8
USE-00369-202604,SME-2024-00369,2026-04,58.2,8.7,Stabil,61,0,8
USE-00369-202605,SME-2024-00369,2026-05,56.4,7.9,Stabil,56,1,8
USE-00369-202606,SME-2024-00369,2026-06,56.4,8.5,Fluktuatif,98,2,7
USE-00370-202507,SME-2024-00370,2025-07,71.2,10.6,Stabil,12,5,8
USE-00370-202508,SME-2024-00370,2025-08,67.8,10.1,Stabil,18,0,7
USE-00370-202509,SME-2024-00370,2025-09,65.4,10.1,Stabil,8,1,7
USE-00370-202510,SME-2024-00370,2025-10,62.2,9.8,Stabil,29,0,8
USE-00370-202511,SME-2024-00370,2025-11,65.3,9.8,Stabil,3,0,8
USE-00370-202512,SME-2024-00370,2025-12,67.5,10.4,Fluktuatif,32,0,7
USE-00370-202601,SME-2024-00370,2026-01,61.9,9.4,Stabil,41,1,7
USE-00370-202602,SME-2024-00370,2026-02,65.1,10.1,Stabil,13,1,8
USE-00370-202603,SME-2024-00370,2026-03,65.4,10.3,Fluktuatif,21,2,8
USE-00370-202604,SME-2024-00370,2026-04,61.6,9.8,Stabil,1,1,7
USE-00370-202605,SME-2024-00370,2026-05,63.3,9.7,Stabil,121,2,7
USE-00370-202606,SME-2024-00370,2026-06,63.7,9.5,Stabil,150,1,8
USE-00371-202507,SME-2024-00371,2025-07,84.4,12.5,Stabil,28,1,7
USE-00371-202508,SME-2024-00371,2025-08,82.7,13.0,Fluktuatif,24,1,8
USE-00371-202509,SME-2024-00371,2025-09,81.8,12.7,Stabil,43,1,7
USE-00371-202510,SME-2024-00371,2025-10,81.4,13.1,Stabil,37,0,8
USE-00371-202511,SME-2024-00371,2025-11,82.3,11.8,Stabil,156,1,7
USE-00371-202512,SME-2024-00371,2025-12,79.6,12.0,Stabil,11,2,8
USE-00371-202601,SME-2024-00371,2026-01,80.1,11.9,Stabil,25,0,8
USE-00371-202602,SME-2024-00371,2026-02,86.7,12.9,Stabil,23,0,7
USE-00371-202603,SME-2024-00371,2026-03,80.7,12.6,Stabil,7,1,8
USE-00371-202604,SME-2024-00371,2026-04,85.7,12.4,Stabil,44,0,7
USE-00371-202605,SME-2024-00371,2026-05,85.2,12.7,Stabil,24,1,8
USE-00371-202606,SME-2024-00371,2026-06,87.0,13.4,Stabil,12,0,8
USE-00372-202507,SME-2024-00372,2025-07,81.4,11.6,Stabil,64,0,7
USE-00372-202508,SME-2024-00372,2025-08,80.2,12.0,Stabil,106,1,7
USE-00372-202509,SME-2024-00372,2025-09,80.0,11.2,Stabil,0,1,7
USE-00372-202510,SME-2024-00372,2025-10,76.8,11.2,Stabil,76,1,7
USE-00372-202511,SME-2024-00372,2025-11,83.0,13.0,Stabil,1,1,7
USE-00372-202512,SME-2024-00372,2025-12,80.3,12.4,Fluktuatif,55,1,7
USE-00372-202601,SME-2024-00372,2026-01,82.4,12.7,Fluktuatif,36,1,7
USE-00372-202602,SME-2024-00372,2026-02,84.9,13.2,Stabil,1,0,8
USE-00372-202603,SME-2024-00372,2026-03,76.5,11.2,Stabil,83,1,7
USE-00372-202604,SME-2024-00372,2026-04,83.5,12.3,Fluktuatif,13,3,7
USE-00372-202605,SME-2024-00372,2026-05,79.9,11.9,Stabil,16,2,7
USE-00372-202606,SME-2024-00372,2026-06,77.2,11.2,Stabil,155,1,7
USE-00373-202507,SME-2024-00373,2025-07,60.0,9.1,Stabil,23,2,7
USE-00373-202508,SME-2024-00373,2025-08,57.2,7.7,Stabil,37,1,8
USE-00373-202509,SME-2024-00373,2025-09,58.1,8.1,Stabil,54,2,8
USE-00373-202510,SME-2024-00373,2025-10,60.4,8.5,Fluktuatif,16,0,7
USE-00373-202511,SME-2024-00373,2025-11,61.9,9.3,Stabil,3,0,7
USE-00373-202512,SME-2024-00373,2025-12,57.5,8.9,Fluktuatif,2,2,7
USE-00373-202601,SME-2024-00373,2026-01,58.2,8.6,Stabil,61,0,7
USE-00373-202602,SME-2024-00373,2026-02,56.4,8.1,Stabil,21,0,8
USE-00373-202603,SME-2024-00373,2026-03,58.1,9.0,Stabil,1,1,8
USE-00373-202604,SME-2024-00373,2026-04,56.3,7.8,Stabil,66,0,7
USE-00373-202605,SME-2024-00373,2026-05,58.2,9.1,Stabil,11,0,8
USE-00373-202606,SME-2024-00373,2026-06,55.0,8.7,Stabil,31,0,8
USE-00374-202507,SME-2024-00374,2025-07,57.5,8.8,Turun,33,0,7
USE-00374-202508,SME-2024-00374,2025-08,60.3,8.8,Turun,227,2,6
USE-00374-202509,SME-2024-00374,2025-09,58.6,10.4,Turun,63,0,6
USE-00374-202510,SME-2024-00374,2025-10,62.2,8.7,Turun,5,1,7
USE-00374-202511,SME-2024-00374,2025-11,56.1,7.8,Turun,9,1,6
USE-00374-202512,SME-2024-00374,2025-12,54.0,8.2,Turun,39,0,6
USE-00374-202601,SME-2024-00374,2026-01,51.9,7.9,Turun,24,0,7
USE-00374-202602,SME-2024-00374,2026-02,49.7,7.7,Turun,29,3,6
USE-00374-202603,SME-2024-00374,2026-03,54.4,8.5,Turun,21,2,6
USE-00374-202604,SME-2024-00374,2026-04,48.1,7.3,Turun,190,0,7
USE-00374-202605,SME-2024-00374,2026-05,49.2,7.4,Turun,26,2,7
USE-00374-202606,SME-2024-00374,2026-06,50.4,7.0,Turun,55,1,6
USE-00375-202507,SME-2024-00375,2025-07,79.4,11.6,Stabil,3,0,7
USE-00375-202508,SME-2024-00375,2025-08,80.3,11.5,Stabil,59,2,7
USE-00375-202509,SME-2024-00375,2025-09,82.7,12.6,Fluktuatif,1,1,6
USE-00375-202510,SME-2024-00375,2025-10,76.5,11.4,Stabil,10,0,6
USE-00375-202511,SME-2024-00375,2025-11,81.5,11.8,Stabil,14,0,6
USE-00375-202512,SME-2024-00375,2025-12,78.4,11.9,Fluktuatif,10,0,7
USE-00375-202601,SME-2024-00375,2026-01,77.5,11.9,Fluktuatif,10,0,7
USE-00375-202602,SME-2024-00375,2026-02,79.9,11.1,Stabil,4,2,7
USE-00375-202603,SME-2024-00375,2026-03,78.9,11.7,Stabil,10,4,7
USE-00375-202604,SME-2024-00375,2026-04,79.4,11.8,Stabil,48,1,7
USE-00375-202605,SME-2024-00375,2026-05,76.0,11.6,Stabil,25,1,7
USE-00375-202606,SME-2024-00375,2026-06,76.6,12.4,Stabil,10,0,6
USE-00376-202507,SME-2024-00376,2025-07,89.1,13.9,Stabil,6,1,6
USE-00376-202508,SME-2024-00376,2025-08,92.3,13.6,Stabil,13,0,6
USE-00376-202509,SME-2024-00376,2025-09,93.4,14.1,Stabil,24,0,5
USE-00376-202510,SME-2024-00376,2025-10,93.9,14.3,Stabil,37,1,6
USE-00376-202511,SME-2024-00376,2025-11,94.1,13.5,Stabil,47,0,6
USE-00376-202512,SME-2024-00376,2025-12,93.9,14.6,Stabil,8,1,7
USE-00376-202601,SME-2024-00376,2026-01,94.0,14.9,Stabil,3,0,6
USE-00376-202602,SME-2024-00376,2026-02,96.9,13.9,Stabil,5,1,6
USE-00376-202603,SME-2024-00376,2026-03,93.9,14.7,Stabil,11,0,6
USE-00376-202604,SME-2024-00376,2026-04,94.2,14.3,Fluktuatif,15,1,6
USE-00376-202605,SME-2024-00376,2026-05,93.6,14.2,Fluktuatif,12,0,7
USE-00376-202606,SME-2024-00376,2026-06,93.6,13.5,Stabil,32,4,6
USE-00377-202507,SME-2024-00377,2025-07,61.5,9.6,Turun,2,1,7
USE-00377-202508,SME-2024-00377,2025-08,61.6,8.8,Turun,13,1,6
USE-00377-202509,SME-2024-00377,2025-09,57.7,8.8,Turun,27,1,7
USE-00377-202510,SME-2024-00377,2025-10,56.8,8.2,Turun,73,3,7
USE-00377-202511,SME-2024-00377,2025-11,53.3,9.1,Turun,17,3,6
USE-00377-202512,SME-2024-00377,2025-12,54.7,8.4,Turun,4,1,7
USE-00377-202601,SME-2024-00377,2026-01,55.2,8.5,Turun,37,1,7
USE-00377-202602,SME-2024-00377,2026-02,48.7,6.9,Turun,12,3,6
USE-00377-202603,SME-2024-00377,2026-03,51.8,7.4,Turun,6,1,6
USE-00377-202604,SME-2024-00377,2026-04,50.1,6.8,Turun,15,0,6
USE-00377-202605,SME-2024-00377,2026-05,50.7,8.0,Turun,18,1,6
USE-00377-202606,SME-2024-00377,2026-06,47.1,6.8,Turun,62,1,6
USE-00378-202507,SME-2024-00378,2025-07,77.3,10.6,Fluktuatif,42,2,6
USE-00378-202508,SME-2024-00378,2025-08,77.3,12.0,Stabil,1,4,6
USE-00378-202509,SME-2024-00378,2025-09,77.5,12.3,Stabil,40,4,6
USE-00378-202510,SME-2024-00378,2025-10,80.3,11.6,Stabil,28,1,6
USE-00378-202511,SME-2024-00378,2025-11,78.3,12.2,Fluktuatif,22,1,6
USE-00378-202512,SME-2024-00378,2025-12,83.2,11.7,Fluktuatif,26,1,6
USE-00378-202601,SME-2024-00378,2026-01,79.0,11.9,Stabil,8,1,5
USE-00378-202602,SME-2024-00378,2026-02,80.6,12.7,Stabil,6,2,6
USE-00378-202603,SME-2024-00378,2026-03,81.5,11.9,Fluktuatif,59,0,6
USE-00378-202604,SME-2024-00378,2026-04,83.2,12.8,Fluktuatif,91,1,6
USE-00378-202605,SME-2024-00378,2026-05,84.7,12.8,Fluktuatif,57,0,6
USE-00378-202606,SME-2024-00378,2026-06,83.7,12.2,Stabil,6,2,6
USE-00379-202507,SME-2024-00379,2025-07,89.7,13.3,Fluktuatif,42,1,6
USE-00379-202508,SME-2024-00379,2025-08,91.7,13.8,Stabil,50,1,6
USE-00379-202509,SME-2024-00379,2025-09,93.3,14.0,Stabil,2,3,6
USE-00379-202510,SME-2024-00379,2025-10,92.6,13.8,Stabil,30,1,5
USE-00379-202511,SME-2024-00379,2025-11,92.1,13.3,Stabil,76,0,5
USE-00379-202512,SME-2024-00379,2025-12,92.4,14.5,Fluktuatif,54,1,6
USE-00379-202601,SME-2024-00379,2026-01,95.5,14.6,Fluktuatif,0,1,6
USE-00379-202602,SME-2024-00379,2026-02,92.6,14.1,Fluktuatif,45,1,5
USE-00379-202603,SME-2024-00379,2026-03,94.8,14.5,Stabil,11,1,6
USE-00379-202604,SME-2024-00379,2026-04,93.2,14.8,Fluktuatif,2,1,6
USE-00379-202605,SME-2024-00379,2026-05,97.0,14.6,Stabil,15,2,5
USE-00379-202606,SME-2024-00379,2026-06,94.9,14.5,Stabil,30,2,6
USE-00380-202507,SME-2024-00380,2025-07,64.2,9.8,Stabil,40,1,7
USE-00380-202508,SME-2024-00380,2025-08,62.0,9.4,Stabil,1,1,8
USE-00380-202509,SME-2024-00380,2025-09,62.6,9.4,Stabil,8,0,8
USE-00380-202510,SME-2024-00380,2025-10,64.1,10.2,Fluktuatif,6,1,7
USE-00380-202511,SME-2024-00380,2025-11,63.2,9.2,Stabil,7,2,8
USE-00380-202512,SME-2024-00380,2025-12,68.9,10.1,Stabil,26,1,8
USE-00380-202601,SME-2024-00380,2026-01,59.2,8.2,Stabil,31,0,7
USE-00380-202602,SME-2024-00380,2026-02,61.9,9.5,Fluktuatif,25,1,7
USE-00380-202603,SME-2024-00380,2026-03,62.9,9.1,Fluktuatif,24,1,7
USE-00380-202604,SME-2024-00380,2026-04,65.9,9.7,Fluktuatif,155,2,7
USE-00380-202605,SME-2024-00380,2026-05,61.4,8.9,Fluktuatif,101,1,7
USE-00380-202606,SME-2024-00380,2026-06,67.1,10.8,Fluktuatif,33,1,7
USE-00381-202507,SME-2024-00381,2025-07,75.9,11.1,Stabil,39,0,4
USE-00381-202508,SME-2024-00381,2025-08,72.8,11.2,Stabil,23,1,4
USE-00381-202509,SME-2024-00381,2025-09,76.6,11.0,Stabil,64,2,4
USE-00381-202510,SME-2024-00381,2025-10,73.4,10.0,Stabil,8,4,5
USE-00381-202511,SME-2024-00381,2025-11,76.5,11.9,Stabil,24,0,5
USE-00381-202512,SME-2024-00381,2025-12,75.3,11.9,Fluktuatif,0,1,4
USE-00381-202601,SME-2024-00381,2026-01,73.8,10.6,Fluktuatif,4,2,5
USE-00381-202602,SME-2024-00381,2026-02,74.7,11.5,Stabil,4,1,5
USE-00381-202603,SME-2024-00381,2026-03,78.9,11.6,Fluktuatif,86,2,4
USE-00381-202604,SME-2024-00381,2026-04,78.8,11.7,Stabil,13,0,5
USE-00381-202605,SME-2024-00381,2026-05,75.9,11.7,Fluktuatif,29,0,5
USE-00381-202606,SME-2024-00381,2026-06,77.4,11.2,Stabil,19,2,4
USE-00382-202507,SME-2024-00382,2025-07,75.9,11.8,Stabil,115,3,8
USE-00382-202508,SME-2024-00382,2025-08,73.9,11.9,Stabil,22,3,8
USE-00382-202509,SME-2024-00382,2025-09,76.0,11.8,Fluktuatif,12,2,8
USE-00382-202510,SME-2024-00382,2025-10,72.2,11.0,Fluktuatif,155,3,9
USE-00382-202511,SME-2024-00382,2025-11,74.6,11.4,Fluktuatif,24,0,9
USE-00382-202512,SME-2024-00382,2025-12,72.3,10.8,Stabil,5,2,8
USE-00382-202601,SME-2024-00382,2026-01,78.2,11.8,Fluktuatif,21,1,8
USE-00382-202602,SME-2024-00382,2026-02,74.1,11.0,Stabil,32,2,9
USE-00382-202603,SME-2024-00382,2026-03,76.7,11.3,Fluktuatif,2,0,8
USE-00382-202604,SME-2024-00382,2026-04,73.8,11.1,Stabil,8,2,8
USE-00382-202605,SME-2024-00382,2026-05,73.8,11.4,Fluktuatif,15,0,8
USE-00382-202606,SME-2024-00382,2026-06,75.2,11.3,Stabil,38,0,8
USE-00383-202507,SME-2024-00383,2025-07,80.9,11.9,Stabil,3,4,7
USE-00383-202508,SME-2024-00383,2025-08,84.6,12.3,Stabil,38,0,8
USE-00383-202509,SME-2024-00383,2025-09,80.5,11.9,Stabil,42,3,7
USE-00383-202510,SME-2024-00383,2025-10,84.3,13.2,Stabil,143,1,8
USE-00383-202511,SME-2024-00383,2025-11,87.4,12.9,Stabil,14,3,7
USE-00383-202512,SME-2024-00383,2025-12,84.2,12.8,Fluktuatif,7,1,7
USE-00383-202601,SME-2024-00383,2026-01,81.7,11.9,Fluktuatif,28,1,8
USE-00383-202602,SME-2024-00383,2026-02,86.6,12.6,Fluktuatif,20,0,8
USE-00383-202603,SME-2024-00383,2026-03,84.0,13.3,Stabil,53,4,8
USE-00383-202604,SME-2024-00383,2026-04,88.4,12.0,Stabil,21,0,8
USE-00383-202605,SME-2024-00383,2026-05,89.7,14.0,Stabil,56,2,8
USE-00383-202606,SME-2024-00383,2026-06,86.0,13.6,Stabil,60,3,8
USE-00384-202507,SME-2024-00384,2025-07,55.9,8.4,Fluktuatif,11,0,6
USE-00384-202508,SME-2024-00384,2025-08,54.6,8.1,Stabil,2,1,6
USE-00384-202509,SME-2024-00384,2025-09,53.5,6.9,Stabil,38,1,5
USE-00384-202510,SME-2024-00384,2025-10,55.6,8.1,Fluktuatif,43,1,5
USE-00384-202511,SME-2024-00384,2025-11,58.4,9.0,Stabil,31,0,6
USE-00384-202512,SME-2024-00384,2025-12,57.0,9.1,Fluktuatif,2,2,5
USE-00384-202601,SME-2024-00384,2026-01,54.0,8.3,Stabil,18,1,6
USE-00384-202602,SME-2024-00384,2026-02,59.0,8.7,Stabil,49,1,6
USE-00384-202603,SME-2024-00384,2026-03,57.5,8.7,Stabil,28,1,5
USE-00384-202604,SME-2024-00384,2026-04,59.2,9.0,Stabil,19,1,6
USE-00384-202605,SME-2024-00384,2026-05,58.4,8.5,Stabil,6,0,5
USE-00384-202606,SME-2024-00384,2026-06,54.7,8.8,Stabil,28,1,5
USE-00385-202507,SME-2024-00385,2025-07,90.6,13.4,Stabil,11,3,9
USE-00385-202508,SME-2024-00385,2025-08,89.9,14.1,Stabil,8,2,8
USE-00385-202509,SME-2024-00385,2025-09,89.5,13.0,Stabil,16,1,9
USE-00385-202510,SME-2024-00385,2025-10,91.6,13.1,Stabil,18,1,9
USE-00385-202511,SME-2024-00385,2025-11,88.6,13.2,Stabil,5,2,9
USE-00385-202512,SME-2024-00385,2025-12,90.4,13.0,Stabil,22,0,8
USE-00385-202601,SME-2024-00385,2026-01,89.4,12.9,Fluktuatif,20,3,9
USE-00385-202602,SME-2024-00385,2026-02,92.0,13.7,Stabil,19,1,9
USE-00385-202603,SME-2024-00385,2026-03,92.6,14.1,Stabil,93,2,9
USE-00385-202604,SME-2024-00385,2026-04,88.0,13.5,Stabil,78,0,9
USE-00385-202605,SME-2024-00385,2026-05,90.0,13.6,Stabil,64,1,9
USE-00385-202606,SME-2024-00385,2026-06,86.1,13.0,Fluktuatif,8,1,8
USE-00386-202507,SME-2024-00386,2025-07,63.8,9.1,Fluktuatif,0,1,7
USE-00386-202508,SME-2024-00386,2025-08,63.5,10.6,Stabil,21,1,6
USE-00386-202509,SME-2024-00386,2025-09,62.8,8.6,Stabil,53,0,6
USE-00386-202510,SME-2024-00386,2025-10,60.2,8.3,Stabil,5,0,6
USE-00386-202511,SME-2024-00386,2025-11,61.7,9.1,Stabil,4,3,6
USE-00386-202512,SME-2024-00386,2025-12,60.4,9.1,Stabil,71,0,7
USE-00386-202601,SME-2024-00386,2026-01,59.8,9.0,Stabil,0,2,7
USE-00386-202602,SME-2024-00386,2026-02,57.1,8.8,Fluktuatif,35,0,7
USE-00386-202603,SME-2024-00386,2026-03,58.4,9.0,Fluktuatif,2,0,8
USE-00386-202604,SME-2024-00386,2026-04,56.7,8.3,Stabil,7,3,7
USE-00386-202605,SME-2024-00386,2026-05,58.0,7.5,Stabil,6,2,6
USE-00386-202606,SME-2024-00386,2026-06,58.3,8.4,Fluktuatif,28,0,7
USE-00387-202507,SME-2024-00387,2025-07,75.6,11.0,Stabil,3,1,8
USE-00387-202508,SME-2024-00387,2025-08,78.6,12.0,Fluktuatif,9,2,7
USE-00387-202509,SME-2024-00387,2025-09,77.0,11.5,Stabil,4,1,7
USE-00387-202510,SME-2024-00387,2025-10,79.1,11.8,Fluktuatif,104,1,7
USE-00387-202511,SME-2024-00387,2025-11,77.1,12.6,Fluktuatif,8,0,8
USE-00387-202512,SME-2024-00387,2025-12,75.2,11.4,Stabil,74,0,7
USE-00387-202601,SME-2024-00387,2026-01,79.0,11.6,Stabil,164,3,7
USE-00387-202602,SME-2024-00387,2026-02,75.4,12.1,Stabil,54,1,7
USE-00387-202603,SME-2024-00387,2026-03,76.5,10.9,Stabil,17,3,7
USE-00387-202604,SME-2024-00387,2026-04,76.4,11.5,Fluktuatif,7,2,7
USE-00387-202605,SME-2024-00387,2026-05,75.0,11.2,Stabil,8,1,7
USE-00387-202606,SME-2024-00387,2026-06,76.0,11.4,Stabil,65,1,7
USE-00388-202507,SME-2024-00388,2025-07,75.1,11.2,Fluktuatif,6,1,8
USE-00388-202508,SME-2024-00388,2025-08,79.8,11.8,Fluktuatif,71,1,7
USE-00388-202509,SME-2024-00388,2025-09,75.5,11.8,Fluktuatif,63,1,7
USE-00388-202510,SME-2024-00388,2025-10,76.2,10.9,Stabil,10,1,7
USE-00388-202511,SME-2024-00388,2025-11,76.3,12.3,Fluktuatif,5,2,7
USE-00388-202512,SME-2024-00388,2025-12,71.7,11.5,Stabil,23,1,7
USE-00388-202601,SME-2024-00388,2026-01,75.4,11.5,Fluktuatif,52,3,7
USE-00388-202602,SME-2024-00388,2026-02,74.0,11.1,Stabil,20,0,7
USE-00388-202603,SME-2024-00388,2026-03,70.7,10.2,Stabil,63,1,7
USE-00388-202604,SME-2024-00388,2026-04,75.3,10.8,Stabil,9,0,7
USE-00388-202605,SME-2024-00388,2026-05,76.5,12.1,Stabil,8,4,7
USE-00388-202606,SME-2024-00388,2026-06,75.6,11.6,Fluktuatif,22,0,7
USE-00389-202507,SME-2024-00389,2025-07,82.8,12.8,Stabil,6,1,8
USE-00389-202508,SME-2024-00389,2025-08,83.5,12.5,Fluktuatif,27,3,7
USE-00389-202509,SME-2024-00389,2025-09,87.9,13.3,Stabil,27,1,7
USE-00389-202510,SME-2024-00389,2025-10,88.9,13.5,Stabil,39,1,8
USE-00389-202511,SME-2024-00389,2025-11,85.2,14.4,Stabil,33,1,7
USE-00389-202512,SME-2024-00389,2025-12,85.6,13.1,Stabil,30,3,8
USE-00389-202601,SME-2024-00389,2026-01,88.2,13.7,Stabil,22,2,7
USE-00389-202602,SME-2024-00389,2026-02,93.0,14.1,Stabil,12,0,7
USE-00389-202603,SME-2024-00389,2026-03,84.1,12.2,Fluktuatif,17,2,7
USE-00389-202604,SME-2024-00389,2026-04,88.1,13.0,Fluktuatif,26,0,7
USE-00389-202605,SME-2024-00389,2026-05,91.4,13.5,Stabil,136,0,7
USE-00389-202606,SME-2024-00389,2026-06,87.5,12.8,Stabil,61,1,7
USE-00390-202507,SME-2024-00390,2025-07,76.7,11.0,Fluktuatif,68,1,9
USE-00390-202508,SME-2024-00390,2025-08,74.9,11.9,Stabil,3,0,8
USE-00390-202509,SME-2024-00390,2025-09,73.9,11.3,Stabil,38,0,9
USE-00390-202510,SME-2024-00390,2025-10,69.9,11.0,Stabil,15,2,9
USE-00390-202511,SME-2024-00390,2025-11,75.9,11.4,Stabil,44,1,8
USE-00390-202512,SME-2024-00390,2025-12,74.3,11.0,Stabil,0,2,8
USE-00390-202601,SME-2024-00390,2026-01,74.9,9.9,Stabil,37,3,8
USE-00390-202602,SME-2024-00390,2026-02,76.3,10.6,Stabil,17,0,9
USE-00390-202603,SME-2024-00390,2026-03,75.1,11.7,Stabil,65,1,8
USE-00390-202604,SME-2024-00390,2026-04,73.8,10.5,Fluktuatif,32,1,8
USE-00390-202605,SME-2024-00390,2026-05,74.8,10.4,Fluktuatif,1,0,9
USE-00390-202606,SME-2024-00390,2026-06,73.7,11.3,Fluktuatif,64,0,9
USE-00391-202507,SME-2024-00391,2025-07,66.3,10.7,Stabil,14,0,7
USE-00391-202508,SME-2024-00391,2025-08,65.9,8.7,Stabil,14,0,7
USE-00391-202509,SME-2024-00391,2025-09,64.3,9.3,Stabil,62,1,7
USE-00391-202510,SME-2024-00391,2025-10,64.1,10.8,Stabil,12,3,7
USE-00391-202511,SME-2024-00391,2025-11,66.5,9.8,Fluktuatif,146,3,7
USE-00391-202512,SME-2024-00391,2025-12,63.2,10.2,Stabil,25,1,7
USE-00391-202601,SME-2024-00391,2026-01,64.5,10.1,Fluktuatif,12,1,7
USE-00391-202602,SME-2024-00391,2026-02,66.7,10.8,Fluktuatif,15,3,7
USE-00391-202603,SME-2024-00391,2026-03,68.1,9.6,Stabil,21,2,7
USE-00391-202604,SME-2024-00391,2026-04,63.2,8.9,Stabil,13,1,7
USE-00391-202605,SME-2024-00391,2026-05,64.8,10.1,Stabil,29,2,7
USE-00391-202606,SME-2024-00391,2026-06,61.7,9.3,Stabil,29,0,7
USE-00392-202507,SME-2024-00392,2025-07,74.7,10.6,Stabil,27,1,8
USE-00392-202508,SME-2024-00392,2025-08,73.2,12.0,Fluktuatif,20,1,8
USE-00392-202509,SME-2024-00392,2025-09,70.7,11.0,Stabil,103,1,8
USE-00392-202510,SME-2024-00392,2025-10,70.6,10.3,Stabil,33,2,8
USE-00392-202511,SME-2024-00392,2025-11,69.3,10.3,Fluktuatif,39,0,8
USE-00392-202512,SME-2024-00392,2025-12,69.2,10.9,Stabil,37,0,9
USE-00392-202601,SME-2024-00392,2026-01,67.6,10.4,Stabil,81,3,8
USE-00392-202602,SME-2024-00392,2026-02,65.7,9.5,Stabil,2,1,8
USE-00392-202603,SME-2024-00392,2026-03,68.1,9.6,Fluktuatif,2,1,8
USE-00392-202604,SME-2024-00392,2026-04,71.2,10.8,Stabil,37,2,8
USE-00392-202605,SME-2024-00392,2026-05,66.6,9.9,Stabil,80,1,8
USE-00392-202606,SME-2024-00392,2026-06,60.5,8.4,Stabil,64,1,8
USE-00393-202507,SME-2024-00393,2025-07,64.5,9.4,Stabil,12,0,7
USE-00393-202508,SME-2024-00393,2025-08,57.7,8.2,Fluktuatif,23,0,6
USE-00393-202509,SME-2024-00393,2025-09,58.9,8.6,Stabil,127,0,7
USE-00393-202510,SME-2024-00393,2025-10,57.6,8.6,Fluktuatif,19,0,7
USE-00393-202511,SME-2024-00393,2025-11,56.9,8.1,Stabil,21,1,7
USE-00393-202512,SME-2024-00393,2025-12,58.6,9.4,Stabil,51,0,8
USE-00393-202601,SME-2024-00393,2026-01,55.3,8.1,Fluktuatif,9,1,7
USE-00393-202602,SME-2024-00393,2026-02,54.4,7.6,Stabil,3,0,6
USE-00393-202603,SME-2024-00393,2026-03,53.2,8.3,Stabil,27,3,8
USE-00393-202604,SME-2024-00393,2026-04,55.3,9.0,Stabil,61,0,8
USE-00393-202605,SME-2024-00393,2026-05,54.0,8.5,Stabil,4,0,8
USE-00393-202606,SME-2024-00393,2026-06,53.8,8.1,Fluktuatif,117,1,7
USE-00394-202507,SME-2024-00394,2025-07,81.3,12.0,Fluktuatif,22,2,8
USE-00394-202508,SME-2024-00394,2025-08,80.0,11.7,Fluktuatif,24,1,7
USE-00394-202509,SME-2024-00394,2025-09,74.6,12.0,Stabil,3,3,7
USE-00394-202510,SME-2024-00394,2025-10,84.8,12.4,Fluktuatif,35,1,7
USE-00394-202511,SME-2024-00394,2025-11,77.7,11.9,Stabil,15,0,7
USE-00394-202512,SME-2024-00394,2025-12,80.2,12.3,Fluktuatif,7,0,8
USE-00394-202601,SME-2024-00394,2026-01,78.1,11.9,Stabil,50,2,8
USE-00394-202602,SME-2024-00394,2026-02,81.3,12.6,Stabil,14,2,8
USE-00394-202603,SME-2024-00394,2026-03,77.9,11.1,Fluktuatif,22,2,7
USE-00394-202604,SME-2024-00394,2026-04,77.7,12.0,Stabil,1,0,7
USE-00394-202605,SME-2024-00394,2026-05,83.3,11.4,Stabil,21,3,8
USE-00394-202606,SME-2024-00394,2026-06,76.1,11.4,Stabil,2,0,7
USE-00395-202507,SME-2024-00395,2025-07,60.4,8.6,Naik,17,0,9
USE-00395-202508,SME-2024-00395,2025-08,59.5,9.4,Naik,66,0,9
USE-00395-202509,SME-2024-00395,2025-09,63.2,10.6,Naik,30,3,9
USE-00395-202510,SME-2024-00395,2025-10,66.6,9.5,Naik,101,4,8
USE-00395-202511,SME-2024-00395,2025-11,63.4,9.1,Naik,168,2,9
USE-00395-202512,SME-2024-00395,2025-12,63.9,10.1,Naik,14,0,9
USE-00395-202601,SME-2024-00395,2026-01,62.5,8.9,Naik,14,1,9
USE-00395-202602,SME-2024-00395,2026-02,66.4,9.0,Naik,15,1,9
USE-00395-202603,SME-2024-00395,2026-03,68.1,11.5,Naik,0,0,8
USE-00395-202604,SME-2024-00395,2026-04,69.5,11.4,Naik,3,0,9
USE-00395-202605,SME-2024-00395,2026-05,69.1,10.4,Naik,6,1,9
USE-00395-202606,SME-2024-00395,2026-06,70.4,10.1,Naik,14,0,8
USE-00396-202507,SME-2024-00396,2025-07,91.9,13.9,Fluktuatif,70,2,7
USE-00396-202508,SME-2024-00396,2025-08,92.7,14.4,Fluktuatif,45,1,7
USE-00396-202509,SME-2024-00396,2025-09,89.1,13.4,Stabil,5,1,7
USE-00396-202510,SME-2024-00396,2025-10,89.3,13.0,Stabil,39,1,6
USE-00396-202511,SME-2024-00396,2025-11,92.2,13.7,Stabil,23,2,6
USE-00396-202512,SME-2024-00396,2025-12,94.5,13.9,Stabil,19,0,6
USE-00396-202601,SME-2024-00396,2026-01,93.2,13.7,Stabil,37,1,6
USE-00396-202602,SME-2024-00396,2026-02,91.4,13.3,Fluktuatif,4,0,7
USE-00396-202603,SME-2024-00396,2026-03,95.5,13.9,Stabil,44,1,7
USE-00396-202604,SME-2024-00396,2026-04,94.3,14.1,Fluktuatif,11,0,6
USE-00396-202605,SME-2024-00396,2026-05,93.6,13.5,Fluktuatif,84,1,6
USE-00396-202606,SME-2024-00396,2026-06,91.8,13.3,Fluktuatif,25,2,6
USE-00397-202507,SME-2024-00397,2025-07,82.0,13.2,Stabil,5,1,3
USE-00397-202508,SME-2024-00397,2025-08,82.3,12.5,Fluktuatif,116,1,4
USE-00397-202509,SME-2024-00397,2025-09,81.6,12.9,Fluktuatif,16,2,4
USE-00397-202510,SME-2024-00397,2025-10,78.3,12.2,Fluktuatif,34,1,3
USE-00397-202511,SME-2024-00397,2025-11,83.8,12.4,Fluktuatif,8,1,4
USE-00397-202512,SME-2024-00397,2025-12,82.0,12.2,Stabil,50,2,3
USE-00397-202601,SME-2024-00397,2026-01,82.8,12.5,Stabil,21,2,4
USE-00397-202602,SME-2024-00397,2026-02,81.8,11.7,Stabil,6,2,4
USE-00397-202603,SME-2024-00397,2026-03,83.3,12.5,Fluktuatif,95,2,4
USE-00397-202604,SME-2024-00397,2026-04,81.9,11.8,Stabil,60,0,4
USE-00397-202605,SME-2024-00397,2026-05,81.6,12.7,Stabil,5,0,4
USE-00397-202606,SME-2024-00397,2026-06,79.9,12.0,Stabil,36,3,4
USE-00398-202507,SME-2024-00398,2025-07,75.4,11.4,Fluktuatif,34,1,6
USE-00398-202508,SME-2024-00398,2025-08,76.0,11.4,Stabil,32,1,6
USE-00398-202509,SME-2024-00398,2025-09,79.8,12.2,Stabil,58,1,5
USE-00398-202510,SME-2024-00398,2025-10,75.4,10.6,Stabil,38,0,6
USE-00398-202511,SME-2024-00398,2025-11,76.8,12.0,Fluktuatif,42,1,5
USE-00398-202512,SME-2024-00398,2025-12,77.8,11.8,Fluktuatif,22,2,6
USE-00398-202601,SME-2024-00398,2026-01,79.1,12.4,Fluktuatif,145,1,6
USE-00398-202602,SME-2024-00398,2026-02,80.7,11.9,Stabil,44,0,6
USE-00398-202603,SME-2024-00398,2026-03,81.1,12.2,Fluktuatif,35,1,6
USE-00398-202604,SME-2024-00398,2026-04,78.6,12.0,Fluktuatif,1,0,6
USE-00398-202605,SME-2024-00398,2026-05,77.7,10.9,Stabil,42,0,6
USE-00398-202606,SME-2024-00398,2026-06,78.9,12.0,Fluktuatif,47,3,5
USE-00399-202507,SME-2024-00399,2025-07,68.3,10.1,Stabil,34,1,9
USE-00399-202508,SME-2024-00399,2025-08,66.9,10.0,Stabil,28,1,9
USE-00399-202509,SME-2024-00399,2025-09,67.2,10.0,Stabil,27,2,9
USE-00399-202510,SME-2024-00399,2025-10,66.1,10.3,Stabil,4,2,8
USE-00399-202511,SME-2024-00399,2025-11,62.1,9.6,Stabil,41,2,9
USE-00399-202512,SME-2024-00399,2025-12,66.3,10.1,Stabil,6,0,8
USE-00399-202601,SME-2024-00399,2026-01,64.7,10.5,Stabil,7,1,9
USE-00399-202602,SME-2024-00399,2026-02,64.8,9.7,Stabil,16,0,8
USE-00399-202603,SME-2024-00399,2026-03,63.8,10.1,Stabil,52,2,9
USE-00399-202604,SME-2024-00399,2026-04,64.1,10.3,Fluktuatif,48,0,9
USE-00399-202605,SME-2024-00399,2026-05,63.0,9.1,Stabil,9,1,8
USE-00399-202606,SME-2024-00399,2026-06,62.2,9.7,Stabil,23,3,8
USE-00400-202507,SME-2024-00400,2025-07,50.5,7.8,Turun,227,2,8
USE-00400-202508,SME-2024-00400,2025-08,47.2,6.4,Turun,17,0,8
USE-00400-202509,SME-2024-00400,2025-09,48.6,7.3,Turun,0,3,8
USE-00400-202510,SME-2024-00400,2025-10,45.0,6.4,Turun,102,1,8
USE-00400-202511,SME-2024-00400,2025-11,45.5,7.3,Turun,136,2,8
USE-00400-202512,SME-2024-00400,2025-12,40.9,5.6,Turun,64,4,8
USE-00400-202601,SME-2024-00400,2026-01,40.0,5.6,Turun,18,1,8
USE-00400-202602,SME-2024-00400,2026-02,40.2,6.0,Turun,73,3,8
USE-00400-202603,SME-2024-00400,2026-03,41.7,6.5,Turun,25,1,8
USE-00400-202604,SME-2024-00400,2026-04,39.1,5.8,Turun,105,3,8
USE-00400-202605,SME-2024-00400,2026-05,35.5,4.3,Turun,70,2,8
USE-00400-202606,SME-2024-00400,2026-06,35.6,5.1,Turun,98,0,8
USE-00401-202507,SME-2024-00401,2025-07,84.3,12.3,Stabil,2,0,8
USE-00401-202508,SME-2024-00401,2025-08,80.9,11.8,Stabil,13,2,8
USE-00401-202509,SME-2024-00401,2025-09,75.1,11.0,Stabil,14,2,7
USE-00401-202510,SME-2024-00401,2025-10,80.6,12.1,Fluktuatif,12,4,8
USE-00401-202511,SME-2024-00401,2025-11,82.9,11.9,Stabil,24,2,9
USE-00401-202512,SME-2024-00401,2025-12,78.4,12.5,Stabil,9,1,7
USE-00401-202601,SME-2024-00401,2026-01,82.0,12.7,Stabil,4,1,8
USE-00401-202602,SME-2024-00401,2026-02,79.6,11.7,Stabil,1,1,8
USE-00401-202603,SME-2024-00401,2026-03,79.6,11.9,Stabil,57,3,9
USE-00401-202604,SME-2024-00401,2026-04,78.9,11.0,Fluktuatif,47,2,8
USE-00401-202605,SME-2024-00401,2026-05,76.9,11.9,Fluktuatif,7,2,8
USE-00401-202606,SME-2024-00401,2026-06,82.4,11.6,Fluktuatif,59,1,8
USE-00402-202507,SME-2024-00402,2025-07,76.4,11.4,Stabil,64,1,8
USE-00402-202508,SME-2024-00402,2025-08,74.0,11.1,Fluktuatif,6,1,8
USE-00402-202509,SME-2024-00402,2025-09,79.6,11.4,Stabil,2,2,8
USE-00402-202510,SME-2024-00402,2025-10,75.9,10.6,Stabil,21,1,8
USE-00402-202511,SME-2024-00402,2025-11,74.9,11.6,Stabil,15,3,8
USE-00402-202512,SME-2024-00402,2025-12,77.4,11.4,Stabil,33,3,8
USE-00402-202601,SME-2024-00402,2026-01,82.9,12.5,Fluktuatif,10,1,8
USE-00402-202602,SME-2024-00402,2026-02,79.3,10.9,Stabil,41,0,8
USE-00402-202603,SME-2024-00402,2026-03,81.9,12.6,Stabil,21,0,8
USE-00402-202604,SME-2024-00402,2026-04,81.7,12.0,Stabil,160,0,7
USE-00402-202605,SME-2024-00402,2026-05,81.3,12.1,Stabil,11,4,8
USE-00402-202606,SME-2024-00402,2026-06,83.3,11.3,Fluktuatif,45,0,9
USE-00403-202507,SME-2024-00403,2025-07,72.5,10.9,Fluktuatif,0,0,7
USE-00403-202508,SME-2024-00403,2025-08,72.4,11.2,Stabil,0,0,7
USE-00403-202509,SME-2024-00403,2025-09,75.3,11.3,Stabil,37,0,7
USE-00403-202510,SME-2024-00403,2025-10,73.6,10.9,Stabil,19,0,6
USE-00403-202511,SME-2024-00403,2025-11,72.7,11.4,Fluktuatif,8,1,8
USE-00403-202512,SME-2024-00403,2025-12,73.7,10.3,Stabil,43,1,7
USE-00403-202601,SME-2024-00403,2026-01,74.9,10.8,Stabil,77,2,7
USE-00403-202602,SME-2024-00403,2026-02,78.6,12.0,Stabil,18,0,7
USE-00403-202603,SME-2024-00403,2026-03,77.8,11.4,Fluktuatif,53,0,6
USE-00403-202604,SME-2024-00403,2026-04,80.1,12.5,Fluktuatif,36,2,7
USE-00403-202605,SME-2024-00403,2026-05,84.0,12.6,Stabil,46,0,7
USE-00403-202606,SME-2024-00403,2026-06,79.9,11.3,Fluktuatif,61,1,7
USE-00404-202507,SME-2024-00404,2025-07,52.9,8.5,Turun,121,1,7
USE-00404-202508,SME-2024-00404,2025-08,53.5,8.2,Turun,58,0,6
USE-00404-202509,SME-2024-00404,2025-09,52.8,7.1,Turun,27,2,7
USE-00404-202510,SME-2024-00404,2025-10,54.5,8.2,Turun,1,1,6
USE-00404-202511,SME-2024-00404,2025-11,48.8,7.0,Turun,28,1,6
USE-00404-202512,SME-2024-00404,2025-12,47.0,7.6,Turun,3,3,6
USE-00404-202601,SME-2024-00404,2026-01,48.6,7.7,Turun,22,0,6
USE-00404-202602,SME-2024-00404,2026-02,45.1,5.9,Turun,4,1,6
USE-00404-202603,SME-2024-00404,2026-03,43.2,6.1,Turun,40,1,7
USE-00404-202604,SME-2024-00404,2026-04,43.9,7.4,Turun,46,3,6
USE-00404-202605,SME-2024-00404,2026-05,43.8,6.2,Turun,110,1,7
USE-00404-202606,SME-2024-00404,2026-06,42.4,5.6,Turun,19,0,6
USE-00405-202507,SME-2024-00405,2025-07,89.9,14.5,Fluktuatif,10,3,6
USE-00405-202508,SME-2024-00405,2025-08,86.2,12.9,Stabil,12,3,7
USE-00405-202509,SME-2024-00405,2025-09,87.5,12.3,Stabil,31,1,6
USE-00405-202510,SME-2024-00405,2025-10,90.7,14.1,Fluktuatif,0,1,5
USE-00405-202511,SME-2024-00405,2025-11,90.3,14.2,Stabil,1,2,6
USE-00405-202512,SME-2024-00405,2025-12,92.5,13.5,Stabil,17,1,5
USE-00405-202601,SME-2024-00405,2026-01,92.5,13.3,Stabil,22,1,5
USE-00405-202602,SME-2024-00405,2026-02,89.4,14.1,Fluktuatif,21,0,6
USE-00405-202603,SME-2024-00405,2026-03,92.7,14.6,Stabil,0,2,6
USE-00405-202604,SME-2024-00405,2026-04,91.6,13.7,Stabil,2,1,6
USE-00405-202605,SME-2024-00405,2026-05,95.3,13.9,Stabil,107,1,6
USE-00405-202606,SME-2024-00405,2026-06,91.8,14.4,Stabil,58,2,6
USE-00406-202507,SME-2024-00406,2025-07,54.6,8.4,Fluktuatif,30,0,5
USE-00406-202508,SME-2024-00406,2025-08,52.7,7.9,Stabil,10,4,5
USE-00406-202509,SME-2024-00406,2025-09,48.2,7.4,Stabil,1,1,4
USE-00406-202510,SME-2024-00406,2025-10,50.8,7.5,Stabil,14,2,4
USE-00406-202511,SME-2024-00406,2025-11,51.9,7.9,Stabil,31,1,4
USE-00406-202512,SME-2024-00406,2025-12,53.1,7.6,Stabil,87,0,5
USE-00406-202601,SME-2024-00406,2026-01,53.3,8.5,Stabil,46,0,5
USE-00406-202602,SME-2024-00406,2026-02,50.8,7.7,Stabil,236,2,5
USE-00406-202603,SME-2024-00406,2026-03,49.4,7.7,Fluktuatif,13,1,5
USE-00406-202604,SME-2024-00406,2026-04,52.2,6.9,Stabil,18,2,5
USE-00406-202605,SME-2024-00406,2026-05,47.9,7.3,Stabil,4,1,5
USE-00406-202606,SME-2024-00406,2026-06,49.4,7.4,Stabil,113,1,5
USE-00407-202507,SME-2024-00407,2025-07,78.4,11.8,Stabil,11,0,6
USE-00407-202508,SME-2024-00407,2025-08,81.3,12.6,Stabil,45,0,5
USE-00407-202509,SME-2024-00407,2025-09,81.3,12.5,Stabil,111,2,6
USE-00407-202510,SME-2024-00407,2025-10,82.4,12.5,Stabil,206,1,6
USE-00407-202511,SME-2024-00407,2025-11,79.6,12.0,Fluktuatif,21,0,5
USE-00407-202512,SME-2024-00407,2025-12,84.7,12.8,Fluktuatif,131,1,6
USE-00407-202601,SME-2024-00407,2026-01,86.4,11.8,Stabil,29,1,7
USE-00407-202602,SME-2024-00407,2026-02,82.4,11.9,Stabil,27,0,5
USE-00407-202603,SME-2024-00407,2026-03,82.3,11.8,Stabil,70,1,5
USE-00407-202604,SME-2024-00407,2026-04,82.8,12.9,Fluktuatif,6,1,6
USE-00407-202605,SME-2024-00407,2026-05,78.3,11.2,Stabil,31,3,6
USE-00407-202606,SME-2024-00407,2026-06,84.8,13.1,Stabil,116,1,6
USE-00408-202507,SME-2024-00408,2025-07,77.3,12.7,Fluktuatif,1,0,6
USE-00408-202508,SME-2024-00408,2025-08,75.4,11.0,Fluktuatif,40,1,6
USE-00408-202509,SME-2024-00408,2025-09,76.6,11.9,Stabil,50,1,6
USE-00408-202510,SME-2024-00408,2025-10,76.3,11.0,Fluktuatif,2,0,6
USE-00408-202511,SME-2024-00408,2025-11,77.9,11.7,Stabil,1,0,5
USE-00408-202512,SME-2024-00408,2025-12,77.7,11.6,Stabil,29,1,6
USE-00408-202601,SME-2024-00408,2026-01,78.0,12.0,Stabil,0,1,6
USE-00408-202602,SME-2024-00408,2026-02,77.6,11.4,Stabil,15,2,7
USE-00408-202603,SME-2024-00408,2026-03,76.7,10.8,Fluktuatif,27,0,6
USE-00408-202604,SME-2024-00408,2026-04,76.0,11.1,Stabil,42,2,6
USE-00408-202605,SME-2024-00408,2026-05,77.5,11.7,Stabil,47,0,6
USE-00408-202606,SME-2024-00408,2026-06,79.1,12.3,Stabil,3,1,7
USE-00409-202507,SME-2024-00409,2025-07,73.7,10.9,Stabil,60,3,5
USE-00409-202508,SME-2024-00409,2025-08,74.6,11.6,Fluktuatif,10,1,4
USE-00409-202509,SME-2024-00409,2025-09,74.3,11.0,Fluktuatif,65,0,5
USE-00409-202510,SME-2024-00409,2025-10,72.5,11.5,Stabil,36,2,5
USE-00409-202511,SME-2024-00409,2025-11,72.6,10.0,Fluktuatif,63,3,5
USE-00409-202512,SME-2024-00409,2025-12,69.7,10.4,Stabil,11,2,5
USE-00409-202601,SME-2024-00409,2026-01,72.7,10.6,Fluktuatif,32,0,5
USE-00409-202602,SME-2024-00409,2026-02,69.7,11.1,Fluktuatif,11,2,5
USE-00409-202603,SME-2024-00409,2026-03,71.5,11.5,Stabil,48,1,5
USE-00409-202604,SME-2024-00409,2026-04,71.5,10.2,Fluktuatif,25,1,5
USE-00409-202605,SME-2024-00409,2026-05,64.9,9.6,Fluktuatif,17,4,5
USE-00409-202606,SME-2024-00409,2026-06,66.2,9.8,Fluktuatif,97,1,5
USE-00410-202507,SME-2024-00410,2025-07,91.5,13.4,Stabil,0,1,8
USE-00410-202508,SME-2024-00410,2025-08,90.6,12.4,Stabil,112,3,8
USE-00410-202509,SME-2024-00410,2025-09,90.6,14.0,Stabil,45,4,9
USE-00410-202510,SME-2024-00410,2025-10,85.6,12.8,Stabil,72,3,9
USE-00410-202511,SME-2024-00410,2025-11,89.2,13.8,Stabil,43,0,8
USE-00410-202512,SME-2024-00410,2025-12,83.6,12.4,Fluktuatif,38,2,9
USE-00410-202601,SME-2024-00410,2026-01,85.6,13.7,Stabil,147,1,9
USE-00410-202602,SME-2024-00410,2026-02,86.3,13.3,Stabil,4,1,9
USE-00410-202603,SME-2024-00410,2026-03,87.9,13.5,Fluktuatif,16,0,8
USE-00410-202604,SME-2024-00410,2026-04,82.5,13.4,Stabil,48,3,9
USE-00410-202605,SME-2024-00410,2026-05,83.7,13.7,Stabil,2,0,8
USE-00410-202606,SME-2024-00410,2026-06,80.6,12.0,Stabil,57,1,8
USE-00411-202507,SME-2024-00411,2025-07,49.6,8.3,Turun,2,2,8
USE-00411-202508,SME-2024-00411,2025-08,49.0,7.4,Turun,45,0,9
USE-00411-202509,SME-2024-00411,2025-09,49.6,8.0,Turun,64,3,7
USE-00411-202510,SME-2024-00411,2025-10,49.1,7.3,Turun,183,2,8
USE-00411-202511,SME-2024-00411,2025-11,46.2,7.1,Turun,31,4,8
USE-00411-202512,SME-2024-00411,2025-12,46.5,6.2,Turun,68,3,8
USE-00411-202601,SME-2024-00411,2026-01,43.9,6.4,Turun,53,0,8
USE-00411-202602,SME-2024-00411,2026-02,43.6,6.2,Turun,4,2,8
USE-00411-202603,SME-2024-00411,2026-03,42.6,6.4,Turun,170,0,7
USE-00411-202604,SME-2024-00411,2026-04,42.5,6.3,Turun,43,3,8
USE-00411-202605,SME-2024-00411,2026-05,43.7,6.7,Turun,80,1,8
USE-00411-202606,SME-2024-00411,2026-06,40.2,6.1,Turun,42,0,8
USE-00412-202507,SME-2024-00412,2025-07,82.8,11.9,Stabil,29,2,7
USE-00412-202508,SME-2024-00412,2025-08,88.2,13.6,Stabil,27,0,7
USE-00412-202509,SME-2024-00412,2025-09,81.7,12.5,Stabil,5,1,7
USE-00412-202510,SME-2024-00412,2025-10,84.9,13.4,Stabil,57,1,7
USE-00412-202511,SME-2024-00412,2025-11,87.4,12.8,Stabil,28,3,7
USE-00412-202512,SME-2024-00412,2025-12,84.4,12.9,Stabil,62,1,6
USE-00412-202601,SME-2024-00412,2026-01,87.3,12.5,Stabil,31,1,8
USE-00412-202602,SME-2024-00412,2026-02,85.0,12.7,Stabil,94,3,7
USE-00412-202603,SME-2024-00412,2026-03,88.6,13.7,Fluktuatif,18,1,6
USE-00412-202604,SME-2024-00412,2026-04,87.9,13.8,Stabil,108,0,7
USE-00412-202605,SME-2024-00412,2026-05,88.3,14.1,Fluktuatif,94,2,7
USE-00412-202606,SME-2024-00412,2026-06,90.0,13.7,Fluktuatif,7,4,7
USE-00413-202507,SME-2024-00413,2025-07,72.7,10.7,Stabil,125,0,8
USE-00413-202508,SME-2024-00413,2025-08,76.3,10.9,Stabil,202,1,8
USE-00413-202509,SME-2024-00413,2025-09,75.7,11.0,Fluktuatif,34,0,8
USE-00413-202510,SME-2024-00413,2025-10,70.5,9.5,Stabil,17,0,9
USE-00413-202511,SME-2024-00413,2025-11,69.7,10.5,Fluktuatif,21,0,9
USE-00413-202512,SME-2024-00413,2025-12,74.2,11.0,Stabil,20,2,8
USE-00413-202601,SME-2024-00413,2026-01,73.0,10.3,Stabil,17,2,8
USE-00413-202602,SME-2024-00413,2026-02,73.2,11.3,Stabil,69,0,8
USE-00413-202603,SME-2024-00413,2026-03,75.2,11.4,Fluktuatif,67,0,8
USE-00413-202604,SME-2024-00413,2026-04,74.6,10.7,Stabil,20,1,8
USE-00413-202605,SME-2024-00413,2026-05,71.2,11.0,Stabil,15,0,8
USE-00413-202606,SME-2024-00413,2026-06,76.2,11.5,Stabil,1,2,8
USE-00414-202507,SME-2024-00414,2025-07,56.7,8.8,Stabil,8,0,6
USE-00414-202508,SME-2024-00414,2025-08,62.6,9.1,Fluktuatif,84,3,6
USE-00414-202509,SME-2024-00414,2025-09,63.5,10.4,Fluktuatif,5,3,7
USE-00414-202510,SME-2024-00414,2025-10,58.1,8.5,Stabil,83,1,7
USE-00414-202511,SME-2024-00414,2025-11,54.0,8.0,Stabil,5,1,7
USE-00414-202512,SME-2024-00414,2025-12,58.9,9.5,Fluktuatif,2,2,7
USE-00414-202601,SME-2024-00414,2026-01,62.8,9.9,Stabil,24,1,7
USE-00414-202602,SME-2024-00414,2026-02,60.6,9.5,Stabil,101,1,7
USE-00414-202603,SME-2024-00414,2026-03,56.5,8.5,Stabil,18,1,6
USE-00414-202604,SME-2024-00414,2026-04,59.0,9.8,Stabil,1,0,6
USE-00414-202605,SME-2024-00414,2026-05,56.1,8.3,Stabil,26,2,6
USE-00414-202606,SME-2024-00414,2026-06,61.8,9.7,Fluktuatif,0,2,7
USE-00415-202507,SME-2024-00415,2025-07,90.8,13.4,Stabil,4,0,6
USE-00415-202508,SME-2024-00415,2025-08,89.1,12.5,Stabil,5,2,6
USE-00415-202509,SME-2024-00415,2025-09,92.4,14.2,Stabil,70,1,6
USE-00415-202510,SME-2024-00415,2025-10,93.5,14.0,Stabil,22,1,7
USE-00415-202511,SME-2024-00415,2025-11,92.0,14.4,Stabil,25,1,6
USE-00415-202512,SME-2024-00415,2025-12,87.6,13.8,Fluktuatif,56,0,6
USE-00415-202601,SME-2024-00415,2026-01,91.1,13.4,Stabil,4,2,6
USE-00415-202602,SME-2024-00415,2026-02,90.7,14.4,Stabil,16,4,6
USE-00415-202603,SME-2024-00415,2026-03,86.9,12.9,Stabil,18,2,7
USE-00415-202604,SME-2024-00415,2026-04,89.5,13.3,Stabil,8,0,6
USE-00415-202605,SME-2024-00415,2026-05,87.8,12.7,Stabil,13,2,6
USE-00415-202606,SME-2024-00415,2026-06,85.3,12.6,Stabil,0,0,7
USE-00416-202507,SME-2024-00416,2025-07,92.0,12.8,Stabil,11,0,9
USE-00416-202508,SME-2024-00416,2025-08,95.4,13.9,Stabil,1,2,7
USE-00416-202509,SME-2024-00416,2025-09,86.3,12.6,Stabil,1,2,7
USE-00416-202510,SME-2024-00416,2025-10,91.2,14.6,Fluktuatif,0,2,8
USE-00416-202511,SME-2024-00416,2025-11,89.9,13.5,Stabil,42,0,8
USE-00416-202512,SME-2024-00416,2025-12,84.9,13.0,Fluktuatif,33,1,7
USE-00416-202601,SME-2024-00416,2026-01,89.5,13.5,Fluktuatif,6,2,8
USE-00416-202602,SME-2024-00416,2026-02,86.5,13.4,Stabil,7,1,7
USE-00416-202603,SME-2024-00416,2026-03,87.2,12.9,Fluktuatif,89,1,8
USE-00416-202604,SME-2024-00416,2026-04,86.6,12.1,Stabil,20,0,7
USE-00416-202605,SME-2024-00416,2026-05,86.5,12.5,Fluktuatif,7,3,7
USE-00416-202606,SME-2024-00416,2026-06,85.1,13.7,Fluktuatif,153,2,8
USE-00417-202507,SME-2024-00417,2025-07,81.3,11.4,Stabil,24,0,7
USE-00417-202508,SME-2024-00417,2025-08,76.4,11.5,Stabil,74,0,7
USE-00417-202509,SME-2024-00417,2025-09,74.9,10.8,Stabil,14,1,7
USE-00417-202510,SME-2024-00417,2025-10,76.0,11.8,Stabil,63,3,6
USE-00417-202511,SME-2024-00417,2025-11,74.4,10.1,Fluktuatif,4,0,7
USE-00417-202512,SME-2024-00417,2025-12,76.6,12.4,Fluktuatif,2,0,7
USE-00417-202601,SME-2024-00417,2026-01,76.4,11.5,Stabil,14,1,7
USE-00417-202602,SME-2024-00417,2026-02,75.1,10.5,Fluktuatif,15,0,7
USE-00417-202603,SME-2024-00417,2026-03,71.3,10.4,Stabil,21,1,6
USE-00417-202604,SME-2024-00417,2026-04,75.2,11.4,Stabil,21,0,6
USE-00417-202605,SME-2024-00417,2026-05,75.6,11.0,Stabil,0,1,7
USE-00417-202606,SME-2024-00417,2026-06,73.1,11.0,Stabil,7,2,7
USE-00418-202507,SME-2024-00418,2025-07,81.4,11.8,Fluktuatif,110,0,7
USE-00418-202508,SME-2024-00418,2025-08,80.4,12.1,Stabil,28,3,7
USE-00418-202509,SME-2024-00418,2025-09,78.2,11.9,Stabil,86,3,8
USE-00418-202510,SME-2024-00418,2025-10,82.7,12.5,Fluktuatif,36,1,7
USE-00418-202511,SME-2024-00418,2025-11,81.7,12.5,Fluktuatif,25,0,8
USE-00418-202512,SME-2024-00418,2025-12,84.1,12.3,Fluktuatif,72,0,8
USE-00418-202601,SME-2024-00418,2026-01,82.6,11.9,Fluktuatif,14,1,7
USE-00418-202602,SME-2024-00418,2026-02,82.2,12.4,Stabil,8,0,7
USE-00418-202603,SME-2024-00418,2026-03,85.9,13.2,Stabil,14,1,7
USE-00418-202604,SME-2024-00418,2026-04,81.5,12.7,Stabil,30,2,7
USE-00418-202605,SME-2024-00418,2026-05,87.7,12.6,Fluktuatif,21,1,7
USE-00418-202606,SME-2024-00418,2026-06,83.8,12.6,Stabil,12,1,8
USE-00419-202507,SME-2024-00419,2025-07,69.1,10.6,Stabil,6,1,7
USE-00419-202508,SME-2024-00419,2025-08,68.7,10.1,Stabil,37,1,7
USE-00419-202509,SME-2024-00419,2025-09,72.0,11.1,Stabil,2,1,7
USE-00419-202510,SME-2024-00419,2025-10,70.7,10.5,Stabil,23,2,8
USE-00419-202511,SME-2024-00419,2025-11,68.9,10.8,Stabil,3,3,7
USE-00419-202512,SME-2024-00419,2025-12,69.6,9.9,Stabil,16,0,7
USE-00419-202601,SME-2024-00419,2026-01,66.5,9.7,Stabil,63,3,7
USE-00419-202602,SME-2024-00419,2026-02,71.3,10.1,Stabil,49,1,7
USE-00419-202603,SME-2024-00419,2026-03,66.5,10.4,Stabil,18,3,7
USE-00419-202604,SME-2024-00419,2026-04,64.1,9.2,Stabil,14,2,7
USE-00419-202605,SME-2024-00419,2026-05,67.2,10.8,Fluktuatif,129,2,7
USE-00419-202606,SME-2024-00419,2026-06,67.0,9.5,Stabil,0,2,8
USE-00420-202507,SME-2024-00420,2025-07,61.1,9.0,Stabil,20,0,7
USE-00420-202508,SME-2024-00420,2025-08,63.0,9.5,Fluktuatif,14,1,8
USE-00420-202509,SME-2024-00420,2025-09,64.8,10.3,Stabil,36,3,7
USE-00420-202510,SME-2024-00420,2025-10,64.4,10.0,Stabil,34,1,8
USE-00420-202511,SME-2024-00420,2025-11,60.8,8.8,Stabil,46,0,8
USE-00420-202512,SME-2024-00420,2025-12,63.9,9.5,Stabil,28,0,8
USE-00420-202601,SME-2024-00420,2026-01,63.5,9.9,Stabil,81,1,8
USE-00420-202602,SME-2024-00420,2026-02,67.9,9.7,Stabil,94,1,8
USE-00420-202603,SME-2024-00420,2026-03,61.7,8.9,Fluktuatif,11,0,8
USE-00420-202604,SME-2024-00420,2026-04,63.4,9.9,Stabil,34,1,8
USE-00420-202605,SME-2024-00420,2026-05,63.1,9.0,Stabil,41,2,8
USE-00420-202606,SME-2024-00420,2026-06,64.1,9.7,Fluktuatif,3,1,8
USE-00421-202507,SME-2024-00421,2025-07,57.4,8.1,Turun,17,2,7
USE-00421-202508,SME-2024-00421,2025-08,53.0,6.9,Turun,4,1,8
USE-00421-202509,SME-2024-00421,2025-09,52.5,7.3,Turun,9,1,7
USE-00421-202510,SME-2024-00421,2025-10,52.8,7.4,Turun,62,0,7
USE-00421-202511,SME-2024-00421,2025-11,54.3,8.0,Turun,2,1,7
USE-00421-202512,SME-2024-00421,2025-12,53.6,7.5,Turun,1,0,6
USE-00421-202601,SME-2024-00421,2026-01,46.7,6.9,Turun,59,3,7
USE-00421-202602,SME-2024-00421,2026-02,48.7,7.0,Turun,28,2,7
USE-00421-202603,SME-2024-00421,2026-03,44.1,7.2,Turun,0,1,7
USE-00421-202604,SME-2024-00421,2026-04,47.3,7.7,Turun,40,2,7
USE-00421-202605,SME-2024-00421,2026-05,42.1,6.7,Turun,19,2,7
USE-00421-202606,SME-2024-00421,2026-06,37.1,4.2,Turun,132,4,7
USE-00422-202507,SME-2024-00422,2025-07,84.1,12.4,Stabil,5,3,9
USE-00422-202508,SME-2024-00422,2025-08,81.5,12.1,Stabil,70,0,9
USE-00422-202509,SME-2024-00422,2025-09,82.4,12.4,Stabil,11,0,9
USE-00422-202510,SME-2024-00422,2025-10,79.2,13.3,Stabil,7,1,9
USE-00422-202511,SME-2024-00422,2025-11,77.9,11.6,Stabil,0,2,8
USE-00422-202512,SME-2024-00422,2025-12,79.2,11.9,Fluktuatif,94,1,9
USE-00422-202601,SME-2024-00422,2026-01,81.7,11.7,Stabil,52,1,9
USE-00422-202602,SME-2024-00422,2026-02,83.8,13.3,Stabil,76,1,8
USE-00422-202603,SME-2024-00422,2026-03,80.9,12.3,Fluktuatif,172,1,9
USE-00422-202604,SME-2024-00422,2026-04,81.0,12.8,Stabil,17,1,9
USE-00422-202605,SME-2024-00422,2026-05,85.4,11.9,Fluktuatif,26,2,9
USE-00422-202606,SME-2024-00422,2026-06,84.0,12.2,Stabil,133,0,9
USE-00423-202507,SME-2024-00423,2025-07,87.2,12.0,Stabil,5,0,8
USE-00423-202508,SME-2024-00423,2025-08,85.4,12.7,Stabil,30,1,8
USE-00423-202509,SME-2024-00423,2025-09,88.7,14.0,Stabil,22,2,8
USE-00423-202510,SME-2024-00423,2025-10,89.0,13.6,Stabil,13,1,8
USE-00423-202511,SME-2024-00423,2025-11,86.9,13.0,Stabil,40,0,8
USE-00423-202512,SME-2024-00423,2025-12,86.1,13.5,Stabil,7,0,9
USE-00423-202601,SME-2024-00423,2026-01,87.2,12.9,Fluktuatif,10,3,8
USE-00423-202602,SME-2024-00423,2026-02,87.4,14.3,Fluktuatif,1,1,9
USE-00423-202603,SME-2024-00423,2026-03,85.3,13.7,Fluktuatif,8,2,8
USE-00423-202604,SME-2024-00423,2026-04,90.1,13.3,Fluktuatif,8,0,8
USE-00423-202605,SME-2024-00423,2026-05,87.5,13.5,Stabil,15,1,9
USE-00423-202606,SME-2024-00423,2026-06,91.4,13.6,Stabil,37,2,8
USE-00424-202507,SME-2024-00424,2025-07,78.5,11.5,Fluktuatif,30,1,4
USE-00424-202508,SME-2024-00424,2025-08,79.2,12.8,Stabil,86,2,5
USE-00424-202509,SME-2024-00424,2025-09,77.4,12.3,Fluktuatif,31,1,6
USE-00424-202510,SME-2024-00424,2025-10,78.7,12.4,Fluktuatif,63,2,5
USE-00424-202511,SME-2024-00424,2025-11,78.2,11.7,Fluktuatif,16,2,5
USE-00424-202512,SME-2024-00424,2025-12,74.6,11.4,Stabil,12,0,5
USE-00424-202601,SME-2024-00424,2026-01,79.8,11.6,Fluktuatif,17,1,6
USE-00424-202602,SME-2024-00424,2026-02,73.7,10.5,Stabil,24,1,6
USE-00424-202603,SME-2024-00424,2026-03,75.1,11.1,Stabil,42,2,5
USE-00424-202604,SME-2024-00424,2026-04,78.4,11.7,Stabil,53,1,5
USE-00424-202605,SME-2024-00424,2026-05,76.2,11.0,Fluktuatif,28,3,5
USE-00424-202606,SME-2024-00424,2026-06,74.4,10.9,Stabil,8,3,6
USE-00425-202507,SME-2024-00425,2025-07,78.3,11.4,Stabil,37,3,7
USE-00425-202508,SME-2024-00425,2025-08,81.0,11.8,Fluktuatif,95,1,7
USE-00425-202509,SME-2024-00425,2025-09,77.7,11.7,Fluktuatif,2,2,7
USE-00425-202510,SME-2024-00425,2025-10,78.3,11.9,Stabil,64,3,7
USE-00425-202511,SME-2024-00425,2025-11,80.6,12.1,Stabil,17,2,7
USE-00425-202512,SME-2024-00425,2025-12,82.7,12.3,Stabil,0,4,7
USE-00425-202601,SME-2024-00425,2026-01,83.0,12.7,Stabil,123,1,7
USE-00425-202602,SME-2024-00425,2026-02,76.3,10.1,Fluktuatif,7,2,7
USE-00425-202603,SME-2024-00425,2026-03,79.5,12.5,Stabil,127,0,7
USE-00425-202604,SME-2024-00425,2026-04,79.9,11.7,Stabil,7,1,7
USE-00425-202605,SME-2024-00425,2026-05,78.7,11.0,Fluktuatif,52,0,7
USE-00425-202606,SME-2024-00425,2026-06,77.9,11.9,Fluktuatif,56,1,7
USE-00426-202507,SME-2024-00426,2025-07,80.6,12.6,Stabil,12,3,9
USE-00426-202508,SME-2024-00426,2025-08,79.4,11.8,Stabil,17,1,8
USE-00426-202509,SME-2024-00426,2025-09,83.0,13.2,Fluktuatif,15,2,8
USE-00426-202510,SME-2024-00426,2025-10,83.7,12.1,Fluktuatif,11,1,9
USE-00426-202511,SME-2024-00426,2025-11,84.7,13.5,Fluktuatif,12,2,8
USE-00426-202512,SME-2024-00426,2025-12,82.5,12.4,Stabil,38,1,8
USE-00426-202601,SME-2024-00426,2026-01,84.2,12.0,Stabil,16,3,8
USE-00426-202602,SME-2024-00426,2026-02,82.4,12.1,Fluktuatif,19,0,8
USE-00426-202603,SME-2024-00426,2026-03,83.1,12.3,Stabil,13,1,8
USE-00426-202604,SME-2024-00426,2026-04,85.7,12.4,Stabil,32,1,8
USE-00426-202605,SME-2024-00426,2026-05,83.1,12.5,Stabil,48,2,8
USE-00426-202606,SME-2024-00426,2026-06,85.8,12.7,Stabil,23,1,9
USE-00427-202507,SME-2024-00427,2025-07,68.3,10.2,Stabil,64,0,6
USE-00427-202508,SME-2024-00427,2025-08,69.4,10.2,Fluktuatif,43,0,7
USE-00427-202509,SME-2024-00427,2025-09,68.7,10.0,Fluktuatif,8,1,7
USE-00427-202510,SME-2024-00427,2025-10,71.5,10.5,Fluktuatif,8,1,7
USE-00427-202511,SME-2024-00427,2025-11,67.9,10.4,Fluktuatif,9,1,7
USE-00427-202512,SME-2024-00427,2025-12,68.7,9.6,Stabil,118,1,7
USE-00427-202601,SME-2024-00427,2026-01,64.9,10.7,Stabil,73,1,7
USE-00427-202602,SME-2024-00427,2026-02,63.7,9.4,Stabil,14,0,7
USE-00427-202603,SME-2024-00427,2026-03,67.7,9.9,Fluktuatif,14,0,7
USE-00427-202604,SME-2024-00427,2026-04,64.7,9.9,Stabil,6,0,7
USE-00427-202605,SME-2024-00427,2026-05,63.8,8.6,Stabil,32,0,7
USE-00427-202606,SME-2024-00427,2026-06,63.6,9.7,Fluktuatif,17,1,7
USE-00428-202507,SME-2024-00428,2025-07,61.8,9.1,Fluktuatif,1,3,7
USE-00428-202508,SME-2024-00428,2025-08,66.5,9.7,Stabil,119,0,7
USE-00428-202509,SME-2024-00428,2025-09,66.7,10.3,Stabil,1,2,7
USE-00428-202510,SME-2024-00428,2025-10,67.4,10.2,Stabil,26,2,7
USE-00428-202511,SME-2024-00428,2025-11,64.1,9.5,Stabil,59,1,7
USE-00428-202512,SME-2024-00428,2025-12,62.8,9.3,Stabil,94,0,9
USE-00428-202601,SME-2024-00428,2026-01,63.1,10.0,Stabil,5,1,8
USE-00428-202602,SME-2024-00428,2026-02,65.0,9.7,Fluktuatif,87,2,7
USE-00428-202603,SME-2024-00428,2026-03,62.2,8.6,Stabil,36,2,7
USE-00428-202604,SME-2024-00428,2026-04,66.2,10.3,Stabil,39,0,8
USE-00428-202605,SME-2024-00428,2026-05,65.7,10.3,Stabil,48,4,7
USE-00428-202606,SME-2024-00428,2026-06,66.3,10.2,Stabil,80,1,7
USE-00429-202507,SME-2024-00429,2025-07,66.8,9.7,Stabil,24,1,7
USE-00429-202508,SME-2024-00429,2025-08,70.8,10.5,Stabil,18,3,8
USE-00429-202509,SME-2024-00429,2025-09,72.6,10.7,Stabil,7,1,7
USE-00429-202510,SME-2024-00429,2025-10,69.9,10.7,Fluktuatif,33,0,7
USE-00429-202511,SME-2024-00429,2025-11,70.3,10.1,Stabil,28,2,7
USE-00429-202512,SME-2024-00429,2025-12,63.5,9.8,Stabil,27,0,7
USE-00429-202601,SME-2024-00429,2026-01,67.4,10.2,Fluktuatif,47,0,7
USE-00429-202602,SME-2024-00429,2026-02,70.3,10.7,Stabil,26,1,7
USE-00429-202603,SME-2024-00429,2026-03,69.6,10.2,Fluktuatif,28,2,6
USE-00429-202604,SME-2024-00429,2026-04,66.1,9.0,Stabil,32,0,7
USE-00429-202605,SME-2024-00429,2026-05,68.3,10.7,Stabil,3,0,7
USE-00429-202606,SME-2024-00429,2026-06,68.3,9.5,Stabil,39,1,7
USE-00430-202507,SME-2024-00430,2025-07,59.9,8.5,Stabil,14,0,8
USE-00430-202508,SME-2024-00430,2025-08,60.6,9.5,Stabil,52,3,8
USE-00430-202509,SME-2024-00430,2025-09,58.0,8.1,Stabil,25,2,8
USE-00430-202510,SME-2024-00430,2025-10,58.2,8.6,Fluktuatif,15,0,8
USE-00430-202511,SME-2024-00430,2025-11,57.2,8.3,Stabil,41,0,8
USE-00430-202512,SME-2024-00430,2025-12,57.3,9.7,Stabil,1,0,8
USE-00430-202601,SME-2024-00430,2026-01,59.2,9.1,Stabil,9,1,8
USE-00430-202602,SME-2024-00430,2026-02,57.7,8.5,Fluktuatif,51,1,8
USE-00430-202603,SME-2024-00430,2026-03,58.4,7.9,Fluktuatif,2,0,9
USE-00430-202604,SME-2024-00430,2026-04,56.2,8.6,Stabil,16,2,8
USE-00430-202605,SME-2024-00430,2026-05,61.2,8.7,Fluktuatif,47,1,8
USE-00430-202606,SME-2024-00430,2026-06,60.2,8.7,Fluktuatif,41,2,7
USE-00431-202507,SME-2024-00431,2025-07,72.8,10.2,Fluktuatif,100,0,7
USE-00431-202508,SME-2024-00431,2025-08,72.8,11.3,Stabil,7,1,8
USE-00431-202509,SME-2024-00431,2025-09,69.3,11.7,Stabil,76,0,8
USE-00431-202510,SME-2024-00431,2025-10,69.5,10.1,Stabil,1,0,8
USE-00431-202511,SME-2024-00431,2025-11,76.8,12.1,Stabil,7,4,8
USE-00431-202512,SME-2024-00431,2025-12,73.8,10.9,Stabil,49,1,7
USE-00431-202601,SME-2024-00431,2026-01,71.2,10.5,Stabil,11,2,7
USE-00431-202602,SME-2024-00431,2026-02,73.3,11.5,Stabil,58,0,7
USE-00431-202603,SME-2024-00431,2026-03,73.5,10.3,Stabil,4,1,8
USE-00431-202604,SME-2024-00431,2026-04,72.6,10.8,Fluktuatif,69,0,8
USE-00431-202605,SME-2024-00431,2026-05,72.8,11.4,Stabil,4,1,8
USE-00431-202606,SME-2024-00431,2026-06,67.6,10.2,Stabil,34,2,7
USE-00432-202507,SME-2024-00432,2025-07,93.7,15.0,Stabil,12,1,7
USE-00432-202508,SME-2024-00432,2025-08,94.9,14.2,Stabil,89,1,8
USE-00432-202509,SME-2024-00432,2025-09,91.9,14.8,Stabil,45,0,8
USE-00432-202510,SME-2024-00432,2025-10,90.0,12.7,Stabil,9,3,8
USE-00432-202511,SME-2024-00432,2025-11,91.5,13.8,Stabil,47,4,8
USE-00432-202512,SME-2024-00432,2025-12,90.6,14.2,Fluktuatif,5,1,8
USE-00432-202601,SME-2024-00432,2026-01,94.5,14.2,Fluktuatif,0,1,8
USE-00432-202602,SME-2024-00432,2026-02,95.4,14.1,Fluktuatif,91,0,8
USE-00432-202603,SME-2024-00432,2026-03,91.5,13.5,Stabil,56,1,9
USE-00432-202604,SME-2024-00432,2026-04,93.8,13.6,Stabil,2,0,8
USE-00432-202605,SME-2024-00432,2026-05,90.9,13.8,Stabil,6,2,8
USE-00432-202606,SME-2024-00432,2026-06,92.1,14.1,Stabil,24,0,8
USE-00433-202507,SME-2024-00433,2025-07,71.6,11.7,Stabil,64,0,6
USE-00433-202508,SME-2024-00433,2025-08,73.4,11.6,Stabil,24,3,6
USE-00433-202509,SME-2024-00433,2025-09,73.3,10.6,Stabil,182,2,7
USE-00433-202510,SME-2024-00433,2025-10,74.5,11.8,Fluktuatif,52,0,6
USE-00433-202511,SME-2024-00433,2025-11,71.3,11.5,Stabil,0,3,6
USE-00433-202512,SME-2024-00433,2025-12,74.2,10.4,Stabil,16,1,6
USE-00433-202601,SME-2024-00433,2026-01,71.1,10.5,Stabil,16,2,6
USE-00433-202602,SME-2024-00433,2026-02,75.1,11.5,Fluktuatif,89,0,6
USE-00433-202603,SME-2024-00433,2026-03,74.1,10.8,Stabil,6,4,6
USE-00433-202604,SME-2024-00433,2026-04,69.9,10.2,Fluktuatif,24,0,6
USE-00433-202605,SME-2024-00433,2026-05,72.8,11.4,Stabil,13,2,6
USE-00433-202606,SME-2024-00433,2026-06,67.7,10.5,Stabil,29,2,6
USE-00434-202507,SME-2024-00434,2025-07,87.6,13.5,Stabil,28,0,6
USE-00434-202508,SME-2024-00434,2025-08,86.1,12.9,Stabil,23,3,6
USE-00434-202509,SME-2024-00434,2025-09,85.9,11.9,Stabil,46,1,6
USE-00434-202510,SME-2024-00434,2025-10,86.4,13.2,Stabil,17,0,6
USE-00434-202511,SME-2024-00434,2025-11,87.4,13.5,Stabil,31,3,6
USE-00434-202512,SME-2024-00434,2025-12,86.3,13.3,Fluktuatif,51,2,6
USE-00434-202601,SME-2024-00434,2026-01,91.0,13.4,Stabil,28,2,6
USE-00434-202602,SME-2024-00434,2026-02,87.2,13.3,Fluktuatif,13,1,6
USE-00434-202603,SME-2024-00434,2026-03,89.1,13.6,Stabil,2,2,6
USE-00434-202604,SME-2024-00434,2026-04,90.2,14.1,Stabil,15,0,7
USE-00434-202605,SME-2024-00434,2026-05,90.0,12.6,Fluktuatif,13,2,6
USE-00434-202606,SME-2024-00434,2026-06,87.7,12.6,Fluktuatif,122,0,7
USE-00435-202507,SME-2024-00435,2025-07,68.3,10.1,Turun,8,0,6
USE-00435-202508,SME-2024-00435,2025-08,67.0,9.9,Turun,0,2,6
USE-00435-202509,SME-2024-00435,2025-09,62.5,9.5,Turun,6,1,5
USE-00435-202510,SME-2024-00435,2025-10,66.5,10.1,Turun,5,1,5
USE-00435-202511,SME-2024-00435,2025-11,65.2,10.8,Turun,0,1,5
USE-00435-202512,SME-2024-00435,2025-12,63.5,9.3,Turun,13,0,6
USE-00435-202601,SME-2024-00435,2026-01,61.0,8.7,Turun,42,0,6
USE-00435-202602,SME-2024-00435,2026-02,56.4,8.3,Turun,96,2,5
USE-00435-202603,SME-2024-00435,2026-03,57.7,8.2,Turun,26,4,6
USE-00435-202604,SME-2024-00435,2026-04,56.7,8.1,Turun,14,2,5
USE-00435-202605,SME-2024-00435,2026-05,57.8,9.5,Turun,3,2,6
USE-00435-202606,SME-2024-00435,2026-06,55.6,8.1,Turun,34,0,6
USE-00436-202507,SME-2024-00436,2025-07,89.7,13.1,Stabil,34,2,6
USE-00436-202508,SME-2024-00436,2025-08,92.9,13.7,Stabil,19,1,6
USE-00436-202509,SME-2024-00436,2025-09,86.9,13.6,Stabil,92,1,7
USE-00436-202510,SME-2024-00436,2025-10,88.2,13.3,Stabil,15,2,6
USE-00436-202511,SME-2024-00436,2025-11,90.8,13.7,Stabil,65,1,6
USE-00436-202512,SME-2024-00436,2025-12,91.2,13.4,Stabil,37,3,6
USE-00436-202601,SME-2024-00436,2026-01,90.5,14.1,Fluktuatif,57,0,8
USE-00436-202602,SME-2024-00436,2026-02,91.4,13.8,Stabil,38,0,7
USE-00436-202603,SME-2024-00436,2026-03,89.8,13.9,Fluktuatif,11,3,7
USE-00436-202604,SME-2024-00436,2026-04,90.4,14.1,Stabil,129,0,7
USE-00436-202605,SME-2024-00436,2026-05,93.9,13.7,Stabil,52,1,7
USE-00436-202606,SME-2024-00436,2026-06,92.7,14.4,Stabil,28,1,7
USE-00437-202507,SME-2024-00437,2025-07,97.3,14.3,Fluktuatif,14,2,9
USE-00437-202508,SME-2024-00437,2025-08,92.0,14.3,Stabil,13,0,9
USE-00437-202509,SME-2024-00437,2025-09,97.7,16.0,Stabil,94,2,9
USE-00437-202510,SME-2024-00437,2025-10,90.9,13.6,Stabil,45,2,10
USE-00437-202511,SME-2024-00437,2025-11,94.3,14.0,Fluktuatif,41,2,9
USE-00437-202512,SME-2024-00437,2025-12,95.8,13.4,Fluktuatif,58,1,9
USE-00437-202601,SME-2024-00437,2026-01,93.0,13.4,Stabil,39,0,9
USE-00437-202602,SME-2024-00437,2026-02,94.9,14.3,Stabil,18,2,9
USE-00437-202603,SME-2024-00437,2026-03,95.7,14.7,Stabil,55,1,9
USE-00437-202604,SME-2024-00437,2026-04,93.7,13.5,Fluktuatif,43,1,9
USE-00437-202605,SME-2024-00437,2026-05,95.8,14.5,Stabil,44,1,9
USE-00437-202606,SME-2024-00437,2026-06,95.1,14.3,Stabil,26,1,9
USE-00438-202507,SME-2024-00438,2025-07,80.8,12.6,Stabil,24,1,7
USE-00438-202508,SME-2024-00438,2025-08,82.8,12.8,Fluktuatif,18,0,8
USE-00438-202509,SME-2024-00438,2025-09,78.3,11.7,Stabil,51,1,7
USE-00438-202510,SME-2024-00438,2025-10,79.7,11.7,Stabil,49,2,8
USE-00438-202511,SME-2024-00438,2025-11,84.4,13.3,Stabil,1,4,8
USE-00438-202512,SME-2024-00438,2025-12,83.2,12.2,Stabil,119,1,7
USE-00438-202601,SME-2024-00438,2026-01,84.5,11.9,Stabil,19,2,8
USE-00438-202602,SME-2024-00438,2026-02,83.9,12.6,Stabil,69,1,8
USE-00438-202603,SME-2024-00438,2026-03,82.7,11.8,Stabil,6,0,7
USE-00438-202604,SME-2024-00438,2026-04,80.9,10.9,Fluktuatif,11,1,8
USE-00438-202605,SME-2024-00438,2026-05,81.4,12.6,Stabil,5,3,8
USE-00438-202606,SME-2024-00438,2026-06,84.5,12.9,Stabil,42,0,8
USE-00439-202507,SME-2024-00439,2025-07,64.7,9.4,Stabil,146,4,9
USE-00439-202508,SME-2024-00439,2025-08,64.7,10.0,Stabil,74,3,8
USE-00439-202509,SME-2024-00439,2025-09,65.9,9.4,Fluktuatif,10,1,9
USE-00439-202510,SME-2024-00439,2025-10,62.7,9.3,Stabil,3,1,9
USE-00439-202511,SME-2024-00439,2025-11,66.3,9.7,Stabil,0,2,9
USE-00439-202512,SME-2024-00439,2025-12,63.0,9.5,Stabil,35,1,8
USE-00439-202601,SME-2024-00439,2026-01,62.9,9.5,Fluktuatif,33,2,9
USE-00439-202602,SME-2024-00439,2026-02,62.9,9.6,Stabil,30,1,9
USE-00439-202603,SME-2024-00439,2026-03,63.7,9.8,Stabil,39,2,8
USE-00439-202604,SME-2024-00439,2026-04,67.3,9.7,Fluktuatif,57,2,9
USE-00439-202605,SME-2024-00439,2026-05,64.1,9.2,Stabil,4,1,9
USE-00439-202606,SME-2024-00439,2026-06,65.5,9.8,Fluktuatif,112,1,9
USE-00440-202507,SME-2024-00440,2025-07,82.8,11.6,Stabil,18,0,9
USE-00440-202508,SME-2024-00440,2025-08,81.5,12.7,Fluktuatif,223,1,9
USE-00440-202509,SME-2024-00440,2025-09,83.2,13.0,Stabil,21,0,8
USE-00440-202510,SME-2024-00440,2025-10,84.2,12.1,Stabil,14,2,8
USE-00440-202511,SME-2024-00440,2025-11,81.9,12.7,Stabil,1,1,8
USE-00440-202512,SME-2024-00440,2025-12,81.3,13.2,Stabil,21,1,8
USE-00440-202601,SME-2024-00440,2026-01,84.5,12.7,Stabil,0,2,8
USE-00440-202602,SME-2024-00440,2026-02,81.5,12.6,Stabil,11,1,8
USE-00440-202603,SME-2024-00440,2026-03,84.2,11.9,Stabil,22,2,8
USE-00440-202604,SME-2024-00440,2026-04,83.3,12.2,Fluktuatif,101,1,8
USE-00440-202605,SME-2024-00440,2026-05,81.7,11.2,Stabil,34,1,8
USE-00440-202606,SME-2024-00440,2026-06,82.9,12.4,Fluktuatif,3,3,8
USE-00441-202507,SME-2024-00441,2025-07,49.5,6.9,Turun,20,2,7
USE-00441-202508,SME-2024-00441,2025-08,47.1,6.9,Turun,20,1,8
USE-00441-202509,SME-2024-00441,2025-09,48.7,8.1,Turun,89,1,7
USE-00441-202510,SME-2024-00441,2025-10,49.6,7.8,Turun,13,3,8
USE-00441-202511,SME-2024-00441,2025-11,50.5,7.2,Turun,35,1,7
USE-00441-202512,SME-2024-00441,2025-12,45.1,6.9,Turun,36,0,8
USE-00441-202601,SME-2024-00441,2026-01,46.6,6.5,Turun,20,0,7
USE-00441-202602,SME-2024-00441,2026-02,44.2,6.0,Turun,10,1,8
USE-00441-202603,SME-2024-00441,2026-03,41.0,6.5,Turun,35,2,8
USE-00441-202604,SME-2024-00441,2026-04,37.1,5.0,Turun,18,0,7
USE-00441-202605,SME-2024-00441,2026-05,41.4,6.2,Turun,13,2,7
USE-00441-202606,SME-2024-00441,2026-06,38.6,6.2,Turun,93,0,8
USE-00442-202507,SME-2024-00442,2025-07,77.7,11.7,Fluktuatif,4,0,8
USE-00442-202508,SME-2024-00442,2025-08,78.2,11.6,Fluktuatif,7,2,8
USE-00442-202509,SME-2024-00442,2025-09,80.5,13.2,Stabil,66,3,8
USE-00442-202510,SME-2024-00442,2025-10,77.5,11.8,Fluktuatif,66,2,8
USE-00442-202511,SME-2024-00442,2025-11,79.1,12.1,Fluktuatif,37,1,8
USE-00442-202512,SME-2024-00442,2025-12,79.9,10.6,Fluktuatif,35,0,8
USE-00442-202601,SME-2024-00442,2026-01,81.9,12.3,Stabil,21,0,8
USE-00442-202602,SME-2024-00442,2026-02,80.4,12.7,Fluktuatif,10,3,7
USE-00442-202603,SME-2024-00442,2026-03,82.6,13.2,Stabil,5,1,8
USE-00442-202604,SME-2024-00442,2026-04,83.4,13.3,Fluktuatif,11,1,8
USE-00442-202605,SME-2024-00442,2026-05,83.9,11.7,Fluktuatif,7,2,8
USE-00442-202606,SME-2024-00442,2026-06,81.7,12.6,Fluktuatif,34,2,8
USE-00443-202507,SME-2024-00443,2025-07,71.3,10.5,Stabil,77,2,6
USE-00443-202508,SME-2024-00443,2025-08,72.0,11.3,Fluktuatif,1,0,6
USE-00443-202509,SME-2024-00443,2025-09,71.1,10.6,Stabil,7,0,6
USE-00443-202510,SME-2024-00443,2025-10,70.1,10.2,Stabil,53,0,7
USE-00443-202511,SME-2024-00443,2025-11,69.5,10.7,Stabil,10,1,6
USE-00443-202512,SME-2024-00443,2025-12,70.3,9.9,Stabil,6,1,6
USE-00443-202601,SME-2024-00443,2026-01,74.1,11.1,Stabil,15,0,7
USE-00443-202602,SME-2024-00443,2026-02,73.6,10.5,Fluktuatif,25,0,6
USE-00443-202603,SME-2024-00443,2026-03,73.9,11.2,Stabil,2,2,6
USE-00443-202604,SME-2024-00443,2026-04,71.4,10.7,Stabil,6,1,6
USE-00443-202605,SME-2024-00443,2026-05,77.1,11.7,Stabil,61,1,6
USE-00443-202606,SME-2024-00443,2026-06,71.9,12.0,Fluktuatif,12,1,6
USE-00444-202507,SME-2024-00444,2025-07,86.8,13.2,Stabil,6,2,6
USE-00444-202508,SME-2024-00444,2025-08,89.0,13.8,Fluktuatif,15,2,6
USE-00444-202509,SME-2024-00444,2025-09,84.9,12.1,Stabil,2,1,6
USE-00444-202510,SME-2024-00444,2025-10,83.1,12.0,Stabil,36,0,6
USE-00444-202511,SME-2024-00444,2025-11,86.8,12.8,Stabil,72,1,6
USE-00444-202512,SME-2024-00444,2025-12,88.0,13.4,Fluktuatif,5,2,5
USE-00444-202601,SME-2024-00444,2026-01,87.2,13.2,Stabil,13,2,6
USE-00444-202602,SME-2024-00444,2026-02,88.2,13.3,Stabil,29,0,6
USE-00444-202603,SME-2024-00444,2026-03,87.7,12.9,Stabil,111,5,6
USE-00444-202604,SME-2024-00444,2026-04,91.4,13.7,Stabil,5,0,6
USE-00444-202605,SME-2024-00444,2026-05,90.5,13.6,Fluktuatif,0,3,6
USE-00444-202606,SME-2024-00444,2026-06,88.9,13.4,Stabil,68,0,6
USE-00445-202507,SME-2024-00445,2025-07,57.8,8.0,Turun,51,0,6
USE-00445-202508,SME-2024-00445,2025-08,56.9,8.9,Turun,5,1,6
USE-00445-202509,SME-2024-00445,2025-09,53.4,8.1,Turun,0,1,6
USE-00445-202510,SME-2024-00445,2025-10,52.2,7.7,Turun,83,0,6
USE-00445-202511,SME-2024-00445,2025-11,49.3,7.0,Turun,9,0,6
USE-00445-202512,SME-2024-00445,2025-12,52.7,8.0,Turun,22,2,5
USE-00445-202601,SME-2024-00445,2026-01,46.8,7.0,Turun,12,2,5
USE-00445-202602,SME-2024-00445,2026-02,52.8,8.3,Turun,11,1,6
USE-00445-202603,SME-2024-00445,2026-03,49.9,7.6,Turun,5,0,6
USE-00445-202604,SME-2024-00445,2026-04,52.5,8.0,Turun,43,2,5
USE-00445-202605,SME-2024-00445,2026-05,44.0,6.1,Turun,43,4,6
USE-00445-202606,SME-2024-00445,2026-06,46.0,6.7,Turun,118,0,5
USE-00446-202507,SME-2024-00446,2025-07,70.9,10.9,Stabil,23,1,8
USE-00446-202508,SME-2024-00446,2025-08,71.9,10.2,Stabil,42,0,9
USE-00446-202509,SME-2024-00446,2025-09,68.0,10.2,Fluktuatif,5,3,8
USE-00446-202510,SME-2024-00446,2025-10,70.4,10.6,Fluktuatif,43,2,8
USE-00446-202511,SME-2024-00446,2025-11,65.5,10.3,Stabil,20,3,8
USE-00446-202512,SME-2024-00446,2025-12,64.9,9.1,Stabil,70,2,8
USE-00446-202601,SME-2024-00446,2026-01,65.4,9.7,Stabil,7,1,7
USE-00446-202602,SME-2024-00446,2026-02,61.7,8.6,Stabil,35,1,9
USE-00446-202603,SME-2024-00446,2026-03,63.2,10.2,Stabil,112,2,8
USE-00446-202604,SME-2024-00446,2026-04,63.2,10.1,Stabil,17,1,8
USE-00446-202605,SME-2024-00446,2026-05,63.0,9.1,Stabil,26,1,8
USE-00446-202606,SME-2024-00446,2026-06,61.7,9.5,Stabil,104,2,8
USE-00447-202507,SME-2024-00447,2025-07,63.3,9.8,Stabil,33,1,7
USE-00447-202508,SME-2024-00447,2025-08,63.8,10.0,Stabil,21,1,7
USE-00447-202509,SME-2024-00447,2025-09,62.4,10.2,Fluktuatif,5,0,7
USE-00447-202510,SME-2024-00447,2025-10,61.9,9.5,Stabil,1,1,6
USE-00447-202511,SME-2024-00447,2025-11,60.0,8.9,Stabil,25,3,7
USE-00447-202512,SME-2024-00447,2025-12,61.6,9.7,Stabil,63,0,7
USE-00447-202601,SME-2024-00447,2026-01,65.8,11.0,Stabil,18,2,7
USE-00447-202602,SME-2024-00447,2026-02,61.8,9.0,Stabil,7,0,6
USE-00447-202603,SME-2024-00447,2026-03,58.8,8.2,Stabil,48,2,6
USE-00447-202604,SME-2024-00447,2026-04,60.4,8.3,Fluktuatif,20,3,6
USE-00447-202605,SME-2024-00447,2026-05,59.1,8.7,Fluktuatif,25,3,6
USE-00447-202606,SME-2024-00447,2026-06,62.4,9.1,Stabil,48,0,6
USE-00448-202507,SME-2024-00448,2025-07,69.5,10.4,Stabil,78,0,7
USE-00448-202508,SME-2024-00448,2025-08,66.3,9.3,Stabil,24,0,7
USE-00448-202509,SME-2024-00448,2025-09,68.5,10.5,Stabil,5,1,7
USE-00448-202510,SME-2024-00448,2025-10,68.3,9.9,Stabil,11,0,7
USE-00448-202511,SME-2024-00448,2025-11,71.9,10.5,Stabil,40,1,7
USE-00448-202512,SME-2024-00448,2025-12,69.7,9.6,Stabil,41,1,7
USE-00448-202601,SME-2024-00448,2026-01,69.7,10.9,Stabil,22,1,8
USE-00448-202602,SME-2024-00448,2026-02,71.0,10.4,Stabil,5,0,7
USE-00448-202603,SME-2024-00448,2026-03,70.3,10.8,Stabil,64,0,7
USE-00448-202604,SME-2024-00448,2026-04,68.4,9.3,Stabil,2,2,7
USE-00448-202605,SME-2024-00448,2026-05,71.2,11.4,Stabil,22,1,6
USE-00448-202606,SME-2024-00448,2026-06,70.7,9.9,Stabil,10,0,7
USE-00449-202507,SME-2024-00449,2025-07,53.5,7.6,Turun,23,3,7
USE-00449-202508,SME-2024-00449,2025-08,54.3,8.4,Turun,48,0,8
USE-00449-202509,SME-2024-00449,2025-09,52.7,7.8,Turun,73,2,8
USE-00449-202510,SME-2024-00449,2025-10,53.7,7.8,Turun,11,2,8
USE-00449-202511,SME-2024-00449,2025-11,54.3,8.5,Turun,31,1,8
USE-00449-202512,SME-2024-00449,2025-12,50.4,8.3,Turun,21,1,7
USE-00449-202601,SME-2024-00449,2026-01,44.2,6.9,Turun,34,0,8
USE-00449-202602,SME-2024-00449,2026-02,47.0,6.5,Turun,43,0,8
USE-00449-202603,SME-2024-00449,2026-03,42.0,6.3,Turun,36,1,8
USE-00449-202604,SME-2024-00449,2026-04,48.1,7.4,Turun,42,2,8
USE-00449-202605,SME-2024-00449,2026-05,49.0,7.5,Turun,50,0,9
USE-00449-202606,SME-2024-00449,2026-06,43.0,7.0,Turun,58,0,8
USE-00450-202507,SME-2024-00450,2025-07,66.6,9.5,Fluktuatif,23,0,6
USE-00450-202508,SME-2024-00450,2025-08,63.5,9.3,Stabil,87,1,7
USE-00450-202509,SME-2024-00450,2025-09,62.9,9.4,Stabil,12,4,8
USE-00450-202510,SME-2024-00450,2025-10,63.0,9.0,Stabil,3,0,7
USE-00450-202511,SME-2024-00450,2025-11,62.1,9.5,Stabil,12,3,7
USE-00450-202512,SME-2024-00450,2025-12,60.2,9.5,Stabil,6,1,7
USE-00450-202601,SME-2024-00450,2026-01,63.4,10.0,Stabil,11,0,7
USE-00450-202602,SME-2024-00450,2026-02,59.3,8.5,Stabil,162,1,6
USE-00450-202603,SME-2024-00450,2026-03,61.1,9.1,Fluktuatif,17,0,6
USE-00450-202604,SME-2024-00450,2026-04,60.1,8.5,Stabil,14,0,7
USE-00450-202605,SME-2024-00450,2026-05,60.9,9.1,Stabil,46,0,7
USE-00450-202606,SME-2024-00450,2026-06,56.6,8.4,Fluktuatif,1,0,7
USE-00451-202507,SME-2024-00451,2025-07,58.8,9.3,Stabil,74,0,9
USE-00451-202508,SME-2024-00451,2025-08,60.2,9.6,Fluktuatif,49,1,8
USE-00451-202509,SME-2024-00451,2025-09,59.6,9.2,Stabil,49,0,9
USE-00451-202510,SME-2024-00451,2025-10,60.8,9.3,Stabil,20,1,9
USE-00451-202511,SME-2024-00451,2025-11,60.0,8.6,Stabil,57,0,8
USE-00451-202512,SME-2024-00451,2025-12,59.9,9.5,Stabil,8,2,10
USE-00451-202601,SME-2024-00451,2026-01,56.6,8.6,Fluktuatif,19,2,8
USE-00451-202602,SME-2024-00451,2026-02,58.6,9.7,Stabil,26,0,8
USE-00451-202603,SME-2024-00451,2026-03,57.7,9.3,Stabil,5,0,8
USE-00451-202604,SME-2024-00451,2026-04,60.6,9.0,Fluktuatif,53,0,9
USE-00451-202605,SME-2024-00451,2026-05,56.2,7.4,Stabil,50,0,8
USE-00451-202606,SME-2024-00451,2026-06,59.5,7.9,Fluktuatif,35,0,9
USE-00452-202507,SME-2024-00452,2025-07,50.7,8.0,Turun,14,0,7
USE-00452-202508,SME-2024-00452,2025-08,48.7,7.1,Turun,46,1,7
USE-00452-202509,SME-2024-00452,2025-09,50.3,6.5,Turun,16,1,7
USE-00452-202510,SME-2024-00452,2025-10,47.7,6.3,Turun,59,2,8
USE-00452-202511,SME-2024-00452,2025-11,51.7,7.2,Turun,36,2,7
USE-00452-202512,SME-2024-00452,2025-12,48.0,7.9,Turun,6,2,8
USE-00452-202601,SME-2024-00452,2026-01,51.4,7.2,Turun,36,5,7
USE-00452-202602,SME-2024-00452,2026-02,42.0,5.7,Turun,25,1,8
USE-00452-202603,SME-2024-00452,2026-03,44.8,6.0,Turun,52,0,8
USE-00452-202604,SME-2024-00452,2026-04,46.4,6.4,Turun,7,0,7
USE-00452-202605,SME-2024-00452,2026-05,42.5,6.4,Turun,19,0,7
USE-00452-202606,SME-2024-00452,2026-06,43.5,6.8,Turun,11,0,7
USE-00453-202507,SME-2024-00453,2025-07,63.1,9.3,Stabil,9,1,7
USE-00453-202508,SME-2024-00453,2025-08,61.7,8.6,Stabil,6,3,8
USE-00453-202509,SME-2024-00453,2025-09,67.0,10.1,Stabil,5,1,7
USE-00453-202510,SME-2024-00453,2025-10,63.6,9.9,Stabil,71,3,7
USE-00453-202511,SME-2024-00453,2025-11,64.8,9.4,Fluktuatif,40,1,7
USE-00453-202512,SME-2024-00453,2025-12,62.5,9.2,Stabil,22,0,7
USE-00453-202601,SME-2024-00453,2026-01,61.2,9.3,Stabil,47,0,7
USE-00453-202602,SME-2024-00453,2026-02,61.4,8.3,Stabil,3,0,6
USE-00453-202603,SME-2024-00453,2026-03,63.8,9.0,Stabil,81,3,7
USE-00453-202604,SME-2024-00453,2026-04,59.8,8.7,Stabil,11,0,7
USE-00453-202605,SME-2024-00453,2026-05,63.5,9.9,Fluktuatif,41,2,7
USE-00453-202606,SME-2024-00453,2026-06,63.8,9.4,Fluktuatif,34,0,7
USE-00454-202507,SME-2024-00454,2025-07,66.2,9.9,Stabil,52,2,9
USE-00454-202508,SME-2024-00454,2025-08,65.2,9.6,Stabil,51,1,9
USE-00454-202509,SME-2024-00454,2025-09,68.1,10.4,Stabil,37,1,9
USE-00454-202510,SME-2024-00454,2025-10,68.0,10.2,Stabil,78,1,8
USE-00454-202511,SME-2024-00454,2025-11,65.1,10.7,Fluktuatif,14,3,9
USE-00454-202512,SME-2024-00454,2025-12,67.1,8.9,Stabil,22,1,10
USE-00454-202601,SME-2024-00454,2026-01,67.0,9.7,Fluktuatif,39,1,9
USE-00454-202602,SME-2024-00454,2026-02,65.2,8.9,Fluktuatif,202,0,8
USE-00454-202603,SME-2024-00454,2026-03,64.9,10.5,Fluktuatif,1,1,8
USE-00454-202604,SME-2024-00454,2026-04,65.5,10.2,Stabil,20,2,9
USE-00454-202605,SME-2024-00454,2026-05,69.3,10.5,Stabil,31,0,9
USE-00454-202606,SME-2024-00454,2026-06,70.6,10.8,Stabil,11,1,9
USE-00455-202507,SME-2024-00455,2025-07,69.8,10.6,Fluktuatif,15,1,7
USE-00455-202508,SME-2024-00455,2025-08,68.3,10.8,Stabil,40,0,7
USE-00455-202509,SME-2024-00455,2025-09,67.3,9.5,Stabil,60,5,7
USE-00455-202510,SME-2024-00455,2025-10,68.2,9.7,Stabil,33,2,7
USE-00455-202511,SME-2024-00455,2025-11,72.4,11.1,Fluktuatif,48,1,7
USE-00455-202512,SME-2024-00455,2025-12,67.7,10.6,Fluktuatif,21,1,7
USE-00455-202601,SME-2024-00455,2026-01,68.1,10.7,Fluktuatif,164,1,7
USE-00455-202602,SME-2024-00455,2026-02,68.0,9.8,Stabil,12,0,7
USE-00455-202603,SME-2024-00455,2026-03,69.2,10.5,Fluktuatif,9,0,7
USE-00455-202604,SME-2024-00455,2026-04,70.6,11.1,Stabil,54,2,7
USE-00455-202605,SME-2024-00455,2026-05,67.9,9.7,Stabil,7,0,7
USE-00455-202606,SME-2024-00455,2026-06,72.9,10.0,Stabil,1,3,7
USE-00456-202507,SME-2024-00456,2025-07,82.2,11.6,Fluktuatif,54,0,9
USE-00456-202508,SME-2024-00456,2025-08,81.2,12.5,Fluktuatif,5,1,7
USE-00456-202509,SME-2024-00456,2025-09,85.6,12.6,Stabil,43,1,7
USE-00456-202510,SME-2024-00456,2025-10,84.7,12.5,Stabil,65,1,8
USE-00456-202511,SME-2024-00456,2025-11,82.7,11.9,Fluktuatif,20,2,7
USE-00456-202512,SME-2024-00456,2025-12,86.2,13.3,Fluktuatif,29,2,8
USE-00456-202601,SME-2024-00456,2026-01,85.6,12.8,Stabil,11,1,7
USE-00456-202602,SME-2024-00456,2026-02,85.5,13.1,Stabil,21,1,8
USE-00456-202603,SME-2024-00456,2026-03,87.2,13.4,Stabil,8,2,8
USE-00456-202604,SME-2024-00456,2026-04,91.4,13.9,Stabil,13,4,7
USE-00456-202605,SME-2024-00456,2026-05,91.0,13.0,Stabil,44,3,7
USE-00456-202606,SME-2024-00456,2026-06,89.1,13.2,Fluktuatif,30,1,8
USE-00457-202507,SME-2024-00457,2025-07,77.4,11.9,Fluktuatif,96,2,8
USE-00457-202508,SME-2024-00457,2025-08,78.4,11.4,Stabil,1,1,8
USE-00457-202509,SME-2024-00457,2025-09,75.5,11.5,Stabil,33,3,8
USE-00457-202510,SME-2024-00457,2025-10,76.3,11.3,Fluktuatif,22,0,8
USE-00457-202511,SME-2024-00457,2025-11,76.6,12.5,Stabil,9,1,7
USE-00457-202512,SME-2024-00457,2025-12,76.1,11.2,Stabil,9,1,7
USE-00457-202601,SME-2024-00457,2026-01,75.0,11.3,Stabil,1,1,8
USE-00457-202602,SME-2024-00457,2026-02,79.8,10.8,Stabil,34,3,8
USE-00457-202603,SME-2024-00457,2026-03,73.6,11.3,Stabil,14,1,8
USE-00457-202604,SME-2024-00457,2026-04,75.1,10.9,Stabil,55,3,8
USE-00457-202605,SME-2024-00457,2026-05,74.2,11.5,Stabil,45,3,8
USE-00457-202606,SME-2024-00457,2026-06,70.3,10.0,Fluktuatif,4,1,8
USE-00458-202507,SME-2024-00458,2025-07,52.3,8.2,Fluktuatif,9,2,6
USE-00458-202508,SME-2024-00458,2025-08,52.5,8.2,Stabil,113,2,6
USE-00458-202509,SME-2024-00458,2025-09,52.0,7.2,Stabil,13,2,7
USE-00458-202510,SME-2024-00458,2025-10,49.6,7.5,Stabil,139,0,7
USE-00458-202511,SME-2024-00458,2025-11,52.6,7.2,Stabil,16,1,7
USE-00458-202512,SME-2024-00458,2025-12,51.8,8.0,Stabil,39,3,7
USE-00458-202601,SME-2024-00458,2026-01,52.3,7.8,Stabil,63,1,7
USE-00458-202602,SME-2024-00458,2026-02,49.6,7.7,Stabil,36,1,7
USE-00458-202603,SME-2024-00458,2026-03,47.9,7.7,Stabil,19,0,7
USE-00458-202604,SME-2024-00458,2026-04,51.9,7.0,Stabil,4,0,6
USE-00458-202605,SME-2024-00458,2026-05,49.1,7.8,Stabil,11,0,8
USE-00458-202606,SME-2024-00458,2026-06,46.2,6.3,Fluktuatif,2,2,7
USE-00459-202507,SME-2024-00459,2025-07,88.2,13.0,Stabil,4,0,8
USE-00459-202508,SME-2024-00459,2025-08,88.6,13.0,Stabil,1,1,8
USE-00459-202509,SME-2024-00459,2025-09,89.9,14.2,Stabil,38,1,8
USE-00459-202510,SME-2024-00459,2025-10,88.0,13.7,Stabil,55,0,7
USE-00459-202511,SME-2024-00459,2025-11,85.6,13.1,Stabil,31,0,7
USE-00459-202512,SME-2024-00459,2025-12,88.5,13.2,Stabil,10,2,7
USE-00459-202601,SME-2024-00459,2026-01,88.0,12.9,Stabil,67,1,7
USE-00459-202602,SME-2024-00459,2026-02,87.3,13.5,Stabil,115,3,8
USE-00459-202603,SME-2024-00459,2026-03,89.5,13.9,Stabil,17,2,7
USE-00459-202604,SME-2024-00459,2026-04,88.3,13.4,Fluktuatif,60,0,8
USE-00459-202605,SME-2024-00459,2026-05,84.8,13.1,Stabil,38,0,8
USE-00459-202606,SME-2024-00459,2026-06,85.3,13.3,Stabil,20,0,7
USE-00460-202507,SME-2024-00460,2025-07,64.3,9.8,Stabil,35,0,7
USE-00460-202508,SME-2024-00460,2025-08,60.7,9.4,Stabil,74,1,7
USE-00460-202509,SME-2024-00460,2025-09,61.3,9.8,Stabil,6,1,7
USE-00460-202510,SME-2024-00460,2025-10,62.9,8.8,Stabil,58,1,6
USE-00460-202511,SME-2024-00460,2025-11,60.2,8.8,Stabil,2,1,7
USE-00460-202512,SME-2024-00460,2025-12,59.3,8.6,Stabil,10,0,6
USE-00460-202601,SME-2024-00460,2026-01,57.2,9.3,Stabil,22,1,6
USE-00460-202602,SME-2024-00460,2026-02,60.5,9.1,Stabil,6,0,7
USE-00460-202603,SME-2024-00460,2026-03,61.3,8.7,Stabil,24,0,7
USE-00460-202604,SME-2024-00460,2026-04,56.0,8.5,Stabil,95,3,7
USE-00460-202605,SME-2024-00460,2026-05,56.9,8.3,Fluktuatif,11,0,6
USE-00460-202606,SME-2024-00460,2026-06,55.9,7.7,Stabil,187,1,7
USE-00461-202507,SME-2024-00461,2025-07,61.1,8.8,Fluktuatif,41,0,8
USE-00461-202508,SME-2024-00461,2025-08,61.3,9.6,Stabil,41,1,8
USE-00461-202509,SME-2024-00461,2025-09,59.3,8.3,Stabil,161,2,8
USE-00461-202510,SME-2024-00461,2025-10,61.7,9.5,Stabil,17,1,8
USE-00461-202511,SME-2024-00461,2025-11,60.7,9.1,Fluktuatif,58,1,7
USE-00461-202512,SME-2024-00461,2025-12,62.8,9.6,Stabil,0,2,8
USE-00461-202601,SME-2024-00461,2026-01,60.9,9.4,Stabil,4,1,8
USE-00461-202602,SME-2024-00461,2026-02,62.5,9.6,Fluktuatif,55,0,8
USE-00461-202603,SME-2024-00461,2026-03,63.8,10.0,Fluktuatif,80,0,8
USE-00461-202604,SME-2024-00461,2026-04,64.9,11.6,Stabil,38,1,8
USE-00461-202605,SME-2024-00461,2026-05,62.1,9.4,Fluktuatif,131,1,8
USE-00461-202606,SME-2024-00461,2026-06,57.7,9.1,Stabil,27,1,8
USE-00462-202507,SME-2024-00462,2025-07,65.0,9.7,Fluktuatif,27,1,6
USE-00462-202508,SME-2024-00462,2025-08,59.6,8.4,Fluktuatif,6,0,7
USE-00462-202509,SME-2024-00462,2025-09,60.9,9.7,Stabil,24,0,7
USE-00462-202510,SME-2024-00462,2025-10,62.3,8.5,Stabil,1,4,6
USE-00462-202511,SME-2024-00462,2025-11,66.0,9.1,Fluktuatif,55,2,7
USE-00462-202512,SME-2024-00462,2025-12,61.4,8.8,Fluktuatif,15,3,7
USE-00462-202601,SME-2024-00462,2026-01,60.9,8.7,Fluktuatif,26,0,7
USE-00462-202602,SME-2024-00462,2026-02,64.1,10.1,Stabil,13,0,7
USE-00462-202603,SME-2024-00462,2026-03,59.8,9.1,Fluktuatif,23,1,7
USE-00462-202604,SME-2024-00462,2026-04,60.3,8.9,Stabil,0,1,6
USE-00462-202605,SME-2024-00462,2026-05,59.1,9.0,Fluktuatif,48,2,7
USE-00462-202606,SME-2024-00462,2026-06,58.8,9.2,Stabil,87,3,7
USE-00463-202507,SME-2024-00463,2025-07,52.0,7.6,Stabil,10,1,9
USE-00463-202508,SME-2024-00463,2025-08,49.4,7.2,Stabil,66,1,8
USE-00463-202509,SME-2024-00463,2025-09,46.9,6.9,Stabil,12,2,9
USE-00463-202510,SME-2024-00463,2025-10,45.4,8.0,Stabil,84,2,9
USE-00463-202511,SME-2024-00463,2025-11,50.5,7.2,Stabil,42,1,8
USE-00463-202512,SME-2024-00463,2025-12,48.9,7.4,Stabil,9,1,9
USE-00463-202601,SME-2024-00463,2026-01,49.3,7.2,Stabil,32,2,8
USE-00463-202602,SME-2024-00463,2026-02,43.3,6.3,Fluktuatif,1,0,9
USE-00463-202603,SME-2024-00463,2026-03,47.6,7.6,Stabil,6,1,9
USE-00463-202604,SME-2024-00463,2026-04,50.4,7.1,Fluktuatif,105,0,9
USE-00463-202605,SME-2024-00463,2026-05,50.9,7.4,Stabil,29,2,8
USE-00463-202606,SME-2024-00463,2026-06,47.3,6.9,Stabil,18,1,8
USE-00464-202507,SME-2024-00464,2025-07,87.4,13.1,Stabil,24,3,8
USE-00464-202508,SME-2024-00464,2025-08,86.1,12.6,Stabil,16,1,9
USE-00464-202509,SME-2024-00464,2025-09,85.9,12.9,Fluktuatif,25,2,8
USE-00464-202510,SME-2024-00464,2025-10,88.3,13.2,Fluktuatif,4,1,9
USE-00464-202511,SME-2024-00464,2025-11,88.4,13.0,Fluktuatif,2,1,9
USE-00464-202512,SME-2024-00464,2025-12,87.7,14.6,Stabil,93,1,9
USE-00464-202601,SME-2024-00464,2026-01,84.8,13.2,Fluktuatif,23,2,9
USE-00464-202602,SME-2024-00464,2026-02,86.0,12.8,Stabil,4,4,9
USE-00464-202603,SME-2024-00464,2026-03,87.0,13.0,Fluktuatif,3,3,8
USE-00464-202604,SME-2024-00464,2026-04,83.0,11.9,Stabil,40,0,9
USE-00464-202605,SME-2024-00464,2026-05,86.0,12.8,Stabil,28,0,9
USE-00464-202606,SME-2024-00464,2026-06,86.7,12.3,Fluktuatif,9,0,9
USE-00465-202507,SME-2024-00465,2025-07,59.1,9.7,Stabil,8,0,8
USE-00465-202508,SME-2024-00465,2025-08,63.3,10.0,Fluktuatif,17,1,8
USE-00465-202509,SME-2024-00465,2025-09,60.3,8.7,Stabil,14,0,8
USE-00465-202510,SME-2024-00465,2025-10,62.7,9.5,Fluktuatif,19,0,8
USE-00465-202511,SME-2024-00465,2025-11,63.3,8.9,Stabil,18,1,8
USE-00465-202512,SME-2024-00465,2025-12,63.0,8.8,Stabil,0,0,8
USE-00465-202601,SME-2024-00465,2026-01,59.9,8.5,Stabil,0,1,8
USE-00465-202602,SME-2024-00465,2026-02,60.5,9.5,Stabil,5,1,8
USE-00465-202603,SME-2024-00465,2026-03,59.1,8.8,Fluktuatif,19,3,8
USE-00465-202604,SME-2024-00465,2026-04,60.6,8.9,Fluktuatif,40,0,8
USE-00465-202605,SME-2024-00465,2026-05,60.9,9.5,Stabil,3,1,8
USE-00465-202606,SME-2024-00465,2026-06,61.9,7.9,Stabil,40,3,8
USE-00466-202507,SME-2024-00466,2025-07,54.9,7.4,Turun,13,0,7
USE-00466-202508,SME-2024-00466,2025-08,55.0,7.7,Turun,54,0,8
USE-00466-202509,SME-2024-00466,2025-09,52.1,7.6,Turun,102,0,7
USE-00466-202510,SME-2024-00466,2025-10,50.2,7.1,Turun,51,1,8
USE-00466-202511,SME-2024-00466,2025-11,47.0,7.4,Turun,60,1,8
USE-00466-202512,SME-2024-00466,2025-12,52.6,7.6,Turun,52,0,7
USE-00466-202601,SME-2024-00466,2026-01,46.1,7.0,Turun,49,0,8
USE-00466-202602,SME-2024-00466,2026-02,43.0,7.1,Turun,14,1,7
USE-00466-202603,SME-2024-00466,2026-03,42.3,6.4,Turun,33,1,6
USE-00466-202604,SME-2024-00466,2026-04,43.9,6.7,Turun,18,2,8
USE-00466-202605,SME-2024-00466,2026-05,38.7,5.6,Turun,78,1,7
USE-00466-202606,SME-2024-00466,2026-06,39.7,5.3,Turun,26,2,7
USE-00467-202507,SME-2024-00467,2025-07,91.9,14.0,Stabil,58,2,8
USE-00467-202508,SME-2024-00467,2025-08,91.6,14.5,Fluktuatif,24,1,7
USE-00467-202509,SME-2024-00467,2025-09,87.6,12.9,Stabil,0,0,7
USE-00467-202510,SME-2024-00467,2025-10,87.5,12.6,Fluktuatif,71,0,6
USE-00467-202511,SME-2024-00467,2025-11,90.1,13.9,Fluktuatif,85,1,7
USE-00467-202512,SME-2024-00467,2025-12,89.3,13.2,Stabil,20,0,7
USE-00467-202601,SME-2024-00467,2026-01,90.3,12.9,Stabil,40,0,7
USE-00467-202602,SME-2024-00467,2026-02,90.5,13.1,Stabil,3,0,8
USE-00467-202603,SME-2024-00467,2026-03,90.9,13.4,Stabil,5,2,8
USE-00467-202604,SME-2024-00467,2026-04,94.2,14.4,Fluktuatif,2,2,7
USE-00467-202605,SME-2024-00467,2026-05,90.7,14.6,Fluktuatif,30,0,7
USE-00467-202606,SME-2024-00467,2026-06,90.6,14.7,Stabil,1,0,7
USE-00468-202507,SME-2024-00468,2025-07,63.4,9.7,Turun,52,1,6
USE-00468-202508,SME-2024-00468,2025-08,62.3,9.4,Turun,8,1,6
USE-00468-202509,SME-2024-00468,2025-09,60.3,9.6,Turun,5,1,6
USE-00468-202510,SME-2024-00468,2025-10,58.2,9.1,Turun,1,0,6
USE-00468-202511,SME-2024-00468,2025-11,56.0,7.8,Turun,80,0,6
USE-00468-202512,SME-2024-00468,2025-12,54.3,8.1,Turun,10,0,6
USE-00468-202601,SME-2024-00468,2026-01,54.6,7.6,Turun,33,1,6
USE-00468-202602,SME-2024-00468,2026-02,56.2,7.9,Turun,25,1,5
USE-00468-202603,SME-2024-00468,2026-03,49.7,7.1,Turun,3,1,6
USE-00468-202604,SME-2024-00468,2026-04,49.4,7.6,Turun,24,0,6
USE-00468-202605,SME-2024-00468,2026-05,48.9,7.0,Turun,72,2,6
USE-00468-202606,SME-2024-00468,2026-06,45.9,6.8,Turun,25,2,6
USE-00469-202507,SME-2024-00469,2025-07,88.9,13.3,Fluktuatif,7,0,6
USE-00469-202508,SME-2024-00469,2025-08,93.6,14.0,Stabil,22,4,7
USE-00469-202509,SME-2024-00469,2025-09,87.3,13.0,Fluktuatif,11,3,7
USE-00469-202510,SME-2024-00469,2025-10,90.0,12.8,Fluktuatif,46,0,7
USE-00469-202511,SME-2024-00469,2025-11,92.9,13.0,Fluktuatif,43,1,6
USE-00469-202512,SME-2024-00469,2025-12,93.4,13.8,Stabil,125,1,8
USE-00469-202601,SME-2024-00469,2026-01,94.2,13.9,Stabil,90,1,7
USE-00469-202602,SME-2024-00469,2026-02,98.0,14.4,Stabil,45,0,7
USE-00469-202603,SME-2024-00469,2026-03,95.8,14.2,Fluktuatif,12,3,6
USE-00469-202604,SME-2024-00469,2026-04,95.9,14.8,Stabil,20,0,7
USE-00469-202605,SME-2024-00469,2026-05,94.7,13.7,Stabil,11,1,6
USE-00469-202606,SME-2024-00469,2026-06,96.8,13.2,Stabil,1,5,7
USE-00470-202507,SME-2024-00470,2025-07,88.7,14.1,Stabil,4,0,8
USE-00470-202508,SME-2024-00470,2025-08,87.7,12.7,Stabil,18,0,9
USE-00470-202509,SME-2024-00470,2025-09,89.4,13.2,Stabil,85,0,8
USE-00470-202510,SME-2024-00470,2025-10,83.4,11.7,Stabil,27,2,9
USE-00470-202511,SME-2024-00470,2025-11,84.7,13.2,Stabil,4,1,8
USE-00470-202512,SME-2024-00470,2025-12,86.4,13.9,Stabil,64,1,8
USE-00470-202601,SME-2024-00470,2026-01,91.1,13.1,Fluktuatif,4,0,8
USE-00470-202602,SME-2024-00470,2026-02,83.8,12.7,Stabil,21,1,9
USE-00470-202603,SME-2024-00470,2026-03,85.9,13.0,Stabil,59,2,9
USE-00470-202604,SME-2024-00470,2026-04,87.2,13.8,Fluktuatif,55,2,9
USE-00470-202605,SME-2024-00470,2026-05,87.9,13.9,Stabil,4,0,9
USE-00470-202606,SME-2024-00470,2026-06,85.8,12.7,Stabil,57,0,8
USE-00471-202507,SME-2024-00471,2025-07,62.4,10.0,Turun,53,1,8
USE-00471-202508,SME-2024-00471,2025-08,59.2,8.5,Turun,21,0,8
USE-00471-202509,SME-2024-00471,2025-09,57.5,7.9,Turun,25,0,8
USE-00471-202510,SME-2024-00471,2025-10,56.6,8.5,Turun,26,2,8
USE-00471-202511,SME-2024-00471,2025-11,56.9,8.3,Turun,45,1,8
USE-00471-202512,SME-2024-00471,2025-12,53.4,8.8,Turun,105,1,7
USE-00471-202601,SME-2024-00471,2026-01,55.4,8.7,Turun,39,2,9
USE-00471-202602,SME-2024-00471,2026-02,54.7,7.8,Turun,103,1,8
USE-00471-202603,SME-2024-00471,2026-03,52.8,8.7,Turun,74,4,8
USE-00471-202604,SME-2024-00471,2026-04,50.7,8.2,Turun,5,1,8
USE-00471-202605,SME-2024-00471,2026-05,49.8,8.1,Turun,73,2,8
USE-00471-202606,SME-2024-00471,2026-06,52.7,8.6,Turun,28,0,8
USE-00472-202507,SME-2024-00472,2025-07,75.6,11.1,Stabil,31,3,8
USE-00472-202508,SME-2024-00472,2025-08,75.9,11.5,Stabil,7,1,8
USE-00472-202509,SME-2024-00472,2025-09,77.1,11.9,Fluktuatif,12,0,8
USE-00472-202510,SME-2024-00472,2025-10,78.3,11.4,Stabil,55,1,8
USE-00472-202511,SME-2024-00472,2025-11,74.3,11.0,Stabil,2,0,7
USE-00472-202512,SME-2024-00472,2025-12,74.1,10.8,Stabil,7,2,8
USE-00472-202601,SME-2024-00472,2026-01,77.2,11.7,Stabil,65,1,7
USE-00472-202602,SME-2024-00472,2026-02,74.6,11.1,Stabil,46,1,8
USE-00472-202603,SME-2024-00472,2026-03,74.4,11.8,Stabil,0,3,8
USE-00472-202604,SME-2024-00472,2026-04,73.1,12.1,Stabil,1,1,8
USE-00472-202605,SME-2024-00472,2026-05,73.7,11.5,Stabil,52,2,8
USE-00472-202606,SME-2024-00472,2026-06,76.9,10.9,Stabil,28,1,8
USE-00473-202507,SME-2024-00473,2025-07,56.6,9.8,Stabil,6,1,6
USE-00473-202508,SME-2024-00473,2025-08,56.2,8.2,Stabil,38,3,5
USE-00473-202509,SME-2024-00473,2025-09,56.3,8.5,Stabil,6,1,6
USE-00473-202510,SME-2024-00473,2025-10,57.4,7.7,Stabil,10,0,6
USE-00473-202511,SME-2024-00473,2025-11,49.0,7.2,Stabil,6,0,6
USE-00473-202512,SME-2024-00473,2025-12,53.0,8.2,Stabil,20,0,6
USE-00473-202601,SME-2024-00473,2026-01,50.4,7.3,Fluktuatif,23,3,6
USE-00473-202602,SME-2024-00473,2026-02,45.6,7.0,Stabil,52,3,5
USE-00473-202603,SME-2024-00473,2026-03,54.7,8.0,Stabil,188,2,5
USE-00473-202604,SME-2024-00473,2026-04,50.0,7.4,Stabil,74,0,5
USE-00473-202605,SME-2024-00473,2026-05,49.7,7.2,Stabil,34,1,6
USE-00473-202606,SME-2024-00473,2026-06,47.0,6.6,Stabil,96,2,6
USE-00474-202507,SME-2024-00474,2025-07,93.7,14.6,Stabil,5,1,6
USE-00474-202508,SME-2024-00474,2025-08,90.4,13.4,Stabil,16,1,6
USE-00474-202509,SME-2024-00474,2025-09,92.2,13.5,Stabil,53,2,5
USE-00474-202510,SME-2024-00474,2025-10,90.5,13.8,Stabil,55,0,6
USE-00474-202511,SME-2024-00474,2025-11,94.5,13.3,Stabil,9,0,6
USE-00474-202512,SME-2024-00474,2025-12,91.1,13.9,Stabil,44,1,6
USE-00474-202601,SME-2024-00474,2026-01,94.2,14.3,Fluktuatif,30,3,6
USE-00474-202602,SME-2024-00474,2026-02,90.1,12.7,Stabil,24,0,6
USE-00474-202603,SME-2024-00474,2026-03,95.8,15.0,Fluktuatif,29,2,6
USE-00474-202604,SME-2024-00474,2026-04,94.9,15.3,Stabil,44,0,5
USE-00474-202605,SME-2024-00474,2026-05,96.4,15.1,Fluktuatif,163,1,6
USE-00474-202606,SME-2024-00474,2026-06,93.2,13.4,Stabil,33,0,6
USE-00475-202507,SME-2024-00475,2025-07,91.4,13.6,Stabil,9,2,8
USE-00475-202508,SME-2024-00475,2025-08,91.6,14.0,Stabil,7,0,7
USE-00475-202509,SME-2024-00475,2025-09,91.6,12.9,Stabil,48,2,7
USE-00475-202510,SME-2024-00475,2025-10,93.4,14.4,Stabil,48,0,8
USE-00475-202511,SME-2024-00475,2025-11,93.6,15.1,Stabil,6,1,8
USE-00475-202512,SME-2024-00475,2025-12,94.8,14.7,Stabil,5,0,8
USE-00475-202601,SME-2024-00475,2026-01,91.4,13.1,Stabil,26,0,7
USE-00475-202602,SME-2024-00475,2026-02,95.5,12.9,Stabil,89,1,7
USE-00475-202603,SME-2024-00475,2026-03,91.3,13.8,Fluktuatif,47,3,8
USE-00475-202604,SME-2024-00475,2026-04,95.5,13.8,Fluktuatif,8,1,7
USE-00475-202605,SME-2024-00475,2026-05,95.7,14.2,Stabil,111,2,7
USE-00475-202606,SME-2024-00475,2026-06,91.6,14.3,Fluktuatif,13,2,8
USE-00476-202507,SME-2024-00476,2025-07,76.0,11.7,Stabil,13,2,6
USE-00476-202508,SME-2024-00476,2025-08,74.0,10.5,Stabil,75,1,7
USE-00476-202509,SME-2024-00476,2025-09,71.5,10.7,Stabil,64,2,6
USE-00476-202510,SME-2024-00476,2025-10,71.4,10.2,Stabil,2,2,6
USE-00476-202511,SME-2024-00476,2025-11,70.5,10.2,Stabil,49,2,7
USE-00476-202512,SME-2024-00476,2025-12,74.9,11.0,Stabil,0,2,7
USE-00476-202601,SME-2024-00476,2026-01,73.1,11.0,Stabil,39,0,7
USE-00476-202602,SME-2024-00476,2026-02,70.4,10.9,Fluktuatif,27,0,7
USE-00476-202603,SME-2024-00476,2026-03,66.7,10.2,Stabil,2,1,6
USE-00476-202604,SME-2024-00476,2026-04,68.5,10.7,Stabil,110,1,6
USE-00476-202605,SME-2024-00476,2026-05,69.3,10.4,Fluktuatif,37,1,6
USE-00476-202606,SME-2024-00476,2026-06,66.7,10.0,Stabil,12,2,6
USE-00477-202507,SME-2024-00477,2025-07,55.0,7.6,Stabil,13,2,7
USE-00477-202508,SME-2024-00477,2025-08,56.1,8.2,Stabil,50,1,8
USE-00477-202509,SME-2024-00477,2025-09,50.8,6.9,Fluktuatif,5,2,7
USE-00477-202510,SME-2024-00477,2025-10,51.9,7.3,Fluktuatif,8,0,8
USE-00477-202511,SME-2024-00477,2025-11,52.9,9.0,Stabil,9,1,8
USE-00477-202512,SME-2024-00477,2025-12,51.1,7.5,Stabil,82,1,8
USE-00477-202601,SME-2024-00477,2026-01,53.4,8.3,Stabil,3,2,8
USE-00477-202602,SME-2024-00477,2026-02,54.6,7.4,Stabil,25,2,8
USE-00477-202603,SME-2024-00477,2026-03,55.3,7.9,Stabil,28,0,7
USE-00477-202604,SME-2024-00477,2026-04,54.8,8.0,Stabil,24,0,7
USE-00477-202605,SME-2024-00477,2026-05,54.6,7.8,Stabil,65,1,8
USE-00477-202606,SME-2024-00477,2026-06,57.4,8.3,Stabil,3,0,7
USE-00478-202507,SME-2024-00478,2025-07,92.0,13.9,Stabil,20,0,5
USE-00478-202508,SME-2024-00478,2025-08,93.1,14.2,Fluktuatif,100,4,5
USE-00478-202509,SME-2024-00478,2025-09,93.8,14.9,Fluktuatif,73,0,5
USE-00478-202510,SME-2024-00478,2025-10,94.6,13.3,Stabil,18,1,6
USE-00478-202511,SME-2024-00478,2025-11,95.4,13.7,Stabil,170,1,6
USE-00478-202512,SME-2024-00478,2025-12,96.4,14.5,Stabil,55,1,6
USE-00478-202601,SME-2024-00478,2026-01,95.1,14.6,Stabil,36,0,5
USE-00478-202602,SME-2024-00478,2026-02,98.0,14.2,Fluktuatif,23,1,6
USE-00478-202603,SME-2024-00478,2026-03,98.0,15.4,Fluktuatif,49,3,5
USE-00478-202604,SME-2024-00478,2026-04,98.0,14.2,Stabil,7,1,5
USE-00478-202605,SME-2024-00478,2026-05,97.1,14.7,Fluktuatif,91,0,5
USE-00478-202606,SME-2024-00478,2026-06,98.0,15.1,Stabil,60,3,6
USE-00479-202507,SME-2024-00479,2025-07,88.3,13.4,Stabil,5,2,7
USE-00479-202508,SME-2024-00479,2025-08,87.4,12.6,Stabil,60,2,8
USE-00479-202509,SME-2024-00479,2025-09,87.6,13.2,Fluktuatif,33,2,7
USE-00479-202510,SME-2024-00479,2025-10,84.5,12.4,Stabil,2,1,7
USE-00479-202511,SME-2024-00479,2025-11,86.1,13.0,Stabil,81,2,7
USE-00479-202512,SME-2024-00479,2025-12,85.9,13.4,Stabil,30,1,7
USE-00479-202601,SME-2024-00479,2026-01,88.4,12.2,Stabil,40,2,8
USE-00479-202602,SME-2024-00479,2026-02,90.0,12.9,Stabil,10,1,8
USE-00479-202603,SME-2024-00479,2026-03,92.9,13.8,Fluktuatif,27,1,7
USE-00479-202604,SME-2024-00479,2026-04,91.5,14.5,Stabil,41,1,7
USE-00479-202605,SME-2024-00479,2026-05,95.0,14.9,Fluktuatif,0,1,7
USE-00479-202606,SME-2024-00479,2026-06,93.3,14.0,Fluktuatif,1,1,7
USE-00480-202507,SME-2024-00480,2025-07,72.8,11.2,Stabil,27,3,8
USE-00480-202508,SME-2024-00480,2025-08,67.4,9.9,Stabil,93,2,8
USE-00480-202509,SME-2024-00480,2025-09,72.4,11.9,Stabil,32,0,9
USE-00480-202510,SME-2024-00480,2025-10,78.2,11.4,Fluktuatif,35,0,8
USE-00480-202511,SME-2024-00480,2025-11,71.5,11.4,Stabil,17,1,8
USE-00480-202512,SME-2024-00480,2025-12,68.5,10.4,Stabil,22,0,8
USE-00480-202601,SME-2024-00480,2026-01,70.5,11.5,Fluktuatif,86,1,8
USE-00480-202602,SME-2024-00480,2026-02,72.2,9.5,Stabil,2,3,9
USE-00480-202603,SME-2024-00480,2026-03,73.8,10.9,Stabil,11,2,8
USE-00480-202604,SME-2024-00480,2026-04,68.3,11.2,Stabil,7,0,8
USE-00480-202605,SME-2024-00480,2026-05,73.1,10.3,Fluktuatif,43,2,8
USE-00480-202606,SME-2024-00480,2026-06,70.0,10.0,Stabil,9,1,8
USE-00481-202507,SME-2024-00481,2025-07,62.3,9.2,Stabil,4,0,7
USE-00481-202508,SME-2024-00481,2025-08,61.5,9.8,Stabil,4,0,6
USE-00481-202509,SME-2024-00481,2025-09,62.9,9.1,Fluktuatif,25,0,7
USE-00481-202510,SME-2024-00481,2025-10,66.4,9.6,Stabil,0,0,6
USE-00481-202511,SME-2024-00481,2025-11,63.7,8.8,Stabil,6,1,7
USE-00481-202512,SME-2024-00481,2025-12,60.0,8.9,Stabil,10,1,6
USE-00481-202601,SME-2024-00481,2026-01,61.7,8.8,Stabil,4,0,7
USE-00481-202602,SME-2024-00481,2026-02,60.2,9.5,Stabil,14,2,7
USE-00481-202603,SME-2024-00481,2026-03,60.4,9.2,Fluktuatif,13,1,7
USE-00481-202604,SME-2024-00481,2026-04,57.4,9.7,Stabil,77,0,7
USE-00481-202605,SME-2024-00481,2026-05,59.2,8.1,Fluktuatif,25,1,7
USE-00481-202606,SME-2024-00481,2026-06,59.2,8.7,Stabil,91,1,7
USE-00482-202507,SME-2024-00482,2025-07,60.5,8.3,Turun,2,1,9
USE-00482-202508,SME-2024-00482,2025-08,67.3,9.2,Turun,142,4,9
USE-00482-202509,SME-2024-00482,2025-09,63.4,9.1,Turun,24,1,9
USE-00482-202510,SME-2024-00482,2025-10,66.5,10.2,Turun,23,1,8
USE-00482-202511,SME-2024-00482,2025-11,64.7,9.4,Turun,164,3,9
USE-00482-202512,SME-2024-00482,2025-12,67.1,9.2,Turun,14,1,8
USE-00482-202601,SME-2024-00482,2026-01,63.5,9.2,Turun,94,2,8
USE-00482-202602,SME-2024-00482,2026-02,56.3,8.0,Turun,14,3,9
USE-00482-202603,SME-2024-00482,2026-03,56.5,8.1,Turun,42,0,8
USE-00482-202604,SME-2024-00482,2026-04,57.9,8.3,Turun,33,0,8
USE-00482-202605,SME-2024-00482,2026-05,61.2,9.3,Turun,46,2,9
USE-00482-202606,SME-2024-00482,2026-06,56.1,8.7,Turun,1,3,10
USE-00483-202507,SME-2024-00483,2025-07,76.6,11.8,Naik,56,4,6
USE-00483-202508,SME-2024-00483,2025-08,77.4,11.9,Naik,59,1,7
USE-00483-202509,SME-2024-00483,2025-09,79.3,11.3,Naik,34,2,7
USE-00483-202510,SME-2024-00483,2025-10,78.9,12.5,Naik,22,1,6
USE-00483-202511,SME-2024-00483,2025-11,79.7,13.1,Naik,14,1,6
USE-00483-202512,SME-2024-00483,2025-12,81.6,12.3,Naik,45,0,6
USE-00483-202601,SME-2024-00483,2026-01,82.4,12.8,Naik,28,0,6
USE-00483-202602,SME-2024-00483,2026-02,84.1,13.3,Naik,9,0,6
USE-00483-202603,SME-2024-00483,2026-03,88.0,13.4,Naik,14,3,6
USE-00483-202604,SME-2024-00483,2026-04,86.0,12.4,Naik,18,1,7
USE-00483-202605,SME-2024-00483,2026-05,86.3,13.0,Naik,76,2,6
USE-00483-202606,SME-2024-00483,2026-06,83.8,12.9,Naik,11,1,7
USE-00484-202507,SME-2024-00484,2025-07,73.4,10.2,Stabil,65,1,6
USE-00484-202508,SME-2024-00484,2025-08,78.7,12.2,Fluktuatif,36,2,7
USE-00484-202509,SME-2024-00484,2025-09,74.9,10.8,Stabil,27,0,7
USE-00484-202510,SME-2024-00484,2025-10,77.3,11.2,Stabil,178,1,6
USE-00484-202511,SME-2024-00484,2025-11,73.9,10.7,Fluktuatif,10,1,6
USE-00484-202512,SME-2024-00484,2025-12,71.2,10.8,Stabil,31,1,7
USE-00484-202601,SME-2024-00484,2026-01,74.6,10.7,Fluktuatif,12,1,7
USE-00484-202602,SME-2024-00484,2026-02,72.6,10.6,Stabil,61,2,7
USE-00484-202603,SME-2024-00484,2026-03,71.3,10.0,Stabil,34,1,7
USE-00484-202604,SME-2024-00484,2026-04,72.2,10.5,Fluktuatif,16,2,6
USE-00484-202605,SME-2024-00484,2026-05,67.3,10.0,Stabil,67,2,6
USE-00484-202606,SME-2024-00484,2026-06,69.5,10.7,Stabil,5,1,6
USE-00485-202507,SME-2024-00485,2025-07,68.4,9.8,Fluktuatif,10,1,6
USE-00485-202508,SME-2024-00485,2025-08,72.2,11.4,Stabil,1,0,6
USE-00485-202509,SME-2024-00485,2025-09,73.5,10.8,Fluktuatif,45,2,6
USE-00485-202510,SME-2024-00485,2025-10,67.3,10.5,Stabil,95,2,6
USE-00485-202511,SME-2024-00485,2025-11,68.3,10.6,Stabil,37,0,7
USE-00485-202512,SME-2024-00485,2025-12,68.1,10.5,Stabil,9,1,5
USE-00485-202601,SME-2024-00485,2026-01,71.1,11.0,Fluktuatif,54,0,6
USE-00485-202602,SME-2024-00485,2026-02,67.2,9.1,Stabil,27,1,6
USE-00485-202603,SME-2024-00485,2026-03,68.3,10.4,Stabil,40,0,5
USE-00485-202604,SME-2024-00485,2026-04,65.6,9.4,Stabil,103,2,6
USE-00485-202605,SME-2024-00485,2026-05,68.2,10.8,Stabil,58,2,5
USE-00485-202606,SME-2024-00485,2026-06,68.2,9.7,Fluktuatif,26,1,6
USE-00486-202507,SME-2024-00486,2025-07,58.7,9.5,Turun,0,0,7
USE-00486-202508,SME-2024-00486,2025-08,59.0,8.7,Turun,22,2,8
USE-00486-202509,SME-2024-00486,2025-09,58.4,9.0,Turun,4,2,8
USE-00486-202510,SME-2024-00486,2025-10,55.6,8.6,Turun,18,1,8
USE-00486-202511,SME-2024-00486,2025-11,54.5,8.7,Turun,21,0,8
USE-00486-202512,SME-2024-00486,2025-12,53.0,8.3,Turun,116,0,7
USE-00486-202601,SME-2024-00486,2026-01,54.7,7.6,Turun,4,0,8
USE-00486-202602,SME-2024-00486,2026-02,49.7,7.0,Turun,0,3,8
USE-00486-202603,SME-2024-00486,2026-03,54.0,7.3,Turun,15,1,7
USE-00486-202604,SME-2024-00486,2026-04,55.4,8.0,Turun,1,3,8
USE-00486-202605,SME-2024-00486,2026-05,45.0,6.6,Turun,22,0,7
USE-00486-202606,SME-2024-00486,2026-06,44.9,6.8,Turun,30,0,7
USE-00487-202507,SME-2024-00487,2025-07,67.8,10.1,Stabil,7,2,5
USE-00487-202508,SME-2024-00487,2025-08,72.4,10.8,Stabil,13,2,4
USE-00487-202509,SME-2024-00487,2025-09,72.0,10.9,Fluktuatif,105,1,6
USE-00487-202510,SME-2024-00487,2025-10,71.9,10.9,Stabil,37,0,5
USE-00487-202511,SME-2024-00487,2025-11,70.2,10.8,Fluktuatif,39,0,5
USE-00487-202512,SME-2024-00487,2025-12,73.2,11.2,Fluktuatif,23,1,6
USE-00487-202601,SME-2024-00487,2026-01,70.2,10.3,Stabil,15,1,5
USE-00487-202602,SME-2024-00487,2026-02,72.6,11.7,Stabil,23,2,5
USE-00487-202603,SME-2024-00487,2026-03,71.4,10.7,Stabil,3,0,5
USE-00487-202604,SME-2024-00487,2026-04,72.1,10.9,Fluktuatif,75,1,4
USE-00487-202605,SME-2024-00487,2026-05,72.1,11.2,Stabil,45,0,4
USE-00487-202606,SME-2024-00487,2026-06,67.0,10.5,Fluktuatif,2,1,6
USE-00488-202507,SME-2024-00488,2025-07,95.3,14.2,Stabil,37,2,5
USE-00488-202508,SME-2024-00488,2025-08,91.1,13.2,Stabil,8,2,5
USE-00488-202509,SME-2024-00488,2025-09,94.7,15.4,Stabil,5,1,5
USE-00488-202510,SME-2024-00488,2025-10,94.2,13.6,Stabil,89,0,6
USE-00488-202511,SME-2024-00488,2025-11,96.9,14.3,Stabil,136,1,6
USE-00488-202512,SME-2024-00488,2025-12,91.1,14.1,Stabil,34,0,5
USE-00488-202601,SME-2024-00488,2026-01,95.2,14.2,Fluktuatif,25,1,5
USE-00488-202602,SME-2024-00488,2026-02,98.0,14.5,Stabil,16,1,5
USE-00488-202603,SME-2024-00488,2026-03,96.9,13.9,Stabil,77,1,5
USE-00488-202604,SME-2024-00488,2026-04,95.3,15.1,Fluktuatif,8,2,5
USE-00488-202605,SME-2024-00488,2026-05,97.9,15.0,Fluktuatif,4,0,6
USE-00488-202606,SME-2024-00488,2026-06,97.4,14.6,Stabil,68,2,6
USE-00489-202507,SME-2024-00489,2025-07,86.4,12.6,Stabil,6,3,7
USE-00489-202508,SME-2024-00489,2025-08,88.1,13.5,Fluktuatif,56,2,7
USE-00489-202509,SME-2024-00489,2025-09,87.5,12.3,Stabil,19,1,7
USE-00489-202510,SME-2024-00489,2025-10,85.4,13.2,Fluktuatif,4,1,8
USE-00489-202511,SME-2024-00489,2025-11,87.8,13.1,Fluktuatif,0,1,6
USE-00489-202512,SME-2024-00489,2025-12,86.2,12.1,Fluktuatif,20,1,6
USE-00489-202601,SME-2024-00489,2026-01,82.8,12.1,Stabil,1,2,6
USE-00489-202602,SME-2024-00489,2026-02,85.2,13.5,Fluktuatif,33,0,7
USE-00489-202603,SME-2024-00489,2026-03,87.1,12.2,Stabil,29,1,7
USE-00489-202604,SME-2024-00489,2026-04,80.9,12.7,Stabil,19,0,7
USE-00489-202605,SME-2024-00489,2026-05,82.9,12.6,Stabil,39,1,7
USE-00489-202606,SME-2024-00489,2026-06,84.2,13.1,Fluktuatif,3,2,6
USE-00490-202507,SME-2024-00490,2025-07,87.9,13.2,Stabil,21,1,6
USE-00490-202508,SME-2024-00490,2025-08,91.1,14.7,Fluktuatif,73,3,6
USE-00490-202509,SME-2024-00490,2025-09,93.3,13.6,Stabil,12,1,5
USE-00490-202510,SME-2024-00490,2025-10,93.1,13.7,Fluktuatif,91,2,6
USE-00490-202511,SME-2024-00490,2025-11,90.5,13.9,Stabil,75,0,6
USE-00490-202512,SME-2024-00490,2025-12,90.3,13.5,Stabil,16,1,6
USE-00490-202601,SME-2024-00490,2026-01,88.9,13.7,Stabil,12,0,5
USE-00490-202602,SME-2024-00490,2026-02,89.9,13.5,Stabil,86,0,5
USE-00490-202603,SME-2024-00490,2026-03,94.3,14.0,Fluktuatif,36,0,6
USE-00490-202604,SME-2024-00490,2026-04,93.7,13.3,Stabil,68,2,6
USE-00490-202605,SME-2024-00490,2026-05,91.9,13.8,Stabil,38,4,6
USE-00490-202606,SME-2024-00490,2026-06,91.3,12.9,Stabil,56,1,6
USE-00491-202507,SME-2024-00491,2025-07,77.9,11.6,Stabil,89,0,8
USE-00491-202508,SME-2024-00491,2025-08,79.7,12.3,Stabil,64,1,9
USE-00491-202509,SME-2024-00491,2025-09,81.5,12.4,Stabil,56,1,8
USE-00491-202510,SME-2024-00491,2025-10,78.3,11.9,Fluktuatif,26,1,8
USE-00491-202511,SME-2024-00491,2025-11,77.4,11.5,Stabil,3,1,8
USE-00491-202512,SME-2024-00491,2025-12,83.0,12.5,Stabil,82,1,9
USE-00491-202601,SME-2024-00491,2026-01,85.3,12.1,Stabil,91,0,8
USE-00491-202602,SME-2024-00491,2026-02,84.9,12.0,Stabil,29,0,8
USE-00491-202603,SME-2024-00491,2026-03,83.1,12.1,Stabil,59,3,9
USE-00491-202604,SME-2024-00491,2026-04,82.2,12.2,Stabil,10,2,8
USE-00491-202605,SME-2024-00491,2026-05,85.8,12.5,Stabil,6,3,7
USE-00491-202606,SME-2024-00491,2026-06,82.1,12.2,Stabil,101,0,8
USE-00492-202507,SME-2024-00492,2025-07,78.3,12.2,Stabil,153,1,6
USE-00492-202508,SME-2024-00492,2025-08,83.6,12.3,Fluktuatif,6,1,6
USE-00492-202509,SME-2024-00492,2025-09,81.9,12.3,Stabil,5,3,6
USE-00492-202510,SME-2024-00492,2025-10,83.8,12.4,Stabil,6,3,6
USE-00492-202511,SME-2024-00492,2025-11,82.5,12.6,Stabil,67,1,6
USE-00492-202512,SME-2024-00492,2025-12,83.4,12.3,Stabil,5,1,6
USE-00492-202601,SME-2024-00492,2026-01,84.9,12.4,Stabil,37,0,5
USE-00492-202602,SME-2024-00492,2026-02,84.8,12.3,Stabil,8,3,5
USE-00492-202603,SME-2024-00492,2026-03,86.8,13.7,Stabil,11,0,5
USE-00492-202604,SME-2024-00492,2026-04,82.8,11.9,Stabil,20,1,5
USE-00492-202605,SME-2024-00492,2026-05,85.1,12.8,Stabil,7,2,5
USE-00492-202606,SME-2024-00492,2026-06,88.2,13.3,Stabil,68,3,5
USE-00493-202507,SME-2024-00493,2025-07,72.6,11.1,Fluktuatif,7,0,8
USE-00493-202508,SME-2024-00493,2025-08,71.2,10.5,Stabil,25,1,7
USE-00493-202509,SME-2024-00493,2025-09,72.3,11.2,Fluktuatif,36,1,8
USE-00493-202510,SME-2024-00493,2025-10,71.1,10.4,Stabil,21,1,8
USE-00493-202511,SME-2024-00493,2025-11,75.9,10.9,Stabil,130,0,7
USE-00493-202512,SME-2024-00493,2025-12,72.3,11.0,Fluktuatif,90,2,8
USE-00493-202601,SME-2024-00493,2026-01,77.7,12.2,Stabil,0,1,7
USE-00493-202602,SME-2024-00493,2026-02,77.5,11.9,Fluktuatif,10,0,8
USE-00493-202603,SME-2024-00493,2026-03,78.2,11.5,Stabil,21,1,7
USE-00493-202604,SME-2024-00493,2026-04,75.3,11.4,Stabil,114,0,7
USE-00493-202605,SME-2024-00493,2026-05,73.7,11.1,Stabil,21,0,8
USE-00493-202606,SME-2024-00493,2026-06,78.4,11.8,Stabil,19,1,8
USE-00494-202507,SME-2024-00494,2025-07,66.3,10.9,Fluktuatif,81,1,7
USE-00494-202508,SME-2024-00494,2025-08,65.7,10.0,Stabil,81,1,9
USE-00494-202509,SME-2024-00494,2025-09,65.7,10.0,Fluktuatif,35,0,7
USE-00494-202510,SME-2024-00494,2025-10,66.3,9.6,Fluktuatif,1,2,8
USE-00494-202511,SME-2024-00494,2025-11,61.3,9.6,Fluktuatif,79,0,8
USE-00494-202512,SME-2024-00494,2025-12,67.4,9.9,Stabil,35,0,7
USE-00494-202601,SME-2024-00494,2026-01,65.5,10.8,Stabil,15,1,8
USE-00494-202602,SME-2024-00494,2026-02,65.0,8.7,Stabil,13,0,8
USE-00494-202603,SME-2024-00494,2026-03,63.6,9.1,Stabil,0,0,8
USE-00494-202604,SME-2024-00494,2026-04,64.6,10.5,Fluktuatif,6,1,8
USE-00494-202605,SME-2024-00494,2026-05,63.6,9.6,Stabil,60,1,7
USE-00494-202606,SME-2024-00494,2026-06,64.6,10.4,Stabil,62,0,8
USE-00495-202507,SME-2024-00495,2025-07,54.7,7.7,Turun,45,2,10
USE-00495-202508,SME-2024-00495,2025-08,48.9,6.8,Turun,64,1,10
USE-00495-202509,SME-2024-00495,2025-09,48.3,7.1,Turun,2,4,10
USE-00495-202510,SME-2024-00495,2025-10,52.1,7.3,Turun,66,1,10
USE-00495-202511,SME-2024-00495,2025-11,47.3,6.6,Turun,26,1,10
USE-00495-202512,SME-2024-00495,2025-12,47.9,7.4,Turun,67,0,10
USE-00495-202601,SME-2024-00495,2026-01,47.8,7.9,Turun,45,1,10
USE-00495-202602,SME-2024-00495,2026-02,45.6,6.3,Turun,34,2,10
USE-00495-202603,SME-2024-00495,2026-03,46.7,6.2,Turun,47,0,10
USE-00495-202604,SME-2024-00495,2026-04,41.1,5.6,Turun,6,0,10
USE-00495-202605,SME-2024-00495,2026-05,41.7,6.0,Turun,7,0,10
USE-00495-202606,SME-2024-00495,2026-06,38.4,5.6,Turun,0,3,9
USE-00496-202507,SME-2024-00496,2025-07,63.9,9.1,Stabil,0,1,6
USE-00496-202508,SME-2024-00496,2025-08,62.6,9.6,Fluktuatif,31,0,6
USE-00496-202509,SME-2024-00496,2025-09,64.3,10.0,Stabil,5,0,6
USE-00496-202510,SME-2024-00496,2025-10,67.6,9.4,Stabil,11,0,6
USE-00496-202511,SME-2024-00496,2025-11,65.3,10.0,Stabil,13,0,6
USE-00496-202512,SME-2024-00496,2025-12,66.9,10.4,Stabil,86,2,6
USE-00496-202601,SME-2024-00496,2026-01,64.6,9.2,Stabil,13,1,6
USE-00496-202602,SME-2024-00496,2026-02,64.6,9.2,Stabil,28,2,6
USE-00496-202603,SME-2024-00496,2026-03,68.5,10.8,Stabil,13,0,6
USE-00496-202604,SME-2024-00496,2026-04,69.4,11.2,Stabil,23,2,5
USE-00496-202605,SME-2024-00496,2026-05,66.6,9.5,Stabil,34,0,5
USE-00496-202606,SME-2024-00496,2026-06,69.0,9.9,Stabil,24,0,6
USE-00497-202507,SME-2024-00497,2025-07,75.6,11.7,Fluktuatif,8,2,7
USE-00497-202508,SME-2024-00497,2025-08,76.3,10.7,Fluktuatif,62,1,6
USE-00497-202509,SME-2024-00497,2025-09,78.4,10.8,Stabil,1,0,7
USE-00497-202510,SME-2024-00497,2025-10,74.7,11.3,Fluktuatif,7,0,7
USE-00497-202511,SME-2024-00497,2025-11,77.6,12.1,Stabil,53,0,6
USE-00497-202512,SME-2024-00497,2025-12,76.7,11.6,Stabil,3,0,7
USE-00497-202601,SME-2024-00497,2026-01,76.2,12.2,Fluktuatif,3,1,7
USE-00497-202602,SME-2024-00497,2026-02,79.4,12.2,Stabil,33,2,7
USE-00497-202603,SME-2024-00497,2026-03,73.1,10.7,Stabil,15,1,6
USE-00497-202604,SME-2024-00497,2026-04,76.6,12.1,Stabil,25,1,7
USE-00497-202605,SME-2024-00497,2026-05,76.4,12.1,Stabil,32,4,6
USE-00497-202606,SME-2024-00497,2026-06,74.1,11.2,Stabil,25,1,6
USE-00498-202507,SME-2024-00498,2025-07,58.5,8.9,Fluktuatif,55,1,8
USE-00498-202508,SME-2024-00498,2025-08,58.8,8.2,Stabil,9,1,8
USE-00498-202509,SME-2024-00498,2025-09,66.3,9.1,Stabil,24,2,9
USE-00498-202510,SME-2024-00498,2025-10,64.9,9.3,Stabil,17,2,7
USE-00498-202511,SME-2024-00498,2025-11,66.5,9.9,Fluktuatif,76,0,8
USE-00498-202512,SME-2024-00498,2025-12,63.5,9.4,Fluktuatif,0,2,9
USE-00498-202601,SME-2024-00498,2026-01,67.0,9.8,Stabil,105,2,8
USE-00498-202602,SME-2024-00498,2026-02,64.7,10.3,Fluktuatif,22,1,8
USE-00498-202603,SME-2024-00498,2026-03,65.7,10.4,Stabil,1,0,8
USE-00498-202604,SME-2024-00498,2026-04,64.5,10.1,Fluktuatif,9,2,8
USE-00498-202605,SME-2024-00498,2026-05,67.9,10.8,Stabil,34,1,8
USE-00498-202606,SME-2024-00498,2026-06,70.1,9.6,Fluktuatif,31,0,9
USE-00499-202507,SME-2024-00499,2025-07,57.5,8.4,Fluktuatif,44,0,6
USE-00499-202508,SME-2024-00499,2025-08,58.1,9.1,Fluktuatif,21,1,6
USE-00499-202509,SME-2024-00499,2025-09,58.8,8.7,Fluktuatif,15,0,5
USE-00499-202510,SME-2024-00499,2025-10,59.6,9.7,Stabil,52,2,6
USE-00499-202511,SME-2024-00499,2025-11,56.0,8.6,Fluktuatif,1,2,5
USE-00499-202512,SME-2024-00499,2025-12,57.8,9.6,Stabil,30,1,5
USE-00499-202601,SME-2024-00499,2026-01,60.7,8.8,Fluktuatif,24,1,6
USE-00499-202602,SME-2024-00499,2026-02,52.8,8.3,Stabil,15,2,6
USE-00499-202603,SME-2024-00499,2026-03,58.9,8.8,Stabil,2,3,6
USE-00499-202604,SME-2024-00499,2026-04,60.3,8.2,Fluktuatif,1,0,6
USE-00499-202605,SME-2024-00499,2026-05,60.1,9.3,Fluktuatif,21,2,6
USE-00499-202606,SME-2024-00499,2026-06,60.5,9.6,Stabil,90,1,7
USE-00500-202507,SME-2024-00500,2025-07,55.6,8.4,Stabil,5,1,6
USE-00500-202508,SME-2024-00500,2025-08,55.3,7.5,Fluktuatif,5,2,6
USE-00500-202509,SME-2024-00500,2025-09,60.1,8.9,Stabil,2,2,6
USE-00500-202510,SME-2024-00500,2025-10,57.7,9.3,Stabil,43,1,6
USE-00500-202511,SME-2024-00500,2025-11,52.8,7.6,Fluktuatif,112,3,5
USE-00500-202512,SME-2024-00500,2025-12,55.3,8.1,Stabil,65,3,6
USE-00500-202601,SME-2024-00500,2026-01,57.9,8.6,Fluktuatif,2,3,5
USE-00500-202602,SME-2024-00500,2026-02,53.0,6.9,Stabil,58,0,5
USE-00500-202603,SME-2024-00500,2026-03,56.7,9.0,Fluktuatif,131,2,6
USE-00500-202604,SME-2024-00500,2026-04,52.9,9.0,Stabil,44,0,6
USE-00500-202605,SME-2024-00500,2026-05,54.9,8.3,Stabil,9,1,7
USE-00500-202606,SME-2024-00500,2026-06,51.0,7.5,Stabil,77,3,6
USE-00501-202507,SME-2024-00501,2025-07,82.1,11.6,Fluktuatif,77,1,8
USE-00501-202508,SME-2024-00501,2025-08,80.6,11.9,Stabil,1,1,8
USE-00501-202509,SME-2024-00501,2025-09,78.2,11.6,Fluktuatif,31,0,8
USE-00501-202510,SME-2024-00501,2025-10,79.7,11.6,Fluktuatif,4,1,8
USE-00501-202511,SME-2024-00501,2025-11,80.1,11.1,Fluktuatif,22,0,8
USE-00501-202512,SME-2024-00501,2025-12,80.7,11.8,Stabil,1,4,8
USE-00501-202601,SME-2024-00501,2026-01,76.0,10.4,Fluktuatif,0,2,8
USE-00501-202602,SME-2024-00501,2026-02,79.0,11.9,Stabil,70,2,7
USE-00501-202603,SME-2024-00501,2026-03,74.8,11.0,Stabil,18,2,7
USE-00501-202604,SME-2024-00501,2026-04,77.4,11.9,Stabil,124,3,7
USE-00501-202605,SME-2024-00501,2026-05,77.4,11.3,Stabil,21,2,8
USE-00501-202606,SME-2024-00501,2026-06,74.4,12.0,Stabil,6,2,8
USE-00502-202507,SME-2024-00502,2025-07,75.0,10.6,Stabil,41,1,7
USE-00502-202508,SME-2024-00502,2025-08,75.8,11.7,Fluktuatif,33,0,7
USE-00502-202509,SME-2024-00502,2025-09,73.7,11.1,Stabil,23,0,8
USE-00502-202510,SME-2024-00502,2025-10,76.7,11.6,Stabil,33,0,8
USE-00502-202511,SME-2024-00502,2025-11,76.1,11.3,Fluktuatif,75,0,8
USE-00502-202512,SME-2024-00502,2025-12,75.9,11.9,Fluktuatif,40,1,8
USE-00502-202601,SME-2024-00502,2026-01,75.8,11.5,Fluktuatif,16,1,8
USE-00502-202602,SME-2024-00502,2026-02,77.3,12.0,Stabil,88,0,7
USE-00502-202603,SME-2024-00502,2026-03,77.3,11.3,Stabil,44,1,8
USE-00502-202604,SME-2024-00502,2026-04,77.4,11.5,Stabil,8,2,8
USE-00502-202605,SME-2024-00502,2026-05,76.6,11.2,Stabil,39,1,7
USE-00502-202606,SME-2024-00502,2026-06,76.0,10.4,Fluktuatif,45,0,7
USE-00503-202507,SME-2024-00503,2025-07,71.5,11.2,Stabil,68,0,7
USE-00503-202508,SME-2024-00503,2025-08,75.2,11.2,Stabil,0,0,9
USE-00503-202509,SME-2024-00503,2025-09,72.5,11.5,Fluktuatif,19,1,7
USE-00503-202510,SME-2024-00503,2025-10,75.8,12.1,Stabil,1,4,8
USE-00503-202511,SME-2024-00503,2025-11,75.5,10.9,Stabil,5,0,8
USE-00503-202512,SME-2024-00503,2025-12,71.0,11.1,Stabil,21,0,7
USE-00503-202601,SME-2024-00503,2026-01,75.2,11.8,Stabil,7,1,8
USE-00503-202602,SME-2024-00503,2026-02,74.5,11.1,Fluktuatif,49,2,8
USE-00503-202603,SME-2024-00503,2026-03,78.1,11.9,Stabil,16,0,8
USE-00503-202604,SME-2024-00503,2026-04,76.9,11.6,Stabil,39,1,8
USE-00503-202605,SME-2024-00503,2026-05,77.0,12.3,Stabil,3,4,8
USE-00503-202606,SME-2024-00503,2026-06,77.0,11.4,Fluktuatif,13,1,8
USE-00504-202507,SME-2024-00504,2025-07,73.0,11.6,Fluktuatif,64,1,8
USE-00504-202508,SME-2024-00504,2025-08,73.0,10.6,Stabil,78,1,7
USE-00504-202509,SME-2024-00504,2025-09,67.0,9.4,Stabil,51,3,8
USE-00504-202510,SME-2024-00504,2025-10,69.8,9.3,Stabil,8,1,8
USE-00504-202511,SME-2024-00504,2025-11,71.3,10.4,Stabil,37,4,8
USE-00504-202512,SME-2024-00504,2025-12,73.6,11.5,Fluktuatif,44,2,8
USE-00504-202601,SME-2024-00504,2026-01,66.7,9.9,Fluktuatif,33,0,8
USE-00504-202602,SME-2024-00504,2026-02,69.6,9.8,Fluktuatif,23,2,7
USE-00504-202603,SME-2024-00504,2026-03,73.9,9.8,Stabil,0,0,8
USE-00504-202604,SME-2024-00504,2026-04,75.0,11.5,Fluktuatif,10,0,7
USE-00504-202605,SME-2024-00504,2026-05,71.0,10.0,Fluktuatif,16,2,7
USE-00504-202606,SME-2024-00504,2026-06,71.0,9.7,Stabil,3,2,8
USE-00505-202507,SME-2024-00505,2025-07,61.8,8.9,Turun,7,0,8
USE-00505-202508,SME-2024-00505,2025-08,61.3,8.6,Turun,20,1,7
USE-00505-202509,SME-2024-00505,2025-09,59.2,9.9,Turun,30,1,7
USE-00505-202510,SME-2024-00505,2025-10,61.5,9.2,Turun,193,2,7
USE-00505-202511,SME-2024-00505,2025-11,59.6,9.3,Turun,103,0,8
USE-00505-202512,SME-2024-00505,2025-12,56.3,9.6,Turun,109,0,8
USE-00505-202601,SME-2024-00505,2026-01,56.6,8.4,Turun,77,1,8
USE-00505-202602,SME-2024-00505,2026-02,53.5,8.9,Turun,61,1,7
USE-00505-202603,SME-2024-00505,2026-03,54.9,7.8,Turun,26,0,8
USE-00505-202604,SME-2024-00505,2026-04,54.8,8.2,Turun,22,0,7
USE-00505-202605,SME-2024-00505,2026-05,53.0,7.5,Turun,80,1,9
USE-00505-202606,SME-2024-00505,2026-06,50.2,7.8,Turun,20,0,8
USE-00506-202507,SME-2024-00506,2025-07,61.8,9.8,Stabil,115,0,7
USE-00506-202508,SME-2024-00506,2025-08,63.3,9.4,Stabil,8,1,7
USE-00506-202509,SME-2024-00506,2025-09,59.2,8.6,Stabil,16,1,7
USE-00506-202510,SME-2024-00506,2025-10,62.7,9.9,Stabil,30,2,7
USE-00506-202511,SME-2024-00506,2025-11,62.7,9.7,Stabil,22,1,6
USE-00506-202512,SME-2024-00506,2025-12,60.5,10.0,Stabil,11,5,7
USE-00506-202601,SME-2024-00506,2026-01,63.7,9.2,Stabil,39,0,8
USE-00506-202602,SME-2024-00506,2026-02,63.3,10.2,Stabil,68,1,7
USE-00506-202603,SME-2024-00506,2026-03,61.4,8.8,Stabil,25,1,8
USE-00506-202604,SME-2024-00506,2026-04,63.9,9.4,Stabil,40,0,7
USE-00506-202605,SME-2024-00506,2026-05,63.4,9.2,Stabil,0,1,7
USE-00506-202606,SME-2024-00506,2026-06,62.1,9.0,Fluktuatif,64,1,7
USE-00507-202507,SME-2024-00507,2025-07,95.5,14.6,Stabil,96,1,7
USE-00507-202508,SME-2024-00507,2025-08,92.1,13.8,Stabil,7,0,7
USE-00507-202509,SME-2024-00507,2025-09,89.9,13.9,Fluktuatif,101,1,6
USE-00507-202510,SME-2024-00507,2025-10,91.0,13.9,Stabil,2,1,6
USE-00507-202511,SME-2024-00507,2025-11,90.0,14.0,Fluktuatif,84,0,7
USE-00507-202512,SME-2024-00507,2025-12,90.3,13.0,Stabil,38,0,7
USE-00507-202601,SME-2024-00507,2026-01,86.7,12.5,Fluktuatif,18,1,7
USE-00507-202602,SME-2024-00507,2026-02,92.7,14.6,Fluktuatif,29,2,7
USE-00507-202603,SME-2024-00507,2026-03,90.7,14.0,Stabil,26,0,6
USE-00507-202604,SME-2024-00507,2026-04,86.3,12.6,Fluktuatif,6,1,8
USE-00507-202605,SME-2024-00507,2026-05,85.4,12.3,Stabil,25,2,7
USE-00507-202606,SME-2024-00507,2026-06,88.4,12.9,Fluktuatif,1,0,7
USE-00508-202507,SME-2024-00508,2025-07,92.2,14.8,Fluktuatif,29,1,6
USE-00508-202508,SME-2024-00508,2025-08,88.9,12.6,Fluktuatif,61,0,6
USE-00508-202509,SME-2024-00508,2025-09,93.5,13.6,Fluktuatif,1,1,7
USE-00508-202510,SME-2024-00508,2025-10,95.8,13.7,Stabil,68,0,6
USE-00508-202511,SME-2024-00508,2025-11,95.5,14.8,Stabil,0,0,6
USE-00508-202512,SME-2024-00508,2025-12,93.1,13.7,Stabil,37,0,5
USE-00508-202601,SME-2024-00508,2026-01,90.3,13.9,Stabil,92,0,6
USE-00508-202602,SME-2024-00508,2026-02,91.0,13.7,Fluktuatif,22,2,6
USE-00508-202603,SME-2024-00508,2026-03,88.4,13.5,Fluktuatif,22,0,6
USE-00508-202604,SME-2024-00508,2026-04,94.0,14.3,Fluktuatif,28,2,6
USE-00508-202605,SME-2024-00508,2026-05,96.3,14.4,Stabil,45,1,5
USE-00508-202606,SME-2024-00508,2026-06,96.0,14.9,Fluktuatif,47,1,6
USE-00509-202507,SME-2024-00509,2025-07,54.0,7.7,Turun,30,2,7
USE-00509-202508,SME-2024-00509,2025-08,58.0,8.1,Turun,9,0,7
USE-00509-202509,SME-2024-00509,2025-09,55.4,7.5,Turun,9,4,7
USE-00509-202510,SME-2024-00509,2025-10,53.5,9.3,Turun,56,1,7
USE-00509-202511,SME-2024-00509,2025-11,50.0,6.8,Turun,5,1,7
USE-00509-202512,SME-2024-00509,2025-12,55.4,7.7,Turun,9,0,7
USE-00509-202601,SME-2024-00509,2026-01,51.0,6.7,Turun,20,1,7
USE-00509-202602,SME-2024-00509,2026-02,51.1,8.0,Turun,8,1,7
USE-00509-202603,SME-2024-00509,2026-03,48.5,6.3,Turun,80,2,7
USE-00509-202604,SME-2024-00509,2026-04,48.4,7.6,Turun,19,1,7
USE-00509-202605,SME-2024-00509,2026-05,44.0,7.7,Turun,173,1,8
USE-00509-202606,SME-2024-00509,2026-06,46.8,6.7,Turun,30,2,7
USE-00510-202507,SME-2024-00510,2025-07,87.3,12.2,Fluktuatif,9,2,7
USE-00510-202508,SME-2024-00510,2025-08,81.4,12.1,Stabil,63,0,7
USE-00510-202509,SME-2024-00510,2025-09,80.8,12.1,Stabil,21,0,7
USE-00510-202510,SME-2024-00510,2025-10,85.0,12.3,Fluktuatif,83,4,7
USE-00510-202511,SME-2024-00510,2025-11,86.0,12.4,Stabil,175,1,7
USE-00510-202512,SME-2024-00510,2025-12,86.2,12.6,Stabil,55,1,7
USE-00510-202601,SME-2024-00510,2026-01,84.5,12.8,Fluktuatif,124,2,8
USE-00510-202602,SME-2024-00510,2026-02,85.2,12.2,Fluktuatif,34,2,7
USE-00510-202603,SME-2024-00510,2026-03,84.0,11.9,Fluktuatif,109,1,8
USE-00510-202604,SME-2024-00510,2026-04,80.7,13.1,Stabil,20,1,8
USE-00510-202605,SME-2024-00510,2026-05,82.5,12.0,Stabil,56,0,7
USE-00510-202606,SME-2024-00510,2026-06,81.4,11.9,Fluktuatif,18,1,7
USE-00511-202507,SME-2024-00511,2025-07,82.1,12.5,Stabil,63,2,8
USE-00511-202508,SME-2024-00511,2025-08,79.4,12.6,Stabil,24,1,8
USE-00511-202509,SME-2024-00511,2025-09,82.1,12.8,Fluktuatif,20,4,8
USE-00511-202510,SME-2024-00511,2025-10,80.3,12.4,Stabil,8,1,8
USE-00511-202511,SME-2024-00511,2025-11,77.8,11.6,Stabil,26,1,8
USE-00511-202512,SME-2024-00511,2025-12,82.1,12.6,Fluktuatif,16,1,8
USE-00511-202601,SME-2024-00511,2026-01,78.0,11.4,Fluktuatif,35,2,8
USE-00511-202602,SME-2024-00511,2026-02,83.6,12.5,Fluktuatif,40,1,8
USE-00511-202603,SME-2024-00511,2026-03,83.1,13.0,Stabil,4,4,8
USE-00511-202604,SME-2024-00511,2026-04,79.2,11.9,Stabil,45,2,7
USE-00511-202605,SME-2024-00511,2026-05,75.9,12.1,Fluktuatif,25,1,7
USE-00511-202606,SME-2024-00511,2026-06,79.8,12.5,Fluktuatif,4,0,8
USE-00512-202507,SME-2024-00512,2025-07,59.8,8.4,Stabil,0,1,8
USE-00512-202508,SME-2024-00512,2025-08,61.7,9.2,Stabil,21,2,8
USE-00512-202509,SME-2024-00512,2025-09,58.9,8.9,Stabil,28,1,7
USE-00512-202510,SME-2024-00512,2025-10,61.5,9.0,Stabil,25,1,7
USE-00512-202511,SME-2024-00512,2025-11,58.7,9.1,Stabil,2,1,7
USE-00512-202512,SME-2024-00512,2025-12,58.7,9.7,Fluktuatif,45,2,8
USE-00512-202601,SME-2024-00512,2026-01,57.4,9.0,Fluktuatif,45,1,7
USE-00512-202602,SME-2024-00512,2026-02,57.7,9.5,Stabil,16,0,8
USE-00512-202603,SME-2024-00512,2026-03,59.0,8.9,Fluktuatif,49,4,8
USE-00512-202604,SME-2024-00512,2026-04,60.3,9.1,Stabil,10,0,8
USE-00512-202605,SME-2024-00512,2026-05,57.7,8.2,Stabil,31,0,8
USE-00512-202606,SME-2024-00512,2026-06,60.5,9.1,Fluktuatif,11,0,8
USE-00513-202507,SME-2024-00513,2025-07,83.2,12.6,Stabil,96,2,8
USE-00513-202508,SME-2024-00513,2025-08,84.2,11.7,Stabil,5,0,8
USE-00513-202509,SME-2024-00513,2025-09,83.0,12.3,Stabil,97,1,8
USE-00513-202510,SME-2024-00513,2025-10,83.5,11.7,Fluktuatif,129,1,9
USE-00513-202511,SME-2024-00513,2025-11,81.3,12.8,Fluktuatif,18,0,8
USE-00513-202512,SME-2024-00513,2025-12,83.6,12.2,Fluktuatif,151,2,8
USE-00513-202601,SME-2024-00513,2026-01,79.9,12.4,Fluktuatif,0,1,8
USE-00513-202602,SME-2024-00513,2026-02,82.2,12.0,Fluktuatif,16,0,8
USE-00513-202603,SME-2024-00513,2026-03,80.2,12.4,Stabil,119,4,8
USE-00513-202604,SME-2024-00513,2026-04,82.5,11.8,Stabil,81,1,8
USE-00513-202605,SME-2024-00513,2026-05,82.6,11.6,Stabil,145,0,8
USE-00513-202606,SME-2024-00513,2026-06,80.3,12.6,Stabil,73,0,8
USE-00514-202507,SME-2024-00514,2025-07,72.5,11.2,Stabil,14,1,7
USE-00514-202508,SME-2024-00514,2025-08,74.7,10.9,Stabil,41,0,8
USE-00514-202509,SME-2024-00514,2025-09,77.7,11.7,Stabil,17,1,8
USE-00514-202510,SME-2024-00514,2025-10,72.9,10.3,Fluktuatif,7,1,8
USE-00514-202511,SME-2024-00514,2025-11,74.0,11.1,Stabil,10,1,7
USE-00514-202512,SME-2024-00514,2025-12,75.6,10.9,Stabil,44,1,8
USE-00514-202601,SME-2024-00514,2026-01,76.8,10.4,Stabil,10,1,8
USE-00514-202602,SME-2024-00514,2026-02,73.7,10.7,Stabil,1,1,8
USE-00514-202603,SME-2024-00514,2026-03,80.3,12.6,Fluktuatif,38,1,7
USE-00514-202604,SME-2024-00514,2026-04,78.3,11.8,Stabil,13,1,8
USE-00514-202605,SME-2024-00514,2026-05,80.3,11.8,Stabil,14,0,8
USE-00514-202606,SME-2024-00514,2026-06,81.0,12.2,Fluktuatif,7,1,7
USE-00515-202507,SME-2024-00515,2025-07,68.6,10.1,Stabil,4,0,6
USE-00515-202508,SME-2024-00515,2025-08,66.9,10.3,Stabil,12,1,7
USE-00515-202509,SME-2024-00515,2025-09,69.4,10.6,Stabil,48,1,7
USE-00515-202510,SME-2024-00515,2025-10,70.4,11.0,Stabil,0,1,7
USE-00515-202511,SME-2024-00515,2025-11,71.7,10.8,Stabil,32,0,7
USE-00515-202512,SME-2024-00515,2025-12,63.0,9.2,Stabil,23,0,7
USE-00515-202601,SME-2024-00515,2026-01,68.2,9.9,Stabil,4,0,7
USE-00515-202602,SME-2024-00515,2026-02,67.2,10.6,Fluktuatif,24,2,6
USE-00515-202603,SME-2024-00515,2026-03,68.6,10.3,Stabil,9,0,7
USE-00515-202604,SME-2024-00515,2026-04,66.4,10.0,Stabil,103,3,6
USE-00515-202605,SME-2024-00515,2026-05,66.5,10.5,Stabil,11,0,7
USE-00515-202606,SME-2024-00515,2026-06,65.8,9.3,Fluktuatif,80,3,7
USE-00516-202507,SME-2024-00516,2025-07,74.1,11.1,Stabil,0,0,8
USE-00516-202508,SME-2024-00516,2025-08,80.6,12.0,Stabil,15,0,8
USE-00516-202509,SME-2024-00516,2025-09,78.8,12.4,Stabil,4,0,8
USE-00516-202510,SME-2024-00516,2025-10,77.7,12.1,Fluktuatif,36,1,8
USE-00516-202511,SME-2024-00516,2025-11,77.4,11.6,Stabil,32,2,8
USE-00516-202512,SME-2024-00516,2025-12,74.4,11.7,Fluktuatif,74,0,9
USE-00516-202601,SME-2024-00516,2026-01,74.2,10.9,Stabil,54,2,8
USE-00516-202602,SME-2024-00516,2026-02,74.9,11.3,Stabil,16,1,8
USE-00516-202603,SME-2024-00516,2026-03,71.0,10.2,Stabil,50,2,8
USE-00516-202604,SME-2024-00516,2026-04,73.7,11.5,Stabil,9,3,8
USE-00516-202605,SME-2024-00516,2026-05,72.9,11.1,Stabil,3,1,8
USE-00516-202606,SME-2024-00516,2026-06,71.3,10.8,Stabil,77,1,8
USE-00517-202507,SME-2024-00517,2025-07,91.5,14.5,Stabil,69,0,8
USE-00517-202508,SME-2024-00517,2025-08,92.0,14.0,Stabil,32,2,8
USE-00517-202509,SME-2024-00517,2025-09,92.6,13.4,Stabil,28,1,9
USE-00517-202510,SME-2024-00517,2025-10,89.7,13.2,Stabil,23,1,9
USE-00517-202511,SME-2024-00517,2025-11,92.3,13.5,Fluktuatif,52,1,8
USE-00517-202512,SME-2024-00517,2025-12,92.1,13.8,Stabil,86,0,9
USE-00517-202601,SME-2024-00517,2026-01,89.7,13.5,Fluktuatif,56,2,8
USE-00517-202602,SME-2024-00517,2026-02,88.7,13.2,Stabil,70,0,9
USE-00517-202603,SME-2024-00517,2026-03,89.1,12.9,Fluktuatif,38,2,9
USE-00517-202604,SME-2024-00517,2026-04,90.8,12.6,Stabil,13,1,9
USE-00517-202605,SME-2024-00517,2026-05,90.6,12.9,Stabil,11,2,9
USE-00517-202606,SME-2024-00517,2026-06,87.3,12.9,Stabil,56,0,9
USE-00518-202507,SME-2024-00518,2025-07,68.6,10.1,Stabil,43,1,6
USE-00518-202508,SME-2024-00518,2025-08,71.0,10.6,Stabil,15,3,6
USE-00518-202509,SME-2024-00518,2025-09,69.4,10.9,Fluktuatif,10,0,6
USE-00518-202510,SME-2024-00518,2025-10,70.7,10.1,Stabil,24,2,6
USE-00518-202511,SME-2024-00518,2025-11,73.0,11.3,Fluktuatif,8,1,6
USE-00518-202512,SME-2024-00518,2025-12,70.9,10.4,Stabil,90,2,6
USE-00518-202601,SME-2024-00518,2026-01,74.6,10.5,Stabil,13,2,6
USE-00518-202602,SME-2024-00518,2026-02,74.8,11.4,Fluktuatif,28,1,6
USE-00518-202603,SME-2024-00518,2026-03,72.3,11.4,Stabil,5,1,6
USE-00518-202604,SME-2024-00518,2026-04,77.0,11.1,Fluktuatif,22,0,6
USE-00518-202605,SME-2024-00518,2026-05,79.5,11.7,Stabil,68,0,6
USE-00518-202606,SME-2024-00518,2026-06,74.9,10.5,Stabil,23,1,5
USE-00519-202507,SME-2024-00519,2025-07,88.3,13.6,Stabil,43,2,6
USE-00519-202508,SME-2024-00519,2025-08,83.4,12.2,Stabil,6,1,6
USE-00519-202509,SME-2024-00519,2025-09,85.7,13.0,Fluktuatif,51,0,6
USE-00519-202510,SME-2024-00519,2025-10,84.5,11.4,Fluktuatif,64,0,5
USE-00519-202511,SME-2024-00519,2025-11,87.9,13.3,Fluktuatif,16,1,5
USE-00519-202512,SME-2024-00519,2025-12,85.1,12.9,Stabil,82,0,6
USE-00519-202601,SME-2024-00519,2026-01,83.0,12.2,Stabil,5,1,6
USE-00519-202602,SME-2024-00519,2026-02,84.6,12.6,Stabil,8,0,6
USE-00519-202603,SME-2024-00519,2026-03,84.8,12.4,Stabil,21,2,6
USE-00519-202604,SME-2024-00519,2026-04,85.1,12.9,Stabil,88,1,7
USE-00519-202605,SME-2024-00519,2026-05,81.6,12.9,Stabil,22,1,6
USE-00519-202606,SME-2024-00519,2026-06,80.5,11.9,Stabil,31,3,5
USE-00520-202507,SME-2024-00520,2025-07,84.7,12.7,Fluktuatif,101,0,7
USE-00520-202508,SME-2024-00520,2025-08,85.7,13.1,Stabil,22,1,8
USE-00520-202509,SME-2024-00520,2025-09,83.1,12.0,Stabil,10,1,8
USE-00520-202510,SME-2024-00520,2025-10,83.4,12.6,Stabil,31,2,7
USE-00520-202511,SME-2024-00520,2025-11,82.3,13.0,Stabil,7,1,7
USE-00520-202512,SME-2024-00520,2025-12,87.6,12.6,Stabil,12,3,8
USE-00520-202601,SME-2024-00520,2026-01,81.0,11.7,Stabil,55,3,7
USE-00520-202602,SME-2024-00520,2026-02,77.4,11.4,Stabil,33,0,8
USE-00520-202603,SME-2024-00520,2026-03,81.8,12.1,Stabil,9,2,7
USE-00520-202604,SME-2024-00520,2026-04,80.2,12.3,Stabil,16,2,7
USE-00520-202605,SME-2024-00520,2026-05,78.0,11.6,Stabil,5,1,8
USE-00520-202606,SME-2024-00520,2026-06,78.0,12.2,Stabil,0,0,7
USE-00521-202507,SME-2024-00521,2025-07,85.1,13.8,Stabil,42,1,6
USE-00521-202508,SME-2024-00521,2025-08,86.5,13.8,Fluktuatif,19,1,7
USE-00521-202509,SME-2024-00521,2025-09,82.3,12.1,Stabil,6,2,7
USE-00521-202510,SME-2024-00521,2025-10,86.0,13.5,Fluktuatif,56,3,6
USE-00521-202511,SME-2024-00521,2025-11,88.9,13.5,Stabil,23,1,7
USE-00521-202512,SME-2024-00521,2025-12,88.7,13.2,Stabil,12,0,6
USE-00521-202601,SME-2024-00521,2026-01,89.6,13.0,Fluktuatif,25,2,6
USE-00521-202602,SME-2024-00521,2026-02,85.1,13.3,Stabil,28,2,6
USE-00521-202603,SME-2024-00521,2026-03,85.8,12.9,Stabil,69,0,7
USE-00521-202604,SME-2024-00521,2026-04,84.0,13.0,Stabil,34,1,6
USE-00521-202605,SME-2024-00521,2026-05,85.8,13.4,Stabil,2,1,7
USE-00521-202606,SME-2024-00521,2026-06,86.2,13.1,Fluktuatif,6,0,6
USE-00522-202507,SME-2024-00522,2025-07,85.1,11.6,Stabil,22,2,6
USE-00522-202508,SME-2024-00522,2025-08,83.5,13.4,Stabil,25,2,7
USE-00522-202509,SME-2024-00522,2025-09,83.2,12.9,Fluktuatif,48,2,7
USE-00522-202510,SME-2024-00522,2025-10,82.0,12.3,Fluktuatif,26,0,6
USE-00522-202511,SME-2024-00522,2025-11,83.4,11.9,Fluktuatif,6,0,7
USE-00522-202512,SME-2024-00522,2025-12,80.6,12.3,Stabil,33,2,7
USE-00522-202601,SME-2024-00522,2026-01,80.5,11.1,Stabil,29,1,7
USE-00522-202602,SME-2024-00522,2026-02,79.8,12.1,Stabil,121,1,8
USE-00522-202603,SME-2024-00522,2026-03,82.6,13.0,Stabil,12,2,6
USE-00522-202604,SME-2024-00522,2026-04,80.0,11.6,Fluktuatif,59,1,7
USE-00522-202605,SME-2024-00522,2026-05,79.5,12.1,Stabil,66,1,7
USE-00522-202606,SME-2024-00522,2026-06,81.1,11.7,Stabil,70,1,7
USE-00523-202507,SME-2024-00523,2025-07,64.2,9.5,Turun,34,1,6
USE-00523-202508,SME-2024-00523,2025-08,60.4,9.3,Turun,45,2,6
USE-00523-202509,SME-2024-00523,2025-09,62.6,9.3,Turun,97,2,6
USE-00523-202510,SME-2024-00523,2025-10,65.3,10.5,Turun,1,2,6
USE-00523-202511,SME-2024-00523,2025-11,60.5,9.2,Turun,31,0,6
USE-00523-202512,SME-2024-00523,2025-12,61.9,9.6,Turun,43,1,6
USE-00523-202601,SME-2024-00523,2026-01,63.3,9.8,Turun,66,1,5
USE-00523-202602,SME-2024-00523,2026-02,56.7,8.3,Turun,9,0,6
USE-00523-202603,SME-2024-00523,2026-03,60.2,8.8,Turun,96,2,6
USE-00523-202604,SME-2024-00523,2026-04,55.7,8.1,Turun,23,2,6
USE-00523-202605,SME-2024-00523,2026-05,60.0,8.4,Turun,21,0,5
USE-00523-202606,SME-2024-00523,2026-06,54.5,8.8,Turun,24,0,6
USE-00524-202507,SME-2024-00524,2025-07,87.1,13.9,Stabil,2,2,7
USE-00524-202508,SME-2024-00524,2025-08,93.6,14.7,Stabil,68,1,7
USE-00524-202509,SME-2024-00524,2025-09,91.3,13.7,Fluktuatif,8,0,6
USE-00524-202510,SME-2024-00524,2025-10,88.4,13.4,Stabil,42,2,6
USE-00524-202511,SME-2024-00524,2025-11,89.5,13.3,Stabil,22,0,6
USE-00524-202512,SME-2024-00524,2025-12,93.4,14.0,Stabil,14,0,6
USE-00524-202601,SME-2024-00524,2026-01,92.9,13.9,Fluktuatif,12,0,6
USE-00524-202602,SME-2024-00524,2026-02,97.2,14.9,Fluktuatif,12,3,6
USE-00524-202603,SME-2024-00524,2026-03,95.2,14.0,Stabil,53,1,7
USE-00524-202604,SME-2024-00524,2026-04,94.6,13.5,Fluktuatif,32,3,6
USE-00524-202605,SME-2024-00524,2026-05,96.6,14.8,Fluktuatif,50,1,7
USE-00524-202606,SME-2024-00524,2026-06,98.0,14.8,Fluktuatif,41,1,7
USE-00525-202507,SME-2024-00525,2025-07,63.4,9.3,Fluktuatif,29,1,7
USE-00525-202508,SME-2024-00525,2025-08,67.3,10.2,Stabil,24,1,7
USE-00525-202509,SME-2024-00525,2025-09,68.0,10.0,Stabil,16,3,8
USE-00525-202510,SME-2024-00525,2025-10,66.2,10.0,Stabil,45,0,8
USE-00525-202511,SME-2024-00525,2025-11,62.7,8.9,Stabil,34,1,7
USE-00525-202512,SME-2024-00525,2025-12,62.6,9.5,Fluktuatif,46,0,8
USE-00525-202601,SME-2024-00525,2026-01,67.0,9.8,Stabil,4,1,7
USE-00525-202602,SME-2024-00525,2026-02,65.0,9.4,Stabil,34,1,8
USE-00525-202603,SME-2024-00525,2026-03,67.6,10.1,Stabil,6,2,8
USE-00525-202604,SME-2024-00525,2026-04,64.0,9.7,Stabil,56,2,7
USE-00525-202605,SME-2024-00525,2026-05,62.9,9.9,Stabil,22,0,8
USE-00525-202606,SME-2024-00525,2026-06,67.7,10.7,Stabil,7,1,7
USE-00526-202507,SME-2024-00526,2025-07,91.2,14.7,Fluktuatif,20,1,6
USE-00526-202508,SME-2024-00526,2025-08,96.2,14.6,Stabil,17,1,6
USE-00526-202509,SME-2024-00526,2025-09,89.9,13.2,Stabil,18,0,6
USE-00526-202510,SME-2024-00526,2025-10,92.8,14.5,Stabil,72,1,7
USE-00526-202511,SME-2024-00526,2025-11,88.9,14.6,Stabil,18,2,6
USE-00526-202512,SME-2024-00526,2025-12,92.8,13.9,Stabil,10,4,6
USE-00526-202601,SME-2024-00526,2026-01,92.6,13.4,Stabil,69,1,7
USE-00526-202602,SME-2024-00526,2026-02,91.3,13.4,Stabil,2,0,6
USE-00526-202603,SME-2024-00526,2026-03,88.4,12.8,Stabil,23,2,6
USE-00526-202604,SME-2024-00526,2026-04,92.1,13.6,Stabil,75,1,7
USE-00526-202605,SME-2024-00526,2026-05,96.0,15.2,Fluktuatif,25,1,7
USE-00526-202606,SME-2024-00526,2026-06,92.5,13.2,Stabil,0,0,6
USE-00527-202507,SME-2024-00527,2025-07,69.1,10.8,Turun,48,0,7
USE-00527-202508,SME-2024-00527,2025-08,69.1,10.3,Turun,70,3,7
USE-00527-202509,SME-2024-00527,2025-09,65.2,9.4,Turun,10,2,8
USE-00527-202510,SME-2024-00527,2025-10,64.3,9.6,Turun,1,3,7
USE-00527-202511,SME-2024-00527,2025-11,67.7,9.8,Turun,37,0,7
USE-00527-202512,SME-2024-00527,2025-12,61.6,9.4,Turun,4,2,7
USE-00527-202601,SME-2024-00527,2026-01,61.7,9.8,Turun,54,3,8
USE-00527-202602,SME-2024-00527,2026-02,60.9,9.8,Turun,0,1,7
USE-00527-202603,SME-2024-00527,2026-03,56.2,8.2,Turun,110,1,7
USE-00527-202604,SME-2024-00527,2026-04,56.2,9.4,Turun,48,0,8
USE-00527-202605,SME-2024-00527,2026-05,56.5,8.8,Turun,14,0,8
USE-00527-202606,SME-2024-00527,2026-06,53.5,8.3,Turun,62,2,7
USE-00528-202507,SME-2024-00528,2025-07,86.3,12.6,Stabil,10,1,9
USE-00528-202508,SME-2024-00528,2025-08,84.6,13.2,Stabil,17,2,10
USE-00528-202509,SME-2024-00528,2025-09,86.2,13.5,Stabil,10,1,9
USE-00528-202510,SME-2024-00528,2025-10,89.5,13.4,Stabil,2,2,9
USE-00528-202511,SME-2024-00528,2025-11,85.1,12.7,Fluktuatif,5,1,9
USE-00528-202512,SME-2024-00528,2025-12,88.2,13.9,Stabil,1,2,10
USE-00528-202601,SME-2024-00528,2026-01,87.8,12.5,Fluktuatif,46,1,9
USE-00528-202602,SME-2024-00528,2026-02,85.9,13.0,Stabil,14,1,9
USE-00528-202603,SME-2024-00528,2026-03,88.5,13.4,Fluktuatif,35,1,10
USE-00528-202604,SME-2024-00528,2026-04,84.5,12.9,Fluktuatif,3,0,10
USE-00528-202605,SME-2024-00528,2026-05,88.3,13.8,Stabil,24,2,10
USE-00528-202606,SME-2024-00528,2026-06,88.7,13.4,Stabil,45,2,9
USE-00529-202507,SME-2024-00529,2025-07,54.5,7.9,Fluktuatif,36,1,7
USE-00529-202508,SME-2024-00529,2025-08,57.0,8.9,Fluktuatif,24,2,8
USE-00529-202509,SME-2024-00529,2025-09,56.2,8.6,Stabil,1,1,7
USE-00529-202510,SME-2024-00529,2025-10,51.0,7.6,Stabil,57,1,8
USE-00529-202511,SME-2024-00529,2025-11,49.9,6.9,Stabil,104,0,8
USE-00529-202512,SME-2024-00529,2025-12,54.5,8.8,Fluktuatif,11,0,8
USE-00529-202601,SME-2024-00529,2026-01,51.1,7.5,Stabil,5,2,8
USE-00529-202602,SME-2024-00529,2026-02,48.9,6.7,Stabil,10,0,8
USE-00529-202603,SME-2024-00529,2026-03,51.4,8.0,Stabil,32,0,8
USE-00529-202604,SME-2024-00529,2026-04,50.0,7.5,Stabil,30,0,8
USE-00529-202605,SME-2024-00529,2026-05,47.4,6.8,Stabil,18,2,8
USE-00529-202606,SME-2024-00529,2026-06,48.6,7.9,Stabil,70,1,8
USE-00530-202507,SME-2024-00530,2025-07,68.6,10.7,Stabil,31,0,7
USE-00530-202508,SME-2024-00530,2025-08,65.0,9.4,Stabil,7,1,7
USE-00530-202509,SME-2024-00530,2025-09,63.1,9.0,Stabil,69,2,7
USE-00530-202510,SME-2024-00530,2025-10,66.4,9.9,Stabil,69,0,7
USE-00530-202511,SME-2024-00530,2025-11,65.0,9.3,Stabil,5,3,7
USE-00530-202512,SME-2024-00530,2025-12,63.7,10.2,Fluktuatif,46,3,7
USE-00530-202601,SME-2024-00530,2026-01,63.9,10.7,Stabil,104,2,7
USE-00530-202602,SME-2024-00530,2026-02,64.9,10.2,Stabil,6,2,6
USE-00530-202603,SME-2024-00530,2026-03,63.5,9.0,Stabil,41,2,7
USE-00530-202604,SME-2024-00530,2026-04,66.5,10.4,Stabil,7,0,8
USE-00530-202605,SME-2024-00530,2026-05,60.1,9.5,Fluktuatif,5,0,7
USE-00530-202606,SME-2024-00530,2026-06,65.0,9.8,Stabil,98,2,8
USE-00531-202507,SME-2024-00531,2025-07,73.6,11.0,Stabil,52,1,6
USE-00531-202508,SME-2024-00531,2025-08,72.2,10.1,Stabil,29,1,7
USE-00531-202509,SME-2024-00531,2025-09,74.3,11.3,Fluktuatif,2,1,6
USE-00531-202510,SME-2024-00531,2025-10,75.3,11.7,Stabil,36,1,6
USE-00531-202511,SME-2024-00531,2025-11,75.1,12.0,Fluktuatif,1,2,7
USE-00531-202512,SME-2024-00531,2025-12,76.7,11.4,Fluktuatif,30,3,7
USE-00531-202601,SME-2024-00531,2026-01,75.4,11.2,Fluktuatif,13,2,7
USE-00531-202602,SME-2024-00531,2026-02,79.2,11.6,Fluktuatif,12,0,6
USE-00531-202603,SME-2024-00531,2026-03,78.7,12.7,Stabil,20,2,7
USE-00531-202604,SME-2024-00531,2026-04,80.2,12.8,Fluktuatif,36,0,6
USE-00531-202605,SME-2024-00531,2026-05,77.1,11.3,Stabil,28,0,7
USE-00531-202606,SME-2024-00531,2026-06,78.6,11.4,Stabil,8,0,6
USE-00532-202507,SME-2024-00532,2025-07,81.9,12.0,Stabil,7,0,7
USE-00532-202508,SME-2024-00532,2025-08,81.8,12.2,Fluktuatif,65,2,6
USE-00532-202509,SME-2024-00532,2025-09,78.7,12.4,Fluktuatif,5,0,6
USE-00532-202510,SME-2024-00532,2025-10,81.7,12.3,Stabil,6,0,6
USE-00532-202511,SME-2024-00532,2025-11,80.1,11.7,Stabil,25,1,7
USE-00532-202512,SME-2024-00532,2025-12,80.1,11.7,Stabil,27,0,6
USE-00532-202601,SME-2024-00532,2026-01,78.6,11.8,Stabil,27,0,6
USE-00532-202602,SME-2024-00532,2026-02,75.2,10.8,Fluktuatif,22,0,7
USE-00532-202603,SME-2024-00532,2026-03,75.5,12.6,Stabil,46,0,6
USE-00532-202604,SME-2024-00532,2026-04,75.4,11.9,Stabil,70,2,6
USE-00532-202605,SME-2024-00532,2026-05,71.8,10.7,Stabil,27,1,6
USE-00532-202606,SME-2024-00532,2026-06,71.3,10.6,Stabil,7,2,7
USE-00533-202507,SME-2024-00533,2025-07,84.9,12.4,Stabil,38,3,7
USE-00533-202508,SME-2024-00533,2025-08,85.0,12.6,Stabil,5,2,7
USE-00533-202509,SME-2024-00533,2025-09,81.2,12.9,Stabil,16,2,7
USE-00533-202510,SME-2024-00533,2025-10,81.6,12.7,Fluktuatif,0,0,7
USE-00533-202511,SME-2024-00533,2025-11,82.4,12.1,Stabil,13,2,7
USE-00533-202512,SME-2024-00533,2025-12,85.3,12.6,Stabil,45,0,7
USE-00533-202601,SME-2024-00533,2026-01,81.1,12.5,Stabil,29,2,8
USE-00533-202602,SME-2024-00533,2026-02,80.8,13.1,Stabil,4,0,7
USE-00533-202603,SME-2024-00533,2026-03,79.6,11.8,Stabil,43,0,7
USE-00533-202604,SME-2024-00533,2026-04,78.6,11.1,Fluktuatif,86,3,8
USE-00533-202605,SME-2024-00533,2026-05,80.0,11.4,Stabil,8,0,8
USE-00533-202606,SME-2024-00533,2026-06,78.0,12.5,Stabil,138,2,8
USE-00534-202507,SME-2024-00534,2025-07,77.0,11.7,Stabil,22,0,6
USE-00534-202508,SME-2024-00534,2025-08,77.4,11.3,Stabil,20,4,6
USE-00534-202509,SME-2024-00534,2025-09,81.7,12.1,Stabil,83,0,7
USE-00534-202510,SME-2024-00534,2025-10,78.4,11.2,Stabil,119,1,7
USE-00534-202511,SME-2024-00534,2025-11,80.8,12.4,Stabil,20,0,7
USE-00534-202512,SME-2024-00534,2025-12,79.0,11.8,Fluktuatif,0,1,7
USE-00534-202601,SME-2024-00534,2026-01,82.1,12.5,Fluktuatif,10,2,7
USE-00534-202602,SME-2024-00534,2026-02,80.0,12.4,Stabil,39,0,7
USE-00534-202603,SME-2024-00534,2026-03,78.0,11.7,Stabil,76,0,7
USE-00534-202604,SME-2024-00534,2026-04,86.1,14.0,Fluktuatif,12,0,7
USE-00534-202605,SME-2024-00534,2026-05,81.6,12.0,Stabil,76,2,7
USE-00534-202606,SME-2024-00534,2026-06,82.2,12.9,Fluktuatif,128,0,7
USE-00535-202507,SME-2024-00535,2025-07,56.7,9.2,Stabil,48,4,8
USE-00535-202508,SME-2024-00535,2025-08,57.8,8.5,Stabil,28,0,8
USE-00535-202509,SME-2024-00535,2025-09,57.1,8.8,Fluktuatif,7,1,8
USE-00535-202510,SME-2024-00535,2025-10,57.1,8.1,Stabil,27,1,9
USE-00535-202511,SME-2024-00535,2025-11,57.9,8.2,Stabil,87,1,8
USE-00535-202512,SME-2024-00535,2025-12,57.1,9.5,Stabil,101,1,8
USE-00535-202601,SME-2024-00535,2026-01,57.2,8.7,Fluktuatif,6,2,7
USE-00535-202602,SME-2024-00535,2026-02,60.1,9.5,Stabil,8,0,9
USE-00535-202603,SME-2024-00535,2026-03,55.0,8.5,Stabil,12,1,7
USE-00535-202604,SME-2024-00535,2026-04,57.6,8.0,Stabil,3,3,7
USE-00535-202605,SME-2024-00535,2026-05,55.2,8.6,Fluktuatif,9,1,8
USE-00535-202606,SME-2024-00535,2026-06,56.5,8.2,Stabil,47,3,8
USE-00536-202507,SME-2024-00536,2025-07,82.1,12.5,Turun,2,2,8
USE-00536-202508,SME-2024-00536,2025-08,85.2,13.2,Turun,9,0,8
USE-00536-202509,SME-2024-00536,2025-09,82.7,12.3,Turun,9,1,8
USE-00536-202510,SME-2024-00536,2025-10,77.0,10.8,Turun,8,4,8
USE-00536-202511,SME-2024-00536,2025-11,80.1,12.6,Turun,27,2,8
USE-00536-202512,SME-2024-00536,2025-12,77.8,11.5,Turun,60,1,8
USE-00536-202601,SME-2024-00536,2026-01,79.7,12.9,Turun,73,0,8
USE-00536-202602,SME-2024-00536,2026-02,75.5,10.9,Turun,4,1,8
USE-00536-202603,SME-2024-00536,2026-03,78.1,12.4,Turun,0,1,8
USE-00536-202604,SME-2024-00536,2026-04,72.8,10.7,Turun,65,0,8
USE-00536-202605,SME-2024-00536,2026-05,75.2,10.8,Turun,14,2,9
USE-00536-202606,SME-2024-00536,2026-06,72.5,11.4,Turun,20,1,8
USE-00537-202507,SME-2024-00537,2025-07,79.8,11.7,Fluktuatif,33,1,6
USE-00537-202508,SME-2024-00537,2025-08,82.5,11.3,Stabil,18,2,7
USE-00537-202509,SME-2024-00537,2025-09,83.5,11.5,Stabil,25,0,7
USE-00537-202510,SME-2024-00537,2025-10,81.9,12.9,Stabil,3,1,7
USE-00537-202511,SME-2024-00537,2025-11,80.9,11.9,Stabil,33,1,6
USE-00537-202512,SME-2024-00537,2025-12,80.6,12.4,Stabil,28,0,7
USE-00537-202601,SME-2024-00537,2026-01,76.3,11.8,Stabil,60,3,6
USE-00537-202602,SME-2024-00537,2026-02,79.5,12.7,Fluktuatif,102,1,7
USE-00537-202603,SME-2024-00537,2026-03,81.3,12.1,Stabil,120,2,6
USE-00537-202604,SME-2024-00537,2026-04,81.9,12.4,Stabil,31,0,7
USE-00537-202605,SME-2024-00537,2026-05,83.3,12.2,Stabil,1,0,7
USE-00537-202606,SME-2024-00537,2026-06,84.0,12.8,Fluktuatif,46,0,6
USE-00538-202507,SME-2024-00538,2025-07,92.4,13.9,Stabil,7,4,8
USE-00538-202508,SME-2024-00538,2025-08,93.3,12.9,Fluktuatif,7,2,8
USE-00538-202509,SME-2024-00538,2025-09,90.5,14.2,Fluktuatif,32,1,7
USE-00538-202510,SME-2024-00538,2025-10,92.2,13.3,Fluktuatif,63,0,7
USE-00538-202511,SME-2024-00538,2025-11,93.2,14.0,Stabil,24,2,7
USE-00538-202512,SME-2024-00538,2025-12,89.6,12.8,Stabil,45,1,7
USE-00538-202601,SME-2024-00538,2026-01,91.7,12.9,Fluktuatif,32,1,7
USE-00538-202602,SME-2024-00538,2026-02,91.6,13.3,Stabil,27,0,7
USE-00538-202603,SME-2024-00538,2026-03,91.7,13.7,Stabil,42,0,8
USE-00538-202604,SME-2024-00538,2026-04,91.9,13.9,Fluktuatif,181,0,8
USE-00538-202605,SME-2024-00538,2026-05,90.8,13.2,Fluktuatif,29,0,7
USE-00538-202606,SME-2024-00538,2026-06,90.5,13.8,Fluktuatif,4,0,7
USE-00539-202507,SME-2024-00539,2025-07,77.7,11.6,Stabil,82,2,8
USE-00539-202508,SME-2024-00539,2025-08,75.3,11.0,Stabil,116,0,8
USE-00539-202509,SME-2024-00539,2025-09,76.7,11.4,Fluktuatif,2,1,8
USE-00539-202510,SME-2024-00539,2025-10,75.7,12.7,Fluktuatif,17,0,8
USE-00539-202511,SME-2024-00539,2025-11,75.3,12.3,Stabil,109,1,8
USE-00539-202512,SME-2024-00539,2025-12,76.0,12.6,Stabil,11,1,8
USE-00539-202601,SME-2024-00539,2026-01,72.3,10.9,Fluktuatif,25,2,9
USE-00539-202602,SME-2024-00539,2026-02,71.3,10.9,Stabil,157,2,8
USE-00539-202603,SME-2024-00539,2026-03,72.2,10.6,Fluktuatif,8,0,8
USE-00539-202604,SME-2024-00539,2026-04,73.5,11.0,Fluktuatif,66,0,8
USE-00539-202605,SME-2024-00539,2026-05,75.4,11.1,Stabil,11,0,8
USE-00539-202606,SME-2024-00539,2026-06,74.1,10.8,Stabil,4,0,8
USE-00540-202507,SME-2024-00540,2025-07,78.7,12.2,Fluktuatif,44,1,8
USE-00540-202508,SME-2024-00540,2025-08,78.1,10.4,Stabil,7,0,7
USE-00540-202509,SME-2024-00540,2025-09,79.5,12.3,Stabil,16,0,8
USE-00540-202510,SME-2024-00540,2025-10,81.3,12.0,Stabil,68,2,8
USE-00540-202511,SME-2024-00540,2025-11,78.2,11.3,Stabil,8,0,9
USE-00540-202512,SME-2024-00540,2025-12,78.9,13.0,Fluktuatif,11,1,8
USE-00540-202601,SME-2024-00540,2026-01,73.9,11.1,Stabil,16,2,7
USE-00540-202602,SME-2024-00540,2026-02,78.0,12.1,Fluktuatif,2,0,8
USE-00540-202603,SME-2024-00540,2026-03,76.7,10.8,Stabil,34,0,7
USE-00540-202604,SME-2024-00540,2026-04,74.8,10.6,Stabil,21,2,8
USE-00540-202605,SME-2024-00540,2026-05,72.7,11.3,Stabil,110,1,7
USE-00540-202606,SME-2024-00540,2026-06,75.5,12.1,Stabil,10,0,7
USE-00541-202507,SME-2024-00541,2025-07,84.8,12.2,Fluktuatif,10,1,7
USE-00541-202508,SME-2024-00541,2025-08,86.9,13.3,Fluktuatif,9,1,7
USE-00541-202509,SME-2024-00541,2025-09,88.7,13.3,Fluktuatif,7,1,7
USE-00541-202510,SME-2024-00541,2025-10,89.4,14.3,Stabil,1,2,6
USE-00541-202511,SME-2024-00541,2025-11,87.5,13.8,Stabil,143,1,6
USE-00541-202512,SME-2024-00541,2025-12,88.2,12.9,Stabil,96,2,6
USE-00541-202601,SME-2024-00541,2026-01,89.3,14.0,Stabil,27,2,7
USE-00541-202602,SME-2024-00541,2026-02,90.6,13.3,Stabil,10,1,7
USE-00541-202603,SME-2024-00541,2026-03,89.1,14.3,Stabil,38,1,7
USE-00541-202604,SME-2024-00541,2026-04,89.1,12.8,Stabil,15,1,7
USE-00541-202605,SME-2024-00541,2026-05,89.0,14.0,Fluktuatif,14,2,6
USE-00541-202606,SME-2024-00541,2026-06,90.3,13.8,Fluktuatif,75,1,7
USE-00542-202507,SME-2024-00542,2025-07,87.1,12.6,Stabil,149,1,7
USE-00542-202508,SME-2024-00542,2025-08,93.4,13.5,Stabil,6,1,8
USE-00542-202509,SME-2024-00542,2025-09,93.4,14.6,Fluktuatif,37,2,8
USE-00542-202510,SME-2024-00542,2025-10,91.6,13.7,Stabil,5,1,8
USE-00542-202511,SME-2024-00542,2025-11,91.3,13.4,Fluktuatif,30,1,8
USE-00542-202512,SME-2024-00542,2025-12,89.9,13.0,Stabil,7,1,8
USE-00542-202601,SME-2024-00542,2026-01,85.9,12.6,Stabil,60,2,7
USE-00542-202602,SME-2024-00542,2026-02,93.0,14.4,Stabil,14,2,7
USE-00542-202603,SME-2024-00542,2026-03,87.0,13.2,Fluktuatif,8,2,8
USE-00542-202604,SME-2024-00542,2026-04,89.2,13.5,Stabil,90,0,7
USE-00542-202605,SME-2024-00542,2026-05,93.0,14.6,Stabil,36,1,7
USE-00542-202606,SME-2024-00542,2026-06,92.6,14.1,Stabil,9,1,8
USE-00543-202507,SME-2024-00543,2025-07,68.6,10.9,Stabil,19,1,7
USE-00543-202508,SME-2024-00543,2025-08,70.5,9.9,Stabil,62,1,6
USE-00543-202509,SME-2024-00543,2025-09,67.3,9.7,Stabil,0,0,6
USE-00543-202510,SME-2024-00543,2025-10,68.0,10.3,Stabil,16,1,6
USE-00543-202511,SME-2024-00543,2025-11,72.4,9.9,Fluktuatif,18,1,6
USE-00543-202512,SME-2024-00543,2025-12,72.7,11.4,Stabil,13,2,7
USE-00543-202601,SME-2024-00543,2026-01,71.4,10.1,Stabil,17,2,6
USE-00543-202602,SME-2024-00543,2026-02,69.9,10.2,Stabil,40,1,6
USE-00543-202603,SME-2024-00543,2026-03,70.9,10.3,Fluktuatif,81,0,6
USE-00543-202604,SME-2024-00543,2026-04,71.9,11.0,Fluktuatif,31,1,6
USE-00543-202605,SME-2024-00543,2026-05,72.7,11.1,Stabil,11,0,6
USE-00543-202606,SME-2024-00543,2026-06,73.3,11.4,Stabil,106,4,6
USE-00544-202507,SME-2024-00544,2025-07,75.4,11.8,Stabil,199,2,6
USE-00544-202508,SME-2024-00544,2025-08,77.6,11.8,Stabil,10,5,7
USE-00544-202509,SME-2024-00544,2025-09,74.7,11.3,Fluktuatif,30,1,7
USE-00544-202510,SME-2024-00544,2025-10,76.4,11.0,Stabil,65,0,7
USE-00544-202511,SME-2024-00544,2025-11,75.6,12.5,Stabil,14,2,7
USE-00544-202512,SME-2024-00544,2025-12,72.2,10.1,Stabil,100,0,7
USE-00544-202601,SME-2024-00544,2026-01,75.4,11.2,Stabil,48,1,6
USE-00544-202602,SME-2024-00544,2026-02,76.1,11.8,Fluktuatif,0,4,7
USE-00544-202603,SME-2024-00544,2026-03,75.7,11.2,Stabil,25,6,7
USE-00544-202604,SME-2024-00544,2026-04,73.8,10.9,Stabil,50,1,7
USE-00544-202605,SME-2024-00544,2026-05,75.2,11.5,Stabil,3,3,7
USE-00544-202606,SME-2024-00544,2026-06,74.4,11.9,Stabil,8,1,7
USE-00545-202507,SME-2024-00545,2025-07,82.8,12.8,Stabil,6,2,5
USE-00545-202508,SME-2024-00545,2025-08,81.2,12.9,Stabil,21,3,6
USE-00545-202509,SME-2024-00545,2025-09,84.9,12.8,Stabil,33,1,6
USE-00545-202510,SME-2024-00545,2025-10,82.0,12.2,Stabil,239,2,6
USE-00545-202511,SME-2024-00545,2025-11,84.2,12.4,Fluktuatif,42,2,6
USE-00545-202512,SME-2024-00545,2025-12,81.9,11.9,Fluktuatif,77,1,6
USE-00545-202601,SME-2024-00545,2026-01,86.7,13.0,Stabil,2,1,6
USE-00545-202602,SME-2024-00545,2026-02,91.0,13.2,Stabil,21,1,6
USE-00545-202603,SME-2024-00545,2026-03,85.9,12.7,Fluktuatif,0,0,6
USE-00545-202604,SME-2024-00545,2026-04,85.9,13.0,Fluktuatif,0,1,6
USE-00545-202605,SME-2024-00545,2026-05,85.2,13.2,Fluktuatif,10,0,6
USE-00545-202606,SME-2024-00545,2026-06,90.1,13.3,Stabil,83,3,6
USE-00546-202507,SME-2024-00546,2025-07,87.2,13.7,Stabil,28,0,8
USE-00546-202508,SME-2024-00546,2025-08,92.4,14.7,Stabil,28,0,7
USE-00546-202509,SME-2024-00546,2025-09,87.5,12.8,Stabil,38,3,7
USE-00546-202510,SME-2024-00546,2025-10,84.4,13.7,Fluktuatif,116,2,8
USE-00546-202511,SME-2024-00546,2025-11,90.7,14.1,Stabil,13,1,7
USE-00546-202512,SME-2024-00546,2025-12,89.8,13.5,Fluktuatif,290,3,8
USE-00546-202601,SME-2024-00546,2026-01,90.2,13.8,Stabil,16,1,8
USE-00546-202602,SME-2024-00546,2026-02,87.6,12.9,Fluktuatif,120,0,7
USE-00546-202603,SME-2024-00546,2026-03,90.3,12.9,Stabil,1,3,8
USE-00546-202604,SME-2024-00546,2026-04,94.1,14.3,Stabil,5,3,7
USE-00546-202605,SME-2024-00546,2026-05,94.0,14.0,Fluktuatif,71,0,7
USE-00546-202606,SME-2024-00546,2026-06,92.5,13.8,Fluktuatif,7,4,8
USE-00547-202507,SME-2024-00547,2025-07,69.8,10.5,Stabil,15,2,5
USE-00547-202508,SME-2024-00547,2025-08,66.7,10.6,Fluktuatif,16,4,5
USE-00547-202509,SME-2024-00547,2025-09,70.5,11.2,Fluktuatif,17,0,6
USE-00547-202510,SME-2024-00547,2025-10,66.0,10.0,Stabil,46,1,5
USE-00547-202511,SME-2024-00547,2025-11,71.4,10.6,Stabil,32,2,5
USE-00547-202512,SME-2024-00547,2025-12,73.0,12.3,Fluktuatif,2,1,6
USE-00547-202601,SME-2024-00547,2026-01,72.1,11.8,Fluktuatif,27,1,5
USE-00547-202602,SME-2024-00547,2026-02,70.2,11.0,Stabil,9,1,6
USE-00547-202603,SME-2024-00547,2026-03,66.2,9.5,Stabil,6,3,5
USE-00547-202604,SME-2024-00547,2026-04,70.8,11.0,Stabil,34,0,6
USE-00547-202605,SME-2024-00547,2026-05,65.6,10.5,Stabil,21,1,5
USE-00547-202606,SME-2024-00547,2026-06,71.0,11.0,Fluktuatif,29,1,5
USE-00548-202507,SME-2024-00548,2025-07,93.9,13.4,Fluktuatif,44,1,8
USE-00548-202508,SME-2024-00548,2025-08,89.3,14.0,Stabil,100,2,8
USE-00548-202509,SME-2024-00548,2025-09,92.6,14.3,Fluktuatif,112,1,7
USE-00548-202510,SME-2024-00548,2025-10,90.0,13.9,Fluktuatif,37,1,8
USE-00548-202511,SME-2024-00548,2025-11,92.6,13.9,Stabil,39,2,8
USE-00548-202512,SME-2024-00548,2025-12,89.8,12.9,Stabil,10,1,7
USE-00548-202601,SME-2024-00548,2026-01,95.3,14.1,Fluktuatif,50,2,8
USE-00548-202602,SME-2024-00548,2026-02,92.3,14.0,Stabil,73,3,8
USE-00548-202603,SME-2024-00548,2026-03,89.9,13.3,Stabil,45,0,7
USE-00548-202604,SME-2024-00548,2026-04,91.0,14.1,Fluktuatif,3,0,8
USE-00548-202605,SME-2024-00548,2026-05,92.5,13.3,Stabil,30,3,8
USE-00548-202606,SME-2024-00548,2026-06,94.4,14.6,Fluktuatif,25,1,8
USE-00549-202507,SME-2024-00549,2025-07,63.0,10.1,Stabil,18,1,8
USE-00549-202508,SME-2024-00549,2025-08,62.2,9.8,Stabil,27,0,9
USE-00549-202509,SME-2024-00549,2025-09,57.2,8.9,Stabil,14,1,8
USE-00549-202510,SME-2024-00549,2025-10,58.3,9.1,Stabil,5,0,9
USE-00549-202511,SME-2024-00549,2025-11,53.6,7.6,Stabil,27,1,8
USE-00549-202512,SME-2024-00549,2025-12,53.7,8.4,Stabil,18,2,9
USE-00549-202601,SME-2024-00549,2026-01,53.4,8.3,Stabil,7,1,7
USE-00549-202602,SME-2024-00549,2026-02,53.4,7.7,Stabil,5,1,8
USE-00549-202603,SME-2024-00549,2026-03,55.1,8.6,Fluktuatif,88,1,8
USE-00549-202604,SME-2024-00549,2026-04,52.5,7.5,Stabil,45,6,10
USE-00549-202605,SME-2024-00549,2026-05,56.0,8.6,Stabil,31,0,8
USE-00549-202606,SME-2024-00549,2026-06,54.5,8.2,Fluktuatif,3,2,8
USE-00550-202507,SME-2024-00550,2025-07,93.6,13.6,Stabil,19,1,8
USE-00550-202508,SME-2024-00550,2025-08,91.9,13.5,Stabil,78,1,8
USE-00550-202509,SME-2024-00550,2025-09,89.9,13.6,Fluktuatif,17,0,8
USE-00550-202510,SME-2024-00550,2025-10,91.2,14.4,Stabil,9,2,7
USE-00550-202511,SME-2024-00550,2025-11,90.4,14.3,Fluktuatif,106,2,8
USE-00550-202512,SME-2024-00550,2025-12,94.2,13.6,Stabil,3,1,8
USE-00550-202601,SME-2024-00550,2026-01,89.0,13.1,Stabil,13,2,8
USE-00550-202602,SME-2024-00550,2026-02,86.9,13.5,Stabil,3,0,8
USE-00550-202603,SME-2024-00550,2026-03,92.2,14.1,Stabil,36,1,8
USE-00550-202604,SME-2024-00550,2026-04,93.7,14.2,Stabil,47,4,7
USE-00550-202605,SME-2024-00550,2026-05,87.0,13.4,Stabil,32,1,8
USE-00550-202606,SME-2024-00550,2026-06,87.7,13.1,Stabil,77,1,7
USE-00551-202507,SME-2024-00551,2025-07,88.2,14.3,Fluktuatif,13,1,8
USE-00551-202508,SME-2024-00551,2025-08,83.6,12.9,Stabil,73,1,8
USE-00551-202509,SME-2024-00551,2025-09,88.1,13.1,Fluktuatif,68,0,8
USE-00551-202510,SME-2024-00551,2025-10,83.8,12.6,Stabil,67,1,8
USE-00551-202511,SME-2024-00551,2025-11,86.4,12.3,Fluktuatif,7,0,8
USE-00551-202512,SME-2024-00551,2025-12,87.2,14.4,Stabil,36,1,8
USE-00551-202601,SME-2024-00551,2026-01,86.3,12.9,Stabil,16,0,8
USE-00551-202602,SME-2024-00551,2026-02,88.6,13.2,Stabil,35,0,7
USE-00551-202603,SME-2024-00551,2026-03,87.6,12.2,Stabil,3,2,9
USE-00551-202604,SME-2024-00551,2026-04,87.0,13.5,Stabil,12,3,9
USE-00551-202605,SME-2024-00551,2026-05,88.4,14.7,Stabil,0,0,8
USE-00551-202606,SME-2024-00551,2026-06,90.2,13.5,Stabil,66,2,9
USE-00552-202507,SME-2024-00552,2025-07,87.8,14.0,Stabil,0,3,7
USE-00552-202508,SME-2024-00552,2025-08,89.9,13.4,Stabil,14,2,7
USE-00552-202509,SME-2024-00552,2025-09,93.2,14.1,Stabil,30,5,6
USE-00552-202510,SME-2024-00552,2025-10,88.7,13.7,Stabil,5,1,7
USE-00552-202511,SME-2024-00552,2025-11,89.0,14.0,Stabil,52,1,6
USE-00552-202512,SME-2024-00552,2025-12,88.3,12.7,Stabil,12,4,7
USE-00552-202601,SME-2024-00552,2026-01,88.0,13.2,Fluktuatif,1,3,7
USE-00552-202602,SME-2024-00552,2026-02,87.3,12.6,Stabil,21,0,7
USE-00552-202603,SME-2024-00552,2026-03,88.4,13.3,Fluktuatif,62,2,6
USE-00552-202604,SME-2024-00552,2026-04,86.8,13.3,Fluktuatif,70,0,7
USE-00552-202605,SME-2024-00552,2026-05,86.6,14.2,Stabil,88,0,6
USE-00552-202606,SME-2024-00552,2026-06,89.3,13.8,Stabil,35,2,6
USE-00553-202507,SME-2024-00553,2025-07,79.4,12.8,Stabil,4,0,7
USE-00553-202508,SME-2024-00553,2025-08,76.4,11.1,Stabil,29,0,7
USE-00553-202509,SME-2024-00553,2025-09,79.1,11.6,Stabil,7,3,7
USE-00553-202510,SME-2024-00553,2025-10,77.7,12.0,Fluktuatif,67,1,8
USE-00553-202511,SME-2024-00553,2025-11,76.3,12.0,Stabil,27,3,7
USE-00553-202512,SME-2024-00553,2025-12,79.8,11.6,Stabil,1,6,6
USE-00553-202601,SME-2024-00553,2026-01,81.5,12.2,Stabil,10,3,7
USE-00553-202602,SME-2024-00553,2026-02,75.4,11.1,Stabil,30,0,7
USE-00553-202603,SME-2024-00553,2026-03,84.2,13.0,Fluktuatif,43,2,7
USE-00553-202604,SME-2024-00553,2026-04,77.1,11.3,Stabil,32,0,7
USE-00553-202605,SME-2024-00553,2026-05,78.7,11.3,Stabil,36,1,7
USE-00553-202606,SME-2024-00553,2026-06,80.2,12.2,Stabil,26,0,8
USE-00554-202507,SME-2024-00554,2025-07,87.7,12.6,Naik,27,0,8
USE-00554-202508,SME-2024-00554,2025-08,84.5,12.7,Naik,56,2,8
USE-00554-202509,SME-2024-00554,2025-09,89.4,13.2,Naik,71,2,8
USE-00554-202510,SME-2024-00554,2025-10,82.8,11.8,Naik,16,1,8
USE-00554-202511,SME-2024-00554,2025-11,90.8,13.2,Naik,2,0,9
USE-00554-202512,SME-2024-00554,2025-12,91.9,13.6,Naik,67,2,8
USE-00554-202601,SME-2024-00554,2026-01,88.3,12.6,Naik,121,0,8
USE-00554-202602,SME-2024-00554,2026-02,88.5,14.0,Naik,3,0,8
USE-00554-202603,SME-2024-00554,2026-03,95.0,14.4,Naik,19,6,8
USE-00554-202604,SME-2024-00554,2026-04,91.9,14.5,Naik,29,1,8
USE-00554-202605,SME-2024-00554,2026-05,93.0,13.5,Naik,17,1,8
USE-00554-202606,SME-2024-00554,2026-06,96.6,14.1,Naik,17,1,8
USE-00555-202507,SME-2024-00555,2025-07,54.4,7.6,Stabil,59,1,8
USE-00555-202508,SME-2024-00555,2025-08,57.4,8.6,Stabil,48,0,7
USE-00555-202509,SME-2024-00555,2025-09,54.3,8.6,Stabil,27,1,7
USE-00555-202510,SME-2024-00555,2025-10,55.7,7.4,Stabil,9,2,8
USE-00555-202511,SME-2024-00555,2025-11,53.5,8.1,Stabil,16,1,7
USE-00555-202512,SME-2024-00555,2025-12,55.5,7.7,Stabil,34,1,7
USE-00555-202601,SME-2024-00555,2026-01,52.6,7.6,Stabil,56,1,8
USE-00555-202602,SME-2024-00555,2026-02,54.9,8.7,Fluktuatif,78,0,7
USE-00555-202603,SME-2024-00555,2026-03,55.6,8.3,Stabil,64,1,7
USE-00555-202604,SME-2024-00555,2026-04,53.6,7.4,Stabil,10,0,8
USE-00555-202605,SME-2024-00555,2026-05,51.7,7.9,Stabil,5,1,7
USE-00555-202606,SME-2024-00555,2026-06,55.9,7.8,Stabil,31,0,8
USE-00556-202507,SME-2024-00556,2025-07,66.7,10.6,Stabil,30,0,9
USE-00556-202508,SME-2024-00556,2025-08,65.3,9.5,Stabil,56,1,9
USE-00556-202509,SME-2024-00556,2025-09,64.3,8.7,Stabil,46,0,9
USE-00556-202510,SME-2024-00556,2025-10,64.5,9.1,Stabil,37,0,8
USE-00556-202511,SME-2024-00556,2025-11,61.6,9.1,Stabil,6,1,9
USE-00556-202512,SME-2024-00556,2025-12,64.4,10.2,Stabil,76,2,8
USE-00556-202601,SME-2024-00556,2026-01,64.2,9.7,Stabil,43,0,8
USE-00556-202602,SME-2024-00556,2026-02,64.3,8.8,Fluktuatif,34,0,8
USE-00556-202603,SME-2024-00556,2026-03,63.3,9.0,Stabil,19,1,8
USE-00556-202604,SME-2024-00556,2026-04,60.5,8.9,Stabil,10,0,9
USE-00556-202605,SME-2024-00556,2026-05,58.7,8.6,Stabil,24,2,8
USE-00556-202606,SME-2024-00556,2026-06,60.4,9.2,Fluktuatif,13,4,8
USE-00557-202507,SME-2024-00557,2025-07,60.7,9.8,Fluktuatif,29,3,8
USE-00557-202508,SME-2024-00557,2025-08,53.8,7.4,Fluktuatif,18,0,8
USE-00557-202509,SME-2024-00557,2025-09,60.2,8.7,Fluktuatif,49,1,7
USE-00557-202510,SME-2024-00557,2025-10,57.8,8.8,Stabil,16,5,8
USE-00557-202511,SME-2024-00557,2025-11,56.7,7.9,Stabil,9,1,8
USE-00557-202512,SME-2024-00557,2025-12,52.5,7.4,Fluktuatif,0,0,8
USE-00557-202601,SME-2024-00557,2026-01,57.4,9.6,Fluktuatif,24,0,7
USE-00557-202602,SME-2024-00557,2026-02,55.6,8.6,Stabil,107,0,7
USE-00557-202603,SME-2024-00557,2026-03,58.4,9.2,Fluktuatif,5,2,8
USE-00557-202604,SME-2024-00557,2026-04,58.3,9.3,Fluktuatif,28,2,7
USE-00557-202605,SME-2024-00557,2026-05,59.7,8.6,Stabil,35,2,9
USE-00557-202606,SME-2024-00557,2026-06,58.7,10.3,Stabil,9,0,8
USE-00558-202507,SME-2024-00558,2025-07,76.3,11.8,Stabil,5,1,7
USE-00558-202508,SME-2024-00558,2025-08,77.7,12.1,Fluktuatif,2,3,7
USE-00558-202509,SME-2024-00558,2025-09,75.6,12.1,Stabil,52,2,7
USE-00558-202510,SME-2024-00558,2025-10,79.4,11.2,Stabil,27,0,8
USE-00558-202511,SME-2024-00558,2025-11,74.9,10.8,Fluktuatif,40,2,8
USE-00558-202512,SME-2024-00558,2025-12,76.2,11.3,Stabil,6,3,7
USE-00558-202601,SME-2024-00558,2026-01,75.3,11.4,Fluktuatif,64,0,6
USE-00558-202602,SME-2024-00558,2026-02,78.2,10.7,Stabil,30,2,8
USE-00558-202603,SME-2024-00558,2026-03,74.6,11.1,Stabil,3,0,7
USE-00558-202604,SME-2024-00558,2026-04,73.7,10.8,Stabil,60,4,7
USE-00558-202605,SME-2024-00558,2026-05,73.2,11.2,Stabil,10,0,7
USE-00558-202606,SME-2024-00558,2026-06,70.6,10.1,Stabil,35,0,7
USE-00559-202507,SME-2024-00559,2025-07,92.9,14.1,Stabil,21,4,8
USE-00559-202508,SME-2024-00559,2025-08,88.2,13.5,Stabil,23,2,7
USE-00559-202509,SME-2024-00559,2025-09,91.3,13.5,Stabil,27,0,7
USE-00559-202510,SME-2024-00559,2025-10,92.8,13.4,Stabil,57,2,8
USE-00559-202511,SME-2024-00559,2025-11,93.2,13.6,Stabil,29,0,7
USE-00559-202512,SME-2024-00559,2025-12,95.2,14.1,Stabil,30,2,7
USE-00559-202601,SME-2024-00559,2026-01,90.6,14.1,Stabil,55,1,7
USE-00559-202602,SME-2024-00559,2026-02,91.5,14.2,Fluktuatif,15,1,7
USE-00559-202603,SME-2024-00559,2026-03,88.6,13.6,Stabil,45,2,8
USE-00559-202604,SME-2024-00559,2026-04,90.0,13.8,Fluktuatif,36,1,7
USE-00559-202605,SME-2024-00559,2026-05,90.1,13.8,Fluktuatif,23,0,7
USE-00559-202606,SME-2024-00559,2026-06,89.4,13.3,Stabil,50,0,7
USE-00560-202507,SME-2024-00560,2025-07,84.7,12.4,Stabil,6,2,7
USE-00560-202508,SME-2024-00560,2025-08,84.2,13.7,Stabil,51,3,7
USE-00560-202509,SME-2024-00560,2025-09,82.6,12.7,Fluktuatif,0,1,8
USE-00560-202510,SME-2024-00560,2025-10,83.6,11.9,Stabil,38,2,7
USE-00560-202511,SME-2024-00560,2025-11,86.5,12.9,Stabil,3,0,7
USE-00560-202512,SME-2024-00560,2025-12,83.6,12.7,Stabil,23,1,7
USE-00560-202601,SME-2024-00560,2026-01,84.1,12.1,Stabil,18,1,7
USE-00560-202602,SME-2024-00560,2026-02,79.3,12.7,Stabil,0,3,7
USE-00560-202603,SME-2024-00560,2026-03,78.8,12.3,Fluktuatif,124,2,7
USE-00560-202604,SME-2024-00560,2026-04,80.8,11.3,Stabil,36,2,7
USE-00560-202605,SME-2024-00560,2026-05,79.9,11.4,Stabil,2,0,7
USE-00560-202606,SME-2024-00560,2026-06,79.2,11.4,Stabil,19,3,8
USE-00561-202507,SME-2024-00561,2025-07,82.1,13.0,Stabil,11,3,7
USE-00561-202508,SME-2024-00561,2025-08,81.6,12.3,Fluktuatif,32,0,7
USE-00561-202509,SME-2024-00561,2025-09,83.7,12.3,Stabil,130,3,7
USE-00561-202510,SME-2024-00561,2025-10,81.6,12.2,Stabil,1,3,7
USE-00561-202511,SME-2024-00561,2025-11,85.8,13.5,Fluktuatif,8,1,6
USE-00561-202512,SME-2024-00561,2025-12,84.1,12.4,Stabil,183,1,7
USE-00561-202601,SME-2024-00561,2026-01,85.3,12.5,Stabil,59,3,7
USE-00561-202602,SME-2024-00561,2026-02,83.4,12.0,Stabil,26,1,7
USE-00561-202603,SME-2024-00561,2026-03,85.3,13.4,Stabil,3,1,7
USE-00561-202604,SME-2024-00561,2026-04,82.7,12.7,Stabil,0,2,7
USE-00561-202605,SME-2024-00561,2026-05,83.5,12.2,Fluktuatif,25,1,7
USE-00561-202606,SME-2024-00561,2026-06,83.9,11.9,Stabil,4,3,6
USE-00562-202507,SME-2024-00562,2025-07,80.9,12.0,Turun,29,3,7
USE-00562-202508,SME-2024-00562,2025-08,81.3,11.2,Turun,175,3,7
USE-00562-202509,SME-2024-00562,2025-09,71.8,10.8,Turun,46,2,7
USE-00562-202510,SME-2024-00562,2025-10,75.9,10.8,Turun,1,1,7
USE-00562-202511,SME-2024-00562,2025-11,72.8,11.4,Turun,16,2,7
USE-00562-202512,SME-2024-00562,2025-12,76.0,11.4,Turun,13,2,7
USE-00562-202601,SME-2024-00562,2026-01,70.8,11.1,Turun,30,1,7
USE-00562-202602,SME-2024-00562,2026-02,69.6,10.5,Turun,16,2,7
USE-00562-202603,SME-2024-00562,2026-03,74.2,11.9,Turun,34,0,8
USE-00562-202604,SME-2024-00562,2026-04,66.7,10.4,Turun,86,2,7
USE-00562-202605,SME-2024-00562,2026-05,68.7,10.3,Turun,33,2,6
USE-00562-202606,SME-2024-00562,2026-06,67.2,11.0,Turun,1,0,7
USE-00563-202507,SME-2024-00563,2025-07,78.3,11.6,Stabil,20,1,6
USE-00563-202508,SME-2024-00563,2025-08,83.6,12.6,Stabil,59,3,7
USE-00563-202509,SME-2024-00563,2025-09,77.6,11.4,Stabil,2,2,6
USE-00563-202510,SME-2024-00563,2025-10,81.5,11.7,Stabil,67,2,7
USE-00563-202511,SME-2024-00563,2025-11,77.9,11.0,Fluktuatif,27,1,7
USE-00563-202512,SME-2024-00563,2025-12,80.6,11.3,Stabil,3,0,7
USE-00563-202601,SME-2024-00563,2026-01,74.8,10.8,Stabil,1,1,7
USE-00563-202602,SME-2024-00563,2026-02,78.4,12.9,Stabil,36,2,6
USE-00563-202603,SME-2024-00563,2026-03,81.7,12.6,Stabil,125,0,7
USE-00563-202604,SME-2024-00563,2026-04,79.7,11.8,Stabil,102,2,7
USE-00563-202605,SME-2024-00563,2026-05,75.2,11.0,Fluktuatif,8,1,7
USE-00563-202606,SME-2024-00563,2026-06,77.0,11.7,Fluktuatif,11,0,7
USE-00564-202507,SME-2024-00564,2025-07,52.8,8.1,Turun,5,0,6
USE-00564-202508,SME-2024-00564,2025-08,53.5,8.4,Turun,107,1,6
USE-00564-202509,SME-2024-00564,2025-09,49.8,8.2,Turun,1,1,6
USE-00564-202510,SME-2024-00564,2025-10,48.4,7.9,Turun,6,2,7
USE-00564-202511,SME-2024-00564,2025-11,51.0,8.0,Turun,30,0,6
USE-00564-202512,SME-2024-00564,2025-12,53.0,7.4,Turun,141,4,6
USE-00564-202601,SME-2024-00564,2026-01,51.9,7.7,Turun,43,3,7
USE-00564-202602,SME-2024-00564,2026-02,44.7,6.3,Turun,17,2,7
USE-00564-202603,SME-2024-00564,2026-03,47.9,7.5,Turun,21,0,7
USE-00564-202604,SME-2024-00564,2026-04,43.4,6.3,Turun,29,1,6
USE-00564-202605,SME-2024-00564,2026-05,45.2,6.3,Turun,0,0,6
USE-00564-202606,SME-2024-00564,2026-06,46.8,7.0,Turun,32,0,6
USE-00565-202507,SME-2024-00565,2025-07,62.8,9.2,Turun,5,0,5
USE-00565-202508,SME-2024-00565,2025-08,58.1,8.3,Turun,8,0,6
USE-00565-202509,SME-2024-00565,2025-09,58.1,8.6,Turun,6,1,6
USE-00565-202510,SME-2024-00565,2025-10,58.6,8.8,Turun,131,1,6
USE-00565-202511,SME-2024-00565,2025-11,55.2,7.5,Turun,67,4,6
USE-00565-202512,SME-2024-00565,2025-12,48.4,7.0,Turun,47,1,6
USE-00565-202601,SME-2024-00565,2026-01,53.2,7.6,Turun,34,3,6
USE-00565-202602,SME-2024-00565,2026-02,50.3,8.0,Turun,16,0,6
USE-00565-202603,SME-2024-00565,2026-03,48.6,7.4,Turun,11,0,7
USE-00565-202604,SME-2024-00565,2026-04,46.7,8.6,Turun,12,6,6
USE-00565-202605,SME-2024-00565,2026-05,45.8,6.6,Turun,7,2,6
USE-00565-202606,SME-2024-00565,2026-06,44.7,6.6,Turun,1,0,6
USE-00566-202507,SME-2024-00566,2025-07,81.7,12.5,Stabil,13,2,7
USE-00566-202508,SME-2024-00566,2025-08,83.7,12.6,Stabil,52,2,8
USE-00566-202509,SME-2024-00566,2025-09,83.5,12.1,Stabil,35,1,7
USE-00566-202510,SME-2024-00566,2025-10,80.8,12.8,Fluktuatif,210,4,7
USE-00566-202511,SME-2024-00566,2025-11,85.5,13.0,Stabil,29,0,8
USE-00566-202512,SME-2024-00566,2025-12,80.5,12.8,Fluktuatif,63,2,7
USE-00566-202601,SME-2024-00566,2026-01,82.4,13.0,Stabil,35,1,7
USE-00566-202602,SME-2024-00566,2026-02,80.7,12.3,Fluktuatif,5,2,8
USE-00566-202603,SME-2024-00566,2026-03,82.8,12.7,Stabil,61,3,8
USE-00566-202604,SME-2024-00566,2026-04,81.4,11.8,Stabil,128,2,7
USE-00566-202605,SME-2024-00566,2026-05,81.9,12.2,Stabil,48,0,8
USE-00566-202606,SME-2024-00566,2026-06,81.3,11.6,Stabil,11,0,8
USE-00567-202507,SME-2024-00567,2025-07,81.6,12.5,Stabil,0,2,8
USE-00567-202508,SME-2024-00567,2025-08,78.3,11.9,Stabil,88,0,8
USE-00567-202509,SME-2024-00567,2025-09,77.1,11.9,Fluktuatif,24,0,8
USE-00567-202510,SME-2024-00567,2025-10,76.9,11.2,Fluktuatif,168,4,7
USE-00567-202511,SME-2024-00567,2025-11,78.7,12.2,Stabil,16,2,7
USE-00567-202512,SME-2024-00567,2025-12,75.1,11.8,Stabil,36,0,7
USE-00567-202601,SME-2024-00567,2026-01,75.9,11.1,Stabil,7,1,8
USE-00567-202602,SME-2024-00567,2026-02,71.5,10.3,Fluktuatif,27,1,7
USE-00567-202603,SME-2024-00567,2026-03,74.0,10.5,Fluktuatif,7,0,7
USE-00567-202604,SME-2024-00567,2026-04,75.0,12.5,Stabil,15,4,7
USE-00567-202605,SME-2024-00567,2026-05,78.0,11.5,Stabil,27,3,8
USE-00567-202606,SME-2024-00567,2026-06,75.1,11.7,Stabil,9,3,8
USE-00568-202507,SME-2024-00568,2025-07,86.8,13.7,Fluktuatif,43,1,7
USE-00568-202508,SME-2024-00568,2025-08,86.9,13.1,Stabil,13,5,8
USE-00568-202509,SME-2024-00568,2025-09,85.4,13.0,Stabil,5,1,7
USE-00568-202510,SME-2024-00568,2025-10,87.1,12.8,Stabil,23,0,8
USE-00568-202511,SME-2024-00568,2025-11,89.1,13.9,Stabil,28,1,8
USE-00568-202512,SME-2024-00568,2025-12,91.5,14.0,Stabil,1,0,8
USE-00568-202601,SME-2024-00568,2026-01,85.8,13.3,Stabil,30,2,8
USE-00568-202602,SME-2024-00568,2026-02,86.8,12.9,Stabil,8,3,7
USE-00568-202603,SME-2024-00568,2026-03,86.8,13.2,Fluktuatif,16,1,8
USE-00568-202604,SME-2024-00568,2026-04,87.3,13.0,Stabil,24,1,8
USE-00568-202605,SME-2024-00568,2026-05,88.8,13.8,Stabil,5,3,7
USE-00568-202606,SME-2024-00568,2026-06,90.6,13.1,Stabil,26,2,7
USE-00569-202507,SME-2024-00569,2025-07,72.7,11.1,Stabil,22,3,7
USE-00569-202508,SME-2024-00569,2025-08,72.4,10.3,Fluktuatif,21,1,8
USE-00569-202509,SME-2024-00569,2025-09,70.4,11.0,Fluktuatif,71,2,7
USE-00569-202510,SME-2024-00569,2025-10,71.2,10.3,Fluktuatif,17,1,7
USE-00569-202511,SME-2024-00569,2025-11,68.8,10.8,Stabil,13,1,7
USE-00569-202512,SME-2024-00569,2025-12,68.1,10.3,Stabil,63,1,7
USE-00569-202601,SME-2024-00569,2026-01,70.2,11.0,Stabil,29,1,7
USE-00569-202602,SME-2024-00569,2026-02,66.3,9.6,Fluktuatif,2,1,7
USE-00569-202603,SME-2024-00569,2026-03,65.6,10.7,Stabil,20,1,7
USE-00569-202604,SME-2024-00569,2026-04,64.4,10.5,Stabil,17,0,8
USE-00569-202605,SME-2024-00569,2026-05,64.0,10.2,Fluktuatif,32,1,7
USE-00569-202606,SME-2024-00569,2026-06,65.9,9.3,Stabil,2,1,7
USE-00570-202507,SME-2024-00570,2025-07,73.8,11.2,Stabil,24,1,6
USE-00570-202508,SME-2024-00570,2025-08,72.9,10.2,Stabil,30,0,6
USE-00570-202509,SME-2024-00570,2025-09,74.6,11.2,Stabil,11,0,6
USE-00570-202510,SME-2024-00570,2025-10,72.3,10.1,Stabil,15,2,6
USE-00570-202511,SME-2024-00570,2025-11,74.6,11.4,Stabil,66,1,6
USE-00570-202512,SME-2024-00570,2025-12,71.9,10.6,Fluktuatif,18,2,7
USE-00570-202601,SME-2024-00570,2026-01,75.4,11.8,Stabil,68,1,6
USE-00570-202602,SME-2024-00570,2026-02,76.2,12.1,Fluktuatif,57,1,6
USE-00570-202603,SME-2024-00570,2026-03,72.6,10.6,Stabil,270,2,6
USE-00570-202604,SME-2024-00570,2026-04,70.0,10.2,Stabil,3,2,6
USE-00570-202605,SME-2024-00570,2026-05,75.8,11.5,Stabil,1,0,6
USE-00570-202606,SME-2024-00570,2026-06,77.3,11.0,Stabil,4,0,6
USE-00571-202507,SME-2024-00571,2025-07,78.5,12.3,Stabil,9,2,8
USE-00571-202508,SME-2024-00571,2025-08,76.3,12.1,Stabil,12,2,8
USE-00571-202509,SME-2024-00571,2025-09,79.8,11.6,Stabil,39,0,8
USE-00571-202510,SME-2024-00571,2025-10,76.7,11.8,Stabil,43,2,9
USE-00571-202511,SME-2024-00571,2025-11,77.9,11.7,Stabil,21,2,8
USE-00571-202512,SME-2024-00571,2025-12,79.5,12.3,Stabil,23,1,9
USE-00571-202601,SME-2024-00571,2026-01,78.4,11.6,Fluktuatif,132,1,8
USE-00571-202602,SME-2024-00571,2026-02,78.2,11.8,Stabil,13,2,8
USE-00571-202603,SME-2024-00571,2026-03,79.7,11.9,Stabil,10,1,8
USE-00571-202604,SME-2024-00571,2026-04,78.1,11.8,Stabil,119,3,9
USE-00571-202605,SME-2024-00571,2026-05,80.0,11.9,Stabil,36,1,8
USE-00571-202606,SME-2024-00571,2026-06,81.7,12.4,Stabil,95,0,7
USE-00572-202507,SME-2024-00572,2025-07,76.7,11.6,Stabil,12,2,8
USE-00572-202508,SME-2024-00572,2025-08,78.6,12.8,Stabil,7,0,7
USE-00572-202509,SME-2024-00572,2025-09,75.8,11.2,Stabil,21,0,7
USE-00572-202510,SME-2024-00572,2025-10,80.5,11.1,Stabil,20,2,7
USE-00572-202511,SME-2024-00572,2025-11,78.8,11.1,Stabil,6,0,7
USE-00572-202512,SME-2024-00572,2025-12,82.3,12.9,Stabil,14,0,8
USE-00572-202601,SME-2024-00572,2026-01,76.5,11.6,Stabil,21,4,7
USE-00572-202602,SME-2024-00572,2026-02,77.3,11.6,Fluktuatif,21,0,7
USE-00572-202603,SME-2024-00572,2026-03,74.3,11.7,Stabil,22,1,7
USE-00572-202604,SME-2024-00572,2026-04,75.2,11.8,Stabil,56,0,7
USE-00572-202605,SME-2024-00572,2026-05,79.4,12.3,Fluktuatif,85,1,8
USE-00572-202606,SME-2024-00572,2026-06,77.8,12.1,Stabil,66,0,7
USE-00573-202507,SME-2024-00573,2025-07,76.7,11.4,Stabil,73,0,9
USE-00573-202508,SME-2024-00573,2025-08,77.7,12.0,Stabil,3,3,8
USE-00573-202509,SME-2024-00573,2025-09,80.4,13.0,Stabil,23,2,7
USE-00573-202510,SME-2024-00573,2025-10,79.0,12.0,Stabil,20,2,7
USE-00573-202511,SME-2024-00573,2025-11,80.6,11.8,Fluktuatif,18,2,8
USE-00573-202512,SME-2024-00573,2025-12,78.1,12.4,Stabil,2,0,7
USE-00573-202601,SME-2024-00573,2026-01,80.9,12.8,Fluktuatif,32,1,7
USE-00573-202602,SME-2024-00573,2026-02,81.7,11.9,Stabil,22,1,7
USE-00573-202603,SME-2024-00573,2026-03,80.1,11.3,Fluktuatif,11,1,8
USE-00573-202604,SME-2024-00573,2026-04,77.9,11.6,Stabil,10,0,7
USE-00573-202605,SME-2024-00573,2026-05,81.3,12.2,Fluktuatif,12,1,8
USE-00573-202606,SME-2024-00573,2026-06,80.7,11.1,Stabil,37,1,7
USE-00574-202507,SME-2024-00574,2025-07,65.6,9.0,Fluktuatif,2,1,8
USE-00574-202508,SME-2024-00574,2025-08,67.1,10.4,Fluktuatif,1,1,7
USE-00574-202509,SME-2024-00574,2025-09,67.6,11.0,Stabil,7,1,7
USE-00574-202510,SME-2024-00574,2025-10,65.6,9.6,Stabil,15,1,8
USE-00574-202511,SME-2024-00574,2025-11,65.5,10.1,Stabil,33,1,7
USE-00574-202512,SME-2024-00574,2025-12,64.6,9.5,Stabil,1,1,7
USE-00574-202601,SME-2024-00574,2026-01,64.2,9.1,Stabil,7,1,7
USE-00574-202602,SME-2024-00574,2026-02,61.2,9.8,Stabil,36,1,8
USE-00574-202603,SME-2024-00574,2026-03,62.4,9.5,Stabil,4,3,7
USE-00574-202604,SME-2024-00574,2026-04,60.7,9.5,Stabil,129,0,7
USE-00574-202605,SME-2024-00574,2026-05,57.2,8.5,Stabil,1,1,7
USE-00574-202606,SME-2024-00574,2026-06,57.6,8.7,Stabil,18,0,7
USE-00575-202507,SME-2024-00575,2025-07,72.9,10.5,Stabil,22,3,9
USE-00575-202508,SME-2024-00575,2025-08,69.8,9.7,Stabil,12,0,8
USE-00575-202509,SME-2024-00575,2025-09,70.9,10.9,Fluktuatif,15,0,8
USE-00575-202510,SME-2024-00575,2025-10,69.3,10.7,Fluktuatif,86,2,9
USE-00575-202511,SME-2024-00575,2025-11,72.7,10.3,Fluktuatif,54,1,9
USE-00575-202512,SME-2024-00575,2025-12,68.0,9.7,Stabil,11,1,8
USE-00575-202601,SME-2024-00575,2026-01,66.7,10.6,Stabil,34,1,8
USE-00575-202602,SME-2024-00575,2026-02,69.3,9.3,Stabil,21,1,8
USE-00575-202603,SME-2024-00575,2026-03,67.0,10.7,Stabil,15,2,8
USE-00575-202604,SME-2024-00575,2026-04,67.5,10.1,Stabil,53,2,8
USE-00575-202605,SME-2024-00575,2026-05,65.0,9.6,Stabil,42,0,9
USE-00575-202606,SME-2024-00575,2026-06,68.9,9.8,Fluktuatif,36,0,8
USE-00576-202507,SME-2024-00576,2025-07,66.6,9.9,Stabil,27,0,8
USE-00576-202508,SME-2024-00576,2025-08,66.0,10.1,Fluktuatif,21,1,8
USE-00576-202509,SME-2024-00576,2025-09,67.2,10.4,Fluktuatif,23,3,8
USE-00576-202510,SME-2024-00576,2025-10,68.4,10.4,Stabil,13,1,8
USE-00576-202511,SME-2024-00576,2025-11,65.4,9.7,Fluktuatif,2,1,8
USE-00576-202512,SME-2024-00576,2025-12,69.8,10.7,Stabil,40,4,9
USE-00576-202601,SME-2024-00576,2026-01,65.5,10.4,Stabil,59,4,9
USE-00576-202602,SME-2024-00576,2026-02,64.4,10.0,Stabil,32,0,9
USE-00576-202603,SME-2024-00576,2026-03,65.4,9.7,Stabil,25,3,8
USE-00576-202604,SME-2024-00576,2026-04,67.5,10.0,Stabil,25,1,8
USE-00576-202605,SME-2024-00576,2026-05,65.0,9.1,Stabil,57,1,9
USE-00576-202606,SME-2024-00576,2026-06,59.4,8.2,Fluktuatif,18,0,9
USE-00577-202507,SME-2024-00577,2025-07,79.7,11.8,Fluktuatif,7,1,6
USE-00577-202508,SME-2024-00577,2025-08,79.1,11.1,Stabil,104,3,7
USE-00577-202509,SME-2024-00577,2025-09,76.9,11.7,Stabil,1,0,6
USE-00577-202510,SME-2024-00577,2025-10,80.1,11.4,Stabil,21,1,6
USE-00577-202511,SME-2024-00577,2025-11,76.5,11.1,Stabil,39,0,6
USE-00577-202512,SME-2024-00577,2025-12,77.3,12.1,Stabil,35,0,6
USE-00577-202601,SME-2024-00577,2026-01,72.0,10.6,Stabil,45,0,6
USE-00577-202602,SME-2024-00577,2026-02,76.4,10.9,Fluktuatif,32,4,6
USE-00577-202603,SME-2024-00577,2026-03,71.2,10.1,Fluktuatif,152,1,7
USE-00577-202604,SME-2024-00577,2026-04,74.4,10.9,Stabil,45,3,7
USE-00577-202605,SME-2024-00577,2026-05,72.5,11.0,Fluktuatif,12,1,7
USE-00577-202606,SME-2024-00577,2026-06,71.1,10.6,Stabil,107,1,6
USE-00578-202507,SME-2024-00578,2025-07,70.1,10.7,Stabil,17,3,8
USE-00578-202508,SME-2024-00578,2025-08,70.4,10.8,Stabil,139,1,8
USE-00578-202509,SME-2024-00578,2025-09,68.7,9.4,Stabil,0,2,8
USE-00578-202510,SME-2024-00578,2025-10,70.8,10.2,Stabil,34,0,8
USE-00578-202511,SME-2024-00578,2025-11,71.9,10.9,Stabil,85,1,9
USE-00578-202512,SME-2024-00578,2025-12,65.9,10.1,Fluktuatif,48,1,9
USE-00578-202601,SME-2024-00578,2026-01,68.7,11.4,Stabil,35,1,8
USE-00578-202602,SME-2024-00578,2026-02,65.9,9.6,Stabil,29,0,8
USE-00578-202603,SME-2024-00578,2026-03,67.7,10.8,Stabil,0,0,7
USE-00578-202604,SME-2024-00578,2026-04,64.4,9.4,Stabil,12,1,8
USE-00578-202605,SME-2024-00578,2026-05,64.2,10.0,Stabil,0,2,9
USE-00578-202606,SME-2024-00578,2026-06,65.7,9.7,Stabil,4,1,8
USE-00579-202507,SME-2024-00579,2025-07,74.7,11.4,Fluktuatif,18,1,4
USE-00579-202508,SME-2024-00579,2025-08,74.5,10.4,Stabil,94,3,3
USE-00579-202509,SME-2024-00579,2025-09,76.8,11.8,Stabil,49,0,4
USE-00579-202510,SME-2024-00579,2025-10,77.2,11.5,Stabil,44,3,3
USE-00579-202511,SME-2024-00579,2025-11,74.5,11.3,Stabil,24,1,4
USE-00579-202512,SME-2024-00579,2025-12,75.6,11.2,Stabil,6,1,5
USE-00579-202601,SME-2024-00579,2026-01,77.0,11.5,Stabil,33,3,5
USE-00579-202602,SME-2024-00579,2026-02,77.0,11.5,Stabil,31,4,4
USE-00579-202603,SME-2024-00579,2026-03,80.8,12.8,Stabil,155,2,4
USE-00579-202604,SME-2024-00579,2026-04,78.3,11.9,Fluktuatif,87,1,4
USE-00579-202605,SME-2024-00579,2026-05,79.6,11.9,Stabil,9,1,3
USE-00579-202606,SME-2024-00579,2026-06,77.6,10.6,Stabil,22,0,4
USE-00580-202507,SME-2024-00580,2025-07,87.0,12.4,Stabil,7,1,6
USE-00580-202508,SME-2024-00580,2025-08,87.1,13.1,Stabil,16,1,6
USE-00580-202509,SME-2024-00580,2025-09,82.7,12.9,Stabil,4,1,6
USE-00580-202510,SME-2024-00580,2025-10,84.7,12.3,Stabil,17,1,6
USE-00580-202511,SME-2024-00580,2025-11,87.4,12.9,Stabil,33,1,7
USE-00580-202512,SME-2024-00580,2025-12,86.5,12.0,Stabil,3,1,7
USE-00580-202601,SME-2024-00580,2026-01,82.8,12.1,Stabil,20,0,6
USE-00580-202602,SME-2024-00580,2026-02,84.3,12.4,Fluktuatif,48,2,5
USE-00580-202603,SME-2024-00580,2026-03,79.8,11.8,Fluktuatif,15,2,5
USE-00580-202604,SME-2024-00580,2026-04,81.3,12.0,Fluktuatif,7,1,6
USE-00580-202605,SME-2024-00580,2026-05,83.1,13.4,Stabil,8,1,6
USE-00580-202606,SME-2024-00580,2026-06,79.1,11.3,Stabil,7,0,6
USE-00581-202507,SME-2024-00581,2025-07,79.8,12.2,Stabil,6,1,8
USE-00581-202508,SME-2024-00581,2025-08,80.7,12.8,Stabil,6,0,8
USE-00581-202509,SME-2024-00581,2025-09,79.2,11.8,Stabil,58,2,8
USE-00581-202510,SME-2024-00581,2025-10,80.5,12.8,Fluktuatif,30,0,8
USE-00581-202511,SME-2024-00581,2025-11,79.7,11.8,Stabil,18,0,7
USE-00581-202512,SME-2024-00581,2025-12,77.5,11.3,Stabil,30,0,8
USE-00581-202601,SME-2024-00581,2026-01,78.2,11.4,Fluktuatif,17,1,8
USE-00581-202602,SME-2024-00581,2026-02,78.6,11.7,Fluktuatif,3,1,8
USE-00581-202603,SME-2024-00581,2026-03,74.2,10.5,Fluktuatif,30,1,8
USE-00581-202604,SME-2024-00581,2026-04,80.6,12.6,Fluktuatif,5,3,7
USE-00581-202605,SME-2024-00581,2026-05,78.6,11.9,Stabil,104,0,7
USE-00581-202606,SME-2024-00581,2026-06,78.6,11.7,Fluktuatif,134,0,7
USE-00582-202507,SME-2024-00582,2025-07,86.4,12.6,Stabil,45,1,8
USE-00582-202508,SME-2024-00582,2025-08,90.8,13.7,Stabil,11,2,7
USE-00582-202509,SME-2024-00582,2025-09,88.5,13.5,Fluktuatif,6,3,7
USE-00582-202510,SME-2024-00582,2025-10,86.0,12.8,Fluktuatif,5,3,7
USE-00582-202511,SME-2024-00582,2025-11,84.5,11.7,Stabil,24,2,7
USE-00582-202512,SME-2024-00582,2025-12,90.9,14.3,Fluktuatif,27,0,7
USE-00582-202601,SME-2024-00582,2026-01,91.3,13.8,Stabil,10,1,7
USE-00582-202602,SME-2024-00582,2026-02,90.2,13.3,Fluktuatif,60,0,8
USE-00582-202603,SME-2024-00582,2026-03,89.6,13.1,Stabil,41,3,6
USE-00582-202604,SME-2024-00582,2026-04,82.9,13.0,Stabil,31,0,7
USE-00582-202605,SME-2024-00582,2026-05,88.4,12.5,Stabil,3,0,8
USE-00582-202606,SME-2024-00582,2026-06,89.7,14.2,Stabil,127,2,7
USE-00583-202507,SME-2024-00583,2025-07,67.9,9.5,Turun,41,0,7
USE-00583-202508,SME-2024-00583,2025-08,62.1,9.3,Turun,169,0,7
USE-00583-202509,SME-2024-00583,2025-09,63.2,9.6,Turun,32,2,8
USE-00583-202510,SME-2024-00583,2025-10,59.7,8.8,Turun,15,1,7
USE-00583-202511,SME-2024-00583,2025-11,59.7,9.0,Turun,154,1,7
USE-00583-202512,SME-2024-00583,2025-12,56.3,8.0,Turun,11,2,7
USE-00583-202601,SME-2024-00583,2026-01,56.4,8.7,Turun,47,1,8
USE-00583-202602,SME-2024-00583,2026-02,54.4,8.5,Turun,24,1,8
USE-00583-202603,SME-2024-00583,2026-03,54.0,7.2,Turun,17,0,8
USE-00583-202604,SME-2024-00583,2026-04,55.1,8.2,Turun,38,4,8
USE-00583-202605,SME-2024-00583,2026-05,52.4,7.9,Turun,49,1,8
USE-00583-202606,SME-2024-00583,2026-06,47.9,6.9,Turun,13,2,7
USE-00584-202507,SME-2024-00584,2025-07,76.7,11.4,Stabil,25,1,6
USE-00584-202508,SME-2024-00584,2025-08,78.3,12.3,Stabil,30,1,6
USE-00584-202509,SME-2024-00584,2025-09,75.7,11.3,Stabil,35,1,7
USE-00584-202510,SME-2024-00584,2025-10,77.9,10.9,Fluktuatif,35,0,7
USE-00584-202511,SME-2024-00584,2025-11,78.9,12.2,Stabil,61,3,7
USE-00584-202512,SME-2024-00584,2025-12,73.9,10.9,Stabil,12,1,7
USE-00584-202601,SME-2024-00584,2026-01,72.2,11.3,Stabil,21,0,7
USE-00584-202602,SME-2024-00584,2026-02,73.4,10.6,Stabil,25,3,7
USE-00584-202603,SME-2024-00584,2026-03,72.4,10.1,Stabil,27,0,7
USE-00584-202604,SME-2024-00584,2026-04,74.7,10.6,Stabil,62,0,7
USE-00584-202605,SME-2024-00584,2026-05,74.2,11.5,Stabil,8,3,7
USE-00584-202606,SME-2024-00584,2026-06,69.9,11.6,Stabil,25,0,7
USE-00585-202507,SME-2024-00585,2025-07,54.6,7.7,Stabil,97,1,8
USE-00585-202508,SME-2024-00585,2025-08,50.9,7.6,Stabil,45,2,8
USE-00585-202509,SME-2024-00585,2025-09,60.4,7.9,Stabil,84,1,8
USE-00585-202510,SME-2024-00585,2025-10,58.2,8.8,Stabil,13,1,8
USE-00585-202511,SME-2024-00585,2025-11,59.4,8.3,Fluktuatif,69,2,7
USE-00585-202512,SME-2024-00585,2025-12,58.1,9.0,Stabil,2,0,8
USE-00585-202601,SME-2024-00585,2026-01,57.6,8.7,Fluktuatif,13,1,8
USE-00585-202602,SME-2024-00585,2026-02,56.4,8.2,Stabil,8,1,7
USE-00585-202603,SME-2024-00585,2026-03,61.0,8.5,Stabil,4,0,8
USE-00585-202604,SME-2024-00585,2026-04,59.2,8.2,Stabil,21,3,7
USE-00585-202605,SME-2024-00585,2026-05,62.2,9.8,Stabil,27,2,7
USE-00585-202606,SME-2024-00585,2026-06,62.1,9.3,Stabil,72,1,8
USE-00586-202507,SME-2024-00586,2025-07,78.2,10.5,Stabil,22,0,6
USE-00586-202508,SME-2024-00586,2025-08,76.5,11.0,Fluktuatif,31,1,7
USE-00586-202509,SME-2024-00586,2025-09,78.8,13.0,Stabil,67,1,7
USE-00586-202510,SME-2024-00586,2025-10,75.9,12.3,Stabil,24,3,7
USE-00586-202511,SME-2024-00586,2025-11,72.7,9.5,Stabil,13,3,7
USE-00586-202512,SME-2024-00586,2025-12,74.1,11.8,Fluktuatif,20,0,7
USE-00586-202601,SME-2024-00586,2026-01,69.3,10.0,Stabil,7,1,7
USE-00586-202602,SME-2024-00586,2026-02,73.9,10.3,Stabil,5,4,7
USE-00586-202603,SME-2024-00586,2026-03,70.5,9.9,Stabil,5,2,7
USE-00586-202604,SME-2024-00586,2026-04,71.5,10.6,Fluktuatif,16,5,6
USE-00586-202605,SME-2024-00586,2026-05,73.4,10.5,Fluktuatif,5,0,7
USE-00586-202606,SME-2024-00586,2026-06,76.1,11.5,Fluktuatif,19,0,7
USE-00587-202507,SME-2024-00587,2025-07,75.5,11.5,Naik,7,2,6
USE-00587-202508,SME-2024-00587,2025-08,72.2,9.8,Naik,3,0,7
USE-00587-202509,SME-2024-00587,2025-09,81.4,12.0,Naik,27,1,6
USE-00587-202510,SME-2024-00587,2025-10,77.9,11.7,Naik,31,1,7
USE-00587-202511,SME-2024-00587,2025-11,82.4,12.3,Naik,6,2,7
USE-00587-202512,SME-2024-00587,2025-12,80.5,11.4,Naik,13,3,7
USE-00587-202601,SME-2024-00587,2026-01,80.0,12.2,Naik,19,0,6
USE-00587-202602,SME-2024-00587,2026-02,82.0,12.2,Naik,12,1,7
USE-00587-202603,SME-2024-00587,2026-03,87.0,12.5,Naik,19,0,7
USE-00587-202604,SME-2024-00587,2026-04,83.3,12.5,Naik,72,0,6
USE-00587-202605,SME-2024-00587,2026-05,87.5,13.3,Naik,102,0,6
USE-00587-202606,SME-2024-00587,2026-06,85.8,12.6,Naik,80,2,6
USE-00588-202507,SME-2024-00588,2025-07,91.7,13.8,Fluktuatif,9,1,8
USE-00588-202508,SME-2024-00588,2025-08,94.9,14.7,Stabil,23,2,8
USE-00588-202509,SME-2024-00588,2025-09,93.6,14.2,Fluktuatif,9,1,9
USE-00588-202510,SME-2024-00588,2025-10,89.9,13.4,Stabil,34,2,8
USE-00588-202511,SME-2024-00588,2025-11,91.6,13.6,Stabil,22,3,8
USE-00588-202512,SME-2024-00588,2025-12,90.0,13.4,Fluktuatif,68,2,9
USE-00588-202601,SME-2024-00588,2026-01,92.3,14.3,Stabil,27,3,8
USE-00588-202602,SME-2024-00588,2026-02,94.7,14.1,Stabil,155,1,8
USE-00588-202603,SME-2024-00588,2026-03,93.7,13.9,Stabil,18,0,8
USE-00588-202604,SME-2024-00588,2026-04,93.3,13.2,Stabil,30,0,8
USE-00588-202605,SME-2024-00588,2026-05,88.0,12.9,Fluktuatif,1,0,8
USE-00588-202606,SME-2024-00588,2026-06,93.9,15.0,Stabil,15,1,8
USE-00589-202507,SME-2024-00589,2025-07,67.5,10.1,Stabil,35,1,8
USE-00589-202508,SME-2024-00589,2025-08,68.8,10.6,Fluktuatif,21,3,7
USE-00589-202509,SME-2024-00589,2025-09,67.0,10.4,Stabil,7,2,7
USE-00589-202510,SME-2024-00589,2025-10,62.6,9.8,Stabil,4,1,7
USE-00589-202511,SME-2024-00589,2025-11,67.2,9.9,Fluktuatif,0,0,7
USE-00589-202512,SME-2024-00589,2025-12,67.4,11.5,Stabil,61,1,7
USE-00589-202601,SME-2024-00589,2026-01,63.1,9.8,Fluktuatif,14,2,7
USE-00589-202602,SME-2024-00589,2026-02,65.9,9.2,Stabil,87,3,7
USE-00589-202603,SME-2024-00589,2026-03,65.8,10.4,Stabil,0,2,7
USE-00589-202604,SME-2024-00589,2026-04,63.4,8.9,Stabil,19,0,8
USE-00589-202605,SME-2024-00589,2026-05,66.7,9.7,Stabil,34,1,7
USE-00589-202606,SME-2024-00589,2026-06,64.9,9.8,Fluktuatif,122,4,7
USE-00590-202507,SME-2024-00590,2025-07,72.8,11.2,Stabil,169,2,9
USE-00590-202508,SME-2024-00590,2025-08,69.6,10.3,Stabil,1,1,7
USE-00590-202509,SME-2024-00590,2025-09,69.0,10.1,Fluktuatif,21,0,9
USE-00590-202510,SME-2024-00590,2025-10,72.1,10.8,Stabil,21,1,8
USE-00590-202511,SME-2024-00590,2025-11,64.6,9.9,Fluktuatif,17,0,9
USE-00590-202512,SME-2024-00590,2025-12,69.2,11.2,Fluktuatif,26,1,8
USE-00590-202601,SME-2024-00590,2026-01,65.3,9.8,Fluktuatif,121,0,8
USE-00590-202602,SME-2024-00590,2026-02,64.1,10.1,Stabil,85,2,8
USE-00590-202603,SME-2024-00590,2026-03,67.2,10.1,Stabil,45,1,8
USE-00590-202604,SME-2024-00590,2026-04,67.6,10.5,Stabil,3,1,8
USE-00590-202605,SME-2024-00590,2026-05,63.9,9.4,Stabil,4,0,8
USE-00590-202606,SME-2024-00590,2026-06,62.7,9.3,Stabil,2,1,8
USE-00591-202507,SME-2024-00591,2025-07,89.8,13.9,Fluktuatif,11,2,6
USE-00591-202508,SME-2024-00591,2025-08,94.2,14.3,Fluktuatif,6,1,6
USE-00591-202509,SME-2024-00591,2025-09,92.5,14.0,Stabil,23,0,6
USE-00591-202510,SME-2024-00591,2025-10,93.8,13.3,Stabil,11,0,6
USE-00591-202511,SME-2024-00591,2025-11,90.5,13.2,Stabil,21,0,6
USE-00591-202512,SME-2024-00591,2025-12,91.9,13.9,Stabil,10,2,6
USE-00591-202601,SME-2024-00591,2026-01,92.8,14.0,Fluktuatif,3,2,6
USE-00591-202602,SME-2024-00591,2026-02,93.0,13.9,Stabil,90,3,6
USE-00591-202603,SME-2024-00591,2026-03,95.5,13.3,Fluktuatif,45,2,6
USE-00591-202604,SME-2024-00591,2026-04,91.3,14.6,Fluktuatif,8,1,6
USE-00591-202605,SME-2024-00591,2026-05,92.4,13.9,Fluktuatif,7,0,6
USE-00591-202606,SME-2024-00591,2026-06,88.6,13.7,Stabil,0,1,6
USE-00592-202507,SME-2024-00592,2025-07,82.4,12.7,Stabil,21,1,6
USE-00592-202508,SME-2024-00592,2025-08,82.4,12.5,Stabil,74,1,6
USE-00592-202509,SME-2024-00592,2025-09,84.6,12.5,Fluktuatif,14,0,7
USE-00592-202510,SME-2024-00592,2025-10,81.3,12.5,Stabil,6,0,6
USE-00592-202511,SME-2024-00592,2025-11,87.2,12.9,Stabil,14,2,6
USE-00592-202512,SME-2024-00592,2025-12,84.9,13.9,Fluktuatif,27,1,6
USE-00592-202601,SME-2024-00592,2026-01,82.6,11.8,Fluktuatif,21,2,6
USE-00592-202602,SME-2024-00592,2026-02,85.2,13.0,Stabil,49,3,6
USE-00592-202603,SME-2024-00592,2026-03,85.0,12.9,Stabil,26,2,7
USE-00592-202604,SME-2024-00592,2026-04,81.4,11.5,Fluktuatif,8,3,6
USE-00592-202605,SME-2024-00592,2026-05,83.8,11.9,Stabil,39,0,6
USE-00592-202606,SME-2024-00592,2026-06,84.4,12.5,Fluktuatif,10,0,7
USE-00593-202507,SME-2024-00593,2025-07,77.3,11.0,Stabil,75,2,9
USE-00593-202508,SME-2024-00593,2025-08,80.4,13.2,Stabil,3,1,9
USE-00593-202509,SME-2024-00593,2025-09,78.2,11.4,Fluktuatif,48,0,10
USE-00593-202510,SME-2024-00593,2025-10,78.6,12.1,Stabil,108,2,10
USE-00593-202511,SME-2024-00593,2025-11,80.3,12.0,Stabil,16,3,10
USE-00593-202512,SME-2024-00593,2025-12,79.5,11.4,Fluktuatif,12,3,10
USE-00593-202601,SME-2024-00593,2026-01,79.4,12.1,Fluktuatif,34,1,10
USE-00593-202602,SME-2024-00593,2026-02,78.3,11.8,Fluktuatif,11,2,10
USE-00593-202603,SME-2024-00593,2026-03,81.1,12.3,Fluktuatif,47,1,10
USE-00593-202604,SME-2024-00593,2026-04,80.4,12.6,Stabil,1,0,9
USE-00593-202605,SME-2024-00593,2026-05,83.2,12.4,Stabil,65,2,9
USE-00593-202606,SME-2024-00593,2026-06,80.9,12.5,Stabil,34,1,10
USE-00594-202507,SME-2024-00594,2025-07,78.9,12.0,Fluktuatif,43,0,8
USE-00594-202508,SME-2024-00594,2025-08,78.9,12.1,Fluktuatif,21,1,8
USE-00594-202509,SME-2024-00594,2025-09,81.5,11.9,Stabil,28,2,8
USE-00594-202510,SME-2024-00594,2025-10,78.2,11.3,Stabil,22,1,8
USE-00594-202511,SME-2024-00594,2025-11,81.2,12.0,Stabil,23,1,8
USE-00594-202512,SME-2024-00594,2025-12,80.4,12.7,Stabil,14,0,8
USE-00594-202601,SME-2024-00594,2026-01,79.2,11.2,Stabil,116,4,7
USE-00594-202602,SME-2024-00594,2026-02,80.0,12.1,Fluktuatif,8,1,8
USE-00594-202603,SME-2024-00594,2026-03,81.5,12.3,Stabil,8,1,8
USE-00594-202604,SME-2024-00594,2026-04,80.6,11.6,Stabil,64,3,8
USE-00594-202605,SME-2024-00594,2026-05,80.9,12.5,Stabil,22,1,8
USE-00594-202606,SME-2024-00594,2026-06,78.6,12.4,Stabil,5,1,8
USE-00595-202507,SME-2024-00595,2025-07,80.3,12.0,Stabil,46,0,7
USE-00595-202508,SME-2024-00595,2025-08,78.9,11.3,Stabil,19,0,8
USE-00595-202509,SME-2024-00595,2025-09,79.8,11.8,Stabil,4,0,7
USE-00595-202510,SME-2024-00595,2025-10,79.0,11.6,Stabil,60,1,7
USE-00595-202511,SME-2024-00595,2025-11,78.2,11.6,Stabil,15,1,8
USE-00595-202512,SME-2024-00595,2025-12,78.4,11.8,Stabil,18,1,7
USE-00595-202601,SME-2024-00595,2026-01,77.0,12.3,Stabil,136,5,8
USE-00595-202602,SME-2024-00595,2026-02,76.9,11.2,Fluktuatif,38,3,8
USE-00595-202603,SME-2024-00595,2026-03,74.2,11.2,Stabil,39,4,7
USE-00595-202604,SME-2024-00595,2026-04,78.0,11.6,Stabil,10,1,8
USE-00595-202605,SME-2024-00595,2026-05,77.3,11.8,Stabil,36,2,7
USE-00595-202606,SME-2024-00595,2026-06,74.9,11.4,Fluktuatif,55,1,7
USE-00596-202507,SME-2024-00596,2025-07,84.1,12.9,Stabil,11,0,9
USE-00596-202508,SME-2024-00596,2025-08,85.5,13.3,Stabil,24,2,10
USE-00596-202509,SME-2024-00596,2025-09,88.2,14.1,Fluktuatif,79,3,10
USE-00596-202510,SME-2024-00596,2025-10,85.5,14.4,Fluktuatif,21,1,10
USE-00596-202511,SME-2024-00596,2025-11,83.5,12.6,Stabil,30,1,10
USE-00596-202512,SME-2024-00596,2025-12,84.3,12.4,Stabil,6,2,10
USE-00596-202601,SME-2024-00596,2026-01,85.2,13.5,Stabil,106,1,9
USE-00596-202602,SME-2024-00596,2026-02,83.1,12.8,Stabil,54,0,9
USE-00596-202603,SME-2024-00596,2026-03,82.8,12.5,Stabil,30,2,10
USE-00596-202604,SME-2024-00596,2026-04,82.6,13.2,Stabil,14,0,10
USE-00596-202605,SME-2024-00596,2026-05,85.7,12.1,Fluktuatif,12,2,10
USE-00596-202606,SME-2024-00596,2026-06,80.1,12.1,Fluktuatif,59,0,9
USE-00597-202507,SME-2024-00597,2025-07,81.8,12.0,Stabil,49,1,8
USE-00597-202508,SME-2024-00597,2025-08,76.2,11.6,Stabil,40,1,7
USE-00597-202509,SME-2024-00597,2025-09,80.1,12.0,Stabil,46,1,7
USE-00597-202510,SME-2024-00597,2025-10,75.6,11.5,Fluktuatif,52,2,7
USE-00597-202511,SME-2024-00597,2025-11,79.2,11.3,Fluktuatif,77,1,7
USE-00597-202512,SME-2024-00597,2025-12,80.3,11.7,Stabil,70,1,7
USE-00597-202601,SME-2024-00597,2026-01,84.2,12.8,Fluktuatif,10,0,8
USE-00597-202602,SME-2024-00597,2026-02,79.6,12.4,Stabil,15,4,7
USE-00597-202603,SME-2024-00597,2026-03,76.2,12.0,Stabil,3,3,7
USE-00597-202604,SME-2024-00597,2026-04,77.8,12.2,Fluktuatif,15,2,8
USE-00597-202605,SME-2024-00597,2026-05,80.1,12.2,Stabil,63,2,7
USE-00597-202606,SME-2024-00597,2026-06,80.0,12.7,Stabil,21,1,8
USE-00598-202507,SME-2024-00598,2025-07,76.7,11.2,Stabil,4,1,8
USE-00598-202508,SME-2024-00598,2025-08,75.0,10.8,Fluktuatif,51,1,8
USE-00598-202509,SME-2024-00598,2025-09,72.9,11.0,Stabil,12,3,9
USE-00598-202510,SME-2024-00598,2025-10,77.4,12.2,Stabil,32,2,8
USE-00598-202511,SME-2024-00598,2025-11,78.9,11.6,Fluktuatif,17,1,9
USE-00598-202512,SME-2024-00598,2025-12,78.0,12.4,Stabil,35,0,8
USE-00598-202601,SME-2024-00598,2026-01,81.6,12.1,Stabil,12,0,8
USE-00598-202602,SME-2024-00598,2026-02,78.1,11.0,Stabil,70,2,8
USE-00598-202603,SME-2024-00598,2026-03,76.8,11.1,Fluktuatif,13,0,8
USE-00598-202604,SME-2024-00598,2026-04,75.8,12.2,Fluktuatif,10,2,8
USE-00598-202605,SME-2024-00598,2026-05,82.6,12.6,Fluktuatif,110,2,7
USE-00598-202606,SME-2024-00598,2026-06,77.8,11.9,Stabil,17,1,9
USE-00599-202507,SME-2024-00599,2025-07,92.6,14.8,Stabil,18,2,7
USE-00599-202508,SME-2024-00599,2025-08,90.9,13.5,Stabil,124,1,6
USE-00599-202509,SME-2024-00599,2025-09,87.7,13.6,Stabil,23,5,6
USE-00599-202510,SME-2024-00599,2025-10,92.6,12.9,Stabil,19,1,7
USE-00599-202511,SME-2024-00599,2025-11,91.1,12.6,Stabil,5,0,7
USE-00599-202512,SME-2024-00599,2025-12,92.8,13.7,Stabil,27,0,7
USE-00599-202601,SME-2024-00599,2026-01,89.2,12.8,Stabil,28,2,6
USE-00599-202602,SME-2024-00599,2026-02,93.0,13.6,Fluktuatif,3,2,7
USE-00599-202603,SME-2024-00599,2026-03,92.3,13.7,Stabil,22,2,6
USE-00599-202604,SME-2024-00599,2026-04,90.2,13.8,Stabil,16,2,6
USE-00599-202605,SME-2024-00599,2026-05,94.1,13.5,Stabil,23,1,6
USE-00599-202606,SME-2024-00599,2026-06,93.7,13.5,Fluktuatif,11,0,7
USE-00600-202507,SME-2024-00600,2025-07,73.2,11.2,Stabil,16,0,8
USE-00600-202508,SME-2024-00600,2025-08,73.7,10.7,Stabil,17,1,8
USE-00600-202509,SME-2024-00600,2025-09,69.1,10.0,Fluktuatif,16,1,8
USE-00600-202510,SME-2024-00600,2025-10,65.5,10.0,Fluktuatif,29,1,7
USE-00600-202511,SME-2024-00600,2025-11,69.5,10.7,Stabil,38,3,7
USE-00600-202512,SME-2024-00600,2025-12,70.1,11.0,Stabil,4,2,7
USE-00600-202601,SME-2024-00600,2026-01,72.4,11.1,Stabil,11,0,8
USE-00600-202602,SME-2024-00600,2026-02,71.5,10.6,Stabil,8,0,8
USE-00600-202603,SME-2024-00600,2026-03,68.3,9.7,Stabil,127,0,8
USE-00600-202604,SME-2024-00600,2026-04,69.9,9.6,Stabil,14,1,7
USE-00600-202605,SME-2024-00600,2026-05,71.2,10.8,Fluktuatif,113,6,8
USE-00600-202606,SME-2024-00600,2026-06,69.8,9.7,Stabil,7,0,8
USE-00601-202602,SME-2024-00601,2026-02,33.3,5.0,Naik,30,2,4
USE-00601-202603,SME-2024-00601,2026-03,39.7,5.5,Naik,164,2,4
USE-00601-202604,SME-2024-00601,2026-04,39.7,4.5,Naik,10,2,5
USE-00601-202605,SME-2024-00601,2026-05,40.0,6.2,Naik,18,2,5
USE-00601-202606,SME-2024-00601,2026-06,43.8,7.0,Naik,16,1,6
USE-00602-202606,SME-2024-00602,2026-06,41.0,6.1,Naik,52,2,2
USE-00603-202606,SME-2024-00603,2026-06,51.1,7.3,Naik,15,2,4
USE-00604-202602,SME-2024-00604,2026-02,43.1,6.5,Naik,2,2,3
USE-00604-202603,SME-2024-00604,2026-03,47.7,7.7,Naik,60,2,4
USE-00604-202604,SME-2024-00604,2026-04,42.0,6.6,Naik,9,0,4
USE-00604-202605,SME-2024-00604,2026-05,44.4,6.1,Naik,9,3,4
USE-00604-202606,SME-2024-00604,2026-06,46.6,6.9,Naik,68,1,4
USE-00605-202606,SME-2024-00605,2026-06,61.2,9.9,Naik,1,3,5
USE-00606-202605,SME-2024-00606,2026-05,47.0,6.1,Fluktuatif,20,2,2
USE-00606-202606,SME-2024-00606,2026-06,44.6,6.8,Stabil,54,3,3
USE-00607-202605,SME-2024-00607,2026-05,52.0,7.3,Naik,1,0,2
USE-00607-202606,SME-2024-00607,2026-06,54.7,8.2,Naik,186,2,4
USE-00608-202601,SME-2024-00608,2026-01,40.0,5.6,Naik,28,6,4
USE-00608-202602,SME-2024-00608,2026-02,42.0,6.7,Naik,50,2,4
USE-00608-202603,SME-2024-00608,2026-03,42.4,6.6,Naik,45,3,4
USE-00608-202604,SME-2024-00608,2026-04,45.6,6.8,Naik,62,5,5
USE-00608-202605,SME-2024-00608,2026-05,43.1,6.8,Naik,74,2,5
USE-00608-202606,SME-2024-00608,2026-06,48.1,6.8,Naik,103,5,6
USE-00609-202602,SME-2024-00609,2026-02,33.6,5.6,Naik,19,2,4
USE-00609-202603,SME-2024-00609,2026-03,30.9,5.0,Naik,68,2,3
USE-00609-202604,SME-2024-00609,2026-04,38.0,5.2,Naik,4,1,4
USE-00609-202605,SME-2024-00609,2026-05,38.3,5.2,Naik,12,4,5
USE-00609-202606,SME-2024-00609,2026-06,37.7,5.7,Naik,4,1,4
USE-00610-202601,SME-2024-00610,2026-01,49.9,7.9,Naik,36,2,4
USE-00610-202602,SME-2024-00610,2026-02,53.5,8.1,Naik,27,4,4
USE-00610-202603,SME-2024-00610,2026-03,54.0,7.8,Naik,44,1,4
USE-00610-202604,SME-2024-00610,2026-04,56.8,9.1,Naik,213,4,5
USE-00610-202605,SME-2024-00610,2026-05,59.1,9.5,Naik,132,2,6
USE-00610-202606,SME-2024-00610,2026-06,60.5,10.2,Naik,18,1,5
USE-00611-202606,SME-2024-00611,2026-06,43.7,6.6,Naik,44,4,3
USE-00612-202604,SME-2024-00612,2026-04,40.4,6.1,Naik,100,2,3
USE-00612-202605,SME-2024-00612,2026-05,42.2,6.0,Naik,12,2,3
USE-00612-202606,SME-2024-00612,2026-06,44.1,5.9,Naik,17,4,3
USE-00613-202605,SME-2024-00613,2026-05,42.0,6.4,Naik,149,0,3
USE-00613-202606,SME-2024-00613,2026-06,45.3,6.2,Naik,2,4,4
USE-00614-202606,SME-2024-00614,2026-06,50.4,7.6,Naik,91,3,5
USE-00615-202603,SME-2024-00615,2026-03,42.7,6.8,Naik,11,3,2
USE-00615-202604,SME-2024-00615,2026-04,39.1,6.6,Naik,66,2,4
USE-00615-202605,SME-2024-00615,2026-05,41.7,6.4,Naik,7,0,3
USE-00615-202606,SME-2024-00615,2026-06,47.5,6.7,Naik,3,4,4
USE-00616-202603,SME-2024-00616,2026-03,45.6,6.6,Stabil,70,0,3
USE-00616-202604,SME-2024-00616,2026-04,45.4,6.6,Stabil,15,2,3
USE-00616-202605,SME-2024-00616,2026-05,43.4,6.5,Stabil,43,5,4
USE-00616-202606,SME-2024-00616,2026-06,44.4,7.0,Fluktuatif,88,5,4
USE-00617-202605,SME-2024-00617,2026-05,43.6,7.0,Fluktuatif,37,3,2
USE-00617-202606,SME-2024-00617,2026-06,43.0,6.6,Stabil,38,3,3
USE-00618-202604,SME-2024-00618,2026-04,40.7,5.9,Stabil,5,4,3
USE-00618-202605,SME-2024-00618,2026-05,45.9,7.6,Stabil,20,2,2
USE-00618-202606,SME-2024-00618,2026-06,48.8,7.4,Stabil,84,2,3
USE-00619-202605,SME-2024-00619,2026-05,42.7,5.6,Naik,20,1,4
USE-00619-202606,SME-2024-00619,2026-06,44.1,6.9,Naik,68,4,3
USE-00620-202605,SME-2024-00620,2026-05,37.2,6.7,Stabil,52,4,4
USE-00620-202606,SME-2024-00620,2026-06,36.4,5.8,Stabil,29,1,4
USE-00621-202603,SME-2024-00621,2026-03,44.5,6.8,Stabil,13,0,3
USE-00621-202604,SME-2024-00621,2026-04,48.9,8.1,Stabil,72,1,2
USE-00621-202605,SME-2024-00621,2026-05,47.7,8.1,Fluktuatif,12,6,4
USE-00621-202606,SME-2024-00621,2026-06,45.9,7.3,Stabil,13,5,3
USE-00622-202604,SME-2024-00622,2026-04,52.6,7.7,Naik,16,2,3
USE-00622-202605,SME-2024-00622,2026-05,56.6,8.7,Naik,1,1,3
USE-00622-202606,SME-2024-00622,2026-06,56.0,7.6,Naik,50,1,5
USE-00623-202605,SME-2024-00623,2026-05,42.2,6.9,Naik,164,6,3
USE-00623-202606,SME-2024-00623,2026-06,42.1,6.7,Naik,11,2,4
USE-00624-202606,SME-2024-00624,2026-06,39.7,5.7,Fluktuatif,69,2,4
USE-00625-202605,SME-2024-00625,2026-05,45.6,7.5,Naik,115,2,4
USE-00625-202606,SME-2024-00625,2026-06,48.7,8.5,Naik,108,2,4
USE-00626-202605,SME-2024-00626,2026-05,64.2,9.0,Naik,38,1,2
USE-00626-202606,SME-2024-00626,2026-06,62.0,9.2,Naik,43,6,3
USE-00627-202606,SME-2024-00627,2026-06,56.9,8.2,Naik,6,4,4
USE-00628-202603,SME-2024-00628,2026-03,55.0,8.3,Stabil,24,3,3
USE-00628-202604,SME-2024-00628,2026-04,55.8,8.1,Stabil,37,3,3
USE-00628-202605,SME-2024-00628,2026-05,56.0,9.0,Fluktuatif,87,5,4
USE-00628-202606,SME-2024-00628,2026-06,55.1,8.0,Stabil,77,0,4
USE-00629-202603,SME-2024-00629,2026-03,50.8,7.6,Naik,65,3,5
USE-00629-202604,SME-2024-00629,2026-04,53.8,7.7,Naik,92,1,6
USE-00629-202605,SME-2024-00629,2026-05,54.8,8.6,Naik,64,1,5
USE-00629-202606,SME-2024-00629,2026-06,53.5,8.5,Naik,4,1,6
USE-00630-202601,SME-2024-00630,2026-01,34.6,5.3,Naik,72,4,4
USE-00630-202602,SME-2024-00630,2026-02,40.4,5.6,Naik,7,4,5
USE-00630-202603,SME-2024-00630,2026-03,43.7,6.8,Naik,53,4,5
USE-00630-202604,SME-2024-00630,2026-04,45.2,6.0,Naik,168,1,5
USE-00630-202605,SME-2024-00630,2026-05,51.4,8.4,Naik,8,4,5
USE-00630-202606,SME-2024-00630,2026-06,52.4,7.5,Naik,23,2,6
USE-00631-202603,SME-2024-00631,2026-03,43.5,6.9,Naik,28,5,4
USE-00631-202604,SME-2024-00631,2026-04,44.9,7.3,Naik,2,3,5
USE-00631-202605,SME-2024-00631,2026-05,49.5,7.3,Naik,91,1,4
USE-00631-202606,SME-2024-00631,2026-06,51.5,7.5,Naik,53,3,4
USE-00632-202601,SME-2024-00632,2026-01,44.9,5.5,Stabil,34,2,3
USE-00632-202602,SME-2024-00632,2026-02,43.2,6.6,Fluktuatif,42,2,4
USE-00632-202603,SME-2024-00632,2026-03,42.8,6.5,Stabil,151,2,3
USE-00632-202604,SME-2024-00632,2026-04,42.8,6.2,Stabil,32,2,4
USE-00632-202605,SME-2024-00632,2026-05,45.4,6.0,Fluktuatif,16,4,4
USE-00632-202606,SME-2024-00632,2026-06,42.9,5.7,Stabil,38,1,5
USE-00633-202603,SME-2024-00633,2026-03,46.1,7.2,Naik,70,3,3
USE-00633-202604,SME-2024-00633,2026-04,45.4,6.3,Naik,29,2,3
USE-00633-202605,SME-2024-00633,2026-05,46.6,6.6,Naik,174,4,4
USE-00633-202606,SME-2024-00633,2026-06,48.4,8.3,Naik,25,1,4
USE-00634-202602,SME-2024-00634,2026-02,51.7,7.6,Naik,24,1,4
USE-00634-202603,SME-2024-00634,2026-03,54.7,8.5,Naik,93,0,3
USE-00634-202604,SME-2024-00634,2026-04,51.9,8.6,Naik,52,3,4
USE-00634-202605,SME-2024-00634,2026-05,59.6,8.8,Naik,7,1,4
USE-00634-202606,SME-2024-00634,2026-06,61.6,8.8,Naik,139,4,5
USE-00635-202604,SME-2024-00635,2026-04,40.0,7.1,Turun,39,1,5
USE-00635-202605,SME-2024-00635,2026-05,38.1,6.0,Turun,45,2,5
USE-00635-202606,SME-2024-00635,2026-06,33.7,5.5,Turun,111,3,6
USE-00636-202603,SME-2024-00636,2026-03,28.1,3.6,Naik,3,1,5
USE-00636-202604,SME-2024-00636,2026-04,29.2,4.3,Naik,94,2,5
USE-00636-202605,SME-2024-00636,2026-05,30.5,4.8,Naik,41,2,5
USE-00636-202606,SME-2024-00636,2026-06,33.7,4.2,Naik,146,3,5
USE-00637-202604,SME-2024-00637,2026-04,44.4,7.3,Naik,82,4,4
USE-00637-202605,SME-2024-00637,2026-05,49.0,7.3,Naik,162,0,5
USE-00637-202606,SME-2024-00637,2026-06,51.4,7.3,Naik,26,0,5
USE-00638-202605,SME-2024-00638,2026-05,48.0,6.6,Naik,117,3,5
USE-00638-202606,SME-2024-00638,2026-06,51.7,7.6,Naik,53,3,5
USE-00639-202604,SME-2024-00639,2026-04,41.8,6.4,Naik,20,2,3
USE-00639-202605,SME-2024-00639,2026-05,47.0,6.6,Naik,93,4,4
USE-00639-202606,SME-2024-00639,2026-06,45.9,6.8,Naik,17,3,4
USE-00640-202606,SME-2024-00640,2026-06,39.2,6.5,Naik,145,5,6
USE-00641-202601,SME-2024-00641,2026-01,41.4,6.2,Naik,53,2,5
USE-00641-202602,SME-2024-00641,2026-02,43.8,7.2,Naik,93,3,5
USE-00641-202603,SME-2024-00641,2026-03,42.0,6.8,Naik,18,1,6
USE-00641-202604,SME-2024-00641,2026-04,47.4,7.8,Naik,24,4,5
USE-00641-202605,SME-2024-00641,2026-05,43.4,6.6,Naik,61,3,6
USE-00641-202606,SME-2024-00641,2026-06,52.3,7.6,Naik,8,2,6
USE-00642-202606,SME-2024-00642,2026-06,54.4,9.2,Fluktuatif,55,2,4
USE-00643-202604,SME-2024-00643,2026-04,46.9,7.3,Fluktuatif,10,4,3
USE-00643-202605,SME-2024-00643,2026-05,50.0,6.7,Fluktuatif,28,4,4
USE-00643-202606,SME-2024-00643,2026-06,50.0,7.2,Stabil,113,3,5
USE-00644-202601,SME-2024-00644,2026-01,52.3,8.2,Naik,12,1,4
USE-00644-202602,SME-2024-00644,2026-02,56.9,8.3,Naik,5,3,4
USE-00644-202603,SME-2024-00644,2026-03,57.7,9.1,Naik,42,1,5
USE-00644-202604,SME-2024-00644,2026-04,63.9,9.1,Naik,8,2,5
USE-00644-202605,SME-2024-00644,2026-05,63.2,10.2,Naik,32,7,5
USE-00644-202606,SME-2024-00644,2026-06,63.7,10.3,Naik,67,1,5
USE-00645-202605,SME-2024-00645,2026-05,38.6,5.0,Naik,11,4,3
USE-00645-202606,SME-2024-00645,2026-06,44.9,6.7,Naik,29,4,4
USE-00646-202605,SME-2024-00646,2026-05,45.5,6.9,Naik,28,1,4
USE-00646-202606,SME-2024-00646,2026-06,46.7,8.2,Naik,39,2,5
USE-00647-202602,SME-2024-00647,2026-02,26.8,4.9,Naik,80,4,3
USE-00647-202603,SME-2024-00647,2026-03,31.6,4.6,Naik,17,2,3
USE-00647-202604,SME-2024-00647,2026-04,33.7,4.1,Naik,45,2,4
USE-00647-202605,SME-2024-00647,2026-05,36.2,5.2,Naik,38,5,4
USE-00647-202606,SME-2024-00647,2026-06,39.8,6.2,Naik,64,7,5
USE-00648-202602,SME-2024-00648,2026-02,60.3,7.8,Naik,53,0,4
USE-00648-202603,SME-2024-00648,2026-03,65.1,9.5,Naik,35,5,4
USE-00648-202604,SME-2024-00648,2026-04,68.8,10.5,Naik,19,2,5
USE-00648-202605,SME-2024-00648,2026-05,64.9,9.6,Naik,2,2,5
USE-00648-202606,SME-2024-00648,2026-06,71.5,10.0,Naik,40,3,5
USE-00649-202602,SME-2024-00649,2026-02,61.1,8.2,Stabil,8,0,3
USE-00649-202603,SME-2024-00649,2026-03,61.7,9.4,Stabil,0,4,3
USE-00649-202604,SME-2024-00649,2026-04,59.9,8.3,Stabil,10,3,4
USE-00649-202605,SME-2024-00649,2026-05,65.4,10.0,Stabil,85,3,4
USE-00649-202606,SME-2024-00649,2026-06,63.4,9.5,Fluktuatif,28,4,4
USE-00650-202604,SME-2024-00650,2026-04,42.7,6.4,Naik,103,0,3
USE-00650-202605,SME-2024-00650,2026-05,46.6,7.4,Naik,61,6,5
USE-00650-202606,SME-2024-00650,2026-06,48.1,7.5,Naik,39,5,5
USE-00651-202603,SME-2024-00651,2026-03,47.3,6.6,Naik,21,3,4
USE-00651-202604,SME-2024-00651,2026-04,52.4,7.5,Naik,126,4,4
USE-00651-202605,SME-2024-00651,2026-05,52.8,7.8,Naik,12,0,5
USE-00651-202606,SME-2024-00651,2026-06,55.0,8.8,Naik,36,4,5
USE-00652-202603,SME-2024-00652,2026-03,51.9,8.1,Stabil,3,2,4
USE-00652-202604,SME-2024-00652,2026-04,50.6,7.3,Stabil,0,2,3
USE-00652-202605,SME-2024-00652,2026-05,50.9,8.0,Stabil,8,5,5
USE-00652-202606,SME-2024-00652,2026-06,49.4,7.1,Stabil,87,4,5
USE-00653-202602,SME-2024-00653,2026-02,53.3,8.1,Naik,59,3,5
USE-00653-202603,SME-2024-00653,2026-03,54.7,8.1,Naik,25,2,5
USE-00653-202604,SME-2024-00653,2026-04,59.3,8.9,Naik,8,4,5
USE-00653-202605,SME-2024-00653,2026-05,57.6,8.4,Naik,62,3,6
USE-00653-202606,SME-2024-00653,2026-06,61.4,9.1,Naik,46,5,6
USE-00654-202603,SME-2024-00654,2026-03,45.4,5.9,Naik,263,2,3
USE-00654-202604,SME-2024-00654,2026-04,49.6,7.8,Naik,2,1,3
USE-00654-202605,SME-2024-00654,2026-05,48.5,7.4,Naik,56,1,4
USE-00654-202606,SME-2024-00654,2026-06,50.1,7.4,Naik,11,3,4
USE-00655-202604,SME-2024-00655,2026-04,43.9,6.5,Naik,17,3,4
USE-00655-202605,SME-2024-00655,2026-05,47.5,6.6,Naik,0,1,4
USE-00655-202606,SME-2024-00655,2026-06,51.7,7.4,Naik,11,4,4
USE-00656-202602,SME-2024-00656,2026-02,46.5,7.7,Naik,5,3,3
USE-00656-202603,SME-2024-00656,2026-03,43.5,6.4,Naik,9,3,3
USE-00656-202604,SME-2024-00656,2026-04,45.7,7.9,Naik,32,5,3
USE-00656-202605,SME-2024-00656,2026-05,48.7,7.7,Naik,0,2,3
USE-00656-202606,SME-2024-00656,2026-06,48.4,6.5,Naik,34,5,4
USE-00657-202603,SME-2024-00657,2026-03,51.8,7.6,Naik,40,2,2
USE-00657-202604,SME-2024-00657,2026-04,51.6,8.9,Naik,101,2,2
USE-00657-202605,SME-2024-00657,2026-05,54.2,8.1,Naik,30,2,3
USE-00657-202606,SME-2024-00657,2026-06,58.2,9.4,Naik,101,6,4
USE-00658-202602,SME-2024-00658,2026-02,49.7,7.6,Fluktuatif,57,2,2
USE-00658-202603,SME-2024-00658,2026-03,49.4,8.4,Stabil,72,1,2
USE-00658-202604,SME-2024-00658,2026-04,51.4,7.7,Fluktuatif,4,4,4
USE-00658-202605,SME-2024-00658,2026-05,50.7,6.8,Stabil,13,2,3
USE-00658-202606,SME-2024-00658,2026-06,53.1,7.9,Fluktuatif,69,6,4
USE-00659-202601,SME-2024-00659,2026-01,51.1,8.6,Naik,36,4,3
USE-00659-202602,SME-2024-00659,2026-02,52.9,9.1,Naik,25,3,4
USE-00659-202603,SME-2024-00659,2026-03,55.7,8.1,Naik,49,2,4
USE-00659-202604,SME-2024-00659,2026-04,58.4,8.0,Naik,39,2,4
USE-00659-202605,SME-2024-00659,2026-05,59.7,9.7,Naik,17,3,5
USE-00659-202606,SME-2024-00659,2026-06,60.0,9.5,Naik,75,3,4
USE-00660-202604,SME-2024-00660,2026-04,38.2,5.6,Naik,22,3,4
USE-00660-202605,SME-2024-00660,2026-05,37.5,4.7,Naik,127,1,4
USE-00660-202606,SME-2024-00660,2026-06,41.9,6.9,Naik,31,3,4
USE-00661-202602,SME-2024-00661,2026-02,55.4,7.9,Naik,14,4,3
USE-00661-202603,SME-2024-00661,2026-03,58.3,9.0,Naik,60,5,3
USE-00661-202604,SME-2024-00661,2026-04,62.2,9.1,Naik,37,2,2
USE-00661-202605,SME-2024-00661,2026-05,65.4,10.4,Naik,67,1,3
USE-00661-202606,SME-2024-00661,2026-06,60.1,9.1,Naik,1,1,4
USE-00662-202606,SME-2024-00662,2026-06,41.1,6.8,Stabil,41,3,2
USE-00663-202603,SME-2024-00663,2026-03,47.9,7.0,Fluktuatif,16,4,3
USE-00663-202604,SME-2024-00663,2026-04,47.8,7.6,Stabil,17,0,3
USE-00663-202605,SME-2024-00663,2026-05,51.4,7.7,Stabil,1,5,3
USE-00663-202606,SME-2024-00663,2026-06,52.5,7.7,Stabil,37,2,4
USE-00664-202606,SME-2024-00664,2026-06,32.4,4.6,Naik,66,4,4
USE-00665-202604,SME-2024-00665,2026-04,66.6,10.3,Naik,5,2,4
USE-00665-202605,SME-2024-00665,2026-05,63.5,9.4,Naik,108,2,5
USE-00665-202606,SME-2024-00665,2026-06,68.5,10.2,Naik,65,8,5
USE-00666-202601,SME-2024-00666,2026-01,45.2,6.8,Naik,82,3,4
USE-00666-202602,SME-2024-00666,2026-02,47.3,6.5,Naik,34,3,4
USE-00666-202603,SME-2024-00666,2026-03,51.3,7.5,Naik,109,0,4
USE-00666-202604,SME-2024-00666,2026-04,51.6,8.4,Naik,119,3,5
USE-00666-202605,SME-2024-00666,2026-05,56.7,8.7,Naik,79,1,4
USE-00666-202606,SME-2024-00666,2026-06,55.1,8.5,Naik,60,2,5
USE-00667-202602,SME-2024-00667,2026-02,63.9,10.4,Naik,22,2,3
USE-00667-202603,SME-2024-00667,2026-03,60.2,8.7,Naik,23,4,4
USE-00667-202604,SME-2024-00667,2026-04,64.9,10.4,Naik,12,3,4
USE-00667-202605,SME-2024-00667,2026-05,62.8,9.2,Naik,13,4,4
USE-00667-202606,SME-2024-00667,2026-06,65.0,9.6,Naik,107,4,5
USE-00668-202604,SME-2024-00668,2026-04,50.7,7.7,Naik,34,1,4
USE-00668-202605,SME-2024-00668,2026-05,49.1,6.8,Naik,81,2,4
USE-00668-202606,SME-2024-00668,2026-06,49.3,6.8,Naik,25,5,4
USE-00669-202603,SME-2024-00669,2026-03,50.1,7.4,Naik,176,4,4
USE-00669-202604,SME-2024-00669,2026-04,51.3,7.7,Naik,21,1,5
USE-00669-202605,SME-2024-00669,2026-05,54.7,7.5,Naik,80,2,5
USE-00669-202606,SME-2024-00669,2026-06,57.0,8.5,Naik,76,1,6
USE-00670-202603,SME-2024-00670,2026-03,42.7,6.1,Stabil,15,4,4
USE-00670-202604,SME-2024-00670,2026-04,47.9,8.5,Stabil,66,3,4
USE-00670-202605,SME-2024-00670,2026-05,49.7,7.9,Stabil,62,3,5
USE-00670-202606,SME-2024-00670,2026-06,43.2,6.2,Fluktuatif,11,3,4
USE-00671-202604,SME-2024-00671,2026-04,31.0,4.3,Naik,38,2,3
USE-00671-202605,SME-2024-00671,2026-05,31.9,5.3,Naik,64,2,4
USE-00671-202606,SME-2024-00671,2026-06,34.5,5.0,Naik,63,4,3
USE-00672-202601,SME-2024-00672,2026-01,31.0,4.6,Naik,34,7,3
USE-00672-202602,SME-2024-00672,2026-02,37.2,6.5,Naik,3,2,3
USE-00672-202603,SME-2024-00672,2026-03,40.4,6.0,Naik,9,3,4
USE-00672-202604,SME-2024-00672,2026-04,42.7,6.5,Naik,39,5,3
USE-00672-202605,SME-2024-00672,2026-05,42.6,6.6,Naik,3,3,4
USE-00672-202606,SME-2024-00672,2026-06,45.9,6.3,Naik,156,3,3
USE-00673-202602,SME-2024-00673,2026-02,39.0,6.2,Naik,86,2,3
USE-00673-202603,SME-2024-00673,2026-03,40.3,6.5,Naik,273,2,5
USE-00673-202604,SME-2024-00673,2026-04,44.0,6.1,Naik,7,0,4
USE-00673-202605,SME-2024-00673,2026-05,44.6,6.3,Naik,43,4,4
USE-00673-202606,SME-2024-00673,2026-06,43.9,7.5,Naik,48,3,4
USE-00674-202606,SME-2024-00674,2026-06,48.0,6.8,Naik,2,3,5
USE-00675-202601,SME-2024-00675,2026-01,47.0,7.1,Naik,13,1,3
USE-00675-202602,SME-2024-00675,2026-02,54.3,7.7,Naik,1,0,3
USE-00675-202603,SME-2024-00675,2026-03,54.5,7.9,Naik,41,2,3
USE-00675-202604,SME-2024-00675,2026-04,56.9,7.9,Naik,9,1,3
USE-00675-202605,SME-2024-00675,2026-05,58.2,8.8,Naik,129,3,4
USE-00675-202606,SME-2024-00675,2026-06,59.7,10.2,Naik,43,1,4
USE-00676-202606,SME-2024-00676,2026-06,54.2,7.7,Naik,27,0,5
USE-00677-202601,SME-2024-00677,2026-01,38.0,5.4,Naik,25,3,4
USE-00677-202602,SME-2024-00677,2026-02,33.6,5.0,Naik,56,4,3
USE-00677-202603,SME-2024-00677,2026-03,42.2,5.7,Naik,58,0,5
USE-00677-202604,SME-2024-00677,2026-04,36.5,5.9,Naik,53,2,6
USE-00677-202605,SME-2024-00677,2026-05,44.6,6.0,Naik,103,1,6
USE-00677-202606,SME-2024-00677,2026-06,44.9,7.3,Naik,46,5,6
USE-00678-202603,SME-2024-00678,2026-03,53.0,8.0,Stabil,51,2,5
USE-00678-202604,SME-2024-00678,2026-04,54.5,7.6,Fluktuatif,11,0,5
USE-00678-202605,SME-2024-00678,2026-05,51.6,7.9,Stabil,17,0,5
USE-00678-202606,SME-2024-00678,2026-06,53.0,8.0,Fluktuatif,79,0,5
USE-00679-202605,SME-2024-00679,2026-05,36.7,5.1,Naik,46,3,4
USE-00679-202606,SME-2024-00679,2026-06,36.1,4.7,Naik,119,4,4
USE-00680-202604,SME-2024-00680,2026-04,53.9,8.2,Naik,95,2,3
USE-00680-202605,SME-2024-00680,2026-05,54.7,8.4,Naik,6,3,3
USE-00680-202606,SME-2024-00680,2026-06,59.8,9.2,Naik,18,0,3
USE-00681-202605,SME-2024-00681,2026-05,35.1,5.1,Fluktuatif,129,1,2
USE-00681-202606,SME-2024-00681,2026-06,33.8,5.4,Stabil,203,2,3
USE-00682-202601,SME-2024-00682,2026-01,50.4,7.5,Naik,11,1,4
USE-00682-202602,SME-2024-00682,2026-02,50.7,8.6,Naik,109,6,4
USE-00682-202603,SME-2024-00682,2026-03,53.3,8.4,Naik,49,1,5
USE-00682-202604,SME-2024-00682,2026-04,59.1,7.9,Naik,12,1,5
USE-00682-202605,SME-2024-00682,2026-05,59.9,8.9,Naik,25,2,5
USE-00682-202606,SME-2024-00682,2026-06,60.3,8.2,Naik,87,4,6
USE-00683-202603,SME-2024-00683,2026-03,45.2,7.3,Naik,65,1,5
USE-00683-202604,SME-2024-00683,2026-04,51.1,8.0,Naik,1,2,5
USE-00683-202605,SME-2024-00683,2026-05,53.8,8.6,Naik,2,3,5
USE-00683-202606,SME-2024-00683,2026-06,57.1,9.2,Naik,16,2,5
USE-00684-202602,SME-2024-00684,2026-02,60.3,8.6,Naik,107,1,3
USE-00684-202603,SME-2024-00684,2026-03,61.1,9.5,Naik,12,3,3
USE-00684-202604,SME-2024-00684,2026-04,61.8,8.8,Naik,96,0,4
USE-00684-202605,SME-2024-00684,2026-05,67.7,9.7,Naik,27,3,4
USE-00684-202606,SME-2024-00684,2026-06,66.7,10.3,Naik,183,2,3
USE-00685-202602,SME-2024-00685,2026-02,50.2,7.3,Naik,79,2,4
USE-00685-202603,SME-2024-00685,2026-03,49.5,7.1,Naik,28,2,4
USE-00685-202604,SME-2024-00685,2026-04,54.9,8.6,Naik,9,1,4
USE-00685-202605,SME-2024-00685,2026-05,56.0,8.3,Naik,8,3,5
USE-00685-202606,SME-2024-00685,2026-06,56.1,8.7,Naik,16,2,5
USE-00686-202601,SME-2024-00686,2026-01,39.7,6.6,Naik,67,5,3
USE-00686-202602,SME-2024-00686,2026-02,42.6,5.5,Naik,159,2,2
USE-00686-202603,SME-2024-00686,2026-03,43.6,6.4,Naik,13,3,4
USE-00686-202604,SME-2024-00686,2026-04,43.5,6.1,Naik,62,2,4
USE-00686-202605,SME-2024-00686,2026-05,48.8,6.9,Naik,7,4,4
USE-00686-202606,SME-2024-00686,2026-06,52.1,6.7,Naik,24,2,4
USE-00687-202606,SME-2024-00687,2026-06,46.7,6.1,Naik,56,4,4
USE-00688-202602,SME-2024-00688,2026-02,44.7,6.5,Naik,1,0,3
USE-00688-202603,SME-2024-00688,2026-03,47.6,7.6,Naik,3,3,3
USE-00688-202604,SME-2024-00688,2026-04,44.8,7.2,Naik,23,1,4
USE-00688-202605,SME-2024-00688,2026-05,43.8,5.6,Naik,19,5,4
USE-00688-202606,SME-2024-00688,2026-06,48.3,7.4,Naik,47,3,4
USE-00689-202605,SME-2024-00689,2026-05,49.6,7.0,Fluktuatif,3,2,2
USE-00689-202606,SME-2024-00689,2026-06,49.4,7.6,Stabil,5,3,4
USE-00690-202603,SME-2024-00690,2026-03,39.3,6.7,Fluktuatif,21,1,3
USE-00690-202604,SME-2024-00690,2026-04,34.1,4.6,Fluktuatif,55,2,3
USE-00690-202605,SME-2024-00690,2026-05,39.3,6.2,Stabil,75,4,3
USE-00690-202606,SME-2024-00690,2026-06,34.6,4.3,Stabil,27,2,4
USE-00691-202601,SME-2024-00691,2026-01,28.2,3.6,Naik,128,2,4
USE-00691-202602,SME-2024-00691,2026-02,27.0,4.7,Naik,27,2,4
USE-00691-202603,SME-2024-00691,2026-03,36.1,4.5,Naik,46,0,4
USE-00691-202604,SME-2024-00691,2026-04,35.3,5.3,Naik,51,4,5
USE-00691-202605,SME-2024-00691,2026-05,34.9,5.3,Naik,10,2,5
USE-00691-202606,SME-2024-00691,2026-06,43.2,5.7,Naik,33,5,6
USE-00692-202601,SME-2024-00692,2026-01,51.0,7.5,Stabil,177,0,4
USE-00692-202602,SME-2024-00692,2026-02,52.9,8.7,Stabil,196,4,5
USE-00692-202603,SME-2024-00692,2026-03,51.8,7.8,Stabil,75,2,4
USE-00692-202604,SME-2024-00692,2026-04,50.2,7.7,Stabil,74,0,4
USE-00692-202605,SME-2024-00692,2026-05,49.8,7.2,Stabil,31,2,5
USE-00692-202606,SME-2024-00692,2026-06,53.4,7.7,Stabil,32,1,5
USE-00693-202603,SME-2024-00693,2026-03,34.0,4.6,Naik,154,3,4
USE-00693-202604,SME-2024-00693,2026-04,34.7,4.6,Naik,14,4,4
USE-00693-202605,SME-2024-00693,2026-05,37.1,5.2,Naik,9,4,4
USE-00693-202606,SME-2024-00693,2026-06,37.4,4.0,Naik,75,5,4
USE-00694-202602,SME-2024-00694,2026-02,58.2,8.2,Naik,25,0,3
USE-00694-202603,SME-2024-00694,2026-03,67.0,10.7,Naik,36,3,4
USE-00694-202604,SME-2024-00694,2026-04,61.1,9.2,Naik,82,1,4
USE-00694-202605,SME-2024-00694,2026-05,71.1,10.1,Naik,8,2,4
USE-00694-202606,SME-2024-00694,2026-06,74.2,10.4,Naik,6,5,5
USE-00695-202604,SME-2024-00695,2026-04,43.9,6.5,Stabil,11,5,2
USE-00695-202605,SME-2024-00695,2026-05,49.6,7.3,Stabil,19,3,4
USE-00695-202606,SME-2024-00695,2026-06,47.8,6.8,Stabil,65,2,4
USE-00696-202601,SME-2024-00696,2026-01,46.8,6.1,Naik,38,3,5
USE-00696-202602,SME-2024-00696,2026-02,50.9,7.9,Naik,85,0,5
USE-00696-202603,SME-2024-00696,2026-03,55.8,7.8,Naik,29,2,6
USE-00696-202604,SME-2024-00696,2026-04,55.6,7.2,Naik,80,2,6
USE-00696-202605,SME-2024-00696,2026-05,53.8,7.1,Naik,8,1,6
USE-00696-202606,SME-2024-00696,2026-06,56.5,8.4,Naik,66,3,6
USE-00697-202603,SME-2024-00697,2026-03,56.4,8.4,Naik,64,4,3
USE-00697-202604,SME-2024-00697,2026-04,54.4,8.0,Naik,102,0,3
USE-00697-202605,SME-2024-00697,2026-05,56.1,8.4,Naik,124,4,4
USE-00697-202606,SME-2024-00697,2026-06,54.9,8.5,Naik,84,2,3
USE-00698-202605,SME-2024-00698,2026-05,51.7,8.1,Naik,3,3,4
USE-00698-202606,SME-2024-00698,2026-06,52.5,8.3,Naik,44,2,4
USE-00699-202604,SME-2024-00699,2026-04,29.6,3.6,Naik,35,4,3
USE-00699-202605,SME-2024-00699,2026-05,29.4,4.9,Naik,47,4,3
USE-00699-202606,SME-2024-00699,2026-06,36.5,5.2,Naik,5,3,4
USE-00700-202606,SME-2024-00700,2026-06,42.8,6.0,Naik,78,4,5
USE-00701-202606,SME-2024-00701,2026-06,49.5,7.4,Naik,10,1,4
USE-00702-202601,SME-2024-00702,2026-01,60.3,9.0,Stabil,28,2,3
USE-00702-202602,SME-2024-00702,2026-02,62.4,9.7,Stabil,124,4,3
USE-00702-202603,SME-2024-00702,2026-03,61.7,9.5,Stabil,9,3,5
USE-00702-202604,SME-2024-00702,2026-04,59.4,8.9,Stabil,11,3,3
USE-00702-202605,SME-2024-00702,2026-05,63.2,9.6,Stabil,0,5,4
USE-00702-202606,SME-2024-00702,2026-06,65.7,9.3,Stabil,56,4,5
USE-00703-202605,SME-2024-00703,2026-05,47.2,7.3,Naik,128,7,3
USE-00703-202606,SME-2024-00703,2026-06,49.4,6.9,Naik,88,1,4
USE-00704-202603,SME-2024-00704,2026-03,45.1,5.3,Fluktuatif,164,4,3
USE-00704-202604,SME-2024-00704,2026-04,46.4,6.3,Stabil,200,1,3
USE-00704-202605,SME-2024-00704,2026-05,45.6,7.5,Stabil,9,1,3
USE-00704-202606,SME-2024-00704,2026-06,44.0,6.4,Fluktuatif,289,5,3
USE-00705-202602,SME-2024-00705,2026-02,47.4,7.0,Fluktuatif,152,2,3
USE-00705-202603,SME-2024-00705,2026-03,50.8,7.1,Stabil,31,0,3
USE-00705-202604,SME-2024-00705,2026-04,50.1,7.0,Stabil,48,3,3
USE-00705-202605,SME-2024-00705,2026-05,54.6,8.3,Stabil,6,2,4
USE-00705-202606,SME-2024-00705,2026-06,52.3,7.2,Stabil,7,1,4
USE-00706-202601,SME-2024-00706,2026-01,36.9,5.5,Stabil,17,1,3
USE-00706-202602,SME-2024-00706,2026-02,39.5,6.7,Fluktuatif,1,1,5
USE-00706-202603,SME-2024-00706,2026-03,40.6,4.8,Stabil,51,0,4
USE-00706-202604,SME-2024-00706,2026-04,38.5,6.2,Stabil,44,2,4
USE-00706-202605,SME-2024-00706,2026-05,40.2,5.8,Fluktuatif,6,1,4
USE-00706-202606,SME-2024-00706,2026-06,38.9,6.9,Fluktuatif,30,3,5
USE-00707-202606,SME-2024-00707,2026-06,63.5,9.3,Naik,64,2,4
USE-00708-202601,SME-2024-00708,2026-01,37.2,5.2,Naik,11,3,4
USE-00708-202602,SME-2024-00708,2026-02,41.2,6.5,Naik,159,3,4
USE-00708-202603,SME-2024-00708,2026-03,41.5,7.3,Naik,80,3,5
USE-00708-202604,SME-2024-00708,2026-04,42.1,6.0,Naik,67,5,5
USE-00708-202605,SME-2024-00708,2026-05,45.6,6.7,Naik,7,0,5
USE-00708-202606,SME-2024-00708,2026-06,47.6,7.5,Naik,66,1,5
USE-00709-202602,SME-2024-00709,2026-02,44.7,6.9,Naik,58,1,3
USE-00709-202603,SME-2024-00709,2026-03,48.2,6.5,Naik,48,5,3
USE-00709-202604,SME-2024-00709,2026-04,48.7,7.5,Naik,13,2,3
USE-00709-202605,SME-2024-00709,2026-05,47.9,7.2,Naik,3,4,3
USE-00709-202606,SME-2024-00709,2026-06,51.9,8.2,Naik,11,3,4
USE-00710-202603,SME-2024-00710,2026-03,36.4,5.9,Naik,79,0,5
USE-00710-202604,SME-2024-00710,2026-04,35.1,5.3,Naik,38,8,5
USE-00710-202605,SME-2024-00710,2026-05,39.1,5.9,Naik,3,2,4
USE-00710-202606,SME-2024-00710,2026-06,42.2,6.6,Naik,137,1,5
USE-00711-202604,SME-2024-00711,2026-04,50.0,8.3,Naik,96,4,1
USE-00711-202605,SME-2024-00711,2026-05,50.6,6.8,Naik,9,3,1
USE-00711-202606,SME-2024-00711,2026-06,52.2,9.3,Naik,48,3,2
USE-00712-202605,SME-2024-00712,2026-05,42.3,6.9,Naik,19,4,4
USE-00712-202606,SME-2024-00712,2026-06,46.8,7.7,Naik,63,4,5
USE-00713-202606,SME-2024-00713,2026-06,49.5,7.6,Naik,25,1,4
USE-00714-202601,SME-2024-00714,2026-01,32.9,5.4,Naik,12,2,5
USE-00714-202602,SME-2024-00714,2026-02,33.3,5.2,Naik,15,1,5
USE-00714-202603,SME-2024-00714,2026-03,32.2,4.4,Naik,2,2,6
USE-00714-202604,SME-2024-00714,2026-04,37.2,5.8,Naik,5,0,6
USE-00714-202605,SME-2024-00714,2026-05,37.6,6.1,Naik,3,4,6
USE-00714-202606,SME-2024-00714,2026-06,41.3,6.1,Naik,88,2,6
USE-00715-202604,SME-2024-00715,2026-04,46.8,7.4,Naik,6,2,3
USE-00715-202605,SME-2024-00715,2026-05,51.2,7.5,Naik,27,3,4
USE-00715-202606,SME-2024-00715,2026-06,52.4,8.0,Naik,66,0,3
USE-00716-202604,SME-2024-00716,2026-04,52.4,7.5,Naik,38,0,3
USE-00716-202605,SME-2024-00716,2026-05,51.3,7.3,Naik,6,2,4
USE-00716-202606,SME-2024-00716,2026-06,54.0,7.2,Naik,175,2,4
USE-00717-202604,SME-2024-00717,2026-04,34.0,5.3,Naik,39,3,3
USE-00717-202605,SME-2024-00717,2026-05,37.0,5.2,Naik,12,3,3
USE-00717-202606,SME-2024-00717,2026-06,34.9,5.7,Naik,10,1,3
USE-00718-202603,SME-2024-00718,2026-03,58.5,8.6,Naik,112,4,4
USE-00718-202604,SME-2024-00718,2026-04,59.8,9.0,Naik,132,2,4
USE-00718-202605,SME-2024-00718,2026-05,62.9,9.8,Naik,4,5,4
USE-00718-202606,SME-2024-00718,2026-06,62.7,9.1,Naik,73,3,5
USE-00719-202601,SME-2024-00719,2026-01,48.4,7.2,Stabil,24,1,3
USE-00719-202602,SME-2024-00719,2026-02,46.8,6.3,Stabil,80,1,3
USE-00719-202603,SME-2024-00719,2026-03,46.3,6.5,Stabil,40,4,3
USE-00719-202604,SME-2024-00719,2026-04,44.0,6.7,Fluktuatif,31,1,4
USE-00719-202605,SME-2024-00719,2026-05,47.2,6.4,Stabil,14,3,4
USE-00719-202606,SME-2024-00719,2026-06,50.7,7.4,Stabil,17,2,4
USE-00720-202605,SME-2024-00720,2026-05,42.2,6.7,Naik,55,4,4
USE-00720-202606,SME-2024-00720,2026-06,46.4,7.3,Naik,55,2,4
USE-00721-202605,SME-2024-00721,2026-05,51.7,7.4,Naik,61,3,3
USE-00721-202606,SME-2024-00721,2026-06,56.0,8.2,Naik,17,3,3
USE-00722-202601,SME-2024-00722,2026-01,50.7,7.7,Naik,0,1,4
USE-00722-202602,SME-2024-00722,2026-02,54.9,8.1,Naik,67,1,5
USE-00722-202603,SME-2024-00722,2026-03,53.9,8.4,Naik,24,3,5
USE-00722-202604,SME-2024-00722,2026-04,52.4,9.1,Naik,26,3,5
USE-00722-202605,SME-2024-00722,2026-05,55.5,7.7,Naik,16,8,6
USE-00722-202606,SME-2024-00722,2026-06,59.8,8.9,Naik,101,0,6
USE-00723-202604,SME-2024-00723,2026-04,46.8,7.0,Naik,1,4,4
USE-00723-202605,SME-2024-00723,2026-05,50.0,7.0,Naik,15,2,4
USE-00723-202606,SME-2024-00723,2026-06,51.6,8.4,Naik,18,1,5
USE-00724-202605,SME-2024-00724,2026-05,62.9,9.2,Stabil,40,2,3
USE-00724-202606,SME-2024-00724,2026-06,61.5,9.3,Stabil,2,2,4
USE-00725-202606,SME-2024-00725,2026-06,41.9,5.1,Naik,48,4,4
USE-00726-202606,SME-2024-00726,2026-06,49.8,7.2,Stabil,37,4,5
USE-00727-202602,SME-2024-00727,2026-02,56.9,8.1,Stabil,42,2,3
USE-00727-202603,SME-2024-00727,2026-03,55.7,8.6,Stabil,109,3,4
USE-00727-202604,SME-2024-00727,2026-04,57.8,8.8,Fluktuatif,131,7,5
USE-00727-202605,SME-2024-00727,2026-05,57.4,8.8,Stabil,12,5,4
USE-00727-202606,SME-2024-00727,2026-06,58.5,7.9,Fluktuatif,20,3,5
USE-00728-202601,SME-2024-00728,2026-01,40.2,5.7,Fluktuatif,54,3,4
USE-00728-202602,SME-2024-00728,2026-02,44.1,7.2,Fluktuatif,1,4,4
USE-00728-202603,SME-2024-00728,2026-03,44.2,6.8,Stabil,9,4,4
USE-00728-202604,SME-2024-00728,2026-04,41.8,6.2,Fluktuatif,38,1,4
USE-00728-202605,SME-2024-00728,2026-05,45.9,7.3,Stabil,7,3,4
USE-00728-202606,SME-2024-00728,2026-06,45.3,7.3,Stabil,68,4,5
USE-00729-202606,SME-2024-00729,2026-06,45.0,6.8,Stabil,4,4,4
USE-00730-202602,SME-2024-00730,2026-02,44.6,7.1,Naik,161,3,3
USE-00730-202603,SME-2024-00730,2026-03,47.7,6.8,Naik,79,2,3
USE-00730-202604,SME-2024-00730,2026-04,47.3,6.4,Naik,53,4,3
USE-00730-202605,SME-2024-00730,2026-05,45.3,6.7,Naik,2,2,5
USE-00730-202606,SME-2024-00730,2026-06,50.3,7.6,Naik,10,4,5
USE-00731-202603,SME-2024-00731,2026-03,53.8,7.8,Naik,27,3,2
USE-00731-202604,SME-2024-00731,2026-04,56.4,9.1,Naik,44,1,4
USE-00731-202605,SME-2024-00731,2026-05,55.0,9.0,Naik,12,2,3
USE-00731-202606,SME-2024-00731,2026-06,56.7,8.7,Naik,15,1,4
USE-00732-202602,SME-2024-00732,2026-02,42.9,6.4,Naik,65,2,4
USE-00732-202603,SME-2024-00732,2026-03,44.0,7.1,Naik,154,3,4
USE-00732-202604,SME-2024-00732,2026-04,45.3,6.8,Naik,34,3,4
USE-00732-202605,SME-2024-00732,2026-05,44.9,6.6,Naik,101,6,4
USE-00732-202606,SME-2024-00732,2026-06,46.8,7.0,Naik,19,2,5
USE-00733-202602,SME-2024-00733,2026-02,42.0,6.3,Naik,13,1,4
USE-00733-202603,SME-2024-00733,2026-03,43.3,6.5,Naik,23,5,3
USE-00733-202604,SME-2024-00733,2026-04,44.3,6.2,Naik,23,3,3
USE-00733-202605,SME-2024-00733,2026-05,48.4,6.9,Naik,60,3,4
USE-00733-202606,SME-2024-00733,2026-06,44.5,7.5,Naik,4,5,5
USE-00734-202604,SME-2024-00734,2026-04,57.0,8.1,Stabil,43,2,2
USE-00734-202605,SME-2024-00734,2026-05,46.0,7.2,Fluktuatif,4,2,2
USE-00734-202606,SME-2024-00734,2026-06,51.5,6.9,Fluktuatif,12,2,3
USE-00735-202601,SME-2024-00735,2026-01,49.4,7.1,Naik,104,1,4
USE-00735-202602,SME-2024-00735,2026-02,42.2,6.2,Naik,38,2,4
USE-00735-202603,SME-2024-00735,2026-03,46.0,6.3,Naik,115,1,4
USE-00735-202604,SME-2024-00735,2026-04,47.0,7.2,Naik,25,2,5
USE-00735-202605,SME-2024-00735,2026-05,44.1,6.9,Naik,2,3,5
USE-00735-202606,SME-2024-00735,2026-06,46.9,7.2,Naik,96,0,5
USE-00736-202605,SME-2024-00736,2026-05,44.1,6.7,Naik,6,3,3
USE-00736-202606,SME-2024-00736,2026-06,42.1,7.1,Naik,18,2,3
USE-00737-202606,SME-2024-00737,2026-06,43.9,6.8,Stabil,28,0,4
USE-00738-202601,SME-2024-00738,2026-01,35.6,6.0,Stabil,0,1,3
USE-00738-202602,SME-2024-00738,2026-02,40.1,6.2,Fluktuatif,38,3,2
USE-00738-202603,SME-2024-00738,2026-03,39.3,6.0,Fluktuatif,13,2,3
USE-00738-202604,SME-2024-00738,2026-04,39.9,6.3,Stabil,55,2,3
USE-00738-202605,SME-2024-00738,2026-05,43.9,6.2,Stabil,58,2,4
USE-00738-202606,SME-2024-00738,2026-06,40.0,5.8,Fluktuatif,0,1,5
USE-00739-202605,SME-2024-00739,2026-05,44.1,6.5,Naik,5,2,3
USE-00739-202606,SME-2024-00739,2026-06,43.4,6.5,Naik,0,1,3
USE-00740-202604,SME-2024-00740,2026-04,42.3,7.3,Stabil,124,6,3
USE-00740-202605,SME-2024-00740,2026-05,37.9,5.5,Stabil,10,4,3
USE-00740-202606,SME-2024-00740,2026-06,39.5,5.9,Stabil,95,7,4
USE-00741-202603,SME-2024-00741,2026-03,58.5,9.2,Naik,80,0,4
USE-00741-202604,SME-2024-00741,2026-04,59.1,8.6,Naik,75,3,4
USE-00741-202605,SME-2024-00741,2026-05,61.9,8.9,Naik,109,3,5
USE-00741-202606,SME-2024-00741,2026-06,61.3,8.5,Naik,6,1,5
USE-00742-202605,SME-2024-00742,2026-05,31.8,5.0,Stabil,104,1,3
USE-00742-202606,SME-2024-00742,2026-06,36.1,4.1,Fluktuatif,34,4,2
USE-00743-202606,SME-2024-00743,2026-06,59.0,8.5,Stabil,10,2,5
USE-00744-202606,SME-2024-00744,2026-06,47.2,7.8,Naik,85,2,4
USE-00745-202601,SME-2024-00745,2026-01,45.4,6.0,Naik,45,1,5
USE-00745-202602,SME-2024-00745,2026-02,52.2,8.1,Naik,0,2,5
USE-00745-202603,SME-2024-00745,2026-03,49.6,8.1,Naik,5,4,5
USE-00745-202604,SME-2024-00745,2026-04,48.3,6.9,Naik,192,3,4
USE-00745-202605,SME-2024-00745,2026-05,51.8,7.2,Naik,34,2,5
USE-00745-202606,SME-2024-00745,2026-06,52.0,8.0,Naik,57,6,5
USE-00746-202603,SME-2024-00746,2026-03,45.8,6.5,Fluktuatif,42,2,4
USE-00746-202604,SME-2024-00746,2026-04,45.6,6.8,Stabil,34,2,4
USE-00746-202605,SME-2024-00746,2026-05,44.5,6.4,Stabil,49,2,5
USE-00746-202606,SME-2024-00746,2026-06,41.9,6.5,Stabil,65,5,6
USE-00747-202604,SME-2024-00747,2026-04,46.7,6.6,Naik,37,1,4
USE-00747-202605,SME-2024-00747,2026-05,47.9,6.7,Naik,8,3,5
USE-00747-202606,SME-2024-00747,2026-06,49.6,7.0,Naik,3,3,4
USE-00748-202602,SME-2024-00748,2026-02,30.6,4.6,Stabil,20,2,3
USE-00748-202603,SME-2024-00748,2026-03,28.0,4.3,Stabil,99,2,4
USE-00748-202604,SME-2024-00748,2026-04,29.7,4.1,Fluktuatif,3,3,4
USE-00748-202605,SME-2024-00748,2026-05,29.0,5.1,Fluktuatif,32,2,3
USE-00748-202606,SME-2024-00748,2026-06,29.3,4.2,Stabil,107,2,4
USE-00749-202601,SME-2024-00749,2026-01,54.9,8.0,Stabil,101,2,4
USE-00749-202602,SME-2024-00749,2026-02,53.6,7.4,Stabil,40,3,5
USE-00749-202603,SME-2024-00749,2026-03,52.3,7.0,Fluktuatif,62,2,4
USE-00749-202604,SME-2024-00749,2026-04,55.4,8.6,Stabil,1,1,6
USE-00749-202605,SME-2024-00749,2026-05,51.6,7.3,Stabil,20,3,5
USE-00749-202606,SME-2024-00749,2026-06,56.7,8.7,Stabil,5,6,5
USE-00750-202602,SME-2024-00750,2026-02,37.3,6.2,Stabil,6,1,3
USE-00750-202603,SME-2024-00750,2026-03,42.8,6.4,Stabil,17,1,3
USE-00750-202604,SME-2024-00750,2026-04,44.1,7.4,Stabil,1,0,3
USE-00750-202605,SME-2024-00750,2026-05,42.6,6.0,Fluktuatif,18,2,3
USE-00750-202606,SME-2024-00750,2026-06,41.3,6.4,Stabil,63,2,4
USE-00751-202603,SME-2024-00751,2026-03,39.1,5.7,Naik,0,4,4
USE-00751-202604,SME-2024-00751,2026-04,44.5,6.7,Naik,80,3,3
USE-00751-202605,SME-2024-00751,2026-05,43.0,7.2,Naik,30,5,4
USE-00751-202606,SME-2024-00751,2026-06,47.0,8.0,Naik,2,6,4
USE-00752-202604,SME-2024-00752,2026-04,35.5,5.9,Naik,58,4,3
USE-00752-202605,SME-2024-00752,2026-05,40.9,5.9,Naik,24,3,4
USE-00752-202606,SME-2024-00752,2026-06,40.9,6.3,Naik,31,0,4
USE-00753-202604,SME-2024-00753,2026-04,58.4,8.2,Naik,34,4,3
USE-00753-202605,SME-2024-00753,2026-05,58.1,8.1,Naik,37,4,4
USE-00753-202606,SME-2024-00753,2026-06,60.8,10.2,Naik,174,5,4
USE-00754-202604,SME-2024-00754,2026-04,41.5,5.7,Naik,49,2,2
USE-00754-202605,SME-2024-00754,2026-05,44.8,5.9,Naik,56,1,3
USE-00754-202606,SME-2024-00754,2026-06,42.2,6.7,Naik,10,1,3
USE-00755-202603,SME-2024-00755,2026-03,41.7,6.0,Naik,25,2,3
USE-00755-202604,SME-2024-00755,2026-04,44.9,7.5,Naik,21,4,4
USE-00755-202605,SME-2024-00755,2026-05,47.4,6.7,Naik,19,4,4
USE-00755-202606,SME-2024-00755,2026-06,47.9,6.8,Naik,65,4,5
USE-00756-202604,SME-2024-00756,2026-04,57.5,9.0,Naik,39,1,3
USE-00756-202605,SME-2024-00756,2026-05,57.1,8.6,Naik,25,5,3
USE-00756-202606,SME-2024-00756,2026-06,55.3,7.6,Naik,41,2,4
USE-00757-202601,SME-2024-00757,2026-01,47.8,7.1,Naik,13,5,4
USE-00757-202602,SME-2024-00757,2026-02,51.3,7.9,Naik,22,2,3
USE-00757-202603,SME-2024-00757,2026-03,51.3,7.6,Naik,41,2,4
USE-00757-202604,SME-2024-00757,2026-04,53.6,8.0,Naik,79,3,5
USE-00757-202605,SME-2024-00757,2026-05,52.2,7.4,Naik,6,5,5
USE-00757-202606,SME-2024-00757,2026-06,55.3,8.9,Naik,59,3,5
USE-00758-202603,SME-2024-00758,2026-03,32.2,4.5,Naik,19,1,5
USE-00758-202604,SME-2024-00758,2026-04,37.9,5.6,Naik,26,2,4
USE-00758-202605,SME-2024-00758,2026-05,37.3,6.5,Naik,5,1,4
USE-00758-202606,SME-2024-00758,2026-06,35.1,5.4,Naik,5,2,5
USE-00759-202602,SME-2024-00759,2026-02,50.0,7.4,Stabil,137,2,4
USE-00759-202603,SME-2024-00759,2026-03,48.9,7.3,Fluktuatif,102,2,3
USE-00759-202604,SME-2024-00759,2026-04,53.6,8.4,Stabil,100,4,3
USE-00759-202605,SME-2024-00759,2026-05,50.7,7.1,Stabil,47,3,4
USE-00759-202606,SME-2024-00759,2026-06,55.7,9.1,Stabil,35,3,4
USE-00760-202601,SME-2024-00760,2026-01,40.0,5.5,Naik,194,3,3
USE-00760-202602,SME-2024-00760,2026-02,41.0,6.2,Naik,51,0,4
USE-00760-202603,SME-2024-00760,2026-03,46.3,7.7,Naik,1,4,4
USE-00760-202604,SME-2024-00760,2026-04,44.5,6.8,Naik,53,3,4
USE-00760-202605,SME-2024-00760,2026-05,48.3,7.0,Naik,31,2,5
USE-00760-202606,SME-2024-00760,2026-06,50.2,7.6,Naik,20,1,5
USE-00761-202601,SME-2024-00761,2026-01,35.5,4.4,Naik,44,1,3
USE-00761-202602,SME-2024-00761,2026-02,35.8,5.7,Naik,19,2,4
USE-00761-202603,SME-2024-00761,2026-03,36.1,5.5,Naik,187,6,4
USE-00761-202604,SME-2024-00761,2026-04,39.4,6.8,Naik,6,4,4
USE-00761-202605,SME-2024-00761,2026-05,39.5,5.9,Naik,29,2,5
USE-00761-202606,SME-2024-00761,2026-06,41.4,6.6,Naik,27,5,5
USE-00762-202605,SME-2024-00762,2026-05,40.8,5.4,Naik,10,3,3
USE-00762-202606,SME-2024-00762,2026-06,44.8,7.3,Naik,38,1,3
USE-00763-202606,SME-2024-00763,2026-06,54.7,7.7,Naik,8,1,5
USE-00764-202601,SME-2024-00764,2026-01,42.8,6.8,Naik,196,3,2
USE-00764-202602,SME-2024-00764,2026-02,46.1,6.9,Naik,37,4,4
USE-00764-202603,SME-2024-00764,2026-03,46.2,6.9,Naik,65,1,4
USE-00764-202604,SME-2024-00764,2026-04,48.2,6.5,Naik,90,5,4
USE-00764-202605,SME-2024-00764,2026-05,48.3,7.7,Naik,12,3,4
USE-00764-202606,SME-2024-00764,2026-06,51.5,7.7,Naik,61,2,5
USE-00765-202601,SME-2024-00765,2026-01,32.1,5.5,Stabil,6,2,4
USE-00765-202602,SME-2024-00765,2026-02,30.6,4.3,Fluktuatif,32,4,4
USE-00765-202603,SME-2024-00765,2026-03,32.3,3.7,Stabil,12,2,4
USE-00765-202604,SME-2024-00765,2026-04,34.7,5.2,Stabil,53,1,4
USE-00765-202605,SME-2024-00765,2026-05,33.6,5.6,Fluktuatif,18,1,4
USE-00765-202606,SME-2024-00765,2026-06,40.1,5.8,Stabil,20,3,5
USE-00766-202602,SME-2024-00766,2026-02,46.1,7.8,Naik,84,3,2
USE-00766-202603,SME-2024-00766,2026-03,47.4,7.0,Naik,67,2,3
USE-00766-202604,SME-2024-00766,2026-04,53.7,7.6,Naik,105,3,3
USE-00766-202605,SME-2024-00766,2026-05,48.0,7.4,Naik,21,3,4
USE-00766-202606,SME-2024-00766,2026-06,52.9,8.2,Naik,28,2,4
USE-00767-202603,SME-2024-00767,2026-03,39.2,6.1,Naik,70,1,4
USE-00767-202604,SME-2024-00767,2026-04,40.3,5.7,Naik,41,2,3
USE-00767-202605,SME-2024-00767,2026-05,44.1,7.2,Naik,71,1,4
USE-00767-202606,SME-2024-00767,2026-06,45.6,7.1,Naik,119,6,4
USE-00768-202601,SME-2024-00768,2026-01,45.2,6.6,Naik,21,2,3
USE-00768-202602,SME-2024-00768,2026-02,45.1,7.1,Naik,46,3,4
USE-00768-202603,SME-2024-00768,2026-03,49.8,7.9,Naik,15,2,4
USE-00768-202604,SME-2024-00768,2026-04,48.8,8.1,Naik,57,6,5
USE-00768-202605,SME-2024-00768,2026-05,49.7,6.5,Naik,43,2,5
USE-00768-202606,SME-2024-00768,2026-06,51.1,8.2,Naik,33,0,5
USE-00769-202605,SME-2024-00769,2026-05,47.1,7.1,Naik,42,3,3
USE-00769-202606,SME-2024-00769,2026-06,46.8,7.3,Naik,9,3,3
USE-00770-202606,SME-2024-00770,2026-06,50.8,7.2,Naik,0,5,2
USE-00771-202601,SME-2024-00771,2026-01,45.1,6.4,Naik,59,1,3
USE-00771-202602,SME-2024-00771,2026-02,47.3,7.0,Naik,57,3,3
USE-00771-202603,SME-2024-00771,2026-03,49.0,7.5,Naik,41,2,5
USE-00771-202604,SME-2024-00771,2026-04,49.0,7.6,Naik,51,4,5
USE-00771-202605,SME-2024-00771,2026-05,49.5,6.7,Naik,39,2,5
USE-00771-202606,SME-2024-00771,2026-06,55.1,7.6,Naik,12,4,4
USE-00772-202602,SME-2024-00772,2026-02,34.5,4.7,Naik,9,4,4
USE-00772-202603,SME-2024-00772,2026-03,35.8,5.8,Naik,39,3,5
USE-00772-202604,SME-2024-00772,2026-04,39.1,6.5,Naik,48,2,5
USE-00772-202605,SME-2024-00772,2026-05,41.2,6.3,Naik,15,2,5
USE-00772-202606,SME-2024-00772,2026-06,46.4,7.7,Naik,0,4,6
USE-00773-202601,SME-2024-00773,2026-01,41.4,6.5,Naik,12,2,4
USE-00773-202602,SME-2024-00773,2026-02,43.9,6.4,Naik,8,4,5
USE-00773-202603,SME-2024-00773,2026-03,46.9,7.5,Naik,101,4,4
USE-00773-202604,SME-2024-00773,2026-04,45.9,7.3,Naik,35,3,4
USE-00773-202605,SME-2024-00773,2026-05,52.6,7.2,Naik,89,1,5
USE-00773-202606,SME-2024-00773,2026-06,49.9,7.3,Naik,41,2,6
USE-00774-202603,SME-2024-00774,2026-03,45.3,6.4,Naik,36,0,4
USE-00774-202604,SME-2024-00774,2026-04,47.0,6.9,Naik,16,4,4
USE-00774-202605,SME-2024-00774,2026-05,48.4,7.2,Naik,58,2,5
USE-00774-202606,SME-2024-00774,2026-06,54.6,8.7,Naik,11,1,5
USE-00775-202606,SME-2024-00775,2026-06,37.6,5.8,Naik,40,3,4
USE-00776-202603,SME-2024-00776,2026-03,40.7,5.8,Naik,52,1,3
USE-00776-202604,SME-2024-00776,2026-04,40.8,5.7,Naik,75,1,4
USE-00776-202605,SME-2024-00776,2026-05,38.7,5.8,Naik,28,2,4
USE-00776-202606,SME-2024-00776,2026-06,41.8,6.7,Naik,36,3,4
USE-00777-202601,SME-2024-00777,2026-01,46.8,7.5,Naik,116,3,3
USE-00777-202602,SME-2024-00777,2026-02,44.8,7.4,Naik,56,1,3
USE-00777-202603,SME-2024-00777,2026-03,46.6,7.1,Naik,22,2,3
USE-00777-202604,SME-2024-00777,2026-04,48.5,7.9,Naik,121,4,3
USE-00777-202605,SME-2024-00777,2026-05,52.9,7.2,Naik,7,4,4
USE-00777-202606,SME-2024-00777,2026-06,50.5,7.8,Naik,33,3,5
USE-00778-202604,SME-2024-00778,2026-04,41.8,6.2,Naik,101,2,4
USE-00778-202605,SME-2024-00778,2026-05,42.6,6.9,Naik,2,0,3
USE-00778-202606,SME-2024-00778,2026-06,49.0,7.2,Naik,156,2,4
USE-00779-202606,SME-2024-00779,2026-06,51.4,8.0,Naik,60,2,3
USE-00780-202604,SME-2024-00780,2026-04,57.8,9.2,Stabil,81,4,4
USE-00780-202605,SME-2024-00780,2026-05,55.1,8.4,Fluktuatif,103,1,3
USE-00780-202606,SME-2024-00780,2026-06,60.3,8.6,Fluktuatif,11,4,4
USE-00781-202606,SME-2024-00781,2026-06,42.5,5.8,Naik,119,5,4
USE-00782-202605,SME-2024-00782,2026-05,46.7,7.6,Naik,203,1,2
USE-00782-202606,SME-2024-00782,2026-06,47.0,7.7,Naik,47,8,3
USE-00783-202602,SME-2024-00783,2026-02,40.8,5.6,Naik,110,3,3
USE-00783-202603,SME-2024-00783,2026-03,42.5,5.8,Naik,34,2,3
USE-00783-202604,SME-2024-00783,2026-04,44.1,6.7,Naik,52,2,4
USE-00783-202605,SME-2024-00783,2026-05,43.7,6.6,Naik,23,1,4
USE-00783-202606,SME-2024-00783,2026-06,49.5,7.3,Naik,2,4,4
USE-00784-202601,SME-2024-00784,2026-01,47.3,6.4,Naik,5,1,4
USE-00784-202602,SME-2024-00784,2026-02,47.8,7.0,Naik,22,1,5
USE-00784-202603,SME-2024-00784,2026-03,48.9,7.5,Naik,15,4,5
USE-00784-202604,SME-2024-00784,2026-04,45.4,5.7,Naik,85,2,5
USE-00784-202605,SME-2024-00784,2026-05,50.4,7.8,Naik,43,4,5
USE-00784-202606,SME-2024-00784,2026-06,52.4,7.5,Naik,14,2,6
USE-00785-202603,SME-2024-00785,2026-03,30.6,3.4,Fluktuatif,30,1,4
USE-00785-202604,SME-2024-00785,2026-04,34.2,4.0,Stabil,69,5,4
USE-00785-202605,SME-2024-00785,2026-05,33.7,5.2,Stabil,20,0,4
USE-00785-202606,SME-2024-00785,2026-06,33.5,4.8,Stabil,59,4,5
USE-00786-202603,SME-2024-00786,2026-03,43.7,7.4,Naik,81,5,3
USE-00786-202604,SME-2024-00786,2026-04,46.1,6.9,Naik,20,2,3
USE-00786-202605,SME-2024-00786,2026-05,47.2,7.0,Naik,5,3,3
USE-00786-202606,SME-2024-00786,2026-06,50.9,7.7,Naik,2,2,4
USE-00787-202605,SME-2024-00787,2026-05,33.6,5.0,Naik,8,2,3
USE-00787-202606,SME-2024-00787,2026-06,30.4,5.4,Naik,7,3,3
USE-00788-202601,SME-2024-00788,2026-01,30.1,5.6,Naik,49,3,3
USE-00788-202602,SME-2024-00788,2026-02,27.7,4.4,Naik,10,3,4
USE-00788-202603,SME-2024-00788,2026-03,31.9,4.4,Naik,74,3,4
USE-00788-202604,SME-2024-00788,2026-04,28.5,4.3,Naik,63,3,3
USE-00788-202605,SME-2024-00788,2026-05,35.6,5.9,Naik,41,2,4
USE-00788-202606,SME-2024-00788,2026-06,34.2,5.5,Naik,16,1,4
USE-00789-202606,SME-2024-00789,2026-06,42.1,6.9,Naik,169,2,4
USE-00790-202604,SME-2024-00790,2026-04,41.9,7.1,Naik,122,2,4
USE-00790-202605,SME-2024-00790,2026-05,41.8,5.6,Naik,55,2,5
USE-00790-202606,SME-2024-00790,2026-06,45.4,5.6,Naik,10,3,5
USE-00791-202606,SME-2024-00791,2026-06,42.2,6.5,Fluktuatif,12,1,3
USE-00792-202605,SME-2024-00792,2026-05,46.0,6.4,Naik,28,4,4
USE-00792-202606,SME-2024-00792,2026-06,52.2,6.6,Naik,20,1,5
USE-00793-202604,SME-2024-00793,2026-04,34.3,4.8,Naik,51,3,3
USE-00793-202605,SME-2024-00793,2026-05,38.0,5.3,Naik,69,2,3
USE-00793-202606,SME-2024-00793,2026-06,39.8,6.2,Naik,113,2,5
USE-00794-202602,SME-2024-00794,2026-02,52.2,8.0,Naik,39,0,4
USE-00794-202603,SME-2024-00794,2026-03,58.0,9.0,Naik,24,2,4
USE-00794-202604,SME-2024-00794,2026-04,54.3,7.6,Naik,108,2,4
USE-00794-202605,SME-2024-00794,2026-05,56.8,8.7,Naik,1,5,5
USE-00794-202606,SME-2024-00794,2026-06,59.5,9.2,Naik,6,2,5
USE-00795-202603,SME-2024-00795,2026-03,57.6,9.1,Naik,24,1,3
USE-00795-202604,SME-2024-00795,2026-04,51.9,8.1,Naik,17,2,4
USE-00795-202605,SME-2024-00795,2026-05,51.4,7.4,Naik,31,0,4
USE-00795-202606,SME-2024-00795,2026-06,52.0,8.6,Naik,6,2,4
USE-00796-202603,SME-2024-00796,2026-03,33.1,4.4,Stabil,22,2,1
USE-00796-202604,SME-2024-00796,2026-04,36.5,5.4,Fluktuatif,117,4,2
USE-00796-202605,SME-2024-00796,2026-05,39.4,5.8,Stabil,18,3,2
USE-00796-202606,SME-2024-00796,2026-06,37.1,6.0,Stabil,43,3,3
USE-00797-202604,SME-2024-00797,2026-04,40.3,6.8,Naik,35,4,4
USE-00797-202605,SME-2024-00797,2026-05,43.6,5.9,Naik,60,4,4
USE-00797-202606,SME-2024-00797,2026-06,42.7,5.6,Naik,22,1,4
USE-00798-202605,SME-2024-00798,2026-05,60.8,9.7,Naik,83,1,3
USE-00798-202606,SME-2024-00798,2026-06,60.2,8.2,Naik,75,8,3
USE-00799-202604,SME-2024-00799,2026-04,52.6,8.4,Naik,17,3,5
USE-00799-202605,SME-2024-00799,2026-05,56.8,8.3,Naik,48,2,5
USE-00799-202606,SME-2024-00799,2026-06,56.2,8.1,Naik,59,2,5
USE-00800-202603,SME-2024-00800,2026-03,36.3,4.9,Stabil,248,2,3
USE-00800-202604,SME-2024-00800,2026-04,35.1,5.2,Stabil,23,3,4
USE-00800-202605,SME-2024-00800,2026-05,33.0,4.4,Stabil,27,3,3
USE-00800-202606,SME-2024-00800,2026-06,35.5,5.3,Fluktuatif,43,1,3
USE-00801-202604,SME-2024-00801,2026-04,37.4,5.7,Naik,68,2,3
USE-00801-202605,SME-2024-00801,2026-05,43.1,5.8,Naik,17,1,3
USE-00801-202606,SME-2024-00801,2026-06,41.3,6.7,Naik,66,1,3
USE-00802-202601,SME-2024-00802,2026-01,39.6,6.2,Fluktuatif,98,2,4
USE-00802-202602,SME-2024-00802,2026-02,42.4,6.3,Stabil,2,6,4
USE-00802-202603,SME-2024-00802,2026-03,40.8,6.8,Stabil,7,1,4
USE-00802-202604,SME-2024-00802,2026-04,40.0,5.6,Fluktuatif,25,3,5
USE-00802-202605,SME-2024-00802,2026-05,40.4,5.5,Stabil,14,4,6
USE-00802-202606,SME-2024-00802,2026-06,40.1,6.3,Stabil,140,4,6
USE-00803-202603,SME-2024-00803,2026-03,45.9,6.7,Naik,18,4,3
USE-00803-202604,SME-2024-00803,2026-04,48.3,6.9,Naik,82,1,3
USE-00803-202605,SME-2024-00803,2026-05,48.0,7.1,Naik,30,2,3
USE-00803-202606,SME-2024-00803,2026-06,50.8,7.0,Naik,9,2,3
USE-00804-202605,SME-2024-00804,2026-05,40.9,6.0,Stabil,9,3,5
USE-00804-202606,SME-2024-00804,2026-06,45.8,6.6,Stabil,25,0,5
USE-00805-202606,SME-2024-00805,2026-06,52.0,7.8,Stabil,13,1,4
USE-00806-202606,SME-2024-00806,2026-06,47.5,6.8,Naik,119,5,3
USE-00807-202603,SME-2024-00807,2026-03,42.5,6.2,Naik,111,3,3
USE-00807-202604,SME-2024-00807,2026-04,45.6,6.5,Naik,13,1,3
USE-00807-202605,SME-2024-00807,2026-05,48.6,7.2,Naik,13,2,4
USE-00807-202606,SME-2024-00807,2026-06,48.4,7.0,Naik,24,7,4
USE-00808-202604,SME-2024-00808,2026-04,46.7,7.1,Stabil,63,3,4
USE-00808-202605,SME-2024-00808,2026-05,48.5,7.7,Stabil,6,4,4
USE-00808-202606,SME-2024-00808,2026-06,49.2,7.3,Stabil,9,2,4
USE-00809-202604,SME-2024-00809,2026-04,32.5,4.5,Naik,29,3,4
USE-00809-202605,SME-2024-00809,2026-05,32.1,4.8,Naik,32,3,4
USE-00809-202606,SME-2024-00809,2026-06,33.5,5.3,Naik,60,1,4
USE-00810-202603,SME-2024-00810,2026-03,48.3,6.3,Stabil,2,5,3
USE-00810-202604,SME-2024-00810,2026-04,46.2,6.5,Fluktuatif,39,1,4
USE-00810-202605,SME-2024-00810,2026-05,47.2,7.0,Fluktuatif,32,5,4
USE-00810-202606,SME-2024-00810,2026-06,47.9,7.1,Fluktuatif,31,1,4
USE-00811-202605,SME-2024-00811,2026-05,51.9,8.6,Naik,179,0,4
USE-00811-202606,SME-2024-00811,2026-06,55.2,8.0,Naik,99,1,4
USE-00812-202604,SME-2024-00812,2026-04,44.9,6.8,Stabil,97,4,3
USE-00812-202605,SME-2024-00812,2026-05,48.9,7.6,Stabil,47,6,5
USE-00812-202606,SME-2024-00812,2026-06,49.4,7.6,Stabil,55,1,5
USE-00813-202604,SME-2024-00813,2026-04,27.1,3.9,Naik,14,2,3
USE-00813-202605,SME-2024-00813,2026-05,30.0,4.2,Naik,17,2,3
USE-00813-202606,SME-2024-00813,2026-06,32.9,4.7,Naik,38,4,4
USE-00814-202605,SME-2024-00814,2026-05,65.6,11.0,Naik,42,2,4
USE-00814-202606,SME-2024-00814,2026-06,65.0,8.8,Naik,60,5,5
USE-00815-202602,SME-2024-00815,2026-02,49.2,8.2,Naik,153,1,4
USE-00815-202603,SME-2024-00815,2026-03,50.1,7.7,Naik,127,5,5
USE-00815-202604,SME-2024-00815,2026-04,53.7,8.4,Naik,4,5,5
USE-00815-202605,SME-2024-00815,2026-05,49.4,7.2,Naik,3,5,5
USE-00815-202606,SME-2024-00815,2026-06,61.2,9.7,Naik,38,0,5
USE-00816-202601,SME-2024-00816,2026-01,64.6,9.6,Naik,1,2,3
USE-00816-202602,SME-2024-00816,2026-02,62.3,9.9,Naik,53,3,4
USE-00816-202603,SME-2024-00816,2026-03,62.8,9.8,Naik,124,1,4
USE-00816-202604,SME-2024-00816,2026-04,63.1,10.8,Naik,24,1,4
USE-00816-202605,SME-2024-00816,2026-05,68.5,10.2,Naik,5,4,5
USE-00816-202606,SME-2024-00816,2026-06,65.8,8.2,Naik,6,4,5
USE-00817-202604,SME-2024-00817,2026-04,31.5,5.4,Naik,59,4,3
USE-00817-202605,SME-2024-00817,2026-05,34.2,5.0,Naik,85,1,3
USE-00817-202606,SME-2024-00817,2026-06,38.5,6.1,Naik,30,5,3
USE-00818-202603,SME-2024-00818,2026-03,57.7,7.9,Naik,36,2,3
USE-00818-202604,SME-2024-00818,2026-04,60.5,9.1,Naik,28,2,5
USE-00818-202605,SME-2024-00818,2026-05,63.6,10.0,Naik,3,3,4
USE-00818-202606,SME-2024-00818,2026-06,67.4,9.5,Naik,141,1,5
USE-00819-202604,SME-2024-00819,2026-04,53.6,7.6,Stabil,32,2,4
USE-00819-202605,SME-2024-00819,2026-05,50.3,7.5,Fluktuatif,20,2,4
USE-00819-202606,SME-2024-00819,2026-06,52.4,8.1,Stabil,9,3,4
USE-00820-202601,SME-2024-00820,2026-01,38.2,4.8,Naik,30,1,3
USE-00820-202602,SME-2024-00820,2026-02,33.8,5.4,Naik,62,3,4
USE-00820-202603,SME-2024-00820,2026-03,37.3,5.1,Naik,48,2,5
USE-00820-202604,SME-2024-00820,2026-04,40.7,5.7,Naik,81,3,5
USE-00820-202605,SME-2024-00820,2026-05,37.7,5.5,Naik,40,3,5
USE-00820-202606,SME-2024-00820,2026-06,36.1,5.5,Naik,39,1,5
USE-00821-202603,SME-2024-00821,2026-03,43.4,7.1,Stabil,114,2,5
USE-00821-202604,SME-2024-00821,2026-04,47.2,8.1,Fluktuatif,1,5,4
USE-00821-202605,SME-2024-00821,2026-05,44.0,6.5,Stabil,120,1,4
USE-00821-202606,SME-2024-00821,2026-06,49.8,8.7,Stabil,142,5,5
USE-00822-202606,SME-2024-00822,2026-06,39.2,5.7,Naik,167,2,3
USE-00823-202602,SME-2024-00823,2026-02,46.4,7.4,Naik,9,1,2
USE-00823-202603,SME-2024-00823,2026-03,48.6,7.3,Naik,29,1,3
USE-00823-202604,SME-2024-00823,2026-04,47.3,7.3,Naik,49,6,3
USE-00823-202605,SME-2024-00823,2026-05,49.9,7.1,Naik,57,3,4
USE-00823-202606,SME-2024-00823,2026-06,56.3,8.9,Naik,2,3,4
USE-00824-202602,SME-2024-00824,2026-02,36.2,4.7,Naik,46,1,3
USE-00824-202603,SME-2024-00824,2026-03,37.8,5.8,Naik,18,2,4
USE-00824-202604,SME-2024-00824,2026-04,39.0,5.9,Naik,63,4,5
USE-00824-202605,SME-2024-00824,2026-05,41.5,5.8,Naik,121,3,6
USE-00824-202606,SME-2024-00824,2026-06,39.0,5.6,Naik,8,1,5
USE-00825-202604,SME-2024-00825,2026-04,43.4,6.2,Naik,65,5,3
USE-00825-202605,SME-2024-00825,2026-05,44.2,6.5,Naik,37,1,3
USE-00825-202606,SME-2024-00825,2026-06,49.8,7.7,Naik,27,1,3
USE-00826-202602,SME-2024-00826,2026-02,58.1,8.1,Naik,1,2,3
USE-00826-202603,SME-2024-00826,2026-03,56.6,8.4,Naik,10,2,3
USE-00826-202604,SME-2024-00826,2026-04,59.9,8.7,Naik,106,1,4
USE-00826-202605,SME-2024-00826,2026-05,60.9,9.2,Naik,8,1,5
USE-00826-202606,SME-2024-00826,2026-06,60.6,8.8,Naik,10,1,4
USE-00827-202605,SME-2024-00827,2026-05,37.7,5.8,Naik,15,1,3
USE-00827-202606,SME-2024-00827,2026-06,38.7,6.3,Naik,79,3,4
USE-00828-202603,SME-2024-00828,2026-03,37.7,5.9,Naik,21,1,5
USE-00828-202604,SME-2024-00828,2026-04,42.1,5.6,Naik,6,2,4
USE-00828-202605,SME-2024-00828,2026-05,42.6,7.2,Naik,121,1,4
USE-00828-202606,SME-2024-00828,2026-06,44.6,8.2,Naik,54,2,5
USE-00829-202601,SME-2024-00829,2026-01,49.9,8.1,Stabil,51,2,3
USE-00829-202602,SME-2024-00829,2026-02,53.3,8.3,Fluktuatif,37,4,4
USE-00829-202603,SME-2024-00829,2026-03,53.3,7.7,Stabil,24,3,5
USE-00829-202604,SME-2024-00829,2026-04,54.0,8.3,Stabil,4,4,5
USE-00829-202605,SME-2024-00829,2026-05,50.5,6.9,Stabil,35,0,4
USE-00829-202606,SME-2024-00829,2026-06,53.1,8.4,Stabil,24,0,5
USE-00830-202603,SME-2024-00830,2026-03,55.9,9.0,Naik,80,3,3
USE-00830-202604,SME-2024-00830,2026-04,53.7,8.3,Naik,60,3,3
USE-00830-202605,SME-2024-00830,2026-05,60.8,9.0,Naik,108,2,3
USE-00830-202606,SME-2024-00830,2026-06,58.0,8.1,Naik,14,3,4
USE-00831-202602,SME-2024-00831,2026-02,47.5,7.0,Naik,34,1,3
USE-00831-202603,SME-2024-00831,2026-03,53.9,8.6,Naik,92,4,3
USE-00831-202604,SME-2024-00831,2026-04,52.9,8.5,Naik,2,1,3
USE-00831-202605,SME-2024-00831,2026-05,55.3,8.3,Naik,159,1,4
USE-00831-202606,SME-2024-00831,2026-06,54.6,8.1,Naik,92,1,5
USE-00832-202605,SME-2024-00832,2026-05,32.7,5.0,Fluktuatif,108,4,4
USE-00832-202606,SME-2024-00832,2026-06,35.9,5.5,Stabil,335,2,4
USE-00833-202603,SME-2024-00833,2026-03,42.0,6.2,Naik,0,2,2
USE-00833-202604,SME-2024-00833,2026-04,42.3,5.9,Naik,6,5,2
USE-00833-202605,SME-2024-00833,2026-05,46.7,6.6,Naik,21,3,2
USE-00833-202606,SME-2024-00833,2026-06,45.3,7.4,Naik,21,2,3
USE-00834-202602,SME-2024-00834,2026-02,38.7,5.2,Naik,18,2,2
USE-00834-202603,SME-2024-00834,2026-03,40.0,6.1,Naik,60,2,2
USE-00834-202604,SME-2024-00834,2026-04,41.2,5.8,Naik,183,3,3
USE-00834-202605,SME-2024-00834,2026-05,39.3,7.0,Naik,4,0,3
USE-00834-202606,SME-2024-00834,2026-06,41.6,6.0,Naik,7,1,3
USE-00835-202602,SME-2024-00835,2026-02,40.4,6.1,Naik,26,0,3
USE-00835-202603,SME-2024-00835,2026-03,44.5,6.1,Naik,16,1,3
USE-00835-202604,SME-2024-00835,2026-04,47.3,7.2,Naik,34,1,4
USE-00835-202605,SME-2024-00835,2026-05,45.6,7.2,Naik,99,4,5
USE-00835-202606,SME-2024-00835,2026-06,48.7,7.2,Naik,41,1,3
USE-00836-202606,SME-2024-00836,2026-06,65.1,10.2,Naik,9,2,4
USE-00837-202604,SME-2024-00837,2026-04,39.2,5.6,Naik,53,0,4
USE-00837-202605,SME-2024-00837,2026-05,48.2,7.0,Naik,64,2,4
USE-00837-202606,SME-2024-00837,2026-06,47.5,7.4,Naik,39,0,4
USE-00838-202605,SME-2024-00838,2026-05,35.7,6.1,Naik,40,2,2
USE-00838-202606,SME-2024-00838,2026-06,36.8,5.3,Naik,61,3,2
USE-00839-202605,SME-2024-00839,2026-05,63.0,8.7,Naik,191,0,2
USE-00839-202606,SME-2024-00839,2026-06,62.6,8.6,Naik,30,0,3
USE-00840-202604,SME-2024-00840,2026-04,54.4,8.6,Naik,3,4,3
USE-00840-202605,SME-2024-00840,2026-05,55.3,8.7,Naik,107,3,3
USE-00840-202606,SME-2024-00840,2026-06,55.4,7.1,Naik,65,4,4
USE-00841-202602,SME-2024-00841,2026-02,27.3,3.4,Naik,12,2,4
USE-00841-202603,SME-2024-00841,2026-03,30.1,4.7,Naik,29,4,5
USE-00841-202604,SME-2024-00841,2026-04,32.0,5.9,Naik,59,2,4
USE-00841-202605,SME-2024-00841,2026-05,29.5,4.2,Naik,104,2,5
USE-00841-202606,SME-2024-00841,2026-06,37.4,6.1,Naik,74,6,6
USE-00842-202604,SME-2024-00842,2026-04,56.0,9.1,Naik,11,3,3
USE-00842-202605,SME-2024-00842,2026-05,56.6,8.8,Naik,78,4,3
USE-00842-202606,SME-2024-00842,2026-06,57.1,8.7,Naik,68,6,3
USE-00843-202602,SME-2024-00843,2026-02,59.5,9.5,Naik,1,3,3
USE-00843-202603,SME-2024-00843,2026-03,58.4,8.6,Naik,14,3,4
USE-00843-202604,SME-2024-00843,2026-04,63.2,8.7,Naik,66,0,4
USE-00843-202605,SME-2024-00843,2026-05,61.2,9.7,Naik,98,3,4
USE-00843-202606,SME-2024-00843,2026-06,60.5,8.8,Naik,69,3,4
USE-00844-202605,SME-2024-00844,2026-05,47.2,6.8,Naik,69,2,4
USE-00844-202606,SME-2024-00844,2026-06,48.1,7.8,Naik,13,1,3
USE-00845-202604,SME-2024-00845,2026-04,43.1,7.0,Naik,30,3,3
USE-00845-202605,SME-2024-00845,2026-05,49.7,7.1,Naik,9,4,3
USE-00845-202606,SME-2024-00845,2026-06,47.2,6.4,Naik,3,1,4
USE-00846-202602,SME-2024-00846,2026-02,58.6,8.7,Naik,23,3,2
USE-00846-202603,SME-2024-00846,2026-03,55.8,8.6,Naik,13,2,3
USE-00846-202604,SME-2024-00846,2026-04,60.6,8.9,Naik,80,4,3
USE-00846-202605,SME-2024-00846,2026-05,66.2,9.8,Naik,76,2,4
USE-00846-202606,SME-2024-00846,2026-06,67.9,9.6,Naik,2,1,4
USE-00847-202602,SME-2024-00847,2026-02,55.2,7.6,Fluktuatif,46,2,4
USE-00847-202603,SME-2024-00847,2026-03,53.8,8.3,Stabil,276,2,6
USE-00847-202604,SME-2024-00847,2026-04,51.9,7.0,Stabil,30,3,5
USE-00847-202605,SME-2024-00847,2026-05,54.6,8.0,Fluktuatif,37,0,6
USE-00847-202606,SME-2024-00847,2026-06,53.1,7.4,Stabil,19,3,6
USE-00848-202601,SME-2024-00848,2026-01,50.0,7.7,Naik,102,1,5
USE-00848-202602,SME-2024-00848,2026-02,52.2,7.1,Naik,101,2,5
USE-00848-202603,SME-2024-00848,2026-03,55.6,7.7,Naik,6,4,5
USE-00848-202604,SME-2024-00848,2026-04,53.3,7.5,Naik,26,3,6
USE-00848-202605,SME-2024-00848,2026-05,53.0,8.1,Naik,80,1,6
USE-00848-202606,SME-2024-00848,2026-06,56.8,8.5,Naik,12,4,6
USE-00849-202605,SME-2024-00849,2026-05,62.5,11.1,Naik,20,4,5
USE-00849-202606,SME-2024-00849,2026-06,64.4,9.7,Naik,10,1,6
USE-00850-202606,SME-2024-00850,2026-06,50.4,8.2,Naik,51,2,4
USE-00851-202507,SME-2024-00851,2025-07,23.8,3.8,Turun,128,6,4
USE-00851-202508,SME-2024-00851,2025-08,21.2,2.4,Turun,169,6,3
USE-00851-202509,SME-2024-00851,2025-09,20.9,3.5,Turun,46,7,3
USE-00851-202510,SME-2024-00851,2025-10,18.8,2.1,Turun,20,7,2
USE-00851-202511,SME-2024-00851,2025-11,15.0,2.0,Turun,199,7,2
USE-00851-202512,SME-2024-00851,2025-12,12.6,2.5,Turun,28,4,2
USE-00851-202601,SME-2024-00851,2026-01,12.0,2.6,Turun,517,6,2
USE-00851-202602,SME-2024-00851,2026-02,15.1,2.5,Turun,147,3,2
USE-00851-202603,SME-2024-00851,2026-03,13.4,2.0,Turun,15,3,1
USE-00851-202604,SME-2024-00851,2026-04,10.3,1.0,Turun,19,4,2
USE-00851-202605,SME-2024-00851,2026-05,14.1,2.3,Turun,44,6,2
USE-00851-202606,SME-2024-00851,2026-06,7.5,1.0,Turun,14,4,1
USE-00852-202507,SME-2024-00852,2025-07,35.4,5.1,Stabil,187,9,5
USE-00852-202508,SME-2024-00852,2025-08,31.0,5.2,Stabil,125,8,5
USE-00852-202509,SME-2024-00852,2025-09,32.4,4.6,Stabil,81,7,4
USE-00852-202510,SME-2024-00852,2025-10,29.1,4.9,Stabil,18,7,4
USE-00852-202511,SME-2024-00852,2025-11,33.2,4.3,Stabil,70,10,4
USE-00852-202512,SME-2024-00852,2025-12,31.4,4.0,Fluktuatif,528,5,4
USE-00852-202601,SME-2024-00852,2026-01,28.2,4.1,Stabil,322,10,3
USE-00852-202602,SME-2024-00852,2026-02,31.0,5.1,Stabil,87,4,4
USE-00852-202603,SME-2024-00852,2026-03,30.3,3.6,Fluktuatif,22,4,4
USE-00852-202604,SME-2024-00852,2026-04,30.3,4.7,Stabil,8,7,4
USE-00852-202605,SME-2024-00852,2026-05,32.1,5.1,Stabil,95,8,5
USE-00852-202606,SME-2024-00852,2026-06,29.3,4.1,Stabil,164,9,3
USE-00853-202507,SME-2024-00853,2025-07,40.4,6.2,Turun,3,7,5
USE-00853-202508,SME-2024-00853,2025-08,42.9,6.0,Turun,2,7,5
USE-00853-202509,SME-2024-00853,2025-09,36.9,5.9,Turun,23,5,5
USE-00853-202510,SME-2024-00853,2025-10,37.6,5.1,Turun,148,11,5
USE-00853-202511,SME-2024-00853,2025-11,33.2,4.6,Turun,116,4,4
USE-00853-202512,SME-2024-00853,2025-12,29.9,3.9,Turun,24,4,4
USE-00853-202601,SME-2024-00853,2026-01,27.8,3.6,Turun,268,6,5
USE-00853-202602,SME-2024-00853,2026-02,27.5,4.1,Turun,590,2,3
USE-00853-202603,SME-2024-00853,2026-03,24.2,3.6,Turun,3,5,3
USE-00853-202604,SME-2024-00853,2026-04,19.8,2.2,Turun,229,9,3
USE-00853-202605,SME-2024-00853,2026-05,23.3,3.5,Turun,169,12,4
USE-00853-202606,SME-2024-00853,2026-06,20.7,3.6,Turun,98,8,3
USE-00854-202507,SME-2024-00854,2025-07,74.5,11.2,Turun,489,8,4
USE-00854-202508,SME-2024-00854,2025-08,70.9,11.3,Turun,0,5,4
USE-00854-202509,SME-2024-00854,2025-09,66.6,9.8,Turun,665,4,4
USE-00854-202510,SME-2024-00854,2025-10,61.9,9.1,Turun,55,6,4
USE-00854-202511,SME-2024-00854,2025-11,59.7,9.0,Turun,63,8,3
USE-00854-202512,SME-2024-00854,2025-12,55.3,9.1,Turun,22,13,3
USE-00854-202601,SME-2024-00854,2026-01,52.5,7.5,Turun,34,13,3
USE-00854-202602,SME-2024-00854,2026-02,47.7,7.5,Turun,212,14,3
USE-00854-202603,SME-2024-00854,2026-03,46.4,7.6,Turun,42,3,3
USE-00854-202604,SME-2024-00854,2026-04,42.9,6.7,Turun,93,6,2
USE-00854-202605,SME-2024-00854,2026-05,41.3,6.0,Turun,312,7,3
USE-00854-202606,SME-2024-00854,2026-06,32.3,4.9,Turun,74,9,3
USE-00855-202507,SME-2024-00855,2025-07,55.6,7.8,Stabil,12,7,4
USE-00855-202508,SME-2024-00855,2025-08,59.1,8.8,Stabil,32,6,3
USE-00855-202509,SME-2024-00855,2025-09,58.0,9.0,Stabil,267,4,4
USE-00855-202510,SME-2024-00855,2025-10,62.8,9.2,Stabil,9,10,3
USE-00855-202511,SME-2024-00855,2025-11,61.0,8.9,Stabil,148,8,3
USE-00855-202512,SME-2024-00855,2025-12,64.2,8.8,Stabil,59,6,3
USE-00855-202601,SME-2024-00855,2026-01,61.6,10.0,Stabil,402,6,3
USE-00855-202602,SME-2024-00855,2026-02,65.6,9.8,Fluktuatif,121,5,3
USE-00855-202603,SME-2024-00855,2026-03,63.1,9.5,Stabil,159,7,2
USE-00855-202604,SME-2024-00855,2026-04,61.4,8.9,Stabil,124,7,2
USE-00855-202605,SME-2024-00855,2026-05,64.9,9.4,Stabil,322,9,2
USE-00855-202606,SME-2024-00855,2026-06,62.6,8.4,Stabil,108,5,2
USE-00856-202507,SME-2024-00856,2025-07,68.7,10.2,Turun,34,8,4
USE-00856-202508,SME-2024-00856,2025-08,65.9,10.2,Turun,21,8,3
USE-00856-202509,SME-2024-00856,2025-09,63.0,9.1,Turun,3,7,4
USE-00856-202510,SME-2024-00856,2025-10,62.7,9.0,Turun,17,11,3
USE-00856-202511,SME-2024-00856,2025-11,64.2,9.4,Turun,167,8,3
USE-00856-202512,SME-2024-00856,2025-12,63.3,10.1,Turun,32,7,3
USE-00856-202601,SME-2024-00856,2026-01,60.6,10.3,Turun,21,6,2
USE-00856-202602,SME-2024-00856,2026-02,65.3,10.6,Turun,249,9,3
USE-00856-202603,SME-2024-00856,2026-03,62.8,8.8,Turun,120,10,3
USE-00856-202604,SME-2024-00856,2026-04,62.1,9.5,Turun,157,14,2
USE-00856-202605,SME-2024-00856,2026-05,60.0,9.5,Turun,82,7,2
USE-00856-202606,SME-2024-00856,2026-06,60.8,9.3,Turun,30,9,3
USE-00857-202508,SME-2024-00857,2025-08,63.3,9.0,Turun,281,11,3
USE-00857-202509,SME-2024-00857,2025-09,67.9,9.9,Turun,44,3,3
USE-00857-202510,SME-2024-00857,2025-10,61.8,9.0,Turun,41,6,3
USE-00857-202511,SME-2024-00857,2025-11,62.0,8.8,Turun,522,5,3
USE-00857-202512,SME-2024-00857,2025-12,60.7,9.2,Turun,533,10,4
USE-00857-202601,SME-2024-00857,2026-01,60.3,9.7,Turun,57,9,3
USE-00857-202602,SME-2024-00857,2026-02,62.2,9.3,Turun,392,5,3
USE-00857-202603,SME-2024-00857,2026-03,61.4,8.3,Turun,2,10,2
USE-00857-202604,SME-2024-00857,2026-04,61.0,9.8,Turun,63,3,2
USE-00857-202605,SME-2024-00857,2026-05,59.7,9.8,Turun,547,12,3
USE-00857-202606,SME-2024-00857,2026-06,56.2,8.4,Turun,19,6,2
USE-00858-202507,SME-2024-00858,2025-07,53.8,7.9,Stabil,140,4,6
USE-00858-202508,SME-2024-00858,2025-08,54.6,7.6,Stabil,341,5,5
USE-00858-202509,SME-2024-00858,2025-09,51.6,8.7,Stabil,54,5,3
USE-00858-202510,SME-2024-00858,2025-10,50.5,6.7,Stabil,68,8,4
USE-00858-202511,SME-2024-00858,2025-11,53.5,8.8,Stabil,192,4,4
USE-00858-202512,SME-2024-00858,2025-12,49.4,6.9,Stabil,241,5,4
USE-00858-202601,SME-2024-00858,2026-01,51.7,8.5,Fluktuatif,91,13,4
USE-00858-202602,SME-2024-00858,2026-02,52.7,7.3,Stabil,8,8,4
USE-00858-202603,SME-2024-00858,2026-03,46.4,7.4,Stabil,121,6,4
USE-00858-202604,SME-2024-00858,2026-04,46.8,7.5,Stabil,309,6,4
USE-00858-202605,SME-2024-00858,2026-05,44.6,7.3,Stabil,526,8,3
USE-00858-202606,SME-2024-00858,2026-06,43.8,6.8,Stabil,97,8,4
USE-00859-202507,SME-2024-00859,2025-07,45.8,6.1,Fluktuatif,204,5,4
USE-00859-202508,SME-2024-00859,2025-08,49.2,8.2,Fluktuatif,83,6,4
USE-00859-202509,SME-2024-00859,2025-09,48.2,6.9,Fluktuatif,485,5,3
USE-00859-202510,SME-2024-00859,2025-10,47.0,6.9,Stabil,32,8,4
USE-00859-202511,SME-2024-00859,2025-11,45.7,5.5,Stabil,16,8,4
USE-00859-202512,SME-2024-00859,2025-12,49.0,6.8,Stabil,220,5,4
USE-00859-202601,SME-2024-00859,2026-01,47.5,7.3,Stabil,89,5,3
USE-00859-202602,SME-2024-00859,2026-02,47.7,7.1,Stabil,178,7,3
USE-00859-202603,SME-2024-00859,2026-03,46.2,6.8,Stabil,237,5,2
USE-00859-202604,SME-2024-00859,2026-04,47.9,7.4,Fluktuatif,387,4,3
USE-00859-202605,SME-2024-00859,2026-05,48.5,7.8,Fluktuatif,560,14,3
USE-00859-202606,SME-2024-00859,2026-06,47.4,7.4,Stabil,97,8,3
USE-00860-202507,SME-2024-00860,2025-07,46.6,7.1,Turun,50,5,4
USE-00860-202508,SME-2024-00860,2025-08,44.8,6.9,Turun,76,9,5
USE-00860-202509,SME-2024-00860,2025-09,41.7,6.3,Turun,19,10,4
USE-00860-202510,SME-2024-00860,2025-10,42.6,6.7,Turun,370,5,4
USE-00860-202511,SME-2024-00860,2025-11,39.5,6.1,Turun,204,9,4
USE-00860-202512,SME-2024-00860,2025-12,36.9,5.6,Turun,261,4,3
USE-00860-202601,SME-2024-00860,2026-01,35.4,5.8,Turun,140,7,4
USE-00860-202602,SME-2024-00860,2026-02,33.8,5.0,Turun,105,5,3
USE-00860-202603,SME-2024-00860,2026-03,30.2,3.6,Turun,23,8,3
USE-00860-202604,SME-2024-00860,2026-04,29.1,4.0,Turun,171,7,4
USE-00860-202605,SME-2024-00860,2026-05,27.8,4.0,Turun,50,6,3
USE-00860-202606,SME-2024-00860,2026-06,24.2,3.2,Turun,507,7,3
USE-00861-202507,SME-2024-00861,2025-07,51.7,7.6,Turun,62,4,3
USE-00861-202508,SME-2024-00861,2025-08,48.8,7.3,Turun,92,10,3
USE-00861-202509,SME-2024-00861,2025-09,45.0,6.4,Turun,28,3,3
USE-00861-202510,SME-2024-00861,2025-10,46.5,7.2,Turun,155,4,2
USE-00861-202511,SME-2024-00861,2025-11,41.6,6.6,Turun,11,8,3
USE-00861-202512,SME-2024-00861,2025-12,42.7,5.9,Turun,407,4,3
USE-00861-202601,SME-2024-00861,2026-01,40.8,6.5,Turun,104,8,3
USE-00861-202602,SME-2024-00861,2026-02,40.0,5.9,Turun,5,7,2
USE-00861-202603,SME-2024-00861,2026-03,36.0,5.7,Turun,3,3,3
USE-00861-202604,SME-2024-00861,2026-04,37.8,6.2,Turun,941,5,2
USE-00861-202605,SME-2024-00861,2026-05,36.1,5.1,Turun,176,5,2
USE-00861-202606,SME-2024-00861,2026-06,29.9,4.3,Turun,163,13,2
USE-00862-202507,SME-2024-00862,2025-07,55.1,9.2,Turun,142,12,4
USE-00862-202508,SME-2024-00862,2025-08,53.0,7.9,Turun,3,4,4
USE-00862-202509,SME-2024-00862,2025-09,51.8,7.8,Turun,115,5,5
USE-00862-202510,SME-2024-00862,2025-10,51.4,8.0,Turun,192,6,3
USE-00862-202511,SME-2024-00862,2025-11,47.6,7.1,Turun,150,7,3
USE-00862-202512,SME-2024-00862,2025-12,50.4,8.0,Turun,184,10,3
USE-00862-202601,SME-2024-00862,2026-01,44.6,7.5,Turun,25,6,3
USE-00862-202602,SME-2024-00862,2026-02,43.0,7.9,Turun,172,9,3
USE-00862-202603,SME-2024-00862,2026-03,40.9,7.0,Turun,175,9,2
USE-00862-202604,SME-2024-00862,2026-04,39.3,5.4,Turun,23,2,2
USE-00862-202605,SME-2024-00862,2026-05,37.6,5.8,Turun,70,7,3
USE-00862-202606,SME-2024-00862,2026-06,37.5,6.1,Turun,118,8,2
USE-00863-202507,SME-2024-00863,2025-07,60.8,8.7,Turun,638,12,4
USE-00863-202508,SME-2024-00863,2025-08,57.0,8.6,Turun,87,6,4
USE-00863-202509,SME-2024-00863,2025-09,53.9,8.8,Turun,120,5,3
USE-00863-202510,SME-2024-00863,2025-10,51.4,8.3,Turun,9,8,3
USE-00863-202511,SME-2024-00863,2025-11,48.5,7.9,Turun,126,7,3
USE-00863-202512,SME-2024-00863,2025-12,49.3,7.1,Turun,491,2,4
USE-00863-202601,SME-2024-00863,2026-01,45.2,7.0,Turun,122,5,3
USE-00863-202602,SME-2024-00863,2026-02,44.7,6.4,Turun,20,12,3
USE-00863-202603,SME-2024-00863,2026-03,42.0,5.7,Turun,315,8,2
USE-00863-202604,SME-2024-00863,2026-04,42.3,7.0,Turun,298,11,3
USE-00863-202605,SME-2024-00863,2026-05,41.3,6.5,Turun,350,6,2
USE-00863-202606,SME-2024-00863,2026-06,39.8,5.8,Turun,184,9,3
USE-00864-202507,SME-2024-00864,2025-07,55.3,8.3,Stabil,657,7,3
USE-00864-202508,SME-2024-00864,2025-08,56.5,8.2,Stabil,35,9,3
USE-00864-202509,SME-2024-00864,2025-09,61.2,9.1,Stabil,177,14,3
USE-00864-202510,SME-2024-00864,2025-10,55.3,8.0,Fluktuatif,42,6,2
USE-00864-202511,SME-2024-00864,2025-11,55.5,8.6,Fluktuatif,261,6,3
USE-00864-202512,SME-2024-00864,2025-12,55.3,7.9,Stabil,597,8,3
USE-00864-202601,SME-2024-00864,2026-01,56.5,8.2,Fluktuatif,34,4,2
USE-00864-202602,SME-2024-00864,2026-02,59.1,9.4,Fluktuatif,105,8,1
USE-00864-202603,SME-2024-00864,2026-03,54.3,8.3,Fluktuatif,215,12,2
USE-00864-202604,SME-2024-00864,2026-04,55.2,8.0,Fluktuatif,336,6,1
USE-00864-202605,SME-2024-00864,2026-05,54.8,8.2,Stabil,26,7,1
USE-00864-202606,SME-2024-00864,2026-06,57.9,8.9,Stabil,23,7,1
USE-00865-202509,SME-2024-00865,2025-09,57.4,8.8,Turun,33,4,5
USE-00865-202510,SME-2024-00865,2025-10,58.5,9.0,Turun,43,10,5
USE-00865-202511,SME-2024-00865,2025-11,54.6,8.5,Turun,270,7,5
USE-00865-202512,SME-2024-00865,2025-12,49.0,8.0,Turun,112,12,4
USE-00865-202601,SME-2024-00865,2026-01,49.0,6.4,Turun,124,5,4
USE-00865-202602,SME-2024-00865,2026-02,54.6,7.7,Turun,217,8,5
USE-00865-202603,SME-2024-00865,2026-03,47.6,7.6,Turun,9,5,4
USE-00865-202604,SME-2024-00865,2026-04,42.8,6.1,Turun,57,6,5
USE-00865-202605,SME-2024-00865,2026-05,42.0,6.5,Turun,190,6,4
USE-00865-202606,SME-2024-00865,2026-06,38.3,5.4,Turun,54,7,4
USE-00866-202507,SME-2024-00866,2025-07,34.6,5.4,Turun,55,5,3
USE-00866-202508,SME-2024-00866,2025-08,30.4,4.3,Turun,289,5,2
USE-00866-202509,SME-2024-00866,2025-09,28.7,5.1,Turun,117,13,3
USE-00866-202510,SME-2024-00866,2025-10,26.5,5.3,Turun,297,7,2
USE-00866-202511,SME-2024-00866,2025-11,23.5,3.6,Turun,161,5,2
USE-00866-202512,SME-2024-00866,2025-12,24.0,4.2,Turun,37,4,1
USE-00866-202601,SME-2024-00866,2026-01,20.9,3.3,Turun,156,9,2
USE-00866-202602,SME-2024-00866,2026-02,20.8,2.3,Turun,435,9,2
USE-00866-202603,SME-2024-00866,2026-03,18.6,2.8,Turun,168,8,2
USE-00866-202604,SME-2024-00866,2026-04,17.3,3.1,Turun,13,6,2
USE-00866-202605,SME-2024-00866,2026-05,16.3,1.9,Turun,186,7,1
USE-00866-202606,SME-2024-00866,2026-06,13.5,2.1,Turun,132,5,2
USE-00867-202507,SME-2024-00867,2025-07,31.6,6.1,Turun,26,6,6
USE-00867-202508,SME-2024-00867,2025-08,23.0,2.9,Turun,31,9,6
USE-00867-202509,SME-2024-00867,2025-09,25.6,4.0,Turun,28,2,5
USE-00867-202510,SME-2024-00867,2025-10,24.9,3.2,Turun,363,8,5
USE-00867-202511,SME-2024-00867,2025-11,25.9,3.5,Turun,210,8,5
USE-00867-202512,SME-2024-00867,2025-12,24.9,4.1,Turun,191,7,5
USE-00867-202601,SME-2024-00867,2026-01,19.1,2.7,Turun,65,10,4
USE-00867-202602,SME-2024-00867,2026-02,18.5,3.3,Turun,17,7,4
USE-00867-202603,SME-2024-00867,2026-03,19.9,2.8,Turun,30,6,4
USE-00867-202604,SME-2024-00867,2026-04,14.7,2.9,Turun,332,11,4
USE-00867-202605,SME-2024-00867,2026-05,13.8,2.8,Turun,45,13,4
USE-00867-202606,SME-2024-00867,2026-06,16.0,2.1,Turun,42,8,4
USE-00868-202507,SME-2024-00868,2025-07,58.4,9.1,Turun,428,3,3
USE-00868-202508,SME-2024-00868,2025-08,53.7,8.0,Turun,183,7,2
USE-00868-202509,SME-2024-00868,2025-09,51.6,7.0,Turun,453,7,3
USE-00868-202510,SME-2024-00868,2025-10,46.9,7.3,Turun,39,9,2
USE-00868-202511,SME-2024-00868,2025-11,44.6,6.3,Turun,272,8,2
USE-00868-202512,SME-2024-00868,2025-12,42.9,6.4,Turun,470,7,2
USE-00868-202601,SME-2024-00868,2026-01,41.2,5.8,Turun,49,6,1
USE-00868-202602,SME-2024-00868,2026-02,38.8,5.7,Turun,490,5,2
USE-00868-202603,SME-2024-00868,2026-03,36.0,5.8,Turun,419,10,1
USE-00868-202604,SME-2024-00868,2026-04,33.6,5.0,Turun,40,5,2
USE-00868-202605,SME-2024-00868,2026-05,32.4,4.4,Turun,49,8,1
USE-00868-202606,SME-2024-00868,2026-06,31.5,4.4,Turun,472,4,1
USE-00869-202507,SME-2024-00869,2025-07,52.4,7.2,Turun,167,5,5
USE-00869-202508,SME-2024-00869,2025-08,54.6,7.9,Turun,666,8,5
USE-00869-202509,SME-2024-00869,2025-09,47.9,7.6,Turun,150,5,5
USE-00869-202510,SME-2024-00869,2025-10,46.7,6.9,Turun,59,6,6
USE-00869-202511,SME-2024-00869,2025-11,47.5,7.4,Turun,122,7,5
USE-00869-202512,SME-2024-00869,2025-12,47.1,7.9,Turun,572,8,5
USE-00869-202601,SME-2024-00869,2026-01,42.2,5.7,Turun,310,10,5
USE-00869-202602,SME-2024-00869,2026-02,43.0,6.2,Turun,185,8,4
USE-00869-202603,SME-2024-00869,2026-03,42.5,5.9,Turun,197,7,4
USE-00869-202604,SME-2024-00869,2026-04,39.6,7.7,Turun,12,13,4
USE-00869-202605,SME-2024-00869,2026-05,41.3,7.3,Turun,776,14,4
USE-00869-202606,SME-2024-00869,2026-06,36.3,5.1,Turun,177,7,4
USE-00870-202507,SME-2024-00870,2025-07,45.2,6.2,Turun,154,10,3
USE-00870-202508,SME-2024-00870,2025-08,40.7,6.2,Turun,53,9,3
USE-00870-202509,SME-2024-00870,2025-09,39.8,5.9,Turun,317,5,4
USE-00870-202510,SME-2024-00870,2025-10,33.1,4.8,Turun,791,6,3
USE-00870-202511,SME-2024-00870,2025-11,31.0,5.0,Turun,447,2,3
USE-00870-202512,SME-2024-00870,2025-12,27.7,4.4,Turun,92,10,3
USE-00870-202601,SME-2024-00870,2026-01,25.7,3.3,Turun,61,10,3
USE-00870-202602,SME-2024-00870,2026-02,24.1,3.6,Turun,413,5,3
USE-00870-202603,SME-2024-00870,2026-03,13.9,3.1,Turun,376,3,2
USE-00870-202604,SME-2024-00870,2026-04,15.8,2.8,Turun,121,6,2
USE-00870-202605,SME-2024-00870,2026-05,8.7,1.3,Turun,1,11,2
USE-00870-202606,SME-2024-00870,2026-06,5.0,1.0,Turun,444,6,1
USE-00871-202507,SME-2024-00871,2025-07,67.4,9.8,Turun,250,6,3
USE-00871-202508,SME-2024-00871,2025-08,63.0,9.3,Turun,565,8,4
USE-00871-202509,SME-2024-00871,2025-09,61.2,8.8,Turun,247,5,3
USE-00871-202510,SME-2024-00871,2025-10,54.0,7.4,Turun,281,8,3
USE-00871-202511,SME-2024-00871,2025-11,53.1,7.6,Turun,15,9,3
USE-00871-202512,SME-2024-00871,2025-12,48.9,7.8,Turun,305,5,3
USE-00871-202601,SME-2024-00871,2026-01,49.3,8.0,Turun,148,10,3
USE-00871-202602,SME-2024-00871,2026-02,42.1,7.1,Turun,128,9,3
USE-00871-202603,SME-2024-00871,2026-03,39.2,6.2,Turun,16,7,3
USE-00871-202604,SME-2024-00871,2026-04,32.8,4.9,Turun,30,8,2
USE-00871-202605,SME-2024-00871,2026-05,35.1,5.7,Turun,184,7,2
USE-00871-202606,SME-2024-00871,2026-06,30.8,4.8,Turun,73,11,3
USE-00872-202507,SME-2024-00872,2025-07,52.0,8.3,Stabil,38,8,5
USE-00872-202508,SME-2024-00872,2025-08,48.7,8.3,Fluktuatif,455,9,5
USE-00872-202509,SME-2024-00872,2025-09,51.4,7.6,Stabil,140,7,6
USE-00872-202510,SME-2024-00872,2025-10,52.4,6.9,Stabil,368,4,5
USE-00872-202511,SME-2024-00872,2025-11,51.1,7.3,Stabil,148,5,5
USE-00872-202512,SME-2024-00872,2025-12,50.9,8.1,Stabil,37,7,3
USE-00872-202601,SME-2024-00872,2026-01,51.0,8.5,Stabil,60,8,4
USE-00872-202602,SME-2024-00872,2026-02,56.3,7.3,Fluktuatif,143,12,4
USE-00872-202603,SME-2024-00872,2026-03,51.7,8.0,Stabil,124,6,4
USE-00872-202604,SME-2024-00872,2026-04,55.9,8.2,Fluktuatif,14,5,4
USE-00872-202605,SME-2024-00872,2026-05,58.1,9.3,Stabil,212,7,3
USE-00872-202606,SME-2024-00872,2026-06,55.3,8.2,Stabil,60,11,3
USE-00873-202507,SME-2024-00873,2025-07,60.8,9.9,Turun,12,5,4
USE-00873-202508,SME-2024-00873,2025-08,61.9,9.5,Turun,1477,7,4
USE-00873-202509,SME-2024-00873,2025-09,59.2,8.5,Turun,38,5,4
USE-00873-202510,SME-2024-00873,2025-10,58.0,7.7,Turun,105,9,3
USE-00873-202511,SME-2024-00873,2025-11,54.4,9.6,Turun,220,12,4
USE-00873-202512,SME-2024-00873,2025-12,53.9,8.1,Turun,510,4,3
USE-00873-202601,SME-2024-00873,2026-01,52.4,7.4,Turun,45,11,2
USE-00873-202602,SME-2024-00873,2026-02,48.1,6.8,Turun,71,7,3
USE-00873-202603,SME-2024-00873,2026-03,51.7,7.3,Turun,322,6,3
USE-00873-202604,SME-2024-00873,2026-04,47.6,7.9,Turun,26,8,2
USE-00873-202605,SME-2024-00873,2026-05,46.3,7.3,Turun,408,5,2
USE-00873-202606,SME-2024-00873,2026-06,47.2,6.6,Turun,158,5,2
USE-00874-202507,SME-2024-00874,2025-07,36.8,5.4,Turun,133,7,3
USE-00874-202508,SME-2024-00874,2025-08,31.2,4.6,Turun,206,3,3
USE-00874-202509,SME-2024-00874,2025-09,32.7,5.3,Turun,600,4,3
USE-00874-202510,SME-2024-00874,2025-10,30.6,5.3,Turun,294,10,3
USE-00874-202511,SME-2024-00874,2025-11,27.9,3.5,Turun,597,5,2
USE-00874-202512,SME-2024-00874,2025-12,27.2,4.4,Turun,194,8,2
USE-00874-202601,SME-2024-00874,2026-01,24.9,4.9,Turun,225,9,2
USE-00874-202602,SME-2024-00874,2026-02,26.6,3.9,Turun,128,0,2
USE-00874-202603,SME-2024-00874,2026-03,23.3,3.3,Turun,206,8,2
USE-00874-202604,SME-2024-00874,2026-04,23.4,2.9,Turun,28,8,3
USE-00874-202605,SME-2024-00874,2026-05,17.2,3.3,Turun,18,2,2
USE-00874-202606,SME-2024-00874,2026-06,15.9,2.3,Turun,23,8,1
USE-00875-202507,SME-2024-00875,2025-07,61.1,9.0,Stabil,184,10,4
USE-00875-202508,SME-2024-00875,2025-08,65.7,9.8,Stabil,40,6,4
USE-00875-202509,SME-2024-00875,2025-09,59.9,8.9,Stabil,279,6,4
USE-00875-202510,SME-2024-00875,2025-10,61.6,9.2,Stabil,89,8,5
USE-00875-202511,SME-2024-00875,2025-11,62.6,8.7,Fluktuatif,109,10,4
USE-00875-202512,SME-2024-00875,2025-12,60.8,8.7,Stabil,171,7,5
USE-00875-202601,SME-2024-00875,2026-01,59.4,8.7,Fluktuatif,57,7,4
USE-00875-202602,SME-2024-00875,2026-02,57.9,8.0,Stabil,62,9,3
USE-00875-202603,SME-2024-00875,2026-03,57.9,8.6,Stabil,445,7,4
USE-00875-202604,SME-2024-00875,2026-04,60.4,9.6,Stabil,61,7,3
USE-00875-202605,SME-2024-00875,2026-05,59.0,8.9,Stabil,341,10,3
USE-00875-202606,SME-2024-00875,2026-06,57.3,8.5,Stabil,226,7,2
USE-00876-202507,SME-2024-00876,2025-07,44.6,6.2,Turun,136,11,3
USE-00876-202508,SME-2024-00876,2025-08,41.7,5.9,Turun,745,3,3
USE-00876-202509,SME-2024-00876,2025-09,41.5,5.9,Turun,79,5,3
USE-00876-202510,SME-2024-00876,2025-10,36.0,6.3,Turun,278,8,2
USE-00876-202511,SME-2024-00876,2025-11,37.0,4.5,Turun,69,7,3
USE-00876-202512,SME-2024-00876,2025-12,38.0,6.1,Turun,140,4,2
USE-00876-202601,SME-2024-00876,2026-01,30.4,5.2,Turun,27,10,2
USE-00876-202602,SME-2024-00876,2026-02,26.9,3.5,Turun,10,8,3
USE-00876-202603,SME-2024-00876,2026-03,26.6,3.8,Turun,325,2,2
USE-00876-202604,SME-2024-00876,2026-04,22.3,3.5,Turun,123,8,1
USE-00876-202605,SME-2024-00876,2026-05,21.7,3.2,Turun,324,4,3
USE-00876-202606,SME-2024-00876,2026-06,16.5,1.6,Turun,825,5,2
USE-00877-202507,SME-2024-00877,2025-07,49.7,7.4,Turun,231,8,4
USE-00877-202508,SME-2024-00877,2025-08,51.8,7.6,Turun,147,8,5
USE-00877-202509,SME-2024-00877,2025-09,52.9,7.8,Turun,26,10,4
USE-00877-202510,SME-2024-00877,2025-10,50.3,7.9,Turun,580,8,4
USE-00877-202511,SME-2024-00877,2025-11,52.5,7.5,Turun,66,6,4
USE-00877-202512,SME-2024-00877,2025-12,49.2,7.8,Turun,317,5,3
USE-00877-202601,SME-2024-00877,2026-01,46.7,6.4,Turun,98,5,3
USE-00877-202602,SME-2024-00877,2026-02,42.8,6.4,Turun,108,4,3
USE-00877-202603,SME-2024-00877,2026-03,47.1,7.2,Turun,7,8,3
USE-00877-202604,SME-2024-00877,2026-04,45.1,6.7,Turun,73,7,3
USE-00877-202605,SME-2024-00877,2026-05,43.6,6.5,Turun,335,3,2
USE-00877-202606,SME-2024-00877,2026-06,43.7,6.4,Turun,57,7,3
USE-00878-202507,SME-2024-00878,2025-07,55.4,7.2,Turun,119,3,5
USE-00878-202508,SME-2024-00878,2025-08,58.8,9.3,Turun,95,6,5
USE-00878-202509,SME-2024-00878,2025-09,50.9,8.0,Turun,511,6,4
USE-00878-202510,SME-2024-00878,2025-10,51.6,7.8,Turun,129,9,5
USE-00878-202511,SME-2024-00878,2025-11,44.3,6.9,Turun,376,6,4
USE-00878-202512,SME-2024-00878,2025-12,44.2,7.0,Turun,0,7,4
USE-00878-202601,SME-2024-00878,2026-01,42.4,7.1,Turun,153,3,4
USE-00878-202602,SME-2024-00878,2026-02,34.0,4.2,Turun,33,7,4
USE-00878-202603,SME-2024-00878,2026-03,33.5,3.8,Turun,420,4,4
USE-00878-202604,SME-2024-00878,2026-04,31.1,4.3,Turun,395,6,4
USE-00878-202605,SME-2024-00878,2026-05,27.5,3.8,Turun,42,11,3
USE-00878-202606,SME-2024-00878,2026-06,27.0,4.6,Turun,27,5,3
USE-00879-202507,SME-2024-00879,2025-07,54.5,8.3,Turun,469,7,5
USE-00879-202508,SME-2024-00879,2025-08,54.7,8.8,Turun,128,8,5
USE-00879-202509,SME-2024-00879,2025-09,52.9,7.8,Turun,228,3,4
USE-00879-202510,SME-2024-00879,2025-10,49.2,8.1,Turun,556,5,4
USE-00879-202511,SME-2024-00879,2025-11,49.1,8.0,Turun,29,6,4
USE-00879-202512,SME-2024-00879,2025-12,48.6,7.4,Turun,131,3,4
USE-00879-202601,SME-2024-00879,2026-01,48.8,7.2,Turun,16,8,4
USE-00879-202602,SME-2024-00879,2026-02,46.9,6.7,Turun,103,5,4
USE-00879-202603,SME-2024-00879,2026-03,46.9,7.4,Turun,646,4,4
USE-00879-202604,SME-2024-00879,2026-04,47.3,6.9,Turun,287,7,4
USE-00879-202605,SME-2024-00879,2026-05,42.4,7.1,Turun,102,8,3
USE-00879-202606,SME-2024-00879,2026-06,42.6,5.7,Turun,97,7,3
USE-00880-202507,SME-2024-00880,2025-07,60.2,9.4,Turun,16,13,4
USE-00880-202508,SME-2024-00880,2025-08,58.1,8.7,Turun,369,3,3
USE-00880-202509,SME-2024-00880,2025-09,57.7,9.1,Turun,46,8,3
USE-00880-202510,SME-2024-00880,2025-10,51.5,8.1,Turun,103,14,3
USE-00880-202511,SME-2024-00880,2025-11,53.2,8.0,Turun,14,9,3
USE-00880-202512,SME-2024-00880,2025-12,50.3,6.6,Turun,266,4,3
USE-00880-202601,SME-2024-00880,2026-01,47.5,5.5,Turun,219,9,4
USE-00880-202602,SME-2024-00880,2026-02,45.1,6.4,Turun,201,3,3
USE-00880-202603,SME-2024-00880,2026-03,44.8,7.0,Turun,0,10,3
USE-00880-202604,SME-2024-00880,2026-04,39.5,5.9,Turun,74,8,3
USE-00880-202605,SME-2024-00880,2026-05,35.9,5.6,Turun,11,4,2
USE-00880-202606,SME-2024-00880,2026-06,40.0,6.4,Turun,741,9,2
USE-00881-202507,SME-2024-00881,2025-07,32.4,4.5,Turun,535,6,4
USE-00881-202508,SME-2024-00881,2025-08,33.8,5.1,Turun,34,11,5
USE-00881-202509,SME-2024-00881,2025-09,29.3,4.3,Turun,558,9,5
USE-00881-202510,SME-2024-00881,2025-10,31.1,4.6,Turun,157,11,4
USE-00881-202511,SME-2024-00881,2025-11,28.4,3.8,Turun,35,6,4
USE-00881-202512,SME-2024-00881,2025-12,30.9,5.5,Turun,298,1,4
USE-00881-202601,SME-2024-00881,2026-01,24.4,4.5,Turun,68,3,5
USE-00881-202602,SME-2024-00881,2026-02,22.3,2.9,Turun,294,6,4
USE-00881-202603,SME-2024-00881,2026-03,21.9,2.9,Turun,3,9,4
USE-00881-202604,SME-2024-00881,2026-04,17.9,2.7,Turun,144,11,4
USE-00881-202605,SME-2024-00881,2026-05,21.1,3.7,Turun,94,3,3
USE-00881-202606,SME-2024-00881,2026-06,15.0,2.3,Turun,163,10,4
USE-00882-202507,SME-2024-00882,2025-07,57.0,8.6,Turun,681,7,4
USE-00882-202508,SME-2024-00882,2025-08,49.9,7.8,Turun,131,2,4
USE-00882-202509,SME-2024-00882,2025-09,48.5,7.5,Turun,577,4,4
USE-00882-202510,SME-2024-00882,2025-10,45.5,6.2,Turun,568,6,4
USE-00882-202511,SME-2024-00882,2025-11,43.7,6.0,Turun,175,3,3
USE-00882-202512,SME-2024-00882,2025-12,36.8,6.2,Turun,289,8,3
USE-00882-202601,SME-2024-00882,2026-01,35.1,5.2,Turun,244,10,2
USE-00882-202602,SME-2024-00882,2026-02,33.5,5.2,Turun,63,8,3
USE-00882-202603,SME-2024-00882,2026-03,23.1,3.9,Turun,439,10,2
USE-00882-202604,SME-2024-00882,2026-04,21.1,3.6,Turun,25,10,3
USE-00882-202605,SME-2024-00882,2026-05,26.0,4.7,Turun,24,7,3
USE-00882-202606,SME-2024-00882,2026-06,17.9,2.4,Turun,515,7,2
USE-00883-202512,SME-2024-00883,2025-12,41.6,6.4,Stabil,868,6,4
USE-00883-202601,SME-2024-00883,2026-01,40.1,5.1,Stabil,169,7,4
USE-00883-202602,SME-2024-00883,2026-02,41.2,5.6,Fluktuatif,431,11,4
USE-00883-202603,SME-2024-00883,2026-03,40.5,6.8,Fluktuatif,74,6,4
USE-00883-202604,SME-2024-00883,2026-04,40.3,5.5,Stabil,32,8,3
USE-00883-202605,SME-2024-00883,2026-05,38.6,6.6,Stabil,19,7,3
USE-00883-202606,SME-2024-00883,2026-06,40.6,6.5,Stabil,27,9,3
USE-00884-202510,SME-2024-00884,2025-10,51.7,8.4,Turun,53,1,4
USE-00884-202511,SME-2024-00884,2025-11,49.5,6.9,Turun,40,12,5
USE-00884-202512,SME-2024-00884,2025-12,43.1,7.0,Turun,368,8,4
USE-00884-202601,SME-2024-00884,2026-01,46.5,7.6,Turun,112,7,3
USE-00884-202602,SME-2024-00884,2026-02,47.5,6.7,Turun,79,10,4
USE-00884-202603,SME-2024-00884,2026-03,46.3,6.7,Turun,90,7,3
USE-00884-202604,SME-2024-00884,2026-04,41.0,6.4,Turun,37,5,3
USE-00884-202605,SME-2024-00884,2026-05,42.1,5.9,Turun,107,11,3
USE-00884-202606,SME-2024-00884,2026-06,35.9,5.5,Turun,186,9,4
USE-00885-202507,SME-2024-00885,2025-07,39.4,6.6,Turun,144,3,5
USE-00885-202508,SME-2024-00885,2025-08,38.3,5.0,Turun,556,10,5
USE-00885-202509,SME-2024-00885,2025-09,33.4,4.9,Turun,24,5,6
USE-00885-202510,SME-2024-00885,2025-10,36.3,5.6,Turun,436,9,5
USE-00885-202511,SME-2024-00885,2025-11,34.7,5.0,Turun,154,9,5
USE-00885-202512,SME-2024-00885,2025-12,35.6,5.2,Turun,117,7,4
USE-00885-202601,SME-2024-00885,2026-01,31.3,5.0,Turun,6,5,5
USE-00885-202602,SME-2024-00885,2026-02,32.4,5.3,Turun,186,6,4
USE-00885-202603,SME-2024-00885,2026-03,27.8,4.1,Turun,26,12,4
USE-00885-202604,SME-2024-00885,2026-04,29.6,4.3,Turun,342,8,4
USE-00885-202605,SME-2024-00885,2026-05,28.9,4.7,Turun,92,4,4
USE-00885-202606,SME-2024-00885,2026-06,27.2,4.4,Turun,81,5,4
USE-00886-202510,SME-2024-00886,2025-10,70.5,10.7,Stabil,283,5,4
USE-00886-202511,SME-2024-00886,2025-11,70.7,10.4,Stabil,69,4,4
USE-00886-202512,SME-2024-00886,2025-12,71.0,11.0,Fluktuatif,267,6,4
USE-00886-202601,SME-2024-00886,2026-01,69.4,10.2,Stabil,64,11,3
USE-00886-202602,SME-2024-00886,2026-02,68.8,10.2,Fluktuatif,88,8,3
USE-00886-202603,SME-2024-00886,2026-03,70.0,11.1,Stabil,32,7,3
USE-00886-202604,SME-2024-00886,2026-04,66.4,10.8,Stabil,705,9,3
USE-00886-202605,SME-2024-00886,2026-05,70.9,9.7,Stabil,67,8,3
USE-00886-202606,SME-2024-00886,2026-06,63.5,10.1,Fluktuatif,153,3,3
USE-00887-202509,SME-2024-00887,2025-09,39.9,6.4,Turun,191,4,6
USE-00887-202510,SME-2024-00887,2025-10,43.2,6.2,Turun,38,4,6
USE-00887-202511,SME-2024-00887,2025-11,38.0,6.6,Turun,15,5,6
USE-00887-202512,SME-2024-00887,2025-12,33.8,4.2,Turun,231,3,5
USE-00887-202601,SME-2024-00887,2026-01,34.5,5.4,Turun,2,11,5
USE-00887-202602,SME-2024-00887,2026-02,32.0,5.7,Turun,11,11,5
USE-00887-202603,SME-2024-00887,2026-03,29.3,4.4,Turun,7,7,5
USE-00887-202604,SME-2024-00887,2026-04,24.4,3.0,Turun,563,6,5
USE-00887-202605,SME-2024-00887,2026-05,21.7,3.0,Turun,105,7,5
USE-00887-202606,SME-2024-00887,2026-06,20.9,3.4,Turun,33,9,4
USE-00888-202507,SME-2024-00888,2025-07,34.6,5.6,Turun,81,7,5
USE-00888-202508,SME-2024-00888,2025-08,34.4,5.0,Turun,563,5,5
USE-00888-202509,SME-2024-00888,2025-09,30.9,5.5,Turun,26,8,5
USE-00888-202510,SME-2024-00888,2025-10,26.2,4.1,Turun,58,6,5
USE-00888-202511,SME-2024-00888,2025-11,28.8,3.4,Turun,164,6,5
USE-00888-202512,SME-2024-00888,2025-12,22.3,3.7,Turun,180,7,4
USE-00888-202601,SME-2024-00888,2026-01,22.8,3.2,Turun,39,5,4
USE-00888-202602,SME-2024-00888,2026-02,21.8,2.6,Turun,14,9,4
USE-00888-202603,SME-2024-00888,2026-03,18.1,2.8,Turun,186,7,3
USE-00888-202604,SME-2024-00888,2026-04,16.4,3.6,Turun,118,2,4
USE-00888-202605,SME-2024-00888,2026-05,11.1,2.0,Turun,1240,6,3
USE-00888-202606,SME-2024-00888,2026-06,12.0,1.7,Turun,90,7,3
USE-00889-202507,SME-2024-00889,2025-07,56.3,8.0,Stabil,6,12,4
USE-00889-202508,SME-2024-00889,2025-08,51.8,7.5,Stabil,185,7,5
USE-00889-202509,SME-2024-00889,2025-09,49.7,6.5,Stabil,116,5,4
USE-00889-202510,SME-2024-00889,2025-10,49.9,7.4,Stabil,189,10,3
USE-00889-202511,SME-2024-00889,2025-11,52.2,8.2,Stabil,60,8,4
USE-00889-202512,SME-2024-00889,2025-12,47.9,7.1,Stabil,1,6,4
USE-00889-202601,SME-2024-00889,2026-01,48.5,7.4,Stabil,358,10,4
USE-00889-202602,SME-2024-00889,2026-02,50.2,6.7,Stabil,165,4,3
USE-00889-202603,SME-2024-00889,2026-03,45.9,7.2,Stabil,163,5,3
USE-00889-202604,SME-2024-00889,2026-04,46.0,6.9,Fluktuatif,15,6,3
USE-00889-202605,SME-2024-00889,2026-05,42.0,6.2,Stabil,243,6,3
USE-00889-202606,SME-2024-00889,2026-06,47.8,7.6,Stabil,109,7,3
USE-00890-202507,SME-2024-00890,2025-07,57.9,7.9,Turun,346,5,4
USE-00890-202508,SME-2024-00890,2025-08,54.7,7.9,Turun,212,8,4
USE-00890-202509,SME-2024-00890,2025-09,50.9,7.5,Turun,245,10,4
USE-00890-202510,SME-2024-00890,2025-10,47.8,8.2,Turun,40,7,3
USE-00890-202511,SME-2024-00890,2025-11,49.5,8.2,Turun,229,5,3
USE-00890-202512,SME-2024-00890,2025-12,44.8,7.1,Turun,54,11,3
USE-00890-202601,SME-2024-00890,2026-01,44.7,6.5,Turun,32,5,2
USE-00890-202602,SME-2024-00890,2026-02,43.8,6.5,Turun,25,7,2
USE-00890-202603,SME-2024-00890,2026-03,36.4,5.6,Turun,193,7,3
USE-00890-202604,SME-2024-00890,2026-04,42.8,5.8,Turun,411,6,2
USE-00890-202605,SME-2024-00890,2026-05,37.7,5.9,Turun,1315,11,2
USE-00890-202606,SME-2024-00890,2026-06,35.0,5.1,Turun,42,4,2
USE-00891-202507,SME-2024-00891,2025-07,54.2,8.0,Stabil,40,14,4
USE-00891-202508,SME-2024-00891,2025-08,51.0,7.5,Stabil,291,5,4
USE-00891-202509,SME-2024-00891,2025-09,51.5,7.6,Stabil,256,6,3
USE-00891-202510,SME-2024-00891,2025-10,52.9,8.0,Stabil,20,3,3
USE-00891-202511,SME-2024-00891,2025-11,52.6,8.1,Stabil,99,4,3
USE-00891-202512,SME-2024-00891,2025-12,50.6,8.3,Stabil,166,5,3
USE-00891-202601,SME-2024-00891,2026-01,48.7,7.9,Fluktuatif,3,6,3
USE-00891-202602,SME-2024-00891,2026-02,48.6,7.0,Stabil,34,12,3
USE-00891-202603,SME-2024-00891,2026-03,49.1,7.8,Stabil,40,10,2
USE-00891-202604,SME-2024-00891,2026-04,49.6,7.3,Fluktuatif,120,6,3
USE-00891-202605,SME-2024-00891,2026-05,47.1,6.7,Fluktuatif,46,11,2
USE-00891-202606,SME-2024-00891,2026-06,48.7,7.4,Fluktuatif,140,8,2
USE-00892-202510,SME-2024-00892,2025-10,37.2,5.3,Turun,317,5,4
USE-00892-202511,SME-2024-00892,2025-11,32.6,4.4,Turun,514,9,4
USE-00892-202512,SME-2024-00892,2025-12,34.3,4.6,Turun,123,8,4
USE-00892-202601,SME-2024-00892,2026-01,24.8,3.7,Turun,163,9,5
USE-00892-202602,SME-2024-00892,2026-02,20.0,2.8,Turun,19,5,4
USE-00892-202603,SME-2024-00892,2026-03,15.4,1.4,Turun,676,6,4
USE-00892-202604,SME-2024-00892,2026-04,10.9,1.5,Turun,308,10,3
USE-00892-202605,SME-2024-00892,2026-05,10.3,1.8,Turun,515,4,4
USE-00892-202606,SME-2024-00892,2026-06,5.0,1.0,Turun,103,8,3
USE-00893-202507,SME-2024-00893,2025-07,62.4,9.2,Turun,79,8,5
USE-00893-202508,SME-2024-00893,2025-08,64.0,9.1,Turun,15,7,4
USE-00893-202509,SME-2024-00893,2025-09,59.9,9.1,Turun,46,6,4
USE-00893-202510,SME-2024-00893,2025-10,61.5,9.5,Turun,100,7,4
USE-00893-202511,SME-2024-00893,2025-11,58.9,8.8,Turun,122,8,4
USE-00893-202512,SME-2024-00893,2025-12,53.6,8.0,Turun,128,7,3
USE-00893-202601,SME-2024-00893,2026-01,53.2,7.2,Turun,390,11,3
USE-00893-202602,SME-2024-00893,2026-02,51.6,8.3,Turun,184,10,3
USE-00893-202603,SME-2024-00893,2026-03,51.0,7.7,Turun,213,5,2
USE-00893-202604,SME-2024-00893,2026-04,51.7,7.1,Turun,48,6,4
USE-00893-202605,SME-2024-00893,2026-05,44.9,6.7,Turun,109,5,2
USE-00893-202606,SME-2024-00893,2026-06,45.5,5.7,Turun,219,2,2
USE-00894-202507,SME-2024-00894,2025-07,56.8,8.6,Turun,168,8,5
USE-00894-202508,SME-2024-00894,2025-08,56.7,8.8,Turun,212,5,5
USE-00894-202509,SME-2024-00894,2025-09,50.6,7.2,Turun,43,4,5
USE-00894-202510,SME-2024-00894,2025-10,48.9,7.4,Turun,349,8,4
USE-00894-202511,SME-2024-00894,2025-11,47.0,7.6,Turun,91,10,4
USE-00894-202512,SME-2024-00894,2025-12,47.2,6.1,Turun,18,5,4
USE-00894-202601,SME-2024-00894,2026-01,44.8,6.9,Turun,237,8,4
USE-00894-202602,SME-2024-00894,2026-02,47.1,6.6,Turun,220,6,4
USE-00894-202603,SME-2024-00894,2026-03,41.8,6.2,Turun,22,6,4
USE-00894-202604,SME-2024-00894,2026-04,39.6,6.8,Turun,468,6,3
USE-00894-202605,SME-2024-00894,2026-05,37.5,6.9,Turun,302,4,4
USE-00894-202606,SME-2024-00894,2026-06,37.2,5.6,Turun,90,2,4
USE-00895-202507,SME-2024-00895,2025-07,56.5,8.0,Turun,165,7,4
USE-00895-202508,SME-2024-00895,2025-08,51.2,7.9,Turun,151,9,4
USE-00895-202509,SME-2024-00895,2025-09,50.3,7.7,Turun,100,9,3
USE-00895-202510,SME-2024-00895,2025-10,52.7,9.2,Turun,231,12,3
USE-00895-202511,SME-2024-00895,2025-11,48.3,7.4,Turun,14,8,3
USE-00895-202512,SME-2024-00895,2025-12,47.3,7.1,Turun,140,5,3
USE-00895-202601,SME-2024-00895,2026-01,41.8,6.1,Turun,344,4,3
USE-00895-202602,SME-2024-00895,2026-02,40.2,6.3,Turun,145,9,2
USE-00895-202603,SME-2024-00895,2026-03,45.3,6.7,Turun,208,7,2
USE-00895-202604,SME-2024-00895,2026-04,42.2,6.6,Turun,69,5,2
USE-00895-202605,SME-2024-00895,2026-05,39.4,6.2,Turun,80,8,2
USE-00895-202606,SME-2024-00895,2026-06,33.9,4.6,Turun,178,7,2
USE-00896-202507,SME-2024-00896,2025-07,53.0,6.6,Turun,54,5,4
USE-00896-202508,SME-2024-00896,2025-08,53.2,8.0,Turun,70,7,4
USE-00896-202509,SME-2024-00896,2025-09,49.7,7.0,Turun,226,3,3
USE-00896-202510,SME-2024-00896,2025-10,45.3,6.4,Turun,23,2,3
USE-00896-202511,SME-2024-00896,2025-11,49.4,7.8,Turun,267,6,4
USE-00896-202512,SME-2024-00896,2025-12,46.0,7.2,Turun,276,7,2
USE-00896-202601,SME-2024-00896,2026-01,47.1,7.0,Turun,574,2,3
USE-00896-202602,SME-2024-00896,2026-02,42.8,6.0,Turun,61,7,2
USE-00896-202603,SME-2024-00896,2026-03,40.8,6.2,Turun,551,6,3
USE-00896-202604,SME-2024-00896,2026-04,38.1,6.2,Turun,152,10,2
USE-00896-202605,SME-2024-00896,2026-05,38.4,5.7,Turun,222,5,2
USE-00896-202606,SME-2024-00896,2026-06,37.5,6.1,Turun,31,5,2
USE-00897-202509,SME-2024-00897,2025-09,65.5,10.6,Stabil,82,5,3
USE-00897-202510,SME-2024-00897,2025-10,66.0,10.5,Fluktuatif,208,5,2
USE-00897-202511,SME-2024-00897,2025-11,68.9,9.7,Stabil,374,7,3
USE-00897-202512,SME-2024-00897,2025-12,66.5,10.0,Fluktuatif,197,9,2
USE-00897-202601,SME-2024-00897,2026-01,67.0,9.1,Stabil,394,4,2
USE-00897-202602,SME-2024-00897,2026-02,65.8,9.4,Stabil,946,8,2
USE-00897-202603,SME-2024-00897,2026-03,64.7,9.5,Stabil,779,2,3
USE-00897-202604,SME-2024-00897,2026-04,64.7,9.0,Fluktuatif,81,6,2
USE-00897-202605,SME-2024-00897,2026-05,65.1,9.6,Stabil,412,4,2
USE-00897-202606,SME-2024-00897,2026-06,61.2,8.2,Fluktuatif,50,9,2
USE-00898-202507,SME-2024-00898,2025-07,51.0,7.9,Turun,457,7,4
USE-00898-202508,SME-2024-00898,2025-08,47.5,6.5,Turun,11,3,4
USE-00898-202509,SME-2024-00898,2025-09,47.3,7.7,Turun,393,8,4
USE-00898-202510,SME-2024-00898,2025-10,42.4,6.6,Turun,116,4,3
USE-00898-202511,SME-2024-00898,2025-11,41.2,5.9,Turun,37,5,3
USE-00898-202512,SME-2024-00898,2025-12,37.6,5.7,Turun,604,13,4
USE-00898-202601,SME-2024-00898,2026-01,34.9,5.2,Turun,111,10,4
USE-00898-202602,SME-2024-00898,2026-02,33.4,4.2,Turun,17,5,3
USE-00898-202603,SME-2024-00898,2026-03,28.9,4.1,Turun,399,6,4
USE-00898-202604,SME-2024-00898,2026-04,31.5,6.0,Turun,262,7,2
USE-00898-202605,SME-2024-00898,2026-05,24.4,4.8,Turun,72,6,4
USE-00898-202606,SME-2024-00898,2026-06,22.2,3.7,Turun,41,5,2
USE-00899-202507,SME-2024-00899,2025-07,41.5,6.2,Stabil,210,7,4
USE-00899-202508,SME-2024-00899,2025-08,41.2,5.6,Fluktuatif,105,6,3
USE-00899-202509,SME-2024-00899,2025-09,41.1,6.6,Stabil,508,10,3
USE-00899-202510,SME-2024-00899,2025-10,41.2,7.4,Stabil,278,10,3
USE-00899-202511,SME-2024-00899,2025-11,47.8,7.6,Stabil,40,5,3
USE-00899-202512,SME-2024-00899,2025-12,42.1,5.9,Stabil,112,7,3
USE-00899-202601,SME-2024-00899,2026-01,47.7,7.2,Stabil,12,5,3
USE-00899-202602,SME-2024-00899,2026-02,46.1,8.2,Stabil,154,4,2
USE-00899-202603,SME-2024-00899,2026-03,48.7,7.1,Stabil,130,11,2
USE-00899-202604,SME-2024-00899,2026-04,47.3,7.0,Stabil,90,5,2
USE-00899-202605,SME-2024-00899,2026-05,47.5,7.0,Stabil,590,6,3
USE-00899-202606,SME-2024-00899,2026-06,50.2,7.5,Stabil,90,11,2
USE-00900-202507,SME-2024-00900,2025-07,40.0,6.0,Turun,206,6,5
USE-00900-202508,SME-2024-00900,2025-08,41.8,6.1,Turun,12,9,3
USE-00900-202509,SME-2024-00900,2025-09,39.1,5.3,Turun,42,7,4
USE-00900-202510,SME-2024-00900,2025-10,38.0,4.8,Turun,227,5,4
USE-00900-202511,SME-2024-00900,2025-11,36.8,6.0,Turun,129,8,4
USE-00900-202512,SME-2024-00900,2025-12,36.2,6.2,Turun,140,6,3
USE-00900-202601,SME-2024-00900,2026-01,36.8,6.0,Turun,567,3,4
USE-00900-202602,SME-2024-00900,2026-02,32.1,4.7,Turun,0,4,4
USE-00900-202603,SME-2024-00900,2026-03,35.9,5.7,Turun,193,2,3
USE-00900-202604,SME-2024-00900,2026-04,32.1,6.1,Turun,30,9,3
USE-00900-202605,SME-2024-00900,2026-05,35.2,5.2,Turun,9,12,3
USE-00900-202606,SME-2024-00900,2026-06,35.7,5.8,Turun,181,7,2
USE-00901-202507,SME-2024-00901,2025-07,61.1,8.0,Turun,434,6,3
USE-00901-202508,SME-2024-00901,2025-08,55.6,8.6,Turun,35,9,4
USE-00901-202509,SME-2024-00901,2025-09,50.2,7.3,Turun,77,12,3
USE-00901-202510,SME-2024-00901,2025-10,55.0,8.8,Turun,233,9,3
USE-00901-202511,SME-2024-00901,2025-11,49.3,7.7,Turun,140,3,3
USE-00901-202512,SME-2024-00901,2025-12,43.8,7.2,Turun,69,7,3
USE-00901-202601,SME-2024-00901,2026-01,43.5,6.3,Turun,60,6,2
USE-00901-202602,SME-2024-00901,2026-02,46.1,7.1,Turun,92,6,2
USE-00901-202603,SME-2024-00901,2026-03,41.5,6.8,Turun,219,6,2
USE-00901-202604,SME-2024-00901,2026-04,38.9,5.9,Turun,172,4,2
USE-00901-202605,SME-2024-00901,2026-05,33.8,4.9,Turun,226,9,2
USE-00901-202606,SME-2024-00901,2026-06,31.1,4.5,Turun,37,9,3
USE-00902-202507,SME-2024-00902,2025-07,51.1,7.9,Fluktuatif,105,6,3
USE-00902-202508,SME-2024-00902,2025-08,48.0,7.9,Stabil,58,6,3
USE-00902-202509,SME-2024-00902,2025-09,52.1,8.0,Stabil,50,8,3
USE-00902-202510,SME-2024-00902,2025-10,53.8,7.5,Fluktuatif,26,8,2
USE-00902-202511,SME-2024-00902,2025-11,48.8,7.8,Stabil,47,11,3
USE-00902-202512,SME-2024-00902,2025-12,53.8,7.6,Fluktuatif,235,10,2
USE-00902-202601,SME-2024-00902,2026-01,57.5,9.2,Stabil,188,8,2
USE-00902-202602,SME-2024-00902,2026-02,59.0,8.6,Fluktuatif,128,8,1
USE-00902-202603,SME-2024-00902,2026-03,57.6,9.1,Stabil,50,5,2
USE-00902-202604,SME-2024-00902,2026-04,52.5,7.1,Stabil,122,5,2
USE-00902-202605,SME-2024-00902,2026-05,53.7,7.4,Stabil,144,15,2
USE-00902-202606,SME-2024-00902,2026-06,53.1,7.5,Stabil,185,6,2
USE-00903-202507,SME-2024-00903,2025-07,55.9,8.4,Turun,49,5,5
USE-00903-202508,SME-2024-00903,2025-08,55.7,8.8,Turun,500,8,4
USE-00903-202509,SME-2024-00903,2025-09,53.6,8.8,Turun,23,6,5
USE-00903-202510,SME-2024-00903,2025-10,50.7,8.0,Turun,16,9,4
USE-00903-202511,SME-2024-00903,2025-11,53.4,8.1,Turun,20,8,3
USE-00903-202512,SME-2024-00903,2025-12,51.0,7.9,Turun,58,5,3
USE-00903-202601,SME-2024-00903,2026-01,45.8,6.7,Turun,204,9,4
USE-00903-202602,SME-2024-00903,2026-02,43.1,6.4,Turun,95,6,2
USE-00903-202603,SME-2024-00903,2026-03,42.3,5.4,Turun,157,6,3
USE-00903-202604,SME-2024-00903,2026-04,40.3,6.6,Turun,24,5,3
USE-00903-202605,SME-2024-00903,2026-05,42.5,6.4,Turun,367,5,2
USE-00903-202606,SME-2024-00903,2026-06,35.4,5.5,Turun,563,7,2
USE-00904-202507,SME-2024-00904,2025-07,53.6,7.3,Turun,53,3,4
USE-00904-202508,SME-2024-00904,2025-08,45.4,6.2,Turun,80,7,4
USE-00904-202509,SME-2024-00904,2025-09,42.8,5.8,Turun,7,7,3
USE-00904-202510,SME-2024-00904,2025-10,38.6,5.9,Turun,66,7,4
USE-00904-202511,SME-2024-00904,2025-11,38.3,6.6,Turun,407,9,4
USE-00904-202512,SME-2024-00904,2025-12,33.9,5.1,Turun,412,5,3
USE-00904-202601,SME-2024-00904,2026-01,32.7,5.3,Turun,3,0,2
USE-00904-202602,SME-2024-00904,2026-02,28.6,4.3,Turun,81,4,2
USE-00904-202603,SME-2024-00904,2026-03,23.7,2.9,Turun,58,5,3
USE-00904-202604,SME-2024-00904,2026-04,19.8,2.9,Turun,409,8,3
USE-00904-202605,SME-2024-00904,2026-05,17.4,2.0,Turun,133,11,2
USE-00904-202606,SME-2024-00904,2026-06,16.7,1.4,Turun,181,7,2
USE-00905-202507,SME-2024-00905,2025-07,50.3,7.8,Stabil,32,8,4
USE-00905-202508,SME-2024-00905,2025-08,42.5,6.1,Stabil,50,8,4
USE-00905-202509,SME-2024-00905,2025-09,46.0,6.2,Stabil,159,5,4
USE-00905-202510,SME-2024-00905,2025-10,45.9,6.5,Fluktuatif,12,7,5
USE-00905-202511,SME-2024-00905,2025-11,41.5,4.8,Stabil,325,7,3
USE-00905-202512,SME-2024-00905,2025-12,40.7,6.6,Stabil,523,7,3
USE-00905-202601,SME-2024-00905,2026-01,42.2,6.7,Fluktuatif,545,7,3
USE-00905-202602,SME-2024-00905,2026-02,41.0,5.1,Stabil,74,11,3
USE-00905-202603,SME-2024-00905,2026-03,37.2,4.5,Fluktuatif,119,6,3
USE-00905-202604,SME-2024-00905,2026-04,38.7,5.3,Stabil,36,8,3
USE-00905-202605,SME-2024-00905,2026-05,41.6,6.3,Stabil,310,4,3
USE-00905-202606,SME-2024-00905,2026-06,39.4,6.6,Stabil,387,8,3
USE-00906-202507,SME-2024-00906,2025-07,42.7,6.5,Turun,124,7,4
USE-00906-202508,SME-2024-00906,2025-08,39.8,6.7,Turun,324,2,4
USE-00906-202509,SME-2024-00906,2025-09,41.6,6.5,Turun,25,8,4
USE-00906-202510,SME-2024-00906,2025-10,41.9,6.6,Turun,150,8,4
USE-00906-202511,SME-2024-00906,2025-11,37.7,5.3,Turun,330,5,4
USE-00906-202512,SME-2024-00906,2025-12,37.0,5.6,Turun,142,6,4
USE-00906-202601,SME-2024-00906,2026-01,36.1,5.6,Turun,2,7,4
USE-00906-202602,SME-2024-00906,2026-02,31.7,4.5,Turun,17,7,4
USE-00906-202603,SME-2024-00906,2026-03,32.4,5.2,Turun,231,8,3
USE-00906-202604,SME-2024-00906,2026-04,29.9,4.6,Turun,25,7,3
USE-00906-202605,SME-2024-00906,2026-05,33.2,5.1,Turun,177,10,2
USE-00906-202606,SME-2024-00906,2026-06,29.6,4.4,Turun,39,9,3
USE-00907-202507,SME-2024-00907,2025-07,60.8,9.6,Turun,28,11,2
USE-00907-202508,SME-2024-00907,2025-08,58.0,8.2,Turun,150,11,2
USE-00907-202509,SME-2024-00907,2025-09,54.0,8.6,Turun,35,11,3
USE-00907-202510,SME-2024-00907,2025-10,56.7,8.5,Turun,48,2,2
USE-00907-202511,SME-2024-00907,2025-11,53.8,7.6,Turun,48,5,1
USE-00907-202512,SME-2024-00907,2025-12,49.2,7.5,Turun,41,8,2
USE-00907-202601,SME-2024-00907,2026-01,44.4,7.7,Turun,173,7,2
USE-00907-202602,SME-2024-00907,2026-02,43.3,6.2,Turun,218,3,1
USE-00907-202603,SME-2024-00907,2026-03,36.9,5.7,Turun,107,10,2
USE-00907-202604,SME-2024-00907,2026-04,35.9,4.3,Turun,80,9,1
USE-00907-202605,SME-2024-00907,2026-05,31.7,4.6,Turun,248,6,1
USE-00907-202606,SME-2024-00907,2026-06,33.3,5.9,Turun,183,12,1
USE-00908-202510,SME-2024-00908,2025-10,64.9,10.0,Turun,837,8,4
USE-00908-202511,SME-2024-00908,2025-11,61.4,8.9,Turun,19,7,3
USE-00908-202512,SME-2024-00908,2025-12,63.5,9.8,Turun,320,12,4
USE-00908-202601,SME-2024-00908,2026-01,60.1,9.6,Turun,44,7,3
USE-00908-202602,SME-2024-00908,2026-02,59.9,9.1,Turun,243,7,3
USE-00908-202603,SME-2024-00908,2026-03,55.4,9.1,Turun,10,4,3
USE-00908-202604,SME-2024-00908,2026-04,50.3,7.7,Turun,74,11,2
USE-00908-202605,SME-2024-00908,2026-05,52.5,7.9,Turun,91,9,2
USE-00908-202606,SME-2024-00908,2026-06,49.8,6.8,Turun,53,5,2
USE-00909-202507,SME-2024-00909,2025-07,40.0,6.7,Stabil,145,9,3
USE-00909-202508,SME-2024-00909,2025-08,37.3,5.7,Stabil,122,8,2
USE-00909-202509,SME-2024-00909,2025-09,41.6,6.0,Stabil,199,4,2
USE-00909-202510,SME-2024-00909,2025-10,41.5,5.6,Stabil,288,9,3
USE-00909-202511,SME-2024-00909,2025-11,39.8,5.0,Fluktuatif,244,2,3
USE-00909-202512,SME-2024-00909,2025-12,39.1,5.9,Fluktuatif,71,9,2
USE-00909-202601,SME-2024-00909,2026-01,38.5,5.9,Stabil,213,10,3
USE-00909-202602,SME-2024-00909,2026-02,41.1,5.9,Stabil,33,6,2
USE-00909-202603,SME-2024-00909,2026-03,39.2,5.9,Stabil,59,9,2
USE-00909-202604,SME-2024-00909,2026-04,40.2,6.6,Stabil,219,6,1
USE-00909-202605,SME-2024-00909,2026-05,39.6,5.0,Fluktuatif,462,6,2
USE-00909-202606,SME-2024-00909,2026-06,41.1,5.6,Fluktuatif,55,4,1
USE-00910-202507,SME-2024-00910,2025-07,47.0,7.4,Turun,68,8,5
USE-00910-202508,SME-2024-00910,2025-08,43.7,6.4,Turun,274,9,6
USE-00910-202509,SME-2024-00910,2025-09,43.3,5.6,Turun,47,6,5
USE-00910-202510,SME-2024-00910,2025-10,41.4,5.4,Turun,526,9,4
USE-00910-202511,SME-2024-00910,2025-11,39.6,5.7,Turun,127,6,5
USE-00910-202512,SME-2024-00910,2025-12,35.3,5.3,Turun,790,10,5
USE-00910-202601,SME-2024-00910,2026-01,31.9,5.1,Turun,204,5,4
USE-00910-202602,SME-2024-00910,2026-02,28.3,4.6,Turun,36,6,4
USE-00910-202603,SME-2024-00910,2026-03,29.6,4.7,Turun,213,5,4
USE-00910-202604,SME-2024-00910,2026-04,29.5,4.2,Turun,32,10,5
USE-00910-202605,SME-2024-00910,2026-05,24.5,3.7,Turun,668,3,4
USE-00910-202606,SME-2024-00910,2026-06,19.2,3.7,Turun,17,6,4
USE-00911-202507,SME-2024-00911,2025-07,52.6,7.5,Turun,105,8,3
USE-00911-202508,SME-2024-00911,2025-08,49.2,7.3,Turun,18,5,3
USE-00911-202509,SME-2024-00911,2025-09,46.7,7.2,Turun,52,11,4
USE-00911-202510,SME-2024-00911,2025-10,42.9,6.8,Turun,300,2,3
USE-00911-202511,SME-2024-00911,2025-11,41.3,5.9,Turun,255,5,3
USE-00911-202512,SME-2024-00911,2025-12,44.1,5.8,Turun,426,4,3
USE-00911-202601,SME-2024-00911,2026-01,36.8,6.0,Turun,195,9,3
USE-00911-202602,SME-2024-00911,2026-02,38.0,5.6,Turun,141,3,1
USE-00911-202603,SME-2024-00911,2026-03,30.0,4.8,Turun,289,10,1
USE-00911-202604,SME-2024-00911,2026-04,24.4,3.3,Turun,164,5,2
USE-00911-202605,SME-2024-00911,2026-05,22.8,3.2,Turun,107,9,1
USE-00911-202606,SME-2024-00911,2026-06,20.2,2.0,Turun,161,7,2
USE-00912-202507,SME-2024-00912,2025-07,56.3,8.2,Turun,12,4,4
USE-00912-202508,SME-2024-00912,2025-08,57.1,8.8,Turun,89,11,5
USE-00912-202509,SME-2024-00912,2025-09,53.3,8.0,Turun,251,1,4
USE-00912-202510,SME-2024-00912,2025-10,51.9,8.0,Turun,23,7,4
USE-00912-202511,SME-2024-00912,2025-11,55.2,8.2,Turun,594,7,4
USE-00912-202512,SME-2024-00912,2025-12,51.1,7.9,Turun,169,5,3
USE-00912-202601,SME-2024-00912,2026-01,47.1,6.5,Turun,20,8,4
USE-00912-202602,SME-2024-00912,2026-02,47.4,6.7,Turun,37,8,3
USE-00912-202603,SME-2024-00912,2026-03,42.8,6.8,Turun,62,7,3
USE-00912-202604,SME-2024-00912,2026-04,37.7,5.2,Turun,117,6,3
USE-00912-202605,SME-2024-00912,2026-05,39.4,5.0,Turun,47,6,2
USE-00912-202606,SME-2024-00912,2026-06,36.0,6.1,Turun,42,5,2
USE-00913-202507,SME-2024-00913,2025-07,59.4,9.8,Turun,146,8,3
USE-00913-202508,SME-2024-00913,2025-08,51.5,7.3,Turun,177,3,2
USE-00913-202509,SME-2024-00913,2025-09,52.8,8.0,Turun,38,8,3
USE-00913-202510,SME-2024-00913,2025-10,52.3,7.5,Turun,149,6,2
USE-00913-202511,SME-2024-00913,2025-11,51.0,7.4,Turun,139,14,3
USE-00913-202512,SME-2024-00913,2025-12,47.6,6.9,Turun,266,11,2
USE-00913-202601,SME-2024-00913,2026-01,43.9,6.3,Turun,42,10,2
USE-00913-202602,SME-2024-00913,2026-02,46.4,7.7,Turun,64,6,2
USE-00913-202603,SME-2024-00913,2026-03,37.5,5.4,Turun,55,10,2
USE-00913-202604,SME-2024-00913,2026-04,39.6,6.7,Turun,255,9,2
USE-00913-202605,SME-2024-00913,2026-05,39.8,6.0,Turun,260,5,1
USE-00913-202606,SME-2024-00913,2026-06,37.4,6.1,Turun,11,5,1
USE-00914-202507,SME-2024-00914,2025-07,56.1,7.9,Turun,169,6,4
USE-00914-202508,SME-2024-00914,2025-08,49.8,6.4,Turun,299,5,4
USE-00914-202509,SME-2024-00914,2025-09,55.9,7.8,Turun,137,7,4
USE-00914-202510,SME-2024-00914,2025-10,52.3,7.6,Turun,21,7,4
USE-00914-202511,SME-2024-00914,2025-11,51.4,7.9,Turun,90,8,4
USE-00914-202512,SME-2024-00914,2025-12,53.4,6.5,Turun,117,4,4
USE-00914-202601,SME-2024-00914,2026-01,50.5,7.2,Turun,462,6,4
USE-00914-202602,SME-2024-00914,2026-02,47.9,7.0,Turun,131,9,4
USE-00914-202603,SME-2024-00914,2026-03,48.6,7.6,Turun,203,5,3
USE-00914-202604,SME-2024-00914,2026-04,49.2,7.2,Turun,28,8,3
USE-00914-202605,SME-2024-00914,2026-05,45.3,6.5,Turun,423,6,3
USE-00914-202606,SME-2024-00914,2026-06,43.9,6.7,Turun,353,8,3
USE-00915-202507,SME-2024-00915,2025-07,54.8,8.2,Turun,191,9,3
USE-00915-202508,SME-2024-00915,2025-08,52.1,7.5,Turun,220,5,3
USE-00915-202509,SME-2024-00915,2025-09,52.0,8.2,Turun,34,6,3
USE-00915-202510,SME-2024-00915,2025-10,50.0,7.3,Turun,118,8,4
USE-00915-202511,SME-2024-00915,2025-11,47.4,6.8,Turun,129,7,3
USE-00915-202512,SME-2024-00915,2025-12,49.5,6.9,Turun,2,9,3
USE-00915-202601,SME-2024-00915,2026-01,45.3,5.6,Turun,300,10,3
USE-00915-202602,SME-2024-00915,2026-02,45.2,5.7,Turun,8,14,3
USE-00915-202603,SME-2024-00915,2026-03,46.3,7.7,Turun,226,7,2
USE-00915-202604,SME-2024-00915,2026-04,41.7,7.0,Turun,114,6,3
USE-00915-202605,SME-2024-00915,2026-05,39.1,5.4,Turun,30,4,2
USE-00915-202606,SME-2024-00915,2026-06,39.6,6.4,Turun,126,5,2
USE-00916-202507,SME-2024-00916,2025-07,48.3,6.8,Turun,297,6,4
USE-00916-202508,SME-2024-00916,2025-08,54.8,8.5,Turun,357,8,3
USE-00916-202509,SME-2024-00916,2025-09,51.8,8.0,Turun,61,7,3
USE-00916-202510,SME-2024-00916,2025-10,46.9,7.2,Turun,35,15,4
USE-00916-202511,SME-2024-00916,2025-11,41.5,6.1,Turun,262,6,3
USE-00916-202512,SME-2024-00916,2025-12,46.2,6.2,Turun,25,6,3
USE-00916-202601,SME-2024-00916,2026-01,45.0,7.2,Turun,11,10,2
USE-00916-202602,SME-2024-00916,2026-02,43.2,6.0,Turun,199,5,2
USE-00916-202603,SME-2024-00916,2026-03,36.6,5.3,Turun,419,12,2
USE-00916-202604,SME-2024-00916,2026-04,37.3,6.5,Turun,62,10,2
USE-00916-202605,SME-2024-00916,2026-05,38.0,4.9,Turun,31,3,2
USE-00916-202606,SME-2024-00916,2026-06,32.9,5.1,Turun,340,4,1
USE-00917-202507,SME-2024-00917,2025-07,64.8,10.9,Stabil,2,6,4
USE-00917-202508,SME-2024-00917,2025-08,69.7,10.1,Stabil,260,6,5
USE-00917-202509,SME-2024-00917,2025-09,66.0,9.7,Fluktuatif,639,7,4
USE-00917-202510,SME-2024-00917,2025-10,62.4,8.7,Fluktuatif,63,15,4
USE-00917-202511,SME-2024-00917,2025-11,62.7,9.6,Fluktuatif,34,6,4
USE-00917-202512,SME-2024-00917,2025-12,64.7,10.0,Stabil,46,11,4
USE-00917-202601,SME-2024-00917,2026-01,60.2,8.8,Fluktuatif,28,9,3
USE-00917-202602,SME-2024-00917,2026-02,64.6,10.1,Fluktuatif,51,5,4
USE-00917-202603,SME-2024-00917,2026-03,61.8,9.5,Fluktuatif,37,6,3
USE-00917-202604,SME-2024-00917,2026-04,62.5,8.5,Fluktuatif,90,9,4
USE-00917-202605,SME-2024-00917,2026-05,62.0,8.9,Stabil,240,7,3
USE-00917-202606,SME-2024-00917,2026-06,61.7,9.0,Stabil,88,9,3
USE-00918-202507,SME-2024-00918,2025-07,44.5,7.0,Turun,41,2,3
USE-00918-202508,SME-2024-00918,2025-08,44.3,6.1,Turun,114,4,3
USE-00918-202509,SME-2024-00918,2025-09,40.2,5.3,Turun,63,6,3
USE-00918-202510,SME-2024-00918,2025-10,39.1,5.6,Turun,27,5,3
USE-00918-202511,SME-2024-00918,2025-11,35.9,5.0,Turun,23,9,2
USE-00918-202512,SME-2024-00918,2025-12,37.4,4.6,Turun,116,5,3
USE-00918-202601,SME-2024-00918,2026-01,36.5,5.8,Turun,158,6,3
USE-00918-202602,SME-2024-00918,2026-02,34.4,5.1,Turun,81,7,3
USE-00918-202603,SME-2024-00918,2026-03,32.3,5.3,Turun,42,14,2
USE-00918-202604,SME-2024-00918,2026-04,30.9,4.7,Turun,43,7,2
USE-00918-202605,SME-2024-00918,2026-05,29.1,4.1,Turun,126,13,1
USE-00918-202606,SME-2024-00918,2026-06,26.0,3.6,Turun,85,13,2
USE-00919-202507,SME-2024-00919,2025-07,52.9,7.8,Turun,204,6,5
USE-00919-202508,SME-2024-00919,2025-08,51.1,7.6,Turun,373,8,5
USE-00919-202509,SME-2024-00919,2025-09,54.7,8.7,Turun,197,7,5
USE-00919-202510,SME-2024-00919,2025-10,46.8,6.5,Turun,162,4,4
USE-00919-202511,SME-2024-00919,2025-11,46.3,5.7,Turun,94,7,4
USE-00919-202512,SME-2024-00919,2025-12,43.8,5.9,Turun,60,2,4
USE-00919-202601,SME-2024-00919,2026-01,42.2,6.0,Turun,50,5,4
USE-00919-202602,SME-2024-00919,2026-02,38.8,5.7,Turun,84,8,4
USE-00919-202603,SME-2024-00919,2026-03,35.0,5.1,Turun,154,6,4
USE-00919-202604,SME-2024-00919,2026-04,29.2,5.0,Turun,166,9,4
USE-00919-202605,SME-2024-00919,2026-05,27.2,4.3,Turun,430,6,4
USE-00919-202606,SME-2024-00919,2026-06,30.3,4.2,Turun,192,8,3
USE-00920-202507,SME-2024-00920,2025-07,62.6,9.9,Turun,67,6,4
USE-00920-202508,SME-2024-00920,2025-08,57.3,7.9,Turun,96,6,4
USE-00920-202509,SME-2024-00920,2025-09,55.7,8.4,Turun,90,11,4
USE-00920-202510,SME-2024-00920,2025-10,52.2,7.8,Turun,65,9,4
USE-00920-202511,SME-2024-00920,2025-11,47.5,7.3,Turun,198,7,5
USE-00920-202512,SME-2024-00920,2025-12,42.5,6.4,Turun,31,5,4
USE-00920-202601,SME-2024-00920,2026-01,40.7,6.1,Turun,112,9,4
USE-00920-202602,SME-2024-00920,2026-02,38.9,5.5,Turun,449,7,4
USE-00920-202603,SME-2024-00920,2026-03,36.5,5.8,Turun,36,9,3
USE-00920-202604,SME-2024-00920,2026-04,32.8,4.8,Turun,151,11,3
USE-00920-202605,SME-2024-00920,2026-05,34.0,5.6,Turun,401,9,3
USE-00920-202606,SME-2024-00920,2026-06,32.5,4.3,Turun,314,6,4
USE-00921-202507,SME-2024-00921,2025-07,50.1,8.1,Turun,245,8,5
USE-00921-202508,SME-2024-00921,2025-08,50.0,8.3,Turun,554,1,4
USE-00921-202509,SME-2024-00921,2025-09,47.3,7.5,Turun,27,8,4
USE-00921-202510,SME-2024-00921,2025-10,48.0,7.2,Turun,246,6,4
USE-00921-202511,SME-2024-00921,2025-11,45.7,6.3,Turun,45,8,4
USE-00921-202512,SME-2024-00921,2025-12,45.5,6.2,Turun,214,3,4
USE-00921-202601,SME-2024-00921,2026-01,45.3,7.2,Turun,47,7,3
USE-00921-202602,SME-2024-00921,2026-02,41.2,7.4,Turun,24,9,4
USE-00921-202603,SME-2024-00921,2026-03,42.7,6.8,Turun,69,6,3
USE-00921-202604,SME-2024-00921,2026-04,44.0,5.7,Turun,316,5,2
USE-00921-202605,SME-2024-00921,2026-05,41.4,5.7,Turun,275,3,3
USE-00921-202606,SME-2024-00921,2026-06,37.7,6.2,Turun,4,6,3
USE-00922-202507,SME-2024-00922,2025-07,62.5,9.8,Turun,406,9,4
USE-00922-202508,SME-2024-00922,2025-08,60.6,9.0,Turun,417,14,4
USE-00922-202509,SME-2024-00922,2025-09,61.8,8.9,Turun,113,9,3
USE-00922-202510,SME-2024-00922,2025-10,61.1,8.9,Turun,195,10,3
USE-00922-202511,SME-2024-00922,2025-11,59.4,9.5,Turun,129,3,3
USE-00922-202512,SME-2024-00922,2025-12,57.8,8.5,Turun,4,5,3
USE-00922-202601,SME-2024-00922,2026-01,60.2,9.7,Turun,7,7,3
USE-00922-202602,SME-2024-00922,2026-02,57.6,9.2,Turun,143,9,2
USE-00922-202603,SME-2024-00922,2026-03,57.6,9.1,Turun,109,3,2
USE-00922-202604,SME-2024-00922,2026-04,53.7,7.8,Turun,115,8,2
USE-00922-202605,SME-2024-00922,2026-05,54.0,8.8,Turun,4,5,1
USE-00922-202606,SME-2024-00922,2026-06,55.7,8.6,Turun,79,7,2
USE-00923-202507,SME-2024-00923,2025-07,71.3,9.4,Turun,26,4,3
USE-00923-202508,SME-2024-00923,2025-08,68.6,10.2,Turun,55,8,3
USE-00923-202509,SME-2024-00923,2025-09,66.4,10.2,Turun,302,8,3
USE-00923-202510,SME-2024-00923,2025-10,63.6,9.8,Turun,216,7,3
USE-00923-202511,SME-2024-00923,2025-11,63.9,9.2,Turun,298,10,3
USE-00923-202512,SME-2024-00923,2025-12,61.3,9.0,Turun,28,11,3
USE-00923-202601,SME-2024-00923,2026-01,58.6,8.6,Turun,367,4,3
USE-00923-202602,SME-2024-00923,2026-02,58.7,9.3,Turun,146,8,2
USE-00923-202603,SME-2024-00923,2026-03,57.5,8.1,Turun,127,9,1
USE-00923-202604,SME-2024-00923,2026-04,56.5,8.2,Turun,81,7,2
USE-00923-202605,SME-2024-00923,2026-05,55.1,8.2,Turun,6,9,2
USE-00923-202606,SME-2024-00923,2026-06,54.0,7.6,Turun,8,4,2
USE-00924-202507,SME-2024-00924,2025-07,47.2,7.5,Turun,488,11,5
USE-00924-202508,SME-2024-00924,2025-08,47.8,7.7,Turun,109,4,5
USE-00924-202509,SME-2024-00924,2025-09,44.3,5.9,Turun,160,8,4
USE-00924-202510,SME-2024-00924,2025-10,44.7,6.8,Turun,271,5,4
USE-00924-202511,SME-2024-00924,2025-11,43.9,7.0,Turun,251,8,4
USE-00924-202512,SME-2024-00924,2025-12,37.7,5.8,Turun,260,9,4
USE-00924-202601,SME-2024-00924,2026-01,41.2,5.9,Turun,190,5,3
USE-00924-202602,SME-2024-00924,2026-02,36.7,5.0,Turun,43,5,3
USE-00924-202603,SME-2024-00924,2026-03,32.6,5.0,Turun,136,6,4
USE-00924-202604,SME-2024-00924,2026-04,34.6,5.1,Turun,168,9,3
USE-00924-202605,SME-2024-00924,2026-05,30.8,4.5,Turun,143,4,2
USE-00924-202606,SME-2024-00924,2026-06,30.4,4.0,Turun,245,7,2
USE-00925-202507,SME-2024-00925,2025-07,60.6,8.8,Stabil,135,6,4
USE-00925-202508,SME-2024-00925,2025-08,63.5,9.7,Stabil,67,12,4
USE-00925-202509,SME-2024-00925,2025-09,63.6,10.0,Stabil,99,7,4
USE-00925-202510,SME-2024-00925,2025-10,61.5,9.4,Stabil,70,6,3
USE-00925-202511,SME-2024-00925,2025-11,63.7,10.4,Stabil,438,10,3
USE-00925-202512,SME-2024-00925,2025-12,61.4,9.7,Stabil,376,10,3
USE-00925-202601,SME-2024-00925,2026-01,63.8,9.9,Fluktuatif,134,8,2
USE-00925-202602,SME-2024-00925,2026-02,61.5,9.1,Fluktuatif,251,9,3
USE-00925-202603,SME-2024-00925,2026-03,60.2,9.7,Fluktuatif,19,4,3
USE-00925-202604,SME-2024-00925,2026-04,62.8,9.1,Fluktuatif,40,9,2
USE-00925-202605,SME-2024-00925,2026-05,66.6,9.9,Fluktuatif,20,6,2
USE-00925-202606,SME-2024-00925,2026-06,62.7,9.2,Fluktuatif,1,7,2
USE-00926-202510,SME-2024-00926,2025-10,62.7,9.3,Turun,26,5,2
USE-00926-202511,SME-2024-00926,2025-11,61.9,9.6,Turun,91,7,2
USE-00926-202512,SME-2024-00926,2025-12,54.9,8.2,Turun,58,2,3
USE-00926-202601,SME-2024-00926,2026-01,58.3,8.7,Turun,43,4,2
USE-00926-202602,SME-2024-00926,2026-02,57.7,9.2,Turun,44,8,2
USE-00926-202603,SME-2024-00926,2026-03,50.0,8.2,Turun,117,3,2
USE-00926-202604,SME-2024-00926,2026-04,46.2,6.7,Turun,613,8,2
USE-00926-202605,SME-2024-00926,2026-05,46.1,6.9,Turun,111,10,2
USE-00926-202606,SME-2024-00926,2026-06,41.3,6.3,Turun,11,6,2
USE-00927-202507,SME-2024-00927,2025-07,64.0,9.4,Turun,634,8,3
USE-00927-202508,SME-2024-00927,2025-08,66.4,9.9,Turun,29,7,2
USE-00927-202509,SME-2024-00927,2025-09,62.4,10.0,Turun,37,9,3
USE-00927-202510,SME-2024-00927,2025-10,60.0,8.5,Turun,121,7,3
USE-00927-202511,SME-2024-00927,2025-11,55.5,7.5,Turun,260,6,3
USE-00927-202512,SME-2024-00927,2025-12,52.9,7.7,Turun,64,6,3
USE-00927-202601,SME-2024-00927,2026-01,54.2,7.5,Turun,122,4,3
USE-00927-202602,SME-2024-00927,2026-02,47.0,7.1,Turun,41,10,1
USE-00927-202603,SME-2024-00927,2026-03,44.0,6.6,Turun,306,10,2
USE-00927-202604,SME-2024-00927,2026-04,42.8,6.6,Turun,6,10,2
USE-00927-202605,SME-2024-00927,2026-05,40.9,5.7,Turun,214,5,1
USE-00927-202606,SME-2024-00927,2026-06,39.9,6.6,Turun,23,10,1
USE-00928-202507,SME-2024-00928,2025-07,53.7,8.7,Turun,29,9,5
USE-00928-202508,SME-2024-00928,2025-08,52.7,8.0,Turun,561,7,5
USE-00928-202509,SME-2024-00928,2025-09,47.2,8.1,Turun,12,3,4
USE-00928-202510,SME-2024-00928,2025-10,50.9,7.7,Turun,419,6,4
USE-00928-202511,SME-2024-00928,2025-11,47.1,6.6,Turun,162,8,4
USE-00928-202512,SME-2024-00928,2025-12,50.7,8.1,Turun,200,5,4
USE-00928-202601,SME-2024-00928,2026-01,43.3,6.5,Turun,774,12,5
USE-00928-202602,SME-2024-00928,2026-02,43.3,6.4,Turun,118,5,4
USE-00928-202603,SME-2024-00928,2026-03,42.4,6.1,Turun,333,5,3
USE-00928-202604,SME-2024-00928,2026-04,42.4,7.0,Turun,244,7,4
USE-00928-202605,SME-2024-00928,2026-05,37.9,5.9,Turun,3,8,4
USE-00928-202606,SME-2024-00928,2026-06,37.6,6.1,Turun,221,7,3
USE-00929-202507,SME-2024-00929,2025-07,40.3,5.8,Turun,17,9,5
USE-00929-202508,SME-2024-00929,2025-08,43.0,6.9,Turun,44,5,4
USE-00929-202509,SME-2024-00929,2025-09,41.4,6.9,Turun,8,7,5
USE-00929-202510,SME-2024-00929,2025-10,37.7,5.3,Turun,73,4,5
USE-00929-202511,SME-2024-00929,2025-11,37.6,6.0,Turun,50,8,4
USE-00929-202512,SME-2024-00929,2025-12,40.1,6.6,Turun,365,8,4
USE-00929-202601,SME-2024-00929,2026-01,34.6,5.3,Turun,50,10,4
USE-00929-202602,SME-2024-00929,2026-02,35.3,5.3,Turun,140,4,5
USE-00929-202603,SME-2024-00929,2026-03,32.7,4.6,Turun,230,8,4
USE-00929-202604,SME-2024-00929,2026-04,30.0,4.6,Turun,57,8,5
USE-00929-202605,SME-2024-00929,2026-05,28.0,4.9,Turun,473,8,4
USE-00929-202606,SME-2024-00929,2026-06,28.3,5.4,Turun,38,4,4
USE-00930-202511,SME-2024-00930,2025-11,58.6,8.8,Stabil,310,6,5
USE-00930-202512,SME-2024-00930,2025-12,59.0,9.2,Stabil,96,8,5
USE-00930-202601,SME-2024-00930,2026-01,56.8,8.6,Fluktuatif,152,7,5
USE-00930-202602,SME-2024-00930,2026-02,59.1,9.0,Stabil,322,8,5
USE-00930-202603,SME-2024-00930,2026-03,58.6,8.4,Fluktuatif,694,7,5
USE-00930-202604,SME-2024-00930,2026-04,52.2,8.6,Fluktuatif,320,6,5
USE-00930-202605,SME-2024-00930,2026-05,57.4,8.6,Stabil,72,9,4
USE-00930-202606,SME-2024-00930,2026-06,52.6,7.4,Fluktuatif,1061,9,4
USE-00931-202507,SME-2024-00931,2025-07,40.9,6.9,Turun,79,6,4
USE-00931-202508,SME-2024-00931,2025-08,43.1,7.1,Turun,108,5,4
USE-00931-202509,SME-2024-00931,2025-09,42.9,6.6,Turun,445,4,4
USE-00931-202510,SME-2024-00931,2025-10,35.8,6.3,Turun,22,6,4
USE-00931-202511,SME-2024-00931,2025-11,34.4,5.6,Turun,333,9,3
USE-00931-202512,SME-2024-00931,2025-12,37.6,6.4,Turun,28,7,4
USE-00931-202601,SME-2024-00931,2026-01,34.7,5.4,Turun,158,5,3
USE-00931-202602,SME-2024-00931,2026-02,28.1,3.9,Turun,496,4,3
USE-00931-202603,SME-2024-00931,2026-03,29.0,4.5,Turun,100,3,3
USE-00931-202604,SME-2024-00931,2026-04,24.9,3.0,Turun,35,6,3
USE-00931-202605,SME-2024-00931,2026-05,24.6,4.3,Turun,8,6,2
USE-00931-202606,SME-2024-00931,2026-06,24.9,3.8,Turun,5,10,3
USE-00932-202507,SME-2024-00932,2025-07,56.6,8.3,Turun,111,3,4
USE-00932-202508,SME-2024-00932,2025-08,58.9,9.2,Turun,393,7,4
USE-00932-202509,SME-2024-00932,2025-09,50.3,8.1,Turun,145,13,4
USE-00932-202510,SME-2024-00932,2025-10,48.6,7.2,Turun,43,4,3
USE-00932-202511,SME-2024-00932,2025-11,52.2,7.9,Turun,105,9,3
USE-00932-202512,SME-2024-00932,2025-12,49.9,7.2,Turun,100,8,3
USE-00932-202601,SME-2024-00932,2026-01,45.0,7.1,Turun,48,7,3
USE-00932-202602,SME-2024-00932,2026-02,45.0,7.3,Turun,67,8,3
USE-00932-202603,SME-2024-00932,2026-03,42.5,6.6,Turun,129,2,3
USE-00932-202604,SME-2024-00932,2026-04,42.3,6.3,Turun,106,9,2
USE-00932-202605,SME-2024-00932,2026-05,43.3,7.0,Turun,32,6,2
USE-00932-202606,SME-2024-00932,2026-06,43.3,6.9,Turun,674,10,3
USE-00933-202507,SME-2024-00933,2025-07,54.9,9.0,Turun,162,4,5
USE-00933-202508,SME-2024-00933,2025-08,54.8,8.7,Turun,289,12,5
USE-00933-202509,SME-2024-00933,2025-09,50.6,7.5,Turun,4,8,4
USE-00933-202510,SME-2024-00933,2025-10,51.6,7.4,Turun,86,1,4
USE-00933-202511,SME-2024-00933,2025-11,42.2,7.1,Turun,208,9,4
USE-00933-202512,SME-2024-00933,2025-12,42.6,6.5,Turun,182,4,4
USE-00933-202601,SME-2024-00933,2026-01,41.1,6.8,Turun,219,4,4
USE-00933-202602,SME-2024-00933,2026-02,39.7,5.7,Turun,0,6,3
USE-00933-202603,SME-2024-00933,2026-03,34.9,5.8,Turun,384,6,4
USE-00933-202604,SME-2024-00933,2026-04,36.0,5.1,Turun,214,5,4
USE-00933-202605,SME-2024-00933,2026-05,31.5,5.1,Turun,4,4,3
USE-00933-202606,SME-2024-00933,2026-06,27.0,3.8,Turun,519,3,3
USE-00934-202507,SME-2024-00934,2025-07,49.5,7.8,Fluktuatif,50,8,6
USE-00934-202508,SME-2024-00934,2025-08,47.9,6.2,Fluktuatif,327,11,5
USE-00934-202509,SME-2024-00934,2025-09,50.6,8.0,Stabil,365,9,5
USE-00934-202510,SME-2024-00934,2025-10,49.4,6.8,Fluktuatif,72,9,4
USE-00934-202511,SME-2024-00934,2025-11,47.4,6.6,Fluktuatif,311,7,3
USE-00934-202512,SME-2024-00934,2025-12,49.1,7.1,Stabil,683,7,3
USE-00934-202601,SME-2024-00934,2026-01,46.1,6.0,Fluktuatif,69,10,4
USE-00934-202602,SME-2024-00934,2026-02,44.7,6.4,Fluktuatif,136,8,4
USE-00934-202603,SME-2024-00934,2026-03,46.4,7.8,Stabil,153,10,4
USE-00934-202604,SME-2024-00934,2026-04,45.7,6.3,Stabil,256,5,3
USE-00934-202605,SME-2024-00934,2026-05,44.6,7.2,Fluktuatif,131,5,3
USE-00934-202606,SME-2024-00934,2026-06,43.8,6.8,Fluktuatif,9,5,3
USE-00935-202507,SME-2024-00935,2025-07,52.4,8.1,Fluktuatif,30,3,4
USE-00935-202508,SME-2024-00935,2025-08,52.1,8.3,Fluktuatif,231,9,4
USE-00935-202509,SME-2024-00935,2025-09,53.7,8.1,Stabil,65,10,3
USE-00935-202510,SME-2024-00935,2025-10,49.7,7.2,Stabil,102,10,3
USE-00935-202511,SME-2024-00935,2025-11,52.3,8.0,Fluktuatif,265,6,4
USE-00935-202512,SME-2024-00935,2025-12,56.1,8.2,Stabil,161,13,4
USE-00935-202601,SME-2024-00935,2026-01,55.6,8.1,Fluktuatif,542,7,3
USE-00935-202602,SME-2024-00935,2026-02,54.5,8.2,Stabil,193,8,3
USE-00935-202603,SME-2024-00935,2026-03,57.4,9.4,Stabil,1047,9,2
USE-00935-202604,SME-2024-00935,2026-04,60.9,8.6,Stabil,76,10,3
USE-00935-202605,SME-2024-00935,2026-05,58.7,8.9,Stabil,85,10,2
USE-00935-202606,SME-2024-00935,2026-06,59.5,9.0,Stabil,75,8,2
USE-00936-202507,SME-2024-00936,2025-07,32.2,4.8,Turun,321,6,4
USE-00936-202508,SME-2024-00936,2025-08,29.8,4.7,Turun,38,14,4
USE-00936-202509,SME-2024-00936,2025-09,29.2,4.7,Turun,7,7,4
USE-00936-202510,SME-2024-00936,2025-10,28.9,4.7,Turun,94,3,5
USE-00936-202511,SME-2024-00936,2025-11,21.9,3.3,Turun,471,7,3
USE-00936-202512,SME-2024-00936,2025-12,20.9,3.2,Turun,229,7,3
USE-00936-202601,SME-2024-00936,2026-01,18.9,2.8,Turun,25,8,5
USE-00936-202602,SME-2024-00936,2026-02,16.3,2.5,Turun,16,7,4
USE-00936-202603,SME-2024-00936,2026-03,10.0,1.2,Turun,293,7,4
USE-00936-202604,SME-2024-00936,2026-04,6.4,1.0,Turun,72,16,3
USE-00936-202605,SME-2024-00936,2026-05,5.0,1.0,Turun,350,6,3
USE-00936-202606,SME-2024-00936,2026-06,5.0,1.0,Turun,138,8,3
USE-00937-202507,SME-2024-00937,2025-07,50.1,7.5,Turun,422,4,5
USE-00937-202508,SME-2024-00937,2025-08,49.2,8.3,Turun,50,5,5
USE-00937-202509,SME-2024-00937,2025-09,48.9,6.8,Turun,20,4,4
USE-00937-202510,SME-2024-00937,2025-10,48.3,7.2,Turun,22,4,4
USE-00937-202511,SME-2024-00937,2025-11,48.2,7.1,Turun,277,10,4
USE-00937-202512,SME-2024-00937,2025-12,43.0,7.3,Turun,453,6,4
USE-00937-202601,SME-2024-00937,2026-01,45.2,6.7,Turun,75,4,3
USE-00937-202602,SME-2024-00937,2026-02,43.9,6.0,Turun,454,11,3
USE-00937-202603,SME-2024-00937,2026-03,40.4,5.7,Turun,242,7,3
USE-00937-202604,SME-2024-00937,2026-04,41.7,4.8,Turun,54,9,3
USE-00937-202605,SME-2024-00937,2026-05,43.5,7.3,Turun,115,8,3
USE-00937-202606,SME-2024-00937,2026-06,37.7,5.9,Turun,177,9,3
USE-00938-202507,SME-2024-00938,2025-07,53.3,8.2,Turun,100,10,3
USE-00938-202508,SME-2024-00938,2025-08,52.5,8.1,Turun,341,6,3
USE-00938-202509,SME-2024-00938,2025-09,51.5,7.9,Turun,15,5,3
USE-00938-202510,SME-2024-00938,2025-10,52.3,8.5,Turun,68,6,3
USE-00938-202511,SME-2024-00938,2025-11,50.3,7.0,Turun,18,1,3
USE-00938-202512,SME-2024-00938,2025-12,49.0,7.1,Turun,91,5,2
USE-00938-202601,SME-2024-00938,2026-01,44.6,6.9,Turun,874,10,2
USE-00938-202602,SME-2024-00938,2026-02,42.0,7.1,Turun,1,9,2
USE-00938-202603,SME-2024-00938,2026-03,39.0,5.3,Turun,218,7,2
USE-00938-202604,SME-2024-00938,2026-04,37.1,5.0,Turun,315,4,2
USE-00938-202605,SME-2024-00938,2026-05,36.7,5.5,Turun,36,6,1
USE-00938-202606,SME-2024-00938,2026-06,35.7,5.4,Turun,331,8,1
USE-00939-202507,SME-2024-00939,2025-07,60.8,9.7,Stabil,58,4,4
USE-00939-202508,SME-2024-00939,2025-08,62.5,9.3,Stabil,168,11,4
USE-00939-202509,SME-2024-00939,2025-09,61.0,9.2,Stabil,31,5,4
USE-00939-202510,SME-2024-00939,2025-10,59.6,9.0,Stabil,37,8,3
USE-00939-202511,SME-2024-00939,2025-11,58.9,9.1,Stabil,9,14,3
USE-00939-202512,SME-2024-00939,2025-12,56.4,7.6,Stabil,58,5,3
USE-00939-202601,SME-2024-00939,2026-01,55.0,8.3,Stabil,222,6,3
USE-00939-202602,SME-2024-00939,2026-02,53.4,7.1,Fluktuatif,77,8,2
USE-00939-202603,SME-2024-00939,2026-03,54.5,7.5,Fluktuatif,76,8,3
USE-00939-202604,SME-2024-00939,2026-04,53.8,8.0,Stabil,403,9,2
USE-00939-202605,SME-2024-00939,2026-05,52.4,7.0,Stabil,45,5,3
USE-00939-202606,SME-2024-00939,2026-06,52.5,8.2,Stabil,275,8,2
USE-00940-202507,SME-2024-00940,2025-07,49.2,7.4,Turun,150,5,5
USE-00940-202508,SME-2024-00940,2025-08,43.3,6.7,Turun,220,5,5
USE-00940-202509,SME-2024-00940,2025-09,39.5,5.4,Turun,414,4,5
USE-00940-202510,SME-2024-00940,2025-10,37.2,6.2,Turun,3,8,5
USE-00940-202511,SME-2024-00940,2025-11,34.0,5.2,Turun,240,5,5
USE-00940-202512,SME-2024-00940,2025-12,33.7,4.5,Turun,108,7,5
USE-00940-202601,SME-2024-00940,2026-01,29.6,4.1,Turun,85,6,4
USE-00940-202602,SME-2024-00940,2026-02,24.3,3.8,Turun,141,8,4
USE-00940-202603,SME-2024-00940,2026-03,24.6,4.1,Turun,299,2,4
USE-00940-202604,SME-2024-00940,2026-04,22.0,3.1,Turun,210,5,4
USE-00940-202605,SME-2024-00940,2026-05,20.6,3.2,Turun,112,6,4
USE-00940-202606,SME-2024-00940,2026-06,13.3,2.1,Turun,811,9,3
USE-00941-202512,SME-2024-00941,2025-12,51.0,7.3,Turun,51,6,5
USE-00941-202601,SME-2024-00941,2026-01,44.4,6.6,Turun,55,7,5
USE-00941-202602,SME-2024-00941,2026-02,45.5,6.5,Turun,74,6,5
USE-00941-202603,SME-2024-00941,2026-03,44.1,6.1,Turun,13,8,4
USE-00941-202604,SME-2024-00941,2026-04,38.0,5.9,Turun,32,6,4
USE-00941-202605,SME-2024-00941,2026-05,38.5,5.3,Turun,254,9,4
USE-00941-202606,SME-2024-00941,2026-06,34.0,5.5,Turun,1,7,4
USE-00942-202507,SME-2024-00942,2025-07,50.6,7.7,Turun,226,8,5
USE-00942-202508,SME-2024-00942,2025-08,50.7,7.5,Turun,182,7,3
USE-00942-202509,SME-2024-00942,2025-09,47.7,7.3,Turun,44,4,4
USE-00942-202510,SME-2024-00942,2025-10,46.2,6.3,Turun,239,8,4
USE-00942-202511,SME-2024-00942,2025-11,45.6,7.1,Turun,315,4,4
USE-00942-202512,SME-2024-00942,2025-12,44.5,7.2,Turun,261,9,4
USE-00942-202601,SME-2024-00942,2026-01,42.1,6.5,Turun,54,4,2
USE-00942-202602,SME-2024-00942,2026-02,38.1,6.0,Turun,244,8,4
USE-00942-202603,SME-2024-00942,2026-03,38.1,6.3,Turun,24,2,3
USE-00942-202604,SME-2024-00942,2026-04,37.3,5.4,Turun,420,2,3
USE-00942-202605,SME-2024-00942,2026-05,32.7,4.6,Turun,126,10,3
USE-00942-202606,SME-2024-00942,2026-06,35.8,5.1,Turun,58,8,2
USE-00943-202507,SME-2024-00943,2025-07,42.6,6.4,Naik,65,6,5
USE-00943-202508,SME-2024-00943,2025-08,43.8,7.0,Naik,115,12,4
USE-00943-202509,SME-2024-00943,2025-09,44.8,7.1,Naik,147,7,4
USE-00943-202510,SME-2024-00943,2025-10,49.6,6.9,Naik,460,4,4
USE-00943-202511,SME-2024-00943,2025-11,46.3,6.9,Naik,118,6,4
USE-00943-202512,SME-2024-00943,2025-12,53.0,7.3,Naik,722,13,4
USE-00943-202601,SME-2024-00943,2026-01,47.4,7.0,Naik,63,7,3
USE-00943-202602,SME-2024-00943,2026-02,49.7,6.7,Naik,393,3,4
USE-00943-202603,SME-2024-00943,2026-03,52.6,8.0,Naik,368,12,3
USE-00943-202604,SME-2024-00943,2026-04,51.2,7.2,Naik,257,8,4
USE-00943-202605,SME-2024-00943,2026-05,49.2,6.8,Naik,122,6,3
USE-00943-202606,SME-2024-00943,2026-06,52.6,8.4,Naik,41,5,3
USE-00944-202507,SME-2024-00944,2025-07,31.9,3.7,Turun,81,7,5
USE-00944-202508,SME-2024-00944,2025-08,32.8,5.1,Turun,99,9,5
USE-00944-202509,SME-2024-00944,2025-09,28.1,4.1,Turun,124,9,4
USE-00944-202510,SME-2024-00944,2025-10,28.9,4.6,Turun,25,6,4
USE-00944-202511,SME-2024-00944,2025-11,23.4,3.7,Turun,3,9,3
USE-00944-202512,SME-2024-00944,2025-12,25.7,4.1,Turun,27,11,4
USE-00944-202601,SME-2024-00944,2026-01,26.5,3.6,Turun,20,3,4
USE-00944-202602,SME-2024-00944,2026-02,23.8,4.0,Turun,665,2,4
USE-00944-202603,SME-2024-00944,2026-03,21.3,2.8,Turun,7,6,4
USE-00944-202604,SME-2024-00944,2026-04,19.8,3.7,Turun,12,8,3
USE-00944-202605,SME-2024-00944,2026-05,18.6,2.3,Turun,94,7,3
USE-00944-202606,SME-2024-00944,2026-06,15.9,2.9,Turun,374,12,2
USE-00945-202507,SME-2024-00945,2025-07,43.2,6.2,Stabil,180,8,4
USE-00945-202508,SME-2024-00945,2025-08,45.2,7.1,Stabil,20,10,3
USE-00945-202509,SME-2024-00945,2025-09,46.2,7.5,Stabil,131,7,3
USE-00945-202510,SME-2024-00945,2025-10,44.2,7.3,Stabil,81,5,2
USE-00945-202511,SME-2024-00945,2025-11,46.5,6.8,Fluktuatif,92,5,3
USE-00945-202512,SME-2024-00945,2025-12,44.6,7.5,Fluktuatif,348,10,3
USE-00945-202601,SME-2024-00945,2026-01,44.0,5.8,Stabil,15,5,2
USE-00945-202602,SME-2024-00945,2026-02,45.4,7.0,Fluktuatif,58,9,4
USE-00945-202603,SME-2024-00945,2026-03,43.3,6.9,Stabil,68,3,2
USE-00945-202604,SME-2024-00945,2026-04,46.0,6.5,Stabil,34,9,2
USE-00945-202605,SME-2024-00945,2026-05,41.8,6.5,Stabil,38,6,1
USE-00945-202606,SME-2024-00945,2026-06,42.5,6.1,Fluktuatif,96,2,2
USE-00946-202507,SME-2024-00946,2025-07,50.5,7.3,Turun,57,10,4
USE-00946-202508,SME-2024-00946,2025-08,49.2,7.4,Turun,30,9,4
USE-00946-202509,SME-2024-00946,2025-09,49.9,7.5,Turun,378,3,4
USE-00946-202510,SME-2024-00946,2025-10,46.6,7.3,Turun,543,10,4
USE-00946-202511,SME-2024-00946,2025-11,47.6,6.6,Turun,297,4,3
USE-00946-202512,SME-2024-00946,2025-12,45.3,6.5,Turun,104,10,3
USE-00946-202601,SME-2024-00946,2026-01,45.2,7.0,Turun,309,5,3
USE-00946-202602,SME-2024-00946,2026-02,44.2,7.4,Turun,166,8,3
USE-00946-202603,SME-2024-00946,2026-03,43.3,6.2,Turun,445,6,3
USE-00946-202604,SME-2024-00946,2026-04,39.2,6.7,Turun,91,5,3
USE-00946-202605,SME-2024-00946,2026-05,40.3,5.6,Turun,638,9,2
USE-00946-202606,SME-2024-00946,2026-06,38.5,5.1,Turun,26,2,2
USE-00947-202507,SME-2024-00947,2025-07,58.6,8.7,Turun,202,10,3
USE-00947-202508,SME-2024-00947,2025-08,50.0,7.6,Turun,21,3,3
USE-00947-202509,SME-2024-00947,2025-09,48.3,6.6,Turun,187,10,3
USE-00947-202510,SME-2024-00947,2025-10,44.8,7.7,Turun,34,8,3
USE-00947-202511,SME-2024-00947,2025-11,44.1,6.9,Turun,125,13,3
USE-00947-202512,SME-2024-00947,2025-12,37.2,5.8,Turun,52,7,2
USE-00947-202601,SME-2024-00947,2026-01,34.5,4.7,Turun,108,3,2
USE-00947-202602,SME-2024-00947,2026-02,32.2,4.7,Turun,62,7,3
USE-00947-202603,SME-2024-00947,2026-03,27.0,3.9,Turun,395,8,2
USE-00947-202604,SME-2024-00947,2026-04,28.7,4.3,Turun,104,10,2
USE-00947-202605,SME-2024-00947,2026-05,21.5,2.9,Turun,230,2,2
USE-00947-202606,SME-2024-00947,2026-06,19.3,3.1,Turun,512,8,2
USE-00948-202507,SME-2024-00948,2025-07,45.5,6.1,Turun,32,5,4
USE-00948-202508,SME-2024-00948,2025-08,41.6,6.4,Turun,59,5,2
USE-00948-202509,SME-2024-00948,2025-09,38.1,5.2,Turun,65,3,2
USE-00948-202510,SME-2024-00948,2025-10,38.5,4.8,Turun,383,4,3
USE-00948-202511,SME-2024-00948,2025-11,35.3,5.6,Turun,106,3,2
USE-00948-202512,SME-2024-00948,2025-12,31.7,4.6,Turun,56,6,3
USE-00948-202601,SME-2024-00948,2026-01,33.5,4.9,Turun,443,8,3
USE-00948-202602,SME-2024-00948,2026-02,32.0,4.2,Turun,23,3,2
USE-00948-202603,SME-2024-00948,2026-03,27.8,4.3,Turun,80,10,3
USE-00948-202604,SME-2024-00948,2026-04,24.2,3.2,Turun,384,10,1
USE-00948-202605,SME-2024-00948,2026-05,23.0,2.5,Turun,135,4,2
USE-00948-202606,SME-2024-00948,2026-06,20.7,3.1,Turun,100,7,2
USE-00949-202507,SME-2024-00949,2025-07,35.1,5.8,Turun,318,9,5
USE-00949-202508,SME-2024-00949,2025-08,34.7,5.9,Turun,309,11,4
USE-00949-202509,SME-2024-00949,2025-09,35.5,6.1,Turun,120,5,5
USE-00949-202510,SME-2024-00949,2025-10,28.4,4.4,Turun,249,10,4
USE-00949-202511,SME-2024-00949,2025-11,27.0,4.2,Turun,767,8,4
USE-00949-202512,SME-2024-00949,2025-12,28.8,4.3,Turun,219,9,3
USE-00949-202601,SME-2024-00949,2026-01,28.6,4.9,Turun,5,5,3
USE-00949-202602,SME-2024-00949,2026-02,20.7,3.0,Turun,76,8,4
USE-00949-202603,SME-2024-00949,2026-03,21.7,3.6,Turun,265,6,3
USE-00949-202604,SME-2024-00949,2026-04,19.7,2.6,Turun,86,4,3
USE-00949-202605,SME-2024-00949,2026-05,18.6,3.4,Turun,115,10,2
USE-00949-202606,SME-2024-00949,2026-06,21.0,3.1,Turun,138,10,2
USE-00950-202507,SME-2024-00950,2025-07,61.9,9.1,Turun,36,5,5
USE-00950-202508,SME-2024-00950,2025-08,59.2,8.7,Turun,149,8,5
USE-00950-202509,SME-2024-00950,2025-09,59.4,8.1,Turun,154,4,4
USE-00950-202510,SME-2024-00950,2025-10,58.4,9.1,Turun,57,7,5
USE-00950-202511,SME-2024-00950,2025-11,55.0,7.8,Turun,572,3,4
USE-00950-202512,SME-2024-00950,2025-12,56.9,9.2,Turun,211,9,4
USE-00950-202601,SME-2024-00950,2026-01,53.7,7.7,Turun,102,8,3
USE-00950-202602,SME-2024-00950,2026-02,48.4,6.7,Turun,206,3,4
USE-00950-202603,SME-2024-00950,2026-03,50.9,7.7,Turun,61,8,3
USE-00950-202604,SME-2024-00950,2026-04,46.7,7.4,Turun,229,2,4
USE-00950-202605,SME-2024-00950,2026-05,45.5,6.6,Turun,75,6,4
USE-00950-202606,SME-2024-00950,2026-06,45.7,7.0,Turun,27,6,3
USE-00951-202507,SME-2024-00951,2025-07,38.0,5.3,Turun,35,6,4
USE-00951-202508,SME-2024-00951,2025-08,39.5,5.3,Turun,217,3,3
USE-00951-202509,SME-2024-00951,2025-09,36.8,6.0,Turun,115,10,3
USE-00951-202510,SME-2024-00951,2025-10,40.9,4.9,Turun,101,5,3
USE-00951-202511,SME-2024-00951,2025-11,33.9,4.7,Turun,27,7,3
USE-00951-202512,SME-2024-00951,2025-12,34.1,5.0,Turun,78,10,2
USE-00951-202601,SME-2024-00951,2026-01,29.6,4.2,Turun,149,12,2
USE-00951-202602,SME-2024-00951,2026-02,25.7,4.2,Turun,328,10,2
USE-00951-202603,SME-2024-00951,2026-03,28.6,4.1,Turun,295,7,2
USE-00951-202604,SME-2024-00951,2026-04,24.1,3.8,Turun,143,8,2
USE-00951-202605,SME-2024-00951,2026-05,22.2,3.2,Turun,52,8,2
USE-00951-202606,SME-2024-00951,2026-06,21.8,3.2,Turun,424,4,2
USE-00952-202507,SME-2024-00952,2025-07,43.6,6.2,Turun,2,8,4
USE-00952-202508,SME-2024-00952,2025-08,49.4,6.4,Turun,431,5,4
USE-00952-202509,SME-2024-00952,2025-09,43.3,7.5,Turun,41,7,3
USE-00952-202510,SME-2024-00952,2025-10,40.0,5.9,Turun,56,5,4
USE-00952-202511,SME-2024-00952,2025-11,39.7,4.8,Turun,186,4,4
USE-00952-202512,SME-2024-00952,2025-12,38.5,6.0,Turun,97,10,4
USE-00952-202601,SME-2024-00952,2026-01,35.9,5.9,Turun,302,6,4
USE-00952-202602,SME-2024-00952,2026-02,35.9,5.5,Turun,58,5,3
USE-00952-202603,SME-2024-00952,2026-03,32.7,5.4,Turun,168,10,4
USE-00952-202604,SME-2024-00952,2026-04,33.2,4.7,Turun,40,9,2
USE-00952-202605,SME-2024-00952,2026-05,30.5,4.4,Turun,131,9,3
USE-00952-202606,SME-2024-00952,2026-06,27.3,4.2,Turun,87,8,3
USE-00953-202511,SME-2024-00953,2025-11,59.1,9.6,Turun,203,9,4
USE-00953-202512,SME-2024-00953,2025-12,57.7,7.9,Turun,91,8,3
USE-00953-202601,SME-2024-00953,2026-01,55.9,8.6,Turun,11,8,3
USE-00953-202602,SME-2024-00953,2026-02,54.5,8.5,Turun,129,5,4
USE-00953-202603,SME-2024-00953,2026-03,54.9,7.6,Turun,205,4,3
USE-00953-202604,SME-2024-00953,2026-04,53.0,7.9,Turun,181,3,3
USE-00953-202605,SME-2024-00953,2026-05,50.6,8.2,Turun,104,8,3
USE-00953-202606,SME-2024-00953,2026-06,45.2,6.2,Turun,81,7,3
USE-00954-202507,SME-2024-00954,2025-07,53.9,7.6,Turun,187,11,4
USE-00954-202508,SME-2024-00954,2025-08,54.0,8.5,Turun,146,10,4
USE-00954-202509,SME-2024-00954,2025-09,53.2,7.1,Turun,883,5,3
USE-00954-202510,SME-2024-00954,2025-10,52.1,7.7,Turun,309,11,3
USE-00954-202511,SME-2024-00954,2025-11,51.5,7.3,Turun,515,10,3
USE-00954-202512,SME-2024-00954,2025-12,48.3,6.5,Turun,201,5,3
USE-00954-202601,SME-2024-00954,2026-01,48.4,7.4,Turun,377,8,2
USE-00954-202602,SME-2024-00954,2026-02,45.6,7.1,Turun,378,6,2
USE-00954-202603,SME-2024-00954,2026-03,44.2,7.5,Turun,402,10,3
USE-00954-202604,SME-2024-00954,2026-04,41.8,6.8,Turun,114,7,3
USE-00954-202605,SME-2024-00954,2026-05,40.3,6.0,Turun,107,6,2
USE-00954-202606,SME-2024-00954,2026-06,41.1,6.3,Turun,77,6,2
USE-00955-202507,SME-2024-00955,2025-07,46.6,7.3,Turun,10,7,2
USE-00955-202508,SME-2024-00955,2025-08,46.4,6.4,Turun,164,14,2
USE-00955-202509,SME-2024-00955,2025-09,42.8,6.9,Turun,71,10,2
USE-00955-202510,SME-2024-00955,2025-10,41.5,5.9,Turun,48,7,2
USE-00955-202511,SME-2024-00955,2025-11,42.2,5.9,Turun,206,12,2
USE-00955-202512,SME-2024-00955,2025-12,43.0,6.5,Turun,153,10,1
USE-00955-202601,SME-2024-00955,2026-01,43.5,5.9,Turun,407,11,1
USE-00955-202602,SME-2024-00955,2026-02,41.5,6.8,Turun,33,6,1
USE-00955-202603,SME-2024-00955,2026-03,37.3,6.5,Turun,140,10,1
USE-00955-202604,SME-2024-00955,2026-04,41.6,6.6,Turun,88,4,1
USE-00955-202605,SME-2024-00955,2026-05,38.0,5.6,Turun,156,2,1
USE-00955-202606,SME-2024-00955,2026-06,33.7,5.6,Turun,78,5,1
USE-00956-202507,SME-2024-00956,2025-07,40.2,6.5,Turun,103,5,3
USE-00956-202508,SME-2024-00956,2025-08,31.6,5.3,Turun,67,4,3
USE-00956-202509,SME-2024-00956,2025-09,37.3,5.4,Turun,125,6,4
USE-00956-202510,SME-2024-00956,2025-10,34.5,4.7,Turun,232,5,3
USE-00956-202511,SME-2024-00956,2025-11,31.6,5.1,Turun,69,5,3
USE-00956-202512,SME-2024-00956,2025-12,27.6,4.7,Turun,42,10,3
USE-00956-202601,SME-2024-00956,2026-01,28.0,3.3,Turun,198,9,3
USE-00956-202602,SME-2024-00956,2026-02,26.3,3.8,Turun,601,6,2
USE-00956-202603,SME-2024-00956,2026-03,27.8,5.0,Turun,138,4,3
USE-00956-202604,SME-2024-00956,2026-04,23.5,4.1,Turun,133,7,2
USE-00956-202605,SME-2024-00956,2026-05,22.3,3.2,Turun,133,13,2
USE-00956-202606,SME-2024-00956,2026-06,17.7,3.3,Turun,211,7,3
USE-00957-202507,SME-2024-00957,2025-07,52.7,7.6,Turun,273,8,4
USE-00957-202508,SME-2024-00957,2025-08,47.7,6.8,Turun,118,7,4
USE-00957-202509,SME-2024-00957,2025-09,49.1,7.5,Turun,204,10,4
USE-00957-202510,SME-2024-00957,2025-10,48.8,7.9,Turun,76,8,4
USE-00957-202511,SME-2024-00957,2025-11,43.0,6.5,Turun,48,7,3
USE-00957-202512,SME-2024-00957,2025-12,44.3,7.2,Turun,424,7,3
USE-00957-202601,SME-2024-00957,2026-01,39.6,5.7,Turun,26,7,3
USE-00957-202602,SME-2024-00957,2026-02,38.5,5.8,Turun,127,3,2
USE-00957-202603,SME-2024-00957,2026-03,36.6,4.8,Turun,469,8,3
USE-00957-202604,SME-2024-00957,2026-04,34.9,5.4,Turun,22,1,3
USE-00957-202605,SME-2024-00957,2026-05,33.4,3.9,Turun,88,5,3
USE-00957-202606,SME-2024-00957,2026-06,30.0,3.7,Turun,134,4,2
USE-00958-202507,SME-2024-00958,2025-07,53.9,7.8,Turun,251,5,3
USE-00958-202508,SME-2024-00958,2025-08,51.2,7.7,Turun,126,5,3
USE-00958-202509,SME-2024-00958,2025-09,54.7,8.4,Turun,67,6,3
USE-00958-202510,SME-2024-00958,2025-10,46.1,6.6,Turun,83,11,3
USE-00958-202511,SME-2024-00958,2025-11,50.6,7.5,Turun,43,9,3
USE-00958-202512,SME-2024-00958,2025-12,45.6,7.0,Turun,7,10,3
USE-00958-202601,SME-2024-00958,2026-01,41.9,6.3,Turun,162,7,3
USE-00958-202602,SME-2024-00958,2026-02,48.1,7.0,Turun,193,9,2
USE-00958-202603,SME-2024-00958,2026-03,46.0,6.6,Turun,404,9,2
USE-00958-202604,SME-2024-00958,2026-04,42.7,6.4,Turun,165,4,2
USE-00958-202605,SME-2024-00958,2026-05,39.2,6.0,Turun,193,10,2
USE-00958-202606,SME-2024-00958,2026-06,39.5,5.1,Turun,97,9,1
USE-00959-202507,SME-2024-00959,2025-07,44.8,7.5,Turun,81,7,4
USE-00959-202508,SME-2024-00959,2025-08,44.7,7.9,Turun,232,6,5
USE-00959-202509,SME-2024-00959,2025-09,44.3,6.5,Turun,689,8,4
USE-00959-202510,SME-2024-00959,2025-10,47.0,7.4,Turun,128,5,3
USE-00959-202511,SME-2024-00959,2025-11,39.5,6.3,Turun,471,8,4
USE-00959-202512,SME-2024-00959,2025-12,39.8,6.8,Turun,187,7,4
USE-00959-202601,SME-2024-00959,2026-01,40.5,6.1,Turun,992,5,3
USE-00959-202602,SME-2024-00959,2026-02,34.2,4.7,Turun,65,5,4
USE-00959-202603,SME-2024-00959,2026-03,39.1,5.9,Turun,195,4,4
USE-00959-202604,SME-2024-00959,2026-04,35.4,5.0,Turun,370,7,2
USE-00959-202605,SME-2024-00959,2026-05,33.0,6.0,Turun,19,4,3
USE-00959-202606,SME-2024-00959,2026-06,33.7,5.6,Turun,159,8,3
USE-00960-202507,SME-2024-00960,2025-07,43.2,6.2,Turun,227,8,3
USE-00960-202508,SME-2024-00960,2025-08,41.6,6.4,Turun,167,8,3
USE-00960-202509,SME-2024-00960,2025-09,39.8,5.7,Turun,468,5,3
USE-00960-202510,SME-2024-00960,2025-10,40.3,5.5,Turun,229,5,3
USE-00960-202511,SME-2024-00960,2025-11,37.7,6.3,Turun,12,4,2
USE-00960-202512,SME-2024-00960,2025-12,33.1,5.3,Turun,41,3,2
USE-00960-202601,SME-2024-00960,2026-01,33.7,5.4,Turun,7,7,3
USE-00960-202602,SME-2024-00960,2026-02,32.6,4.4,Turun,73,7,2
USE-00960-202603,SME-2024-00960,2026-03,29.4,4.1,Turun,32,5,1
USE-00960-202604,SME-2024-00960,2026-04,31.6,4.3,Turun,11,7,2
USE-00960-202605,SME-2024-00960,2026-05,26.5,4.0,Turun,14,7,2
USE-00960-202606,SME-2024-00960,2026-06,23.0,3.6,Turun,501,8,2
USE-00961-202507,SME-2024-00961,2025-07,56.0,8.5,Turun,1016,6,4
USE-00961-202508,SME-2024-00961,2025-08,51.1,7.9,Turun,31,3,3
USE-00961-202509,SME-2024-00961,2025-09,45.9,7.5,Turun,217,6,3
USE-00961-202510,SME-2024-00961,2025-10,44.7,6.6,Turun,455,4,4
USE-00961-202511,SME-2024-00961,2025-11,42.5,6.6,Turun,143,4,3
USE-00961-202512,SME-2024-00961,2025-12,41.1,6.2,Turun,123,9,3
USE-00961-202601,SME-2024-00961,2026-01,37.9,6.0,Turun,301,7,3
USE-00961-202602,SME-2024-00961,2026-02,31.6,5.2,Turun,193,6,3
USE-00961-202603,SME-2024-00961,2026-03,29.4,4.4,Turun,127,3,2
USE-00961-202604,SME-2024-00961,2026-04,25.3,4.3,Turun,322,9,3
USE-00961-202605,SME-2024-00961,2026-05,18.9,3.0,Turun,437,3,2
USE-00961-202606,SME-2024-00961,2026-06,21.0,3.9,Turun,327,6,3
USE-00962-202507,SME-2024-00962,2025-07,29.0,3.9,Stabil,70,4,2
USE-00962-202508,SME-2024-00962,2025-08,29.2,4.0,Stabil,85,6,2
USE-00962-202509,SME-2024-00962,2025-09,31.8,5.1,Fluktuatif,33,2,2
USE-00962-202510,SME-2024-00962,2025-10,27.8,3.5,Stabil,395,8,2
USE-00962-202511,SME-2024-00962,2025-11,26.4,3.8,Stabil,45,9,2
USE-00962-202512,SME-2024-00962,2025-12,28.9,3.9,Stabil,117,3,2
USE-00962-202601,SME-2024-00962,2026-01,24.5,4.1,Stabil,232,4,2
USE-00962-202602,SME-2024-00962,2026-02,24.9,4.1,Stabil,280,6,1
USE-00962-202603,SME-2024-00962,2026-03,30.2,5.4,Stabil,120,3,1
USE-00962-202604,SME-2024-00962,2026-04,19.5,3.3,Stabil,377,6,1
USE-00962-202605,SME-2024-00962,2026-05,23.4,3.8,Stabil,190,6,1
USE-00962-202606,SME-2024-00962,2026-06,23.4,2.8,Stabil,413,6,1
USE-00963-202507,SME-2024-00963,2025-07,61.9,9.1,Turun,367,2,3
USE-00963-202508,SME-2024-00963,2025-08,63.8,9.8,Turun,16,4,4
USE-00963-202509,SME-2024-00963,2025-09,61.0,9.9,Turun,5,11,3
USE-00963-202510,SME-2024-00963,2025-10,57.5,9.5,Turun,18,10,3
USE-00963-202511,SME-2024-00963,2025-11,60.0,8.4,Turun,72,8,3
USE-00963-202512,SME-2024-00963,2025-12,59.8,9.1,Turun,44,6,3
USE-00963-202601,SME-2024-00963,2026-01,58.2,8.3,Turun,23,9,2
USE-00963-202602,SME-2024-00963,2026-02,55.3,8.2,Turun,185,5,3
USE-00963-202603,SME-2024-00963,2026-03,57.0,8.5,Turun,47,11,2
USE-00963-202604,SME-2024-00963,2026-04,53.1,7.8,Turun,546,8,2
USE-00963-202605,SME-2024-00963,2026-05,53.9,8.4,Turun,5,8,2
USE-00963-202606,SME-2024-00963,2026-06,54.4,7.3,Turun,25,3,2
USE-00964-202507,SME-2024-00964,2025-07,66.9,9.9,Turun,177,4,3
USE-00964-202508,SME-2024-00964,2025-08,60.7,9.5,Turun,251,10,3
USE-00964-202509,SME-2024-00964,2025-09,59.7,9.3,Turun,308,11,2
USE-00964-202510,SME-2024-00964,2025-10,61.6,9.5,Turun,1171,2,2
USE-00964-202511,SME-2024-00964,2025-11,57.4,8.5,Turun,121,7,2
USE-00964-202512,SME-2024-00964,2025-12,55.3,8.6,Turun,80,11,1
USE-00964-202601,SME-2024-00964,2026-01,57.0,8.7,Turun,219,7,1
USE-00964-202602,SME-2024-00964,2026-02,53.2,8.5,Turun,79,7,1
USE-00964-202603,SME-2024-00964,2026-03,46.3,6.0,Turun,13,12,2
USE-00964-202604,SME-2024-00964,2026-04,51.2,8.1,Turun,87,8,1
USE-00964-202605,SME-2024-00964,2026-05,48.0,7.1,Turun,124,3,1
USE-00964-202606,SME-2024-00964,2026-06,47.4,7.7,Turun,727,11,1
USE-00965-202507,SME-2024-00965,2025-07,58.6,8.3,Fluktuatif,25,5,3
USE-00965-202508,SME-2024-00965,2025-08,52.0,8.2,Stabil,147,9,3
USE-00965-202509,SME-2024-00965,2025-09,54.5,9.2,Fluktuatif,610,7,3
USE-00965-202510,SME-2024-00965,2025-10,53.3,7.5,Stabil,72,5,3
USE-00965-202511,SME-2024-00965,2025-11,52.0,8.1,Stabil,57,12,2
USE-00965-202512,SME-2024-00965,2025-12,49.5,7.6,Stabil,0,5,2
USE-00965-202601,SME-2024-00965,2026-01,53.0,8.0,Stabil,130,6,2
USE-00965-202602,SME-2024-00965,2026-02,48.5,7.1,Stabil,103,11,2
USE-00965-202603,SME-2024-00965,2026-03,49.3,7.1,Stabil,64,9,2
USE-00965-202604,SME-2024-00965,2026-04,50.5,7.3,Stabil,205,7,1
USE-00965-202605,SME-2024-00965,2026-05,47.2,7.3,Fluktuatif,191,1,2
USE-00965-202606,SME-2024-00965,2026-06,49.5,7.5,Stabil,118,6,2
USE-00966-202507,SME-2024-00966,2025-07,51.3,7.9,Turun,217,6,3
USE-00966-202508,SME-2024-00966,2025-08,50.7,7.7,Turun,781,6,4
USE-00966-202509,SME-2024-00966,2025-09,50.4,7.1,Turun,516,15,3
USE-00966-202510,SME-2024-00966,2025-10,48.9,8.0,Turun,421,3,3
USE-00966-202511,SME-2024-00966,2025-11,47.5,7.4,Turun,108,6,4
USE-00966-202512,SME-2024-00966,2025-12,44.5,6.9,Turun,97,8,3
USE-00966-202601,SME-2024-00966,2026-01,44.4,7.6,Turun,559,2,2
USE-00966-202602,SME-2024-00966,2026-02,42.6,6.8,Turun,435,15,2
USE-00966-202603,SME-2024-00966,2026-03,43.6,6.2,Turun,48,4,3
USE-00966-202604,SME-2024-00966,2026-04,42.2,5.9,Turun,301,14,3
USE-00966-202605,SME-2024-00966,2026-05,38.2,5.9,Turun,531,8,2
USE-00966-202606,SME-2024-00966,2026-06,41.7,6.4,Turun,426,5,1
USE-00967-202507,SME-2024-00967,2025-07,76.0,11.2,Stabil,78,4,4
USE-00967-202508,SME-2024-00967,2025-08,74.5,12.0,Fluktuatif,67,7,5
USE-00967-202509,SME-2024-00967,2025-09,75.2,11.5,Stabil,146,3,5
USE-00967-202510,SME-2024-00967,2025-10,72.4,11.0,Stabil,82,9,4
USE-00967-202511,SME-2024-00967,2025-11,73.6,10.6,Fluktuatif,29,7,4
USE-00967-202512,SME-2024-00967,2025-12,73.7,10.8,Stabil,293,7,3
USE-00967-202601,SME-2024-00967,2026-01,75.4,10.9,Stabil,984,6,4
USE-00967-202602,SME-2024-00967,2026-02,73.1,11.3,Fluktuatif,127,8,4
USE-00967-202603,SME-2024-00967,2026-03,73.5,10.5,Stabil,273,5,3
USE-00967-202604,SME-2024-00967,2026-04,70.2,10.3,Stabil,119,6,3
USE-00967-202605,SME-2024-00967,2026-05,69.5,10.6,Stabil,307,7,3
USE-00967-202606,SME-2024-00967,2026-06,70.2,9.6,Fluktuatif,551,14,3
USE-00968-202507,SME-2024-00968,2025-07,49.1,7.3,Turun,498,9,4
USE-00968-202508,SME-2024-00968,2025-08,44.2,6.2,Turun,94,9,4
USE-00968-202509,SME-2024-00968,2025-09,43.6,6.4,Turun,192,5,3
USE-00968-202510,SME-2024-00968,2025-10,39.3,5.5,Turun,298,9,3
USE-00968-202511,SME-2024-00968,2025-11,40.4,5.8,Turun,236,10,3
USE-00968-202512,SME-2024-00968,2025-12,34.9,5.3,Turun,352,5,4
USE-00968-202601,SME-2024-00968,2026-01,28.6,4.8,Turun,1235,5,3
USE-00968-202602,SME-2024-00968,2026-02,31.6,4.4,Turun,125,6,3
USE-00968-202603,SME-2024-00968,2026-03,24.9,4.2,Turun,181,8,3
USE-00968-202604,SME-2024-00968,2026-04,25.1,3.7,Turun,14,5,3
USE-00968-202605,SME-2024-00968,2026-05,23.0,3.2,Turun,235,9,3
USE-00968-202606,SME-2024-00968,2026-06,14.8,2.4,Turun,808,8,3
USE-00969-202508,SME-2024-00969,2025-08,49.9,7.5,Turun,292,6,3
USE-00969-202509,SME-2024-00969,2025-09,44.3,6.5,Turun,146,8,3
USE-00969-202510,SME-2024-00969,2025-10,45.9,6.5,Turun,659,3,3
USE-00969-202511,SME-2024-00969,2025-11,42.7,6.4,Turun,13,6,3
USE-00969-202512,SME-2024-00969,2025-12,42.7,6.4,Turun,91,8,3
USE-00969-202601,SME-2024-00969,2026-01,36.1,4.8,Turun,454,9,3
USE-00969-202602,SME-2024-00969,2026-02,40.3,5.6,Turun,198,5,2
USE-00969-202603,SME-2024-00969,2026-03,37.3,6.3,Turun,62,3,2
USE-00969-202604,SME-2024-00969,2026-04,33.8,5.9,Turun,104,4,1
USE-00969-202605,SME-2024-00969,2026-05,38.5,5.6,Turun,80,8,2
USE-00969-202606,SME-2024-00969,2026-06,31.6,5.1,Turun,467,6,2
USE-00970-202507,SME-2024-00970,2025-07,41.3,6.0,Naik,33,4,4
USE-00970-202508,SME-2024-00970,2025-08,44.6,6.5,Naik,235,10,4
USE-00970-202509,SME-2024-00970,2025-09,45.6,7.2,Naik,142,10,3
USE-00970-202510,SME-2024-00970,2025-10,46.4,7.2,Naik,239,9,3
USE-00970-202511,SME-2024-00970,2025-11,46.4,7.2,Naik,712,11,3
USE-00970-202512,SME-2024-00970,2025-12,44.8,7.3,Naik,190,10,4
USE-00970-202601,SME-2024-00970,2026-01,46.0,6.9,Naik,111,6,3
USE-00970-202602,SME-2024-00970,2026-02,48.8,6.7,Naik,4,10,3
USE-00970-202603,SME-2024-00970,2026-03,48.1,7.8,Naik,63,6,3
USE-00970-202604,SME-2024-00970,2026-04,47.8,6.9,Naik,96,6,2
USE-00970-202605,SME-2024-00970,2026-05,52.0,8.1,Naik,872,4,2
USE-00970-202606,SME-2024-00970,2026-06,52.2,8.4,Naik,125,7,2
USE-00971-202507,SME-2024-00971,2025-07,65.6,10.0,Turun,7,5,3
USE-00971-202508,SME-2024-00971,2025-08,69.6,10.5,Turun,129,8,3
USE-00971-202509,SME-2024-00971,2025-09,63.1,8.8,Turun,14,12,3
USE-00971-202510,SME-2024-00971,2025-10,61.0,8.0,Turun,154,7,3
USE-00971-202511,SME-2024-00971,2025-11,59.5,9.3,Turun,773,7,2
USE-00971-202512,SME-2024-00971,2025-12,55.6,7.6,Turun,140,6,3
USE-00971-202601,SME-2024-00971,2026-01,58.5,10.3,Turun,213,5,2
USE-00971-202602,SME-2024-00971,2026-02,54.2,8.3,Turun,321,5,1
USE-00971-202603,SME-2024-00971,2026-03,52.5,9.0,Turun,33,5,2
USE-00971-202604,SME-2024-00971,2026-04,49.9,7.8,Turun,486,4,1
USE-00971-202605,SME-2024-00971,2026-05,48.7,8.6,Turun,135,8,1
USE-00971-202606,SME-2024-00971,2026-06,46.6,6.9,Turun,396,5,1
USE-00972-202507,SME-2024-00972,2025-07,56.4,7.5,Turun,74,2,3
USE-00972-202508,SME-2024-00972,2025-08,53.3,8.2,Turun,197,4,3
USE-00972-202509,SME-2024-00972,2025-09,53.1,7.6,Turun,132,7,3
USE-00972-202510,SME-2024-00972,2025-10,52.9,7.9,Turun,267,11,4
USE-00972-202511,SME-2024-00972,2025-11,50.2,8.0,Turun,188,5,3
USE-00972-202512,SME-2024-00972,2025-12,50.4,7.3,Turun,274,5,3
USE-00972-202601,SME-2024-00972,2026-01,43.4,6.5,Turun,135,11,3
USE-00972-202602,SME-2024-00972,2026-02,49.9,7.6,Turun,66,5,4
USE-00972-202603,SME-2024-00972,2026-03,45.7,7.0,Turun,272,7,3
USE-00972-202604,SME-2024-00972,2026-04,47.5,6.7,Turun,0,3,3
USE-00972-202605,SME-2024-00972,2026-05,42.7,7.2,Turun,17,4,2
USE-00972-202606,SME-2024-00972,2026-06,42.3,6.0,Turun,198,9,2
USE-00973-202507,SME-2024-00973,2025-07,48.2,7.0,Turun,136,7,3
USE-00973-202508,SME-2024-00973,2025-08,45.5,7.4,Turun,135,5,4
USE-00973-202509,SME-2024-00973,2025-09,47.7,7.8,Turun,242,8,3
USE-00973-202510,SME-2024-00973,2025-10,42.0,7.2,Turun,104,6,3
USE-00973-202511,SME-2024-00973,2025-11,42.7,6.8,Turun,96,9,3
USE-00973-202512,SME-2024-00973,2025-12,40.0,5.5,Turun,70,7,3
USE-00973-202601,SME-2024-00973,2026-01,36.2,6.2,Turun,85,7,3
USE-00973-202602,SME-2024-00973,2026-02,36.7,5.3,Turun,157,7,3
USE-00973-202603,SME-2024-00973,2026-03,30.6,4.6,Turun,137,10,3
USE-00973-202604,SME-2024-00973,2026-04,29.0,4.2,Turun,6,4,3
USE-00973-202605,SME-2024-00973,2026-05,27.3,4.5,Turun,95,9,2
USE-00973-202606,SME-2024-00973,2026-06,27.7,4.3,Turun,141,6,1
USE-00974-202507,SME-2024-00974,2025-07,49.6,8.0,Turun,6,6,3
USE-00974-202508,SME-2024-00974,2025-08,53.1,7.6,Turun,100,6,4
USE-00974-202509,SME-2024-00974,2025-09,50.8,8.5,Turun,5,9,3
USE-00974-202510,SME-2024-00974,2025-10,47.9,6.3,Turun,171,7,3
USE-00974-202511,SME-2024-00974,2025-11,43.4,5.9,Turun,37,11,3
USE-00974-202512,SME-2024-00974,2025-12,39.5,5.6,Turun,225,2,2
USE-00974-202601,SME-2024-00974,2026-01,43.4,7.0,Turun,119,6,3
USE-00974-202602,SME-2024-00974,2026-02,39.8,5.3,Turun,48,10,2
USE-00974-202603,SME-2024-00974,2026-03,39.5,6.4,Turun,0,9,2
USE-00974-202604,SME-2024-00974,2026-04,39.3,5.9,Turun,220,3,3
USE-00974-202605,SME-2024-00974,2026-05,32.0,5.0,Turun,69,3,2
USE-00974-202606,SME-2024-00974,2026-06,32.3,4.8,Turun,66,5,2
USE-00975-202507,SME-2024-00975,2025-07,58.7,8.3,Naik,126,4,5
USE-00975-202508,SME-2024-00975,2025-08,58.6,9.1,Naik,510,2,5
USE-00975-202509,SME-2024-00975,2025-09,65.0,10.0,Naik,37,6,4
USE-00975-202510,SME-2024-00975,2025-10,62.6,8.9,Naik,363,6,5
USE-00975-202511,SME-2024-00975,2025-11,67.0,9.8,Naik,74,10,4
USE-00975-202512,SME-2024-00975,2025-12,62.8,9.2,Naik,49,8,4
USE-00975-202601,SME-2024-00975,2026-01,67.7,10.0,Naik,163,4,4
USE-00975-202602,SME-2024-00975,2026-02,67.4,11.2,Naik,44,10,4
USE-00975-202603,SME-2024-00975,2026-03,70.1,10.2,Naik,139,8,3
USE-00975-202604,SME-2024-00975,2026-04,71.9,10.1,Naik,314,6,4
USE-00975-202605,SME-2024-00975,2026-05,71.8,11.3,Naik,83,9,4
USE-00975-202606,SME-2024-00975,2026-06,72.5,10.3,Naik,1,5,3
USE-00976-202507,SME-2024-00976,2025-07,50.3,6.9,Turun,326,10,2
USE-00976-202508,SME-2024-00976,2025-08,46.3,7.1,Turun,22,9,2
USE-00976-202509,SME-2024-00976,2025-09,41.0,6.1,Turun,406,10,2
USE-00976-202510,SME-2024-00976,2025-10,40.9,6.0,Turun,75,2,2
USE-00976-202511,SME-2024-00976,2025-11,36.7,6.0,Turun,793,5,2
USE-00976-202512,SME-2024-00976,2025-12,35.8,5.2,Turun,436,8,2
USE-00976-202601,SME-2024-00976,2026-01,35.9,5.7,Turun,17,9,1
USE-00976-202602,SME-2024-00976,2026-02,29.9,4.2,Turun,4,8,2
USE-00976-202603,SME-2024-00976,2026-03,30.4,4.1,Turun,47,5,1
USE-00976-202604,SME-2024-00976,2026-04,28.2,3.0,Turun,22,5,1
USE-00976-202605,SME-2024-00976,2026-05,29.7,3.9,Turun,28,7,1
USE-00976-202606,SME-2024-00976,2026-06,24.8,3.4,Turun,20,12,1
USE-00977-202507,SME-2024-00977,2025-07,39.3,5.3,Turun,0,6,5
USE-00977-202508,SME-2024-00977,2025-08,34.0,5.2,Turun,117,8,5
USE-00977-202509,SME-2024-00977,2025-09,33.4,6.0,Turun,47,12,5
USE-00977-202510,SME-2024-00977,2025-10,32.4,5.1,Turun,74,5,4
USE-00977-202511,SME-2024-00977,2025-11,27.4,3.1,Turun,290,7,5
USE-00977-202512,SME-2024-00977,2025-12,23.9,4.2,Turun,141,9,4
USE-00977-202601,SME-2024-00977,2026-01,26.5,4.5,Turun,25,5,5
USE-00977-202602,SME-2024-00977,2026-02,22.1,4.1,Turun,350,3,4
USE-00977-202603,SME-2024-00977,2026-03,20.4,3.3,Turun,207,8,4
USE-00977-202604,SME-2024-00977,2026-04,16.9,2.3,Turun,62,2,4
USE-00977-202605,SME-2024-00977,2026-05,13.7,3.4,Turun,35,10,3
USE-00977-202606,SME-2024-00977,2026-06,13.6,1.8,Turun,92,6,3
USE-00978-202507,SME-2024-00978,2025-07,46.1,7.2,Fluktuatif,371,11,4
USE-00978-202508,SME-2024-00978,2025-08,49.6,7.4,Fluktuatif,2,5,4
USE-00978-202509,SME-2024-00978,2025-09,47.5,7.1,Stabil,249,6,4
USE-00978-202510,SME-2024-00978,2025-10,47.6,7.0,Fluktuatif,33,12,4
USE-00978-202511,SME-2024-00978,2025-11,42.9,6.2,Stabil,570,6,4
USE-00978-202512,SME-2024-00978,2025-12,43.4,6.0,Stabil,308,13,3
USE-00978-202601,SME-2024-00978,2026-01,44.2,7.3,Stabil,34,13,3
USE-00978-202602,SME-2024-00978,2026-02,44.3,6.1,Stabil,102,13,3
USE-00978-202603,SME-2024-00978,2026-03,45.3,6.8,Stabil,81,5,2
USE-00978-202604,SME-2024-00978,2026-04,45.8,7.0,Stabil,278,7,2
USE-00978-202605,SME-2024-00978,2026-05,48.2,6.7,Stabil,92,6,2
USE-00978-202606,SME-2024-00978,2026-06,45.9,6.8,Stabil,97,4,3
USE-00979-202507,SME-2024-00979,2025-07,48.0,7.8,Turun,86,0,3
USE-00979-202508,SME-2024-00979,2025-08,42.2,6.6,Turun,577,7,3
USE-00979-202509,SME-2024-00979,2025-09,36.9,5.2,Turun,48,9,4
USE-00979-202510,SME-2024-00979,2025-10,37.2,5.5,Turun,6,9,3
USE-00979-202511,SME-2024-00979,2025-11,31.3,4.9,Turun,2,8,3
USE-00979-202512,SME-2024-00979,2025-12,25.7,5.1,Turun,340,7,2
USE-00979-202601,SME-2024-00979,2026-01,26.1,3.6,Turun,99,6,3
USE-00979-202602,SME-2024-00979,2026-02,23.5,3.6,Turun,291,7,2
USE-00979-202603,SME-2024-00979,2026-03,15.5,2.3,Turun,482,10,2
USE-00979-202604,SME-2024-00979,2026-04,16.5,1.9,Turun,72,3,2
USE-00979-202605,SME-2024-00979,2026-05,12.1,2.3,Turun,491,10,2
USE-00979-202606,SME-2024-00979,2026-06,9.8,1.9,Turun,222,7,2
USE-00980-202507,SME-2024-00980,2025-07,46.0,7.9,Stabil,310,4,4
USE-00980-202508,SME-2024-00980,2025-08,50.1,7.9,Fluktuatif,122,7,3
USE-00980-202509,SME-2024-00980,2025-09,49.0,7.0,Stabil,19,11,4
USE-00980-202510,SME-2024-00980,2025-10,50.8,7.6,Stabil,101,13,4
USE-00980-202511,SME-2024-00980,2025-11,47.5,7.2,Fluktuatif,29,7,3
USE-00980-202512,SME-2024-00980,2025-12,45.8,7.5,Fluktuatif,318,5,3
USE-00980-202601,SME-2024-00980,2026-01,45.5,7.5,Stabil,31,8,3
USE-00980-202602,SME-2024-00980,2026-02,40.4,5.2,Stabil,125,4,3
USE-00980-202603,SME-2024-00980,2026-03,45.8,7.2,Stabil,363,6,3
USE-00980-202604,SME-2024-00980,2026-04,49.0,7.7,Fluktuatif,435,11,3
USE-00980-202605,SME-2024-00980,2026-05,42.3,6.5,Stabil,354,4,3
USE-00980-202606,SME-2024-00980,2026-06,47.9,8.0,Stabil,425,2,2
USE-00981-202507,SME-2024-00981,2025-07,60.7,8.8,Turun,667,5,6
USE-00981-202508,SME-2024-00981,2025-08,59.0,8.7,Turun,21,6,5
USE-00981-202509,SME-2024-00981,2025-09,53.1,7.7,Turun,204,10,5
USE-00981-202510,SME-2024-00981,2025-10,56.6,8.6,Turun,205,5,4
USE-00981-202511,SME-2024-00981,2025-11,50.8,7.4,Turun,325,7,5
USE-00981-202512,SME-2024-00981,2025-12,52.5,8.1,Turun,24,12,4
USE-00981-202601,SME-2024-00981,2026-01,49.1,7.4,Turun,119,6,4
USE-00981-202602,SME-2024-00981,2026-02,46.7,6.9,Turun,33,5,4
USE-00981-202603,SME-2024-00981,2026-03,43.0,7.0,Turun,4,5,4
USE-00981-202604,SME-2024-00981,2026-04,41.7,6.8,Turun,437,8,4
USE-00981-202605,SME-2024-00981,2026-05,40.9,5.7,Turun,192,6,4
USE-00981-202606,SME-2024-00981,2026-06,36.9,5.5,Turun,59,8,4
USE-00982-202507,SME-2024-00982,2025-07,29.4,4.7,Stabil,464,6,5
USE-00982-202508,SME-2024-00982,2025-08,25.6,4.2,Stabil,4,9,5
USE-00982-202509,SME-2024-00982,2025-09,24.9,4.1,Stabil,360,8,4
USE-00982-202510,SME-2024-00982,2025-10,26.5,4.3,Stabil,168,3,4
USE-00982-202511,SME-2024-00982,2025-11,24.0,3.3,Stabil,51,5,4
USE-00982-202512,SME-2024-00982,2025-12,22.8,3.6,Fluktuatif,451,7,4
USE-00982-202601,SME-2024-00982,2026-01,25.4,3.3,Fluktuatif,219,9,3
USE-00982-202602,SME-2024-00982,2026-02,22.9,4.0,Stabil,89,13,3
USE-00982-202603,SME-2024-00982,2026-03,18.0,3.2,Fluktuatif,81,10,3
USE-00982-202604,SME-2024-00982,2026-04,18.6,2.5,Stabil,80,7,3
USE-00982-202605,SME-2024-00982,2026-05,19.3,2.8,Stabil,133,13,3
USE-00982-202606,SME-2024-00982,2026-06,21.8,2.8,Stabil,236,5,3
USE-00983-202507,SME-2024-00983,2025-07,45.4,6.8,Turun,266,12,5
USE-00983-202508,SME-2024-00983,2025-08,42.7,6.4,Turun,80,5,5
USE-00983-202509,SME-2024-00983,2025-09,36.7,5.4,Turun,49,8,5
USE-00983-202510,SME-2024-00983,2025-10,35.5,5.5,Turun,37,6,5
USE-00983-202511,SME-2024-00983,2025-11,35.5,6.0,Turun,29,9,5
USE-00983-202512,SME-2024-00983,2025-12,30.3,3.7,Turun,302,9,5
USE-00983-202601,SME-2024-00983,2026-01,29.4,4.6,Turun,328,8,4
USE-00983-202602,SME-2024-00983,2026-02,24.4,3.6,Turun,94,4,4
USE-00983-202603,SME-2024-00983,2026-03,22.5,3.8,Turun,148,4,4
USE-00983-202604,SME-2024-00983,2026-04,21.0,3.5,Turun,191,6,5
USE-00983-202605,SME-2024-00983,2026-05,16.9,3.0,Turun,218,6,4
USE-00983-202606,SME-2024-00983,2026-06,14.8,1.4,Turun,64,8,4
USE-00984-202507,SME-2024-00984,2025-07,35.3,4.3,Stabil,358,12,3
USE-00984-202508,SME-2024-00984,2025-08,40.6,5.6,Stabil,134,6,3
USE-00984-202509,SME-2024-00984,2025-09,38.6,5.6,Fluktuatif,41,8,4
USE-00984-202510,SME-2024-00984,2025-10,38.5,6.2,Stabil,23,8,3
USE-00984-202511,SME-2024-00984,2025-11,41.6,6.3,Fluktuatif,327,4,2
USE-00984-202512,SME-2024-00984,2025-12,44.5,7.2,Stabil,162,15,3
USE-00984-202601,SME-2024-00984,2026-01,39.3,5.7,Stabil,22,5,3
USE-00984-202602,SME-2024-00984,2026-02,40.6,6.2,Stabil,17,8,2
USE-00984-202603,SME-2024-00984,2026-03,44.4,6.3,Stabil,29,9,3
USE-00984-202604,SME-2024-00984,2026-04,44.1,6.2,Fluktuatif,121,7,2
USE-00984-202605,SME-2024-00984,2026-05,44.3,7.7,Fluktuatif,115,12,2
USE-00984-202606,SME-2024-00984,2026-06,39.8,5.8,Stabil,53,9,2
USE-00985-202507,SME-2024-00985,2025-07,55.0,8.2,Turun,60,11,4
USE-00985-202508,SME-2024-00985,2025-08,52.0,7.6,Turun,466,3,4
USE-00985-202509,SME-2024-00985,2025-09,53.7,8.9,Turun,173,5,3
USE-00985-202510,SME-2024-00985,2025-10,49.7,7.5,Turun,101,11,5
USE-00985-202511,SME-2024-00985,2025-11,51.3,7.8,Turun,59,6,4
USE-00985-202512,SME-2024-00985,2025-12,49.9,7.4,Turun,212,5,4
USE-00985-202601,SME-2024-00985,2026-01,50.5,8.0,Turun,440,11,3
USE-00985-202602,SME-2024-00985,2026-02,45.4,7.1,Turun,461,13,3
USE-00985-202603,SME-2024-00985,2026-03,45.7,7.1,Turun,637,5,3
USE-00985-202604,SME-2024-00985,2026-04,42.0,6.5,Turun,294,7,3
USE-00985-202605,SME-2024-00985,2026-05,44.9,6.8,Turun,408,10,3
USE-00985-202606,SME-2024-00985,2026-06,38.3,5.5,Turun,62,14,2
USE-00986-202507,SME-2024-00986,2025-07,54.0,7.2,Stabil,342,10,5
USE-00986-202508,SME-2024-00986,2025-08,58.0,9.2,Stabil,25,9,5
USE-00986-202509,SME-2024-00986,2025-09,55.6,9.2,Stabil,2,5,5
USE-00986-202510,SME-2024-00986,2025-10,57.3,8.7,Fluktuatif,3,1,4
USE-00986-202511,SME-2024-00986,2025-11,56.3,8.1,Fluktuatif,29,6,4
USE-00986-202512,SME-2024-00986,2025-12,53.7,8.6,Stabil,41,12,4
USE-00986-202601,SME-2024-00986,2026-01,54.6,8.1,Stabil,4,13,4
USE-00986-202602,SME-2024-00986,2026-02,49.7,6.9,Stabil,80,8,4
USE-00986-202603,SME-2024-00986,2026-03,52.5,7.2,Fluktuatif,216,9,3
USE-00986-202604,SME-2024-00986,2026-04,54.7,7.6,Fluktuatif,40,4,3
USE-00986-202605,SME-2024-00986,2026-05,51.9,7.4,Stabil,61,5,3
USE-00986-202606,SME-2024-00986,2026-06,50.5,7.2,Stabil,271,14,3
USE-00987-202508,SME-2024-00987,2025-08,67.5,9.3,Fluktuatif,281,7,4
USE-00987-202509,SME-2024-00987,2025-09,71.7,10.7,Fluktuatif,174,14,3
USE-00987-202510,SME-2024-00987,2025-10,68.5,10.2,Fluktuatif,436,10,3
USE-00987-202511,SME-2024-00987,2025-11,75.6,11.4,Stabil,279,10,4
USE-00987-202512,SME-2024-00987,2025-12,69.4,9.8,Stabil,142,1,4
USE-00987-202601,SME-2024-00987,2026-01,73.4,11.1,Stabil,413,8,3
USE-00987-202602,SME-2024-00987,2026-02,71.3,10.1,Fluktuatif,168,5,2
USE-00987-202603,SME-2024-00987,2026-03,69.6,10.2,Fluktuatif,2,5,3
USE-00987-202604,SME-2024-00987,2026-04,71.0,10.5,Stabil,110,6,2
USE-00987-202605,SME-2024-00987,2026-05,71.0,10.6,Stabil,7,7,2
USE-00987-202606,SME-2024-00987,2026-06,72.7,11.5,Stabil,77,7,3
USE-00988-202507,SME-2024-00988,2025-07,45.1,5.8,Turun,156,10,5
USE-00988-202508,SME-2024-00988,2025-08,42.5,5.1,Turun,99,6,5
USE-00988-202509,SME-2024-00988,2025-09,40.0,6.6,Turun,681,5,4
USE-00988-202510,SME-2024-00988,2025-10,35.3,5.5,Turun,214,5,4
USE-00988-202511,SME-2024-00988,2025-11,36.4,5.0,Turun,280,10,5
USE-00988-202512,SME-2024-00988,2025-12,31.7,4.5,Turun,32,4,4
USE-00988-202601,SME-2024-00988,2026-01,27.6,4.2,Turun,445,4,4
USE-00988-202602,SME-2024-00988,2026-02,27.6,3.7,Turun,97,16,4
USE-00988-202603,SME-2024-00988,2026-03,23.6,3.6,Turun,300,6,4
USE-00988-202604,SME-2024-00988,2026-04,18.3,3.0,Turun,198,8,3
USE-00988-202605,SME-2024-00988,2026-05,20.1,3.4,Turun,145,8,3
USE-00988-202606,SME-2024-00988,2026-06,14.5,2.6,Turun,66,5,3
USE-00989-202508,SME-2024-00989,2025-08,52.7,7.8,Turun,144,13,5
USE-00989-202509,SME-2024-00989,2025-09,53.5,7.8,Turun,106,16,5
USE-00989-202510,SME-2024-00989,2025-10,52.4,8.1,Turun,95,8,5
USE-00989-202511,SME-2024-00989,2025-11,51.1,9.0,Turun,170,8,5
USE-00989-202512,SME-2024-00989,2025-12,48.7,7.3,Turun,177,8,4
USE-00989-202601,SME-2024-00989,2026-01,45.8,6.8,Turun,18,3,4
USE-00989-202602,SME-2024-00989,2026-02,41.0,5.8,Turun,208,6,4
USE-00989-202603,SME-2024-00989,2026-03,39.6,5.6,Turun,41,3,4
USE-00989-202604,SME-2024-00989,2026-04,39.0,5.0,Turun,46,7,4
USE-00989-202605,SME-2024-00989,2026-05,35.8,5.4,Turun,479,8,4
USE-00989-202606,SME-2024-00989,2026-06,37.0,4.5,Turun,217,11,3
USE-00990-202507,SME-2024-00990,2025-07,65.8,10.4,Turun,123,9,2
USE-00990-202508,SME-2024-00990,2025-08,65.0,9.5,Turun,100,9,3
USE-00990-202509,SME-2024-00990,2025-09,59.0,9.1,Turun,114,7,3
USE-00990-202510,SME-2024-00990,2025-10,59.7,8.8,Turun,293,5,3
USE-00990-202511,SME-2024-00990,2025-11,55.9,8.6,Turun,74,11,2
USE-00990-202512,SME-2024-00990,2025-12,56.0,8.6,Turun,815,4,2
USE-00990-202601,SME-2024-00990,2026-01,52.8,7.7,Turun,44,9,2
USE-00990-202602,SME-2024-00990,2026-02,54.2,8.0,Turun,105,6,2
USE-00990-202603,SME-2024-00990,2026-03,51.1,7.9,Turun,261,10,2
USE-00990-202604,SME-2024-00990,2026-04,49.1,7.0,Turun,100,6,1
USE-00990-202605,SME-2024-00990,2026-05,49.0,7.7,Turun,68,8,1
USE-00990-202606,SME-2024-00990,2026-06,44.0,6.1,Turun,33,9,1
USE-00991-202507,SME-2024-00991,2025-07,40.2,5.7,Turun,62,5,5
USE-00991-202508,SME-2024-00991,2025-08,39.2,5.9,Turun,11,9,4
USE-00991-202509,SME-2024-00991,2025-09,40.9,6.2,Turun,169,9,5
USE-00991-202510,SME-2024-00991,2025-10,39.8,6.3,Turun,258,6,4
USE-00991-202511,SME-2024-00991,2025-11,40.1,5.8,Turun,205,4,4
USE-00991-202512,SME-2024-00991,2025-12,38.3,5.5,Turun,171,8,4
USE-00991-202601,SME-2024-00991,2026-01,36.6,5.0,Turun,222,9,3
USE-00991-202602,SME-2024-00991,2026-02,36.4,5.6,Turun,3,10,3
USE-00991-202603,SME-2024-00991,2026-03,33.4,4.4,Turun,189,10,3
USE-00991-202604,SME-2024-00991,2026-04,34.3,4.2,Turun,165,3,3
USE-00991-202605,SME-2024-00991,2026-05,34.4,5.8,Turun,214,8,3
USE-00991-202606,SME-2024-00991,2026-06,33.1,4.9,Turun,197,8,3
USE-00992-202507,SME-2024-00992,2025-07,33.8,5.5,Turun,56,6,3
USE-00992-202508,SME-2024-00992,2025-08,32.7,5.4,Turun,602,3,3
USE-00992-202509,SME-2024-00992,2025-09,31.5,4.6,Turun,96,6,3
USE-00992-202510,SME-2024-00992,2025-10,31.7,4.6,Turun,133,8,4
USE-00992-202511,SME-2024-00992,2025-11,33.0,4.0,Turun,78,16,2
USE-00992-202512,SME-2024-00992,2025-12,24.8,2.9,Turun,291,1,3
USE-00992-202601,SME-2024-00992,2026-01,32.6,4.5,Turun,261,4,3
USE-00992-202602,SME-2024-00992,2026-02,22.6,3.3,Turun,388,9,2
USE-00992-202603,SME-2024-00992,2026-03,23.6,4.4,Turun,139,2,2
USE-00992-202604,SME-2024-00992,2026-04,22.6,3.5,Turun,264,7,1
USE-00992-202605,SME-2024-00992,2026-05,19.3,3.0,Turun,34,8,2
USE-00992-202606,SME-2024-00992,2026-06,17.7,3.5,Turun,150,7,2
USE-00993-202507,SME-2024-00993,2025-07,51.2,7.9,Turun,332,2,6
USE-00993-202508,SME-2024-00993,2025-08,49.6,7.0,Turun,402,9,5
USE-00993-202509,SME-2024-00993,2025-09,47.8,7.5,Turun,586,6,5
USE-00993-202510,SME-2024-00993,2025-10,40.4,5.8,Turun,150,11,5
USE-00993-202511,SME-2024-00993,2025-11,41.0,6.3,Turun,492,10,5
USE-00993-202512,SME-2024-00993,2025-12,40.5,6.6,Turun,195,6,5
USE-00993-202601,SME-2024-00993,2026-01,38.4,5.5,Turun,4,9,4
USE-00993-202602,SME-2024-00993,2026-02,37.8,5.8,Turun,2,9,4
USE-00993-202603,SME-2024-00993,2026-03,35.1,4.8,Turun,617,6,4
USE-00993-202604,SME-2024-00993,2026-04,32.1,5.3,Turun,44,3,4
USE-00993-202605,SME-2024-00993,2026-05,29.9,4.8,Turun,268,7,3
USE-00993-202606,SME-2024-00993,2026-06,29.3,4.1,Turun,59,4,4
USE-00994-202508,SME-2024-00994,2025-08,70.3,11.2,Naik,390,7,6
USE-00994-202509,SME-2024-00994,2025-09,72.7,11.0,Naik,34,8,6
USE-00994-202510,SME-2024-00994,2025-10,72.9,11.4,Naik,899,13,6
USE-00994-202511,SME-2024-00994,2025-11,72.8,11.5,Naik,625,7,6
USE-00994-202512,SME-2024-00994,2025-12,72.1,10.3,Naik,107,5,6
USE-00994-202601,SME-2024-00994,2026-01,74.2,11.7,Naik,17,6,5
USE-00994-202602,SME-2024-00994,2026-02,77.7,11.4,Naik,15,9,5
USE-00994-202603,SME-2024-00994,2026-03,79.6,11.9,Naik,443,10,5
USE-00994-202604,SME-2024-00994,2026-04,76.7,11.8,Naik,6,14,5
USE-00994-202605,SME-2024-00994,2026-05,79.4,11.9,Naik,353,8,5
USE-00994-202606,SME-2024-00994,2026-06,82.5,13.1,Naik,32,5,4
USE-00995-202512,SME-2024-00995,2025-12,33.0,5.2,Stabil,106,4,3
USE-00995-202601,SME-2024-00995,2026-01,35.9,4.6,Stabil,50,9,3
USE-00995-202602,SME-2024-00995,2026-02,30.8,4.5,Stabil,123,6,3
USE-00995-202603,SME-2024-00995,2026-03,31.0,4.9,Stabil,30,10,3
USE-00995-202604,SME-2024-00995,2026-04,31.7,4.0,Fluktuatif,122,11,2
USE-00995-202605,SME-2024-00995,2026-05,28.8,3.8,Stabil,125,6,2
USE-00995-202606,SME-2024-00995,2026-06,29.3,4.6,Fluktuatif,42,6,2
USE-00996-202507,SME-2024-00996,2025-07,57.6,8.9,Turun,198,3,3
USE-00996-202508,SME-2024-00996,2025-08,60.2,8.8,Turun,274,7,4
USE-00996-202509,SME-2024-00996,2025-09,59.5,8.9,Turun,656,7,3
USE-00996-202510,SME-2024-00996,2025-10,55.8,8.7,Turun,20,6,3
USE-00996-202511,SME-2024-00996,2025-11,51.4,7.2,Turun,66,7,3
USE-00996-202512,SME-2024-00996,2025-12,47.9,6.8,Turun,206,7,3
USE-00996-202601,SME-2024-00996,2026-01,44.7,5.8,Turun,15,10,3
USE-00996-202602,SME-2024-00996,2026-02,46.7,6.6,Turun,77,8,3
USE-00996-202603,SME-2024-00996,2026-03,37.9,6.6,Turun,91,8,2
USE-00996-202604,SME-2024-00996,2026-04,38.8,6.8,Turun,36,8,2
USE-00996-202605,SME-2024-00996,2026-05,36.4,5.4,Turun,123,9,2
USE-00996-202606,SME-2024-00996,2026-06,33.5,5.4,Turun,178,9,2
USE-00997-202507,SME-2024-00997,2025-07,44.0,7.2,Turun,135,7,4
USE-00997-202508,SME-2024-00997,2025-08,41.5,6.3,Turun,1,6,4
USE-00997-202509,SME-2024-00997,2025-09,37.7,6.3,Turun,202,1,4
USE-00997-202510,SME-2024-00997,2025-10,36.4,5.5,Turun,284,6,3
USE-00997-202511,SME-2024-00997,2025-11,35.5,4.9,Turun,30,3,3
USE-00997-202512,SME-2024-00997,2025-12,33.4,5.5,Turun,7,6,3
USE-00997-202601,SME-2024-00997,2026-01,28.3,3.5,Turun,109,4,3
USE-00997-202602,SME-2024-00997,2026-02,24.6,2.5,Turun,125,7,3
USE-00997-202603,SME-2024-00997,2026-03,27.6,3.9,Turun,162,9,3
USE-00997-202604,SME-2024-00997,2026-04,21.5,3.4,Turun,53,16,3
USE-00997-202605,SME-2024-00997,2026-05,19.5,3.0,Turun,242,5,3
USE-00997-202606,SME-2024-00997,2026-06,12.9,1.8,Turun,110,4,2
USE-00998-202507,SME-2024-00998,2025-07,42.5,6.2,Stabil,277,7,6
USE-00998-202508,SME-2024-00998,2025-08,41.1,5.5,Stabil,240,7,6
USE-00998-202509,SME-2024-00998,2025-09,39.6,4.8,Stabil,235,8,5
USE-00998-202510,SME-2024-00998,2025-10,42.4,6.4,Stabil,122,4,5
USE-00998-202511,SME-2024-00998,2025-11,40.3,5.7,Stabil,55,8,5
USE-00998-202512,SME-2024-00998,2025-12,41.2,6.8,Stabil,14,10,5
USE-00998-202601,SME-2024-00998,2026-01,39.1,6.0,Stabil,93,8,4
USE-00998-202602,SME-2024-00998,2026-02,35.4,5.2,Stabil,57,6,5
USE-00998-202603,SME-2024-00998,2026-03,37.1,4.7,Fluktuatif,88,5,4
USE-00998-202604,SME-2024-00998,2026-04,35.0,5.5,Fluktuatif,121,6,4
USE-00998-202605,SME-2024-00998,2026-05,37.3,5.4,Stabil,436,3,3
USE-00998-202606,SME-2024-00998,2026-06,37.5,6.1,Stabil,515,6,3
USE-00999-202507,SME-2024-00999,2025-07,51.2,7.5,Turun,143,8,3
USE-00999-202508,SME-2024-00999,2025-08,46.0,7.3,Turun,170,4,3
USE-00999-202509,SME-2024-00999,2025-09,51.2,8.3,Turun,493,5,3
USE-00999-202510,SME-2024-00999,2025-10,48.4,7.1,Turun,218,6,3
USE-00999-202511,SME-2024-00999,2025-11,45.3,6.0,Turun,21,9,3
USE-00999-202512,SME-2024-00999,2025-12,47.4,6.8,Turun,122,5,2
USE-00999-202601,SME-2024-00999,2026-01,45.6,7.1,Turun,381,5,2
USE-00999-202602,SME-2024-00999,2026-02,43.1,7.2,Turun,46,11,3
USE-00999-202603,SME-2024-00999,2026-03,46.2,7.5,Turun,37,4,2
USE-00999-202604,SME-2024-00999,2026-04,46.1,6.6,Turun,4,4,2
USE-00999-202605,SME-2024-00999,2026-05,40.3,6.3,Turun,247,9,2
USE-00999-202606,SME-2024-00999,2026-06,42.1,6.8,Turun,435,10,2
USE-01000-202509,SME-2024-01000,2025-09,49.7,7.9,Turun,22,8,4
USE-01000-202510,SME-2024-01000,2025-10,48.3,7.1,Turun,206,3,3
USE-01000-202511,SME-2024-01000,2025-11,43.9,6.6,Turun,51,8,3
USE-01000-202512,SME-2024-01000,2025-12,45.4,7.2,Turun,416,8,3
USE-01000-202601,SME-2024-01000,2026-01,45.9,6.9,Turun,75,8,2
USE-01000-202602,SME-2024-01000,2026-02,37.6,6.6,Turun,9,6,3
USE-01000-202603,SME-2024-01000,2026-03,42.2,7.0,Turun,124,3,2
USE-01000-202604,SME-2024-01000,2026-04,42.1,6.0,Turun,413,8,3
USE-01000-202605,SME-2024-01000,2026-05,39.7,6.2,Turun,306,11,2
USE-01000-202606,SME-2024-01000,2026-06,38.9,5.9,Turun,53,10,2
